Name,Symbol,Side,Status,Filled,Total Qty,Price,Avg Price,Time-in-Force,Placed Time,Filled Time
MP260116P00048000,MP260116P00048000,BUY,FILLED,1.0,1.0,@1.5,1.45,DAY,2025-12-30T14:41:58.248Z,2025-12-30T14:41:58.288Z
MP260116P00048000,MP260116P00048000,BUY,FILLED,3.0,3.0,@1.3,1.3,DAY,2025-12-30T14:41:40.035Z,2025-12-30T14:41:40.112Z
QQQ260102C00626000,QQQ260102C00626000,SELL,FILLED,3.0,3.0,@0.97,0.97,DAY,2025-12-30T14:32:11.235Z,2025-12-30T14:32:13.257Z
TSLA260130P00425000,TSLA260130P00425000,BUY,FILLED,1.0,1.0,@11.95,11.9,DAY,2025-12-29T20:50:51.543Z,2025-12-29T20:51:26.412Z
COIN260130P00215000,COIN260130P00215000,BUY,FILLED,2.0,2.0,@5.9,5.9,DAY,2025-12-29T18:46:39.374Z,2025-12-29T18:46:39.422Z
QQQ260102C00626000,QQQ260102C00626000,BUY,FILLED,3.0,3.0,@1.01,1.01,DAY,2025-12-29T18:30:27.028Z,2025-12-29T18:30:27.164Z
TSLA260130P00425000,TSLA260130P00425000,SELL,FILLED,1.0,1.0,@10.65,10.65,DAY,2025-12-29T18:09:53.186Z,2025-12-29T18:09:53.225Z
PPLT260116P00170000,PPLT260116P00170000,SELL,FILLED,2.0,2.0,@3.0,3.03,DAY,2025-12-29T15:02:29.899Z,2025-12-29T15:02:29.955Z
TSLA260130P00425000,TSLA260130P00425000,BUY,FILLED,1.0,1.0,@11.95,11.95,DAY,2025-12-29T14:58:46.056Z,2025-12-29T14:58:46.118Z
GDX260116C00091000,GDX260116C00091000,SELL,FILLED,3.0,3.0,@1.97,1.97,DAY,2025-12-29T14:39:22.111Z,2025-12-29T14:39:22.154Z
SLV260116C00072500,SLV260116C00072500,SELL,FILLED,1.0,1.0,@1.91,1.91,DAY,2025-12-29T14:37:57.393Z,2025-12-29T14:37:57.438Z
GLD260220C00382000,GLD260220C00382000,SELL,FILLED,2.0,2.0,@27.55,27.79,DAY,2025-12-29T14:37:40.871Z,2025-12-29T14:37:41.159Z
SLV260116C00072500,SLV260116C00072500,SELL,FILLED,2.0,2.0,@4.65,4.7,DAY,2025-12-26T20:41:59.820Z,2025-12-26T20:41:59.978Z
GDX260116C00091000,GDX260116C00091000,SELL,FILLED,2.0,2.0,@3.85,3.9,DAY,2025-12-26T17:31:02.499Z,2025-12-26T17:31:23.246Z
COIN260130P00215000,COIN260130P00215000,BUY,FILLED,1.0,1.0,@5.65,5.65,DAY,2025-12-26T17:29:57.959Z,2025-12-26T17:30:08.895Z
GDX260116C00091000,GDX260116C00091000,SELL,FILLED,5.0,5.0,@4.2,4.2,DAY,2025-12-26T16:35:17.458Z,2025-12-26T16:35:17.524Z
BABA260320P00140000,BABA260320P00140000,BUY,FILLED,2.0,2.0,@5.25,5.25,DAY,2025-12-26T16:22:26.321Z,2025-12-26T16:22:26.360Z
SLV260116C00072500,SLV260116C00072500,BUY,FILLED,3.0,3.0,@3.05,3.05,DAY,2025-12-26T16:12:30.681Z,2025-12-26T16:12:30.713Z
COIN260130P00215000,COIN260130P00215000,SELL,FILLED,1.0,1.0,@5.7,6.06,DAY,2025-12-26T15:42:12.718Z,2025-12-26T15:42:12.993Z
QQQ260220P00600000,QQQ260220P00600000,BUY,FILLED,2.0,2.0,@3.87,3.86,DAY,2025-12-26T15:16:06.747Z,2025-12-26T15:16:06.891Z
QQQ260220P00575000,QQQ260220P00575000,SELL,FILLED,2.0,2.0,@3.87,3.86,DAY,2025-12-26T15:16:06.747Z,2025-12-26T15:16:06.891Z
COIN260130P00215000,COIN260130P00215000,BUY,FILLED,2.0,2.0,@6.7,6.7,DAY,2025-12-26T15:13:16.764Z,2025-12-26T15:13:16.814Z
GLD251224C00411000,GLD251224C00411000,SELL,FILLED,1.0,1.0,@1.16,1.16,DAY,2025-12-24T17:20:57.641Z,2025-12-24T17:20:57.773Z
GLD251224C00411000,GLD251224C00411000,BUY,FILLED,1.0,1.0,@0.62,0.62,DAY,2025-12-24T15:32:06.129Z,2025-12-24T15:32:31.673Z
PPLT260116P00170000,PPLT260116P00170000,SELL,CANCELLED,0.0,2.0,@1.55,,DAY,2025-12-23T18:34:46.886Z,
BABA260116C00160000,BABA260116C00160000,BUY,FILLED,2.0,2.0,@2.19,2.19,DAY,2025-12-23T17:07:32.786Z,2025-12-23T17:07:32.953Z
ASTS260220C00110000,ASTS260220C00110000,SELL,FILLED,1.0,1.0,@7.55,7.68,DAY,2025-12-23T15:04:57.468Z,2025-12-23T15:05:04.241Z
NXT260220C00080000,NXT260220C00080000,SELL,FILLED,1.0,1.0,@15.7,15.7,DAY,2025-12-23T15:04:42.558Z,2025-12-23T15:04:42.597Z
QQQ251223P00616000,QQQ251223P00616000,BUY,FILLED,2.0,2.0,@0.5,0.48,DAY,2025-12-23T15:03:31.560Z,2025-12-23T15:03:50.405Z
QQQ260220P00600000,QQQ260220P00600000,BUY,FILLED,1.0,1.0,@4.39,4.39,DAY,2025-12-23T14:59:51.840Z,2025-12-23T15:00:19.462Z
QQQ260220P00575000,QQQ260220P00575000,SELL,FILLED,1.0,1.0,@4.39,4.39,DAY,2025-12-23T14:59:51.840Z,2025-12-23T15:00:19.462Z
GDX251226C00092000,GDX251226C00092000,SELL,FILLED,8.0,8.0,@0.51,0.51,DAY,2025-12-23T14:41:08.926Z,2025-12-23T14:41:08.964Z
QQQ260220P00600000,QQQ260220P00600000,BUY,FILLED,1.0,1.0,@4.32,4.32,DAY,2025-12-23T14:32:25.756Z,2025-12-23T14:32:25.810Z
QQQ260220P00575000,QQQ260220P00575000,SELL,FILLED,1.0,1.0,@4.32,4.32,DAY,2025-12-23T14:32:25.756Z,2025-12-23T14:32:25.810Z
KRE260116P00051000,KRE260116P00051000,SELL,FILLED,40.0,40.0,@0.01,0.01,DAY,2025-12-23T14:31:30.549Z,2025-12-23T15:31:42.022Z
KRE260116P00050000,KRE260116P00050000,BUY,FILLED,40.0,40.0,@0.04,0.04,DAY,2025-12-23T14:30:54.559Z,2025-12-23T14:31:11.755Z
ASTS260220C00110000,ASTS260220C00110000,SELL,FILLED,1.0,1.0,@5.8,5.9,DAY,2025-12-23T14:30:19.225Z,2025-12-23T14:30:19.335Z
QQQ260220P00600000,QQQ260220P00600000,BUY,FILLED,1.0,1.0,@4.38,4.37,DAY,2025-12-22T20:51:56.513Z,2025-12-22T20:52:23.212Z
QQQ260220P00575000,QQQ260220P00575000,SELL,FILLED,1.0,1.0,@4.38,4.37,DAY,2025-12-22T20:51:56.513Z,2025-12-22T20:52:23.212Z
PPLT260116P00170000,PPLT260116P00170000,BUY,FILLED,2.0,2.0,@2.0,2.0,DAY,2025-12-22T20:25:41.133Z,2025-12-22T20:25:41.172Z
PALL260116C00170000,PALL260116C00170000,SELL,FILLED,2.0,2.0,@4.4,4.72,DAY,2025-12-22T20:22:51.612Z,2025-12-22T20:22:51.753Z
PALL260116C00170000,PALL260116C00170000,SELL,FILLED,1.0,1.0,@4.4,4.4,DAY,2025-12-22T20:22:34.815Z,2025-12-22T20:22:34.850Z
KRE260116P00050000,KRE260116P00050000,BUY,CANCELLED,0.0,40.0,@0.01,,DAY,2025-12-22T17:49:51.745Z,
NXT260220C00080000,NXT260220C00080000,BUY,FILLED,1.0,1.0,@16.9,16.9,DAY,2025-12-22T17:43:55.794Z,2025-12-22T17:44:13.633Z
QQQ251223P00616000,QQQ251223P00616000,BUY,FILLED,3.0,3.0,@0.61,0.61,DAY,2025-12-22T17:25:34.503Z,2025-12-22T17:25:52.380Z
ASTS260220C00110000,ASTS260220C00110000,BUY,FILLED,2.0,2.0,@9.35,9.3,DAY,2025-12-22T17:16:19.174Z,2025-12-22T17:16:19.208Z
QQQ251223P00616000,QQQ251223P00616000,SELL,FILLED,3.0,3.0,@0.54,0.54,DAY,2025-12-22T17:00:46.750Z,2025-12-22T17:00:46.875Z
SLV260116C00062000,SLV260116C00062000,SELL,FILLED,2.0,2.0,@3.2,3.2,DAY,2025-12-22T16:42:46.760Z,2025-12-22T16:42:46.810Z
BABA260220C00145000,BABA260220C00145000,SELL,FILLED,1.0,1.0,@11.85,11.85,DAY,2025-12-22T15:17:59.009Z,2025-12-22T15:17:59.203Z
QQQ251223P00616000,QQQ251223P00616000,BUY,FILLED,3.0,3.0,@0.99,0.98,DAY,2025-12-22T14:48:10.370Z,2025-12-22T14:48:10.502Z
QQQ260102C00630000,QQQ260102C00630000,SELL,FILLED,5.0,5.0,@1.93,1.93,DAY,2025-12-22T14:47:30.732Z,2025-12-22T14:47:30.868Z
GDX251226C00092000,GDX251226C00092000,SELL,FILLED,7.0,7.0,@0.77,0.77,DAY,2025-12-22T14:40:04.597Z,2025-12-22T14:40:04.644Z
TSM260116P00260000,TSM260116P00260000,SELL,FILLED,5.0,5.0,@1.75,1.75,DAY,2025-12-19T20:53:24.867Z,2025-12-19T20:53:24.903Z
BABA260220C00145000,BABA260220C00145000,BUY,FILLED,1.0,1.0,@13.0,13.0,DAY,2025-12-19T17:54:08.605Z,2025-12-19T17:54:08.699Z
PALL260116C00170000,PALL260116C00170000,BUY,FILLED,3.0,3.0,@3.3,3.3,DAY,2025-12-19T17:31:21.412Z,2025-12-19T17:31:34.137Z
GDX251226C00092000,GDX251226C00092000,BUY,FILLED,15.0,15.0,@0.38,0.38,DAY,2025-12-19T17:26:07.689Z,2025-12-19T17:26:07.728Z
IBIT251219P00049000,IBIT251219P00049000,SELL,FILLED,10.0,10.0,@0.04,0.04,DAY,2025-12-19T17:23:07.312Z,2025-12-19T17:23:07.353Z
SPY251219P00676000,SPY251219P00676000,SELL,FILLED,2.0,2.0,@0.13,0.13,DAY,2025-12-19T17:23:01.871Z,2025-12-19T17:31:50.319Z
COIN260116P00240000,COIN260116P00240000,SELL,FILLED,1.0,1.0,@12.05,12.41,DAY,2025-12-19T17:22:54.786Z,2025-12-19T17:22:54.919Z
QQQ260102C00630000,QQQ260102C00630000,BUY,FILLED,5.0,5.0,@1.65,1.63,DAY,2025-12-19T17:18:32.972Z,2025-12-19T17:18:33.109Z
COIN260116P00240000,COIN260116P00240000,SELL,FILLED,1.0,1.0,@12.0,12.0,DAY,2025-12-19T17:17:36.586Z,2025-12-19T17:17:36.626Z
HIMS260116P00034000,HIMS260116P00034000,SELL,FILLED,5.0,5.0,@1.8,1.8,DAY,2025-12-19T16:18:05.599Z,2025-12-19T16:18:05.633Z
GDX260116C00091000,GDX260116C00091000,BUY,FILLED,2.0,2.0,@2.6,2.6,DAY,2025-12-19T16:17:48.357Z,2025-12-19T16:18:29.825Z
COIN260116P00240000,COIN260116P00240000,BUY,FILLED,2.0,2.0,@12.65,12.65,DAY,2025-12-19T15:46:45.112Z,2025-12-19T15:46:45.150Z
CRWV260116P00055000,CRWV260116P00055000,SELL,FILLED,5.0,5.0,@0.72,0.72,DAY,2025-12-19T15:33:05.442Z,2025-12-19T15:33:05.699Z
COIN260116P00240000,COIN260116P00240000,SELL,FILLED,2.0,2.0,@12.35,12.57,DAY,2025-12-19T15:33:00.242Z,2025-12-19T15:33:00.378Z
HIMS260116P00034000,HIMS260116P00034000,BUY,FILLED,5.0,5.0,@2.15,2.15,DAY,2025-12-19T15:30:43.498Z,2025-12-19T15:30:43.531Z
SPY251219P00676000,SPY251219P00676000,BUY,FILLED,2.0,2.0,@0.52,0.52,DAY,2025-12-19T15:13:49.041Z,2025-12-19T15:14:09.861Z
SPY251219C00683000,SPY251219C00683000,SELL,FILLED,8.0,8.0,@0.14,0.14,DAY,2025-12-19T15:13:36.197Z,2025-12-19T15:14:01.757Z
COIN260116P00240000,COIN260116P00240000,SELL,FILLED,1.0,1.0,@12.8,12.8,DAY,2025-12-19T15:10:04.348Z,2025-12-19T15:10:12.371Z
MU260116P00200000,MU260116P00200000,SELL,FILLED,3.0,3.0,@1.16,1.16,DAY,2025-12-19T15:09:43.499Z,2025-12-19T15:09:51.933Z
SPY251219C00683000,SPY251219C00683000,BUY,FILLED,8.0,8.0,@0.25,0.24,DAY,2025-12-19T15:00:42.540Z,2025-12-19T15:00:42.682Z
GDX260116C00091000,GDX260116C00091000,BUY,FILLED,8.0,8.0,@2.37,2.37,DAY,2025-12-19T14:59:25.042Z,2025-12-19T14:59:25.082Z
COIN260116P00240000,COIN260116P00240000,BUY,FILLED,2.0,2.0,@12.7,12.7,DAY,2025-12-19T14:49:34.956Z,2025-12-19T14:49:43.951Z
COIN260116P00240000,COIN260116P00240000,SELL,FILLED,2.0,2.0,@11.7,11.7,DAY,2025-12-19T14:46:09.404Z,2025-12-19T14:46:09.558Z
CRWV260116P00055000,CRWV260116P00055000,SELL,FILLED,5.0,5.0,@1.01,1.01,DAY,2025-12-19T14:44:07.760Z,2025-12-19T14:44:16.103Z
SPY251219P00670000,SPY251219P00670000,SELL,FILLED,5.0,5.0,@0.22,0.22,DAY,2025-12-19T14:37:31.723Z,2025-12-19T14:37:39.979Z
IBIT251219P00049000,IBIT251219P00049000,BUY,FILLED,10.0,10.0,@0.17,0.15,DAY,2025-12-19T14:37:23.198Z,2025-12-19T14:37:23.362Z
SPY251219P00670000,SPY251219P00670000,BUY,FILLED,3.0,3.0,@0.57,0.56,DAY,2025-12-18T20:45:54.567Z,2025-12-18T20:45:54.640Z
SLV260116C00062000,SLV260116C00062000,SELL,FILLED,8.0,8.0,@2.21,2.22,DAY,2025-12-18T20:40:20.553Z,2025-12-18T20:40:20.597Z
SPY251219P00670000,SPY251219P00670000,SELL,FILLED,2.0,2.0,@0.98,0.98,DAY,2025-12-18T19:03:29.437Z,2025-12-18T19:03:29.629Z
SPY251219P00670000,SPY251219P00670000,BUY,FILLED,4.0,4.0,@0.51,0.5,DAY,2025-12-18T18:42:35.161Z,2025-12-18T18:42:35.297Z
SLV260116C00062000,SLV260116C00062000,BUY,FILLED,10.0,10.0,@2.14,2.14,DAY,2025-12-18T17:53:49.210Z,2025-12-18T17:53:49.367Z
QQQ251218P00610000,QQQ251218P00610000,SELL,FILLED,1.0,1.0,@0.92,0.94,DAY,2025-12-18T17:41:45.939Z,2025-12-18T17:41:45.979Z
MU260116P00200000,MU260116P00200000,BUY,FILLED,3.0,3.0,@1.8,1.8,DAY,2025-12-18T17:27:00.357Z,2025-12-18T17:27:00.404Z
QQQ251218P00610000,QQQ251218P00610000,SELL,FILLED,1.0,1.0,@2.06,2.11,DAY,2025-12-18T17:22:19.276Z,2025-12-18T17:22:19.405Z
CRWV260116P00055000,CRWV260116P00055000,BUY,FILLED,5.0,5.0,@1.88,1.88,DAY,2025-12-18T17:11:28.573Z,2025-12-18T17:11:38.557Z
QQQ251218P00610000,QQQ251218P00610000,SELL,FILLED,1.0,1.0,@1.96,1.97,DAY,2025-12-18T17:10:27.787Z,2025-12-18T17:10:27.989Z
GLD260220C00410000,GLD260220C00410000,SELL,FILLED,1.0,1.0,@9.8,9.8,DAY,2025-12-18T17:09:57.077Z,2025-12-18T17:10:01.110Z
QQQ251218P00610000,QQQ251218P00610000,SELL,FILLED,1.0,1.0,@1.39,1.43,DAY,2025-12-18T17:07:50.564Z,2025-12-18T17:07:50.729Z
GLD260220C00410000,GLD260220C00410000,SELL,FILLED,1.0,1.0,@10.8,10.8,DAY,2025-12-18T17:05:42.134Z,2025-12-18T17:05:42.391Z
GLD251219C00407000,GLD251219C00407000,SELL,FILLED,5.0,5.0,@0.21,0.21,DAY,2025-12-18T17:05:23.983Z,2025-12-18T17:05:34.247Z
QQQ251231C00625000,QQQ251231C00625000,SELL,FILLED,2.0,2.0,@2.24,2.24,DAY,2025-12-18T17:04:07.905Z,2025-12-18T17:04:08.043Z
QQQ251218P00610000,QQQ251218P00610000,BUY,FILLED,4.0,4.0,@0.58,0.57,DAY,2025-12-18T17:00:57.334Z,2025-12-18T17:01:08.594Z
GLD251219C00407000,GLD251219C00407000,SELL,CANCELLED,0.0,5.0,@0.4,,DAY,2025-12-18T16:30:36.377Z,
GLD251219C00407000,GLD251219C00407000,BUY,FILLED,5.0,5.0,@0.5,0.47,DAY,2025-12-18T16:14:18.423Z,2025-12-18T16:14:18.561Z
GLD260220C00410000,GLD260220C00410000,BUY,FILLED,2.0,2.0,@10.85,10.85,DAY,2025-12-18T16:11:49.151Z,2025-12-18T16:11:49.195Z
CRWV260116P00055000,CRWV260116P00055000,BUY,FILLED,5.0,5.0,@1.84,1.83,DAY,2025-12-18T16:11:06.993Z,2025-12-18T16:11:07.139Z
TSM260116P00260000,TSM260116P00260000,BUY,FILLED,3.0,3.0,@2.96,2.96,DAY,2025-12-18T16:10:54.624Z,2025-12-18T16:10:54.742Z
COIN260116P00240000,COIN260116P00240000,BUY,FILLED,2.0,2.0,@10.8,10.8,DAY,2025-12-18T16:10:45.933Z,2025-12-18T16:10:45.971Z
QQQ251231C00625000,QQQ251231C00625000,SELL,FILLED,3.0,3.0,@2.46,2.46,DAY,2025-12-18T16:10:38.343Z,2025-12-18T16:10:38.479Z
COIN260116P00240000,COIN260116P00240000,SELL,FILLED,1.0,1.0,@10.1,10.1,DAY,2025-12-18T16:06:58.806Z,2025-12-18T16:07:07.345Z
CRWV260116P00055000,CRWV260116P00055000,SELL,FILLED,10.0,10.0,@1.76,1.78,DAY,2025-12-18T16:06:26.704Z,2025-12-18T16:06:51.743Z
COIN260116P00240000,COIN260116P00240000,SELL,CANCELLED,0.0,1.0,@10.4,,DAY,2025-12-18T15:59:26.628Z,
QQQ251231C00625000,QQQ251231C00625000,BUY,FILLED,5.0,5.0,@2.37,2.29,DAY,2025-12-18T15:59:05.323Z,2025-12-18T15:59:05.468Z
TSM260116P00260000,TSM260116P00260000,SELL,FILLED,3.0,3.0,@2.76,2.76,DAY,2025-12-18T15:39:46.314Z,2025-12-18T15:39:49.074Z
COIN260116P00240000,COIN260116P00240000,SELL,FILLED,1.0,1.0,@10.0,10.0,DAY,2025-12-18T15:39:38.517Z,2025-12-18T15:45:22.176Z
SLV260116C00059500,SLV260116C00059500,SELL,FILLED,5.0,5.0,@2.89,2.89,DAY,2025-12-18T14:42:25.459Z,2025-12-18T14:42:27.371Z
QQQ251218C00614000,QQQ251218C00614000,SELL,FILLED,4.0,4.0,@0.48,0.48,DAY,2025-12-18T14:34:05.719Z,2025-12-18T14:34:05.755Z
AMD251226P00180000,AMD251226P00180000,SELL,FILLED,6.0,6.0,@0.3,0.3,DAY,2025-12-18T14:31:27.614Z,2025-12-18T14:31:27.681Z
GLD251219C00405000,GLD251219C00405000,SELL,FILLED,6.0,6.0,@0.25,0.25,DAY,2025-12-18T14:31:14.266Z,2025-12-18T14:31:14.313Z
SNDK251219P00190000,SNDK251219P00190000,SELL,FILLED,1.0,1.0,@0.2,0.4,DAY,2025-12-18T14:31:09.066Z,2025-12-18T14:31:09.425Z
IREN251226P00035000,IREN251226P00035000,SELL,FILLED,2.0,2.0,@1.45,1.46,DAY,2025-12-18T14:31:01.999Z,2025-12-18T14:31:02.040Z
IREN260116P00037000,IREN260116P00037000,SELL,FILLED,2.0,2.0,@4.2,4.2,DAY,2025-12-18T14:30:56.995Z,2025-12-18T14:30:57.143Z
QQQ251218C00614000,QQQ251218C00614000,BUY,FILLED,4.0,4.0,@0.61,0.59,DAY,2025-12-18T14:30:48.574Z,2025-12-18T14:30:48.764Z
SMH251219P00325000,SMH251219P00325000,SELL,FILLED,1.0,1.0,@0.9,0.9,DAY,2025-12-17T20:36:37.092Z,2025-12-17T20:36:44.192Z
SNDK251219P00190000,SNDK251219P00190000,BUY,FILLED,1.0,1.0,@2.05,2.05,DAY,2025-12-17T20:36:16.728Z,2025-12-17T20:36:23.812Z
GLD251219C00405000,GLD251219C00405000,BUY,FILLED,6.0,6.0,@0.88,0.85,DAY,2025-12-17T20:21:51.721Z,2025-12-17T20:21:51.850Z
SMH251219P00325000,SMH251219P00325000,SELL,FILLED,1.0,1.0,@0.9,0.93,DAY,2025-12-17T20:05:15.443Z,2025-12-17T20:05:15.581Z
SMH251219P00325000,SMH251219P00325000,SELL,FILLED,3.0,3.0,@0.88,0.92,DAY,2025-12-17T20:04:40.356Z,2025-12-17T20:04:40.574Z
AMD251226P00180000,AMD251226P00180000,BUY,FILLED,6.0,6.0,@0.93,0.93,DAY,2025-12-17T20:04:25.091Z,2025-12-17T20:04:59.888Z
ASML260220P00900000,ASML260220P00900000,SELL,FILLED,1.0,1.0,@25.2,25.36,DAY,2025-12-17T19:50:24.164Z,2025-12-17T19:50:24.303Z
TSLA260116P00440000,TSLA260116P00440000,SELL,FILLED,1.0,1.0,@13.45,13.45,DAY,2025-12-17T19:49:42.931Z,2025-12-17T19:49:42.969Z
QQQ251217P00609000,QQQ251217P00609000,SELL,FILLED,1.0,1.0,@3.89,3.89,DAY,2025-12-17T16:06:49.379Z,2025-12-17T16:06:49.518Z
SMH251219P00325000,SMH251219P00325000,BUY,FILLED,5.0,5.0,@0.75,0.75,DAY,2025-12-17T15:56:45.087Z,2025-12-17T15:56:45.127Z
QQQ251217P00609000,QQQ251217P00609000,SELL,CANCELLED,0.0,1.0,,,DAY,2025-12-17T15:55:14.746Z,
QQQ251217P00609000,QQQ251217P00609000,SELL,CANCELLED,0.0,1.0,@100.0,,DAY,2025-12-17T15:55:14.746Z,
ASML260220P00900000,ASML260220P00900000,BUY,FILLED,1.0,1.0,@22.5,22.5,DAY,2025-12-17T15:54:05.794Z,2025-12-17T15:54:05.886Z
CRWV260116P00055000,CRWV260116P00055000,BUY,FILLED,5.0,5.0,@2.2,2.2,DAY,2025-12-17T15:38:57.067Z,2025-12-17T15:38:57.104Z
QQQ251217P00609000,QQQ251217P00609000,SELL,FILLED,1.0,1.0,@1.67,1.67,DAY,2025-12-17T14:42:38.354Z,2025-12-17T14:42:38.680Z
QQQ251217P00609000,QQQ251217P00609000,BUY,FILLED,2.0,2.0,@0.93,0.92,DAY,2025-12-17T14:35:45.539Z,2025-12-17T14:35:45.601Z
TSLA260116P00440000,TSLA260116P00440000,BUY,FILLED,1.0,1.0,@10.75,10.75,DAY,2025-12-16T19:35:54.181Z,2025-12-16T19:35:54.217Z
GLD260116C00407000,GLD260116C00407000,SELL,FILLED,3.0,3.0,@5.5,5.5,DAY,2025-12-16T16:16:11.984Z,2025-12-16T16:16:21.851Z
CRWV260116P00055000,CRWV260116P00055000,BUY,FILLED,5.0,5.0,@1.86,1.86,DAY,2025-12-16T15:44:03.721Z,2025-12-16T15:44:13.301Z
TSM260116P00260000,TSM260116P00260000,BUY,FILLED,5.0,5.0,@3.1,3.06,DAY,2025-12-16T15:22:37.891Z,2025-12-16T15:22:57.568Z
COIN260116P00240000,COIN260116P00240000,BUY,FILLED,1.0,1.0,@10.25,10.25,DAY,2025-12-16T15:22:32.355Z,2025-12-16T15:22:39.059Z
COIN260116P00240000,COIN260116P00240000,BUY,FILLED,1.0,1.0,@10.45,10.45,DAY,2025-12-16T15:15:58.556Z,2025-12-16T15:15:58.607Z
CRSR260220P00005000,CRSR260220P00005000,SELL,FILLED,20.0,20.0,@0.2,0.2,DAY,2025-12-16T15:07:19.538Z,2025-12-16T15:20:56.490Z
COIN260116P00240000,COIN260116P00240000,SELL,FILLED,1.0,1.0,@9.45,9.45,DAY,2025-12-16T14:59:21.872Z,2025-12-16T14:59:22.289Z
IREN260116P00037000,IREN260116P00037000,SELL,FILLED,2.0,2.0,@5.15,5.22,DAY,2025-12-16T14:58:45.623Z,2025-12-16T14:59:08.761Z
IREN251226P00035000,IREN251226P00035000,SELL,FILLED,1.0,1.0,@2.21,2.26,DAY,2025-12-16T14:58:39.523Z,2025-12-16T14:59:02.465Z
ARM260116P00100000,ARM260116P00100000,SELL,FILLED,10.0,10.0,@0.76,0.76,DAY,2025-12-16T14:51:15.416Z,2025-12-16T14:51:46.696Z
ARM260116P00100000,ARM260116P00100000,SELL,FILLED,20.0,20.0,@0.77,0.77,DAY,2025-12-16T14:49:19.635Z,2025-12-16T14:49:19.695Z
TSLA251219P00445000,TSLA251219P00445000,SELL,FILLED,2.0,2.0,@1.68,1.75,DAY,2025-12-16T14:47:47.976Z,2025-12-16T14:47:48.126Z
QQQ251216C00614000,QQQ251216C00614000,SELL,FILLED,5.0,5.0,@0.36,0.36,DAY,2025-12-16T14:46:50.483Z,2025-12-16T14:46:55.738Z
QQQ251216P00604000,QQQ251216P00604000,BUY,FILLED,5.0,5.0,@1.06,1.02,DAY,2025-12-16T14:46:01.046Z,2025-12-16T14:46:08.674Z
KRE260116P00051000,KRE260116P00051000,SELL,CANCELLED,0.0,40.0,,,DAY,2025-12-16T14:44:34.893Z,
KRE260116P00050000,KRE260116P00050000,BUY,CANCELLED,0.0,40.0,,,DAY,2025-12-16T14:44:34.893Z,
COIN260116P00240000,COIN260116P00240000,BUY,FILLED,1.0,1.0,@10.35,10.35,DAY,2025-12-16T14:41:28.192Z,2025-12-16T14:41:28.234Z
COIN251226P00255000,COIN251226P00255000,SELL,FILLED,3.0,3.0,@8.65,8.65,DAY,2025-12-16T14:37:19.998Z,2025-12-16T14:37:20.042Z
TSLA251219P00445000,TSLA251219P00445000,BUY,FILLED,2.0,2.0,@2.6,2.6,DAY,2025-12-16T14:33:34.224Z,2025-12-16T14:33:36.167Z
USO260130C00068000,USO260130C00068000,SELL,FILLED,3.0,3.0,@2.38,2.38,DAY,2025-12-16T14:30:24.659Z,2025-12-16T14:30:24.869Z
QQQ251216P00607000,QQQ251216P00607000,SELL,FILLED,2.0,2.0,@1.17,1.17,DAY,2025-12-15T20:58:39.993Z,2025-12-15T20:58:40.111Z
QQQ251216C00614000,QQQ251216C00614000,BUY,FILLED,1.0,1.0,@0.99,0.98,DAY,2025-12-15T20:58:32.857Z,2025-12-15T20:58:33.055Z
QQQ251226P00607000,QQQ251226P00607000,SELL,FILLED,2.0,2.0,@5.88,5.88,DAY,2025-12-15T20:45:13.569Z,2025-12-15T20:45:20.363Z
ARM260116P00100000,ARM260116P00100000,BUY,FILLED,30.0,30.0,@0.75,0.75,DAY,2025-12-15T20:44:32.425Z,2025-12-15T20:44:32.519Z
QQQ251216P00607000,QQQ251216P00607000,BUY,FILLED,2.0,2.0,@1.06,1.05,DAY,2025-12-15T20:36:18.554Z,2025-12-15T20:36:18.802Z
QQQ251216C00614000,QQQ251216C00614000,BUY,FILLED,4.0,4.0,@1.24,1.21,DAY,2025-12-15T20:36:05.789Z,2025-12-15T20:36:39.201Z
QQQ251215P00608000,QQQ251215P00608000,SELL,FILLED,10.0,10.0,@0.07,0.07,DAY,2025-12-15T19:15:58.743Z,2025-12-15T19:15:58.784Z
QQQ251216C00616000,QQQ251216C00616000,SELL,FILLED,2.0,2.0,@0.91,0.91,DAY,2025-12-15T19:15:44.410Z,2025-12-15T19:15:45.359Z
QQQ251216C00616000,QQQ251216C00616000,BUY,FILLED,2.0,2.0,@1.12,1.11,DAY,2025-12-15T18:59:45.019Z,2025-12-15T18:59:45.057Z
CRSR260220P00005000,CRSR260220P00005000,BUY,FILLED,20.0,20.0,@0.25,0.21,DAY,2025-12-15T17:58:10.933Z,2025-12-15T17:58:30.954Z
COIN260116P00240000,COIN260116P00240000,BUY,FILLED,1.0,1.0,@10.35,10.35,DAY,2025-12-15T17:46:58.110Z,2025-12-15T17:46:58.157Z
QQQ251215P00608000,QQQ251215P00608000,BUY,FILLED,10.0,10.0,@0.2,0.18,DAY,2025-12-15T17:36:09.704Z,2025-12-15T17:36:09.736Z
SLV260116C00060000,SLV260116C00060000,SELL,FILLED,5.0,5.0,@2.27,2.27,DAY,2025-12-15T16:30:34.865Z,2025-12-15T16:30:34.997Z
GLD260116C00407000,GLD260116C00407000,SELL,CANCELLED,0.0,3.0,@5.75,,DAY,2025-12-15T16:21:49.713Z,
GDX251219C00095000,GDX251219C00095000,SELL,FILLED,75.0,75.0,@0.05,0.05,DAY,2025-12-15T16:18:37.638Z,2025-12-15T16:18:37.680Z
QQQ251215P00608000,QQQ251215P00608000,SELL,FILLED,6.0,6.0,@0.2,0.21,DAY,2025-12-15T16:16:31.818Z,2025-12-15T16:16:52.137Z
QQQ251215P00608000,QQQ251215P00608000,BUY,FILLED,6.0,6.0,@0.6,0.58,DAY,2025-12-15T15:53:41.399Z,2025-12-15T15:53:48.797Z
IREN260116P00037000,IREN260116P00037000,SELL,FILLED,1.0,1.0,@4.8,4.8,DAY,2025-12-15T15:33:07.331Z,2025-12-15T15:33:32.039Z
COIN251226P00255000,COIN251226P00255000,SELL,FILLED,1.0,1.0,@9.55,9.55,DAY,2025-12-15T15:32:55.047Z,2025-12-15T15:32:55.278Z
QQQ251215P00606000,QQQ251215P00606000,SELL,FILLED,9.0,9.0,@0.37,0.38,DAY,2025-12-15T15:32:44.293Z,2025-12-15T15:32:44.620Z
QQQ251215P00606000,QQQ251215P00606000,BUY,FILLED,9.0,9.0,@0.62,0.62,DAY,2025-12-15T15:24:54.096Z,2025-12-15T15:25:04.045Z
QQQ251215C00620000,QQQ251215C00620000,SELL,FILLED,5.0,5.0,@0.09,0.09,DAY,2025-12-15T15:21:18.135Z,2025-12-15T15:21:18.167Z
QQQ251215P00612000,QQQ251215P00612000,SELL,FILLED,4.0,4.0,@1.5,1.5,DAY,2025-12-15T15:21:10.223Z,2025-12-15T15:21:13.339Z
IREN251226P00035000,IREN251226P00035000,SELL,FILLED,2.0,2.0,@2.13,2.13,DAY,2025-12-15T15:16:01.772Z,2025-12-15T15:16:01.811Z
SLV260116C00060000,SLV260116C00060000,BUY,FILLED,5.0,5.0,@2.4,2.35,DAY,2025-12-15T15:11:03.597Z,2025-12-15T15:11:03.885Z
QQQ251215P00611000,QQQ251215P00611000,SELL,FILLED,5.0,5.0,@0.74,0.83,DAY,2025-12-15T15:06:08.509Z,2025-12-15T15:06:08.651Z
GDX251219C00095000,GDX251219C00095000,SELL,CANCELLED,0.0,75.0,@0.06,,DAY,2025-12-15T14:53:33.916Z,
GLD251219C00407000,GLD251219C00407000,SELL,FILLED,10.0,10.0,@1.18,1.18,DAY,2025-12-15T14:53:00.403Z,2025-12-15T14:53:00.444Z
QQQ251215P00604000,QQQ251215P00604000,SELL,FILLED,10.0,10.0,@0.08,0.09,DAY,2025-12-15T14:47:23.768Z,2025-12-15T14:47:23.853Z
QQQ251215P00611000,QQQ251215P00611000,BUY,FILLED,5.0,5.0,@0.52,0.52,DAY,2025-12-15T14:47:13.850Z,2025-12-15T14:47:14.995Z
AMD260116P00170000,AMD260116P00170000,SELL,FILLED,1.0,1.0,@1.22,1.22,DAY,2025-12-15T14:36:15.325Z,2025-12-15T14:36:15.588Z
TSM260116P00260000,TSM260116P00260000,BUY,FILLED,2.0,2.0,@2.91,2.91,DAY,2025-12-15T14:36:09.668Z,2025-12-15T14:36:09.707Z
QQQ251215P00612000,QQQ251215P00612000,BUY,FILLED,4.0,4.0,@0.63,0.63,DAY,2025-12-15T14:33:52.625Z,2025-12-15T14:34:18.356Z
TSM260116P00260000,TSM260116P00260000,BUY,FILLED,3.0,3.0,@2.53,2.53,DAY,2025-12-15T14:31:59.783Z,2025-12-15T14:31:59.996Z
QQQ251215C00620000,QQQ251215C00620000,BUY,FILLED,5.0,5.0,@0.61,0.61,DAY,2025-12-12T20:56:15.016Z,2025-12-12T20:56:15.055Z
COIN251226P00255000,COIN251226P00255000,BUY,FILLED,2.0,2.0,@5.8,5.56,DAY,2025-12-12T20:53:30.000Z,2025-12-12T20:53:30.414Z
QQQ251215P00610000,QQQ251215P00610000,SELL,FILLED,3.0,3.0,@1.77,1.78,DAY,2025-12-12T20:42:04.522Z,2025-12-12T20:42:11.609Z
QQQ251215P00604000,QQQ251215P00604000,BUY,FILLED,10.0,10.0,@0.66,0.64,DAY,2025-12-12T20:42:00.173Z,2025-12-12T20:42:00.314Z
QQQ251215P00610000,QQQ251215P00610000,SELL,FILLED,2.0,2.0,@2.06,2.06,DAY,2025-12-12T20:39:27.753Z,2025-12-12T20:39:39.478Z
SLV260116C00059500,SLV260116C00059500,BUY,FILLED,4.0,4.0,@1.92,1.91,DAY,2025-12-12T20:21:32.299Z,2025-12-12T20:21:32.422Z
QQQ251215P00610000,QQQ251215P00610000,BUY,FILLED,5.0,5.0,@1.12,1.06,DAY,2025-12-12T18:44:44.458Z,2025-12-12T18:44:44.593Z
QQQ251212C00617000,QQQ251212C00617000,SELL,FILLED,3.0,3.0,@0.94,0.96,DAY,2025-12-12T18:14:24.039Z,2025-12-12T18:14:24.229Z
GLD251219C00407000,GLD251219C00407000,BUY,FILLED,10.0,10.0,@0.98,0.98,DAY,2025-12-12T17:26:05.542Z,2025-12-12T17:26:05.662Z
GLD251219C00402000,GLD251219C00402000,BUY,CANCELLED,0.0,10.0,@1.09,,DAY,2025-12-12T17:25:10.569Z,
QQQ251212C00617000,QQQ251212C00617000,BUY,FILLED,3.0,3.0,@0.59,0.58,DAY,2025-12-12T17:04:25.440Z,2025-12-12T17:04:25.588Z
TSLA251219P00410000,TSLA251219P00410000,SELL,FILLED,5.0,5.0,@1.54,1.54,DAY,2025-12-12T17:03:40.841Z,2025-12-12T17:03:41.223Z
SLV251226C00070000,SLV251226C00070000,SELL,FILLED,50.0,50.0,@0.08,0.09,DAY,2025-12-12T16:35:19.248Z,2025-12-12T16:35:28.927Z
GDX251219C00095000,GDX251219C00095000,SELL,CANCELLED,0.0,25.0,@0.11,,DAY,2025-12-12T16:28:46.910Z,
QQQ251212P00608000,QQQ251212P00608000,SELL,FILLED,3.0,3.0,@0.58,0.58,DAY,2025-12-12T16:26:38.139Z,2025-12-12T16:26:38.181Z
QQQ251226P00607000,QQQ251226P00607000,SELL,FILLED,3.0,3.0,@6.61,6.61,DAY,2025-12-12T16:26:04.527Z,2025-12-12T16:26:29.281Z
AMD260116P00170000,AMD260116P00170000,BUY,FILLED,1.0,1.0,@1.64,1.61,DAY,2025-12-12T16:15:52.857Z,2025-12-12T16:15:53.010Z
QQQ251212P00608000,QQQ251212P00608000,BUY,FILLED,3.0,3.0,@0.65,0.65,DAY,2025-12-12T16:03:50.684Z,2025-12-12T16:03:50.729Z
TSLA251219P00410000,TSLA251219P00410000,BUY,FILLED,5.0,5.0,@1.5,1.47,DAY,2025-12-12T15:59:22.844Z,2025-12-12T15:59:23.123Z
GLD251219C00397000,GLD251219C00397000,SELL,FILLED,3.0,3.0,@4.05,4.05,DAY,2025-12-12T15:55:09.247Z,2025-12-12T15:55:09.322Z
GLD251219C00396000,GLD251219C00396000,SELL,FILLED,2.0,2.0,@4.45,4.45,DAY,2025-12-12T15:55:03.168Z,2025-12-12T15:55:19.019Z
SLV260116C00059500,SLV260116C00059500,SELL,PARTIAL_FILLED,4.0,5.0,@2.17,2.17,DAY,2025-12-12T15:53:01.819Z,2025-12-12T15:53:13.043Z
SLV251226C00070000,SLV251226C00070000,BUY,FILLED,50.0,50.0,@0.13,0.13,DAY,2025-12-12T15:46:30.956Z,2025-12-12T15:46:42.842Z
GLD251219C00397000,GLD251219C00397000,BUY,FILLED,3.0,3.0,@4.65,4.65,DAY,2025-12-12T15:38:14.006Z,2025-12-12T15:38:14.057Z
COIN251212P00267500,COIN251212P00267500,SELL,FILLED,2.0,2.0,@1.2,1.24,DAY,2025-12-12T15:37:26.793Z,2025-12-12T15:37:26.932Z
GLD251219C00396000,GLD251219C00396000,SELL,FILLED,3.0,3.0,@4.65,4.75,DAY,2025-12-12T15:35:27.399Z,2025-12-12T15:35:27.469Z
GDX260220C00089000,GDX260220C00089000,SELL,FILLED,5.0,5.0,@5.1,5.1,DAY,2025-12-12T15:33:25.706Z,2025-12-12T15:33:35.215Z
QQQ251212P00613000,QQQ251212P00613000,SELL,FILLED,5.0,5.0,@0.76,0.77,DAY,2025-12-12T15:32:28.233Z,2025-12-12T15:32:28.412Z
IREN260116P00037000,IREN260116P00037000,BUY,FILLED,5.0,5.0,@2.69,2.69,DAY,2025-12-12T15:27:20.776Z,2025-12-12T15:27:20.821Z
QQQ251212P00613000,QQQ251212P00613000,BUY,FILLED,5.0,5.0,@0.57,0.57,DAY,2025-12-12T15:25:11.562Z,2025-12-12T15:25:22.257Z
SLV251226C00070000,SLV251226C00070000,SELL,FILLED,50.0,50.0,@0.12,0.12,DAY,2025-12-12T15:24:39.692Z,2025-12-12T15:24:51.041Z
QQQ251212P00613000,QQQ251212P00613000,SELL,FILLED,10.0,10.0,@0.25,0.25,DAY,2025-12-12T15:17:59.054Z,2025-12-12T15:18:13.602Z
QQQ251212P00613000,QQQ251212P00613000,BUY,FILLED,10.0,10.0,@0.32,0.3,DAY,2025-12-12T15:17:29.446Z,2025-12-12T15:17:29.586Z
GLD251212P00391000,GLD251212P00391000,BUY,CANCELLED,0.0,100.0,@0.04,,DAY,2025-12-12T15:16:50.811Z,
QQQ251226P00607000,QQQ251226P00607000,BUY,FILLED,4.0,4.0,@3.58,3.58,DAY,2025-12-12T15:11:28.367Z,2025-12-12T15:11:35.938Z
QQQ251226P00607000,QQQ251226P00607000,SELL,FILLED,4.0,4.0,@2.93,2.99,DAY,2025-12-12T14:55:02.189Z,2025-12-12T14:55:02.461Z
COIN251212P00267500,COIN251212P00267500,BUY,FILLED,2.0,2.0,@0.63,0.63,DAY,2025-12-12T14:50:42.446Z,2025-12-12T14:50:42.487Z
COIN251226P00255000,COIN251226P00255000,BUY,FILLED,1.0,1.0,@4.0,4.0,DAY,2025-12-12T14:50:15.292Z,2025-12-12T14:50:36.184Z
AVGO251212P00367500,AVGO251212P00367500,SELL,FILLED,2.0,2.0,@3.0,3.05,DAY,2025-12-12T14:49:29.893Z,2025-12-12T14:49:29.935Z
IWM251226P00250000,IWM251226P00250000,SELL,FILLED,3.0,3.0,@1.25,1.25,DAY,2025-12-12T14:49:21.748Z,2025-12-12T14:49:21.791Z
QQQ251226P00607000,QQQ251226P00607000,BUY,FILLED,5.0,5.0,@3.27,3.21,DAY,2025-12-12T14:49:09.203Z,2025-12-12T14:49:09.342Z
IWM251226P00250000,IWM251226P00250000,BUY,FILLED,3.0,3.0,@1.3,1.27,DAY,2025-12-12T14:42:58.686Z,2025-12-12T14:42:58.831Z
AVGO251212P00367500,AVGO251212P00367500,BUY,FILLED,2.0,2.0,@1.8,1.8,DAY,2025-12-12T14:36:31.027Z,2025-12-12T14:36:31.131Z
KRE260116P00051000,KRE260116P00051000,SELL,CANCELLED,0.0,40.0,@0.01,,DAY,2025-12-11T20:59:32.797Z,
KRE260116P00050000,KRE260116P00050000,BUY,CANCELLED,0.0,40.0,@0.01,,DAY,2025-12-11T20:59:32.797Z,
GDX251219C00095000,GDX251219C00095000,BUY,FILLED,25.0,25.0,@0.19,0.18,DAY,2025-12-11T20:37:11.376Z,2025-12-11T20:37:11.522Z
GDX251219C00095000,GDX251219C00095000,BUY,FILLED,25.0,25.0,@0.18,0.18,DAY,2025-12-11T20:35:24.618Z,2025-12-11T20:35:37.114Z
GDX251219C00089000,GDX251219C00089000,SELL,FILLED,10.0,10.0,@1.18,1.19,DAY,2025-12-11T20:35:10.079Z,2025-12-11T20:35:10.222Z
GDX251219C00095000,GDX251219C00095000,BUY,FILLED,25.0,25.0,@0.21,0.19,DAY,2025-12-11T20:34:12.779Z,2025-12-11T20:34:12.970Z
USO260130C00068000,USO260130C00068000,BUY,FILLED,3.0,3.0,@3.8,3.8,DAY,2025-12-11T20:23:53.529Z,2025-12-11T20:23:53.566Z
AMD251219P00195000,AMD251219P00195000,SELL,FILLED,1.0,1.0,@0.54,0.54,DAY,2025-12-11T20:19:31.129Z,2025-12-11T20:19:31.167Z
IREN251226P00040000,IREN251226P00040000,SELL,FILLED,4.0,4.0,@1.66,1.66,DAY,2025-12-11T20:19:17.308Z,2025-12-11T20:19:17.351Z
COIN251212P00255000,COIN251212P00255000,SELL,FILLED,5.0,5.0,@0.28,0.36,DAY,2025-12-11T20:04:55.152Z,2025-12-11T20:04:55.321Z
GDX251219C00090000,GDX251219C00090000,SELL,FILLED,5.0,5.0,@0.93,0.93,DAY,2025-12-11T20:02:54.075Z,2025-12-11T20:02:54.310Z
SLV251226C00070000,SLV251226C00070000,BUY,FILLED,50.0,50.0,@0.14,0.14,DAY,2025-12-11T20:02:37.349Z,2025-12-11T20:02:37.469Z
GDX251219C00090000,GDX251219C00090000,BUY,FILLED,5.0,5.0,@0.94,0.93,DAY,2025-12-11T19:49:40.972Z,2025-12-11T19:49:41.106Z
COIN251226P00255000,COIN251226P00255000,SELL,FILLED,1.0,1.0,@5.8,5.98,DAY,2025-12-11T19:31:42.145Z,2025-12-11T19:31:42.314Z
IREN251226P00040000,IREN251226P00040000,SELL,FILLED,4.0,4.0,@1.92,1.95,DAY,2025-12-11T18:18:18.539Z,2025-12-11T18:18:18.681Z
COIN251219P00250000,COIN251219P00250000,SELL,FILLED,2.0,2.0,@3.3,3.54,DAY,2025-12-11T17:39:49.036Z,2025-12-11T17:39:49.174Z
QQQ251211P00616000,QQQ251211P00616000,SELL,FILLED,5.0,5.0,@0.15,0.15,DAY,2025-12-11T17:39:38.833Z,2025-12-11T17:39:39.047Z
QQQ251211P00616000,QQQ251211P00616000,BUY,FILLED,5.0,5.0,@0.44,0.43,DAY,2025-12-11T16:08:21.811Z,2025-12-11T16:08:21.868Z
QQQ251219P00608000,QQQ251219P00608000,BUY,CANCELLED,0.0,2.0,@2.64,,DAY,2025-12-11T16:07:50.822Z,
GDX260220C00089000,GDX260220C00089000,BUY,FILLED,5.0,5.0,@5.1,5.1,DAY,2025-12-11T15:41:20.912Z,2025-12-11T15:41:20.959Z
SLV260116C00059500,SLV260116C00059500,BUY,FILLED,5.0,5.0,@2.14,2.13,DAY,2025-12-11T15:18:27.253Z,2025-12-11T15:18:27.400Z
QQQ251219P00609000,QQQ251219P00609000,SELL,FILLED,3.0,3.0,@2.7,2.7,DAY,2025-12-11T15:12:38.006Z,2025-12-11T15:12:51.592Z
IREN251226P00035000,IREN251226P00035000,BUY,FILLED,5.0,5.0,@0.95,0.95,DAY,2025-12-11T15:03:45.289Z,2025-12-11T15:03:45.351Z
GLD251219C00396000,GLD251219C00396000,BUY,FILLED,5.0,5.0,@2.37,2.37,DAY,2025-12-11T14:38:45.741Z,2025-12-11T14:38:52.563Z
AMD251219P00195000,AMD251219P00195000,SELL,FILLED,4.0,4.0,@1.12,1.14,DAY,2025-12-11T14:36:04.543Z,2025-12-11T14:36:04.686Z
BABA260116C00170000,BABA260116C00170000,SELL,FILLED,2.0,2.0,@2.2,2.2,DAY,2025-12-11T14:35:30.756Z,2025-12-11T14:36:56.821Z
AMD251219P00195000,AMD251219P00195000,BUY,FILLED,5.0,5.0,@1.28,1.27,DAY,2025-12-11T14:35:15.984Z,2025-12-11T14:35:16.028Z
IREN251226P00040000,IREN251226P00040000,BUY,FILLED,8.0,8.0,@2.18,2.18,DAY,2025-12-11T14:31:51.062Z,2025-12-11T14:31:51.128Z
GOOGL251226C00335000,GOOGL251226C00335000,SELL,FILLED,2.0,2.0,@2.46,2.48,DAY,2025-12-11T14:31:15.005Z,2025-12-11T14:31:15.203Z
COIN251226P00255000,COIN251226P00255000,BUY,FILLED,2.0,2.0,@7.85,7.85,DAY,2025-12-11T14:30:27.142Z,2025-12-11T14:30:42.500Z
SLV260116C00060000,SLV260116C00060000,SELL,FILLED,5.0,5.0,@1.86,1.87,DAY,2025-12-10T20:57:24.647Z,2025-12-10T20:57:24.982Z
BABA260116C00170000,BABA260116C00170000,BUY,FILLED,2.0,2.0,@4.05,4.0,DAY,2025-12-10T20:52:14.131Z,2025-12-10T20:52:14.273Z
SLV260116C00060000,SLV260116C00060000,BUY,FILLED,5.0,5.0,@1.86,1.86,DAY,2025-12-10T20:17:48.712Z,2025-12-10T20:17:48.850Z
GOOGL251226C00335000,GOOGL251226C00335000,BUY,FILLED,2.0,2.0,@2.55,2.55,DAY,2025-12-10T20:02:53.612Z,2025-12-10T20:02:53.643Z
COIN251219P00250000,COIN251219P00250000,BUY,FILLED,2.0,2.0,@3.4,3.4,DAY,2025-12-10T19:42:23.707Z,2025-12-10T19:42:38.397Z
SPY251210C00687000,SPY251210C00687000,SELL,FILLED,2.0,2.0,@0.83,0.83,DAY,2025-12-10T19:37:09.949Z,2025-12-10T19:37:11.894Z
COIN251219P00250000,COIN251219P00250000,SELL,FILLED,2.0,2.0,@2.64,2.64,DAY,2025-12-10T19:35:09.192Z,2025-12-10T19:35:09.237Z
AAPL251226P00265000,AAPL251226P00265000,SELL,FILLED,10.0,10.0,@0.75,0.75,DAY,2025-12-10T19:34:32.135Z,2025-12-10T19:34:32.190Z
AAPL251226P00265000,AAPL251226P00265000,BUY,FILLED,10.0,10.0,@0.86,0.85,DAY,2025-12-10T19:29:49.391Z,2025-12-10T19:29:49.715Z
AAPL251226P00265000,AAPL251226P00265000,SELL,FILLED,10.0,10.0,@0.74,0.75,DAY,2025-12-10T19:17:24.085Z,2025-12-10T19:17:24.218Z
COIN251212P00255000,COIN251212P00255000,SELL,FILLED,5.0,5.0,@0.74,0.74,DAY,2025-12-10T19:10:05.729Z,2025-12-10T19:10:05.876Z
COIN251212P00255000,COIN251212P00255000,BUY,FILLED,8.0,8.0,@1.21,1.21,DAY,2025-12-10T19:03:08.363Z,2025-12-10T19:03:10.663Z
COIN251212P00255000,COIN251212P00255000,SELL,FILLED,8.0,8.0,@0.89,0.9,DAY,2025-12-10T19:01:00.929Z,2025-12-10T19:01:00.987Z
COIN251212P00255000,COIN251212P00255000,BUY,FILLED,5.0,5.0,@1.11,1.11,DAY,2025-12-10T18:48:18.982Z,2025-12-10T18:48:19.026Z
COIN251212P00255000,COIN251212P00255000,BUY,FILLED,2.0,2.0,@1.12,1.07,DAY,2025-12-10T18:43:44.967Z,2025-12-10T18:43:45.100Z
SLV260116C00055000,SLV260116C00055000,SELL,FILLED,3.0,3.0,@2.82,2.82,DAY,2025-12-10T18:43:31.745Z,2025-12-10T18:43:31.780Z
COIN251212P00255000,COIN251212P00255000,BUY,FILLED,2.0,2.0,@1.12,1.12,DAY,2025-12-10T18:41:48.268Z,2025-12-10T18:41:48.303Z
COIN251212P00255000,COIN251212P00255000,BUY,FILLED,1.0,1.0,@1.12,1.11,DAY,2025-12-10T18:41:15.801Z,2025-12-10T18:41:15.954Z
QQQ251211C00623000,QQQ251211C00623000,SELL,FILLED,1.0,1.0,@4.03,4.03,DAY,2025-12-10T16:41:03.481Z,2025-12-10T16:41:21.092Z
MSFT260116P00450000,MSFT260116P00450000,SELL,FILLED,3.0,3.0,@4.0,4.04,DAY,2025-12-10T16:22:41.283Z,2025-12-10T16:22:41.434Z
QQQ251211C00623000,QQQ251211C00623000,BUY,FILLED,1.0,1.0,@3.69,3.69,DAY,2025-12-10T16:17:14.597Z,2025-12-10T16:17:14.690Z
MSFT260116P00450000,MSFT260116P00450000,BUY,FILLED,3.0,3.0,@4.45,4.45,DAY,2025-12-10T15:56:13.439Z,2025-12-10T15:56:13.542Z
SLV251219C00055000,SLV251219C00055000,SELL,FILLED,10.0,10.0,@1.45,1.47,DAY,2025-12-10T14:39:28.650Z,2025-12-10T14:39:28.788Z
SPY251210C00687000,SPY251210C00687000,BUY,FILLED,2.0,2.0,@0.81,0.81,DAY,2025-12-09T20:32:20.126Z,2025-12-09T20:32:30.668Z
COIN251219P00250000,COIN251219P00250000,BUY,FILLED,1.0,1.0,@2.47,2.47,DAY,2025-12-09T18:37:53.204Z,2025-12-09T18:37:53.276Z
GDX251219C00089000,GDX251219C00089000,BUY,FILLED,10.0,10.0,@0.34,0.34,DAY,2025-12-09T16:50:36.651Z,2025-12-09T16:51:14.468Z
GLD260116C00407000,GLD260116C00407000,BUY,FILLED,3.0,3.0,@3.65,3.65,DAY,2025-12-09T15:59:39.684Z,2025-12-09T15:59:39.778Z
TSLA251226P00405000,TSLA251226P00405000,SELL,FILLED,2.0,2.0,@3.3,3.31,DAY,2025-12-09T15:54:45.536Z,2025-12-09T15:54:45.582Z
SLV251219C00055000,SLV251219C00055000,BUY,FILLED,5.0,5.0,@1.0,1.0,DAY,2025-12-09T14:31:31.185Z,2025-12-09T14:31:31.229Z
BIDU260220C00120000,BIDU260220C00120000,SELL,FILLED,1.0,1.0,@12.2,12.25,DAY,2025-12-09T14:30:46.948Z,2025-12-09T14:30:46.993Z
SLV251219C00055000,SLV251219C00055000,BUY,FILLED,5.0,5.0,@0.98,0.98,DAY,2025-12-09T14:30:33.230Z,2025-12-09T14:30:33.269Z
SLV260116C00055000,SLV260116C00055000,BUY,FILLED,3.0,3.0,@1.89,1.89,DAY,2025-12-08T20:18:19.023Z,2025-12-08T20:18:19.059Z
BIDU260220C00120000,BIDU260220C00120000,BUY,FILLED,1.0,1.0,@17.8,17.8,DAY,2025-12-08T17:58:04.318Z,2025-12-08T17:58:04.438Z
TLT251219P00087000,TLT251219P00087000,SELL,FILLED,19.0,19.0,@0.55,0.55,DAY,2025-12-08T16:51:59.238Z,2025-12-08T16:51:59.286Z
TSLA251226P00405000,TSLA251226P00405000,BUY,FILLED,2.0,2.0,@5.15,5.15,DAY,2025-12-08T16:50:57.548Z,2025-12-08T16:51:01.322Z
TSLA251226P00405000,TSLA251226P00405000,SELL,FILLED,1.0,1.0,@5.25,5.25,DAY,2025-12-08T16:37:36.016Z,2025-12-08T16:37:36.057Z
TSLA251226P00405000,TSLA251226P00405000,BUY,FILLED,1.0,1.0,@5.4,5.4,DAY,2025-12-08T16:36:27.011Z,2025-12-08T16:36:27.064Z
BIDU260220C00120000,BIDU260220C00120000,SELL,FILLED,1.0,1.0,@15.95,15.95,DAY,2025-12-08T16:02:14.342Z,2025-12-08T16:02:14.480Z
SLV260220C00055000,SLV260220C00055000,SELL,FILLED,10.0,10.0,@2.72,2.73,DAY,2025-12-08T16:01:53.231Z,2025-12-08T16:01:53.453Z
SLV251219C00055000,SLV251219C00055000,SELL,FILLED,2.0,2.0,@0.72,0.72,DAY,2025-12-08T15:04:36.349Z,2025-12-08T15:04:36.435Z
GLD260220C00405000,GLD260220C00405000,SELL,FILLED,3.0,3.0,@7.2,7.2,DAY,2025-12-08T15:03:50.485Z,2025-12-08T15:04:08.336Z
SLV260116C00045500,SLV260116C00045500,SELL,FILLED,2.0,2.0,@7.6,7.6,DAY,2025-12-08T14:38:24.466Z,2025-12-08T14:38:24.515Z
BIDU260116C00140000,BIDU260116C00140000,SELL,FILLED,3.0,3.0,@3.65,3.65,DAY,2025-12-08T14:37:46.318Z,2025-12-08T14:37:46.437Z
AAPL251226P00265000,AAPL251226P00265000,BUY,FILLED,5.0,5.0,@1.11,1.09,DAY,2025-12-08T14:36:28.800Z,2025-12-08T14:36:28.882Z
BABA260116C00180000,BABA260116C00180000,SELL,FILLED,5.0,5.0,@1.83,1.83,DAY,2025-12-08T14:31:32.827Z,2025-12-08T14:36:03.573Z
SLV251219C00055000,SLV251219C00055000,SELL,FILLED,8.0,8.0,@0.84,0.84,DAY,2025-12-08T14:31:18.014Z,2025-12-08T14:31:18.062Z
AAPL251226P00265000,AAPL251226P00265000,BUY,FILLED,5.0,5.0,@1.07,1.03,DAY,2025-12-08T14:30:54.334Z,2025-12-08T14:30:54.483Z
QQQ251219P00609000,QQQ251219P00609000,SELL,FILLED,2.0,2.0,@3.37,3.37,DAY,2025-12-05T20:58:02.511Z,2025-12-05T20:58:03.355Z
QQQ251208P00624000,QQQ251208P00624000,SELL,FILLED,1.0,1.0,@1.76,1.76,DAY,2025-12-05T20:50:21.469Z,2025-12-05T20:50:34.410Z
QQQ251219P00609000,QQQ251219P00609000,BUY,FILLED,1.0,1.0,@3.58,3.58,DAY,2025-12-05T20:49:40.090Z,2025-12-05T20:49:40.228Z
SLV251205P00050000,SLV251205P00050000,SELL,CANCELLED,0.0,30.0,@0.01,,DAY,2025-12-05T20:37:44.342Z,
QQQ251219P00609000,QQQ251219P00609000,BUY,FILLED,2.0,2.0,@3.39,3.39,DAY,2025-12-05T20:37:11.927Z,2025-12-05T20:37:12.602Z
QQQ251219P00609000,QQQ251219P00609000,BUY,FILLED,1.0,1.0,@3.39,3.37,DAY,2025-12-05T20:36:29.852Z,2025-12-05T20:36:29.985Z
BABA251219C00170000,BABA251219C00170000,SELL,FILLED,5.0,5.0,@1.2,1.2,DAY,2025-12-05T20:32:39.821Z,2025-12-05T20:32:46.936Z
QQQ251208P00624000,QQQ251208P00624000,BUY,FILLED,1.0,1.0,@1.57,1.56,DAY,2025-12-05T20:31:26.827Z,2025-12-05T20:31:40.568Z
BABA251219C00170000,BABA251219C00170000,BUY,FILLED,5.0,5.0,@1.36,1.36,DAY,2025-12-05T18:43:27.837Z,2025-12-05T18:43:27.877Z
QQQ251231P00610000,QQQ251231P00610000,SELL,FILLED,2.0,2.0,@6.22,6.24,DAY,2025-12-05T18:16:44.499Z,2025-12-05T18:16:44.645Z
BABA260116C00180000,BABA260116C00180000,BUY,FILLED,5.0,5.0,@2.12,2.1,DAY,2025-12-05T18:14:57.558Z,2025-12-05T18:14:57.888Z
BIDU260220C00120000,BIDU260220C00120000,BUY,FILLED,1.0,1.0,@13.5,13.5,DAY,2025-12-05T18:12:01.494Z,2025-12-05T18:12:01.605Z
BIDU260116C00140000,BIDU260116C00140000,BUY,FILLED,1.0,1.0,@2.77,2.77,DAY,2025-12-05T18:08:04.019Z,2025-12-05T18:08:04.154Z
SLV260116C00045500,SLV260116C00045500,BUY,FILLED,2.0,2.0,@8.1,8.04,DAY,2025-12-05T18:02:53.744Z,2025-12-05T18:03:10.434Z
QQQ251231P00610000,QQQ251231P00610000,BUY,FILLED,2.0,2.0,@6.59,6.58,DAY,2025-12-05T17:46:03.037Z,2025-12-05T17:46:03.078Z
TLT251219P00087000,TLT251219P00087000,BUY,FILLED,19.0,19.0,@0.4,0.39,DAY,2025-12-05T17:07:16.657Z,2025-12-05T17:07:16.696Z
QQQ251219P00609000,QQQ251219P00609000,SELL,FILLED,2.0,2.0,@3.69,3.71,DAY,2025-12-05T17:06:47.193Z,2025-12-05T17:06:47.348Z
QQQ251205P00620000,QQQ251205P00620000,SELL,FILLED,5.0,5.0,@0.14,0.14,DAY,2025-12-05T16:59:44.375Z,2025-12-05T16:59:44.407Z
SLV251219C00055000,SLV251219C00055000,BUY,FILLED,10.0,10.0,@1.1,1.1,DAY,2025-12-05T16:56:19.250Z,2025-12-05T16:56:19.381Z
SLV260116C00045500,SLV260116C00045500,SELL,FILLED,2.0,2.0,@7.6,7.6,DAY,2025-12-05T16:32:01.687Z,2025-12-05T16:32:01.729Z
SLV251219C00055000,SLV251219C00055000,SELL,FILLED,10.0,10.0,@0.97,0.98,DAY,2025-12-05T16:14:35.514Z,2025-12-05T16:14:35.553Z
BIDU260116C00140000,BIDU260116C00140000,SELL,FILLED,3.0,3.0,@2.35,2.35,DAY,2025-12-05T16:06:31.646Z,2025-12-05T16:06:31.697Z
QQQ251205C00630000,QQQ251205C00630000,SELL,FILLED,1.0,1.0,@0.14,0.14,DAY,2025-12-05T16:00:05.046Z,2025-12-05T16:00:05.085Z
QQQ251205P00620000,QQQ251205P00620000,BUY,FILLED,5.0,5.0,@0.24,0.23,DAY,2025-12-05T15:59:36.817Z,2025-12-05T15:59:56.223Z
QQQ251205C00630000,QQQ251205C00630000,BUY,FILLED,1.0,1.0,@0.64,0.64,DAY,2025-12-05T15:12:50.805Z,2025-12-05T15:12:50.867Z
BIDU260116C00140000,BIDU260116C00140000,BUY,FILLED,5.0,5.0,@2.5,2.5,DAY,2025-12-05T15:10:51.300Z,2025-12-05T15:11:00.808Z
SLV251219C00055000,SLV251219C00055000,BUY,FILLED,10.0,10.0,@1.07,1.07,DAY,2025-12-05T14:54:12.217Z,2025-12-05T14:54:12.407Z
TLT260116P00086000,TLT260116P00086000,SELL,FILLED,8.0,8.0,@0.46,0.46,DAY,2025-12-05T14:41:53.382Z,2025-12-05T14:41:53.427Z
MU260116P00185000,MU260116P00185000,SELL,FILLED,3.0,3.0,@4.5,4.5,DAY,2025-12-05T14:32:22.303Z,2025-12-05T14:32:22.350Z
COIN251219P00250000,COIN251219P00250000,BUY,FILLED,1.0,1.0,@6.0,6.0,DAY,2025-12-05T14:31:31.841Z,2025-12-05T14:31:34.805Z
SLV251205P00050000,SLV251205P00050000,BUY,FILLED,30.0,30.0,@0.08,0.08,DAY,2025-12-04T17:13:18.868Z,2025-12-04T17:13:18.909Z
QQQ251219P00609000,QQQ251219P00609000,BUY,FILLED,2.0,2.0,@5.0,4.96,DAY,2025-12-04T16:37:39.216Z,2025-12-04T16:37:39.290Z
IREN251219P00040000,IREN251219P00040000,SELL,FILLED,2.0,2.0,@1.67,1.67,DAY,2025-12-04T16:37:31.624Z,2025-12-04T16:37:31.660Z
MU251219P00200000,MU251219P00200000,SELL,FILLED,1.0,1.0,@5.0,5.0,DAY,2025-12-04T16:37:26.397Z,2025-12-04T16:37:26.452Z
CRWV251219C00095000,CRWV251219C00095000,SELL,FILLED,2.0,2.0,@2.25,2.25,DAY,2025-12-04T16:35:48.147Z,2025-12-04T16:35:48.346Z
CRWV251219C00095000,CRWV251219C00095000,BUY,FILLED,2.0,2.0,@2.27,2.26,DAY,2025-12-04T16:25:16.191Z,2025-12-04T16:25:16.306Z
IREN260116P00047000,IREN260116P00047000,SELL,FILLED,3.0,3.0,@7.35,7.35,DAY,2025-12-04T16:23:49.618Z,2025-12-04T16:23:57.037Z
SNDK251219P00180000,SNDK251219P00180000,SELL,FILLED,1.0,1.0,@5.2,5.2,DAY,2025-12-04T16:21:41.017Z,2025-12-04T16:21:41.053Z
SLV260220C00055000,SLV260220C00055000,BUY,FILLED,5.0,5.0,@2.58,2.56,DAY,2025-12-04T15:15:47.586Z,2025-12-04T15:15:47.809Z
SLV260220C00055000,SLV260220C00055000,BUY,FILLED,5.0,5.0,@2.5,2.5,DAY,2025-12-04T15:12:51.980Z,2025-12-04T15:12:52.019Z
SLV260116C00055000,SLV260116C00055000,SELL,FILLED,11.0,11.0,@1.6,1.6,DAY,2025-12-04T14:59:00.145Z,2025-12-04T14:59:00.182Z
QQQ251219P00609000,QQQ251219P00609000,BUY,FILLED,1.0,1.0,@5.37,5.37,DAY,2025-12-04T14:58:29.731Z,2025-12-04T14:58:32.896Z
QQQ251219C00635000,QQQ251219C00635000,SELL,FILLED,1.0,1.0,@4.46,4.48,DAY,2025-12-04T14:47:04.590Z,2025-12-04T14:47:04.743Z
MU260116P00185000,MU260116P00185000,BUY,FILLED,2.0,2.0,@5.6,5.6,DAY,2025-12-04T14:38:02.043Z,2025-12-04T14:38:12.053Z
HLT260116P00220000,HLT260116P00220000,SELL,FILLED,10.0,10.0,@0.2,0.3,DAY,2025-12-04T14:37:05.912Z,2025-12-04T14:37:06.057Z
MU260116P00185000,MU260116P00185000,BUY,FILLED,1.0,1.0,@5.55,5.41,DAY,2025-12-04T14:33:37.583Z,2025-12-04T14:33:37.827Z
MU251219P00200000,MU251219P00200000,BUY,FILLED,1.0,1.0,@5.0,5.0,DAY,2025-12-04T14:33:25.049Z,2025-12-04T14:33:25.097Z
IREN260116P00047000,IREN260116P00047000,BUY,FILLED,2.0,2.0,@8.5,8.5,DAY,2025-12-03T20:08:00.071Z,2025-12-03T20:08:06.525Z
NVDA260116P00155000,NVDA260116P00155000,SELL,FILLED,3.0,3.0,@2.02,2.03,DAY,2025-12-03T18:31:04.979Z,2025-12-03T18:31:05.027Z
MU251219P00195000,MU251219P00195000,SELL,FILLED,2.0,2.0,@3.3,3.3,DAY,2025-12-03T18:30:57.294Z,2025-12-03T18:30:57.460Z
IREN260116P00047000,IREN260116P00047000,SELL,FILLED,2.0,2.0,@8.1,8.1,DAY,2025-12-03T18:30:10.947Z,2025-12-03T18:30:10.997Z
QQQ251219C00635000,QQQ251219C00635000,BUY,FILLED,1.0,1.0,@4.86,4.86,DAY,2025-12-03T18:11:32.997Z,2025-12-03T18:11:47.348Z
QQQ251204C00624000,QQQ251204C00624000,SELL,FILLED,1.0,1.0,@1.73,1.73,DAY,2025-12-03T18:03:25.155Z,2025-12-03T18:03:25.191Z
QQQ251204C00624000,QQQ251204C00624000,BUY,FILLED,1.0,1.0,@1.64,1.64,DAY,2025-12-03T17:58:44.996Z,2025-12-03T17:58:45.035Z
MU251219P00195000,MU251219P00195000,BUY,FILLED,2.0,2.0,@3.5,3.5,DAY,2025-12-03T17:38:30.445Z,2025-12-03T17:38:30.569Z
SLV251219C00050000,SLV251219C00050000,SELL,FILLED,4.0,4.0,@3.75,3.75,DAY,2025-12-03T17:28:59.384Z,2025-12-03T17:28:59.419Z
TLT260116P00086000,TLT260116P00086000,BUY,FILLED,8.0,8.0,@0.43,0.43,DAY,2025-12-03T17:26:06.458Z,2025-12-03T17:26:06.496Z
NVDA260116P00155000,NVDA260116P00155000,BUY,FILLED,3.0,3.0,@2.11,2.11,DAY,2025-12-03T17:16:16.347Z,2025-12-03T17:16:16.911Z
NVDA260116P00178000,NVDA260116P00178000,SELL,FILLED,1.0,1.0,@8.25,8.26,DAY,2025-12-03T17:15:22.167Z,2025-12-03T17:15:22.299Z
SLV251203P00052000,SLV251203P00052000,SELL,FILLED,15.0,15.0,@0.07,0.07,DAY,2025-12-03T16:57:15.342Z,2025-12-03T16:57:15.379Z
NVDA260116P00178000,NVDA260116P00178000,BUY,FILLED,1.0,1.0,@8.1,8.1,DAY,2025-12-03T16:37:08.881Z,2025-12-03T16:37:08.993Z
QQQ251204C00625000,QQQ251204C00625000,SELL,FILLED,2.0,2.0,@0.87,0.88,DAY,2025-12-03T16:24:07.437Z,2025-12-03T16:24:07.512Z
IREN251219P00040000,IREN251219P00040000,SELL,FILLED,2.0,2.0,@2.57,2.57,DAY,2025-12-03T16:23:54.770Z,2025-12-03T16:23:54.810Z
SNDK260116P00195000,SNDK260116P00195000,SELL,FILLED,1.0,1.0,@25.7,25.7,DAY,2025-12-03T16:06:26.640Z,2025-12-03T16:06:36.583Z
AMD251219P00187500,AMD251219P00187500,SELL,FILLED,3.0,3.0,@1.4,1.4,DAY,2025-12-03T15:51:40.022Z,2025-12-03T15:51:40.076Z
QQQ251204C00625000,QQQ251204C00625000,BUY,FILLED,2.0,2.0,@1.3,1.3,DAY,2025-12-03T15:47:38.981Z,2025-12-03T15:47:52.792Z
MSFT260116P00490000,MSFT260116P00490000,SELL,FILLED,1.0,1.0,@18.05,18.05,DAY,2025-12-03T15:41:46.623Z,2025-12-03T15:41:46.657Z
MSFT260116P00490000,MSFT260116P00490000,BUY,FILLED,1.0,1.0,@22.0,21.85,DAY,2025-12-03T15:10:15.887Z,2025-12-03T15:10:15.925Z
GOOG251205P00305000,GOOG251205P00305000,SELL,FILLED,2.0,2.0,@0.4,0.4,DAY,2025-12-03T15:05:58.316Z,2025-12-03T15:05:58.364Z
TLT251219P00086000,TLT251219P00086000,SELL,FILLED,25.0,25.0,@0.13,0.13,DAY,2025-12-03T15:05:52.948Z,2025-12-03T15:05:53.123Z
AMD251219P00187500,AMD251219P00187500,SELL,FILLED,6.0,6.0,@1.6,1.66,DAY,2025-12-03T15:05:45.102Z,2025-12-03T15:05:45.321Z
SNDK260116P00195000,SNDK260116P00195000,BUY,FILLED,1.0,1.0,@29.5,29.5,DAY,2025-12-03T15:02:07.446Z,2025-12-03T15:02:07.498Z
SLV260116C00055500,SLV260116C00055500,SELL,FILLED,4.0,4.0,@2.38,2.4,DAY,2025-12-03T14:56:28.128Z,2025-12-03T14:56:28.275Z
SLV251219C00050500,SLV251219C00050500,SELL,FILLED,2.0,2.0,@3.4,3.4,DAY,2025-12-03T14:56:14.668Z,2025-12-03T14:56:14.714Z
GTLB251205C00047000,GTLB251205C00047000,SELL,FILLED,3.0,3.0,@0.05,0.05,DAY,2025-12-03T14:30:58.354Z,2025-12-03T14:30:58.494Z
QQQ251203C00626000,QQQ251203C00626000,SELL,FILLED,5.0,5.0,@0.16,0.16,DAY,2025-12-03T14:30:41.641Z,2025-12-03T14:30:41.691Z
GTLB251205C00055000,GTLB251205C00055000,BUY,FILLED,6.0,6.0,@0.35,0.35,DAY,2025-12-02T20:52:52.917Z,2025-12-02T20:52:53.040Z
IREN251219P00040000,IREN251219P00040000,BUY,FILLED,1.0,1.0,@3.2,3.2,DAY,2025-12-02T20:47:44.385Z,2025-12-02T20:47:44.420Z
SLV251203P00052000,SLV251203P00052000,BUY,FILLED,15.0,15.0,@0.17,0.17,DAY,2025-12-02T20:35:23.864Z,2025-12-02T20:35:23.916Z
SLV260116C00055500,SLV260116C00055500,BUY,FILLED,4.0,4.0,@2.56,2.55,DAY,2025-12-02T20:34:47.891Z,2025-12-02T20:34:47.937Z
IREN251219P00040000,IREN251219P00040000,BUY,FILLED,1.0,1.0,@2.85,2.84,DAY,2025-12-02T20:30:40.195Z,2025-12-02T20:30:40.339Z
IREN260116P00047000,IREN260116P00047000,BUY,FILLED,1.0,1.0,@9.0,9.0,DAY,2025-12-02T20:30:13.891Z,2025-12-02T20:30:13.962Z
AMD251219P00187500,AMD251219P00187500,SELL,FILLED,3.0,3.0,@1.82,1.82,DAY,2025-12-02T20:29:37.187Z,2025-12-02T20:29:39.081Z
QQQ251203C00626000,QQQ251203C00626000,BUY,FILLED,5.0,5.0,@0.88,0.88,DAY,2025-12-02T20:27:49.384Z,2025-12-02T20:28:08.062Z
AMD251219P00187500,AMD251219P00187500,BUY,FILLED,3.0,3.0,@1.8,1.78,DAY,2025-12-02T19:16:01.361Z,2025-12-02T19:16:01.557Z
IREN260116P00047000,IREN260116P00047000,BUY,FILLED,2.0,2.0,@8.0,7.96,DAY,2025-12-02T18:10:50.471Z,2025-12-02T18:10:50.789Z
IREN251219P00040000,IREN251219P00040000,BUY,FILLED,2.0,2.0,@2.25,2.21,DAY,2025-12-02T18:10:28.168Z,2025-12-02T18:10:28.267Z
TSLA260116P00380000,TSLA260116P00380000,SELL,FILLED,1.0,1.0,@10.35,10.39,DAY,2025-12-02T18:10:03.453Z,2025-12-02T18:10:03.592Z
TSLA260116P00380000,TSLA260116P00380000,BUY,FILLED,1.0,1.0,@10.55,10.55,DAY,2025-12-02T18:00:38.028Z,2025-12-02T18:00:38.072Z
QQQ251219P00601000,QQQ251219P00601000,SELL,FILLED,2.0,2.0,@4.16,4.18,DAY,2025-12-02T17:38:28.750Z,2025-12-02T17:38:28.880Z
GLD260220C00405000,GLD260220C00405000,BUY,FILLED,1.0,1.0,@8.95,8.95,DAY,2025-12-02T17:27:54.789Z,2025-12-02T17:27:54.827Z
QQQ251219P00601000,QQQ251219P00601000,BUY,FILLED,1.0,1.0,@5.02,5.02,DAY,2025-12-02T16:49:20.002Z,2025-12-02T16:49:20.080Z
AMD251219P00187500,AMD251219P00187500,SELL,FILLED,3.0,3.0,@1.62,1.62,DAY,2025-12-02T16:38:50.733Z,2025-12-02T16:38:50.773Z
QQQ251219P00601000,QQQ251219P00601000,SELL,FILLED,1.0,1.0,@4.91,4.91,DAY,2025-12-02T16:38:36.498Z,2025-12-02T16:38:38.544Z
BABA260220C00200000,BABA260220C00200000,SELL,FILLED,2.0,2.0,@2.53,2.58,DAY,2025-12-02T16:37:02.751Z,2025-12-02T16:37:02.916Z
AMD251219P00187500,AMD251219P00187500,BUY,FILLED,6.0,6.0,@1.72,1.71,DAY,2025-12-02T16:36:46.206Z,2025-12-02T16:36:46.243Z
QQQ251219P00601000,QQQ251219P00601000,BUY,FILLED,2.0,2.0,@5.22,5.22,DAY,2025-12-02T16:30:32.352Z,2025-12-02T16:30:49.215Z
QQQ251202P00617000,QQQ251202P00617000,BUY,FILLED,2.0,2.0,@1.1,1.1,DAY,2025-12-02T16:24:53.231Z,2025-12-02T16:25:06.435Z
GTLB251205C00047000,GTLB251205C00047000,SELL,FILLED,4.0,4.0,@1.25,1.3,DAY,2025-12-02T16:18:00.913Z,2025-12-02T16:18:00.994Z
SNDK251219P00180000,SNDK251219P00180000,BUY,FILLED,1.0,1.0,@11.2,11.1,DAY,2025-12-02T16:01:36.144Z,2025-12-02T16:01:36.255Z
GTLB251205C00047000,GTLB251205C00047000,BUY,FILLED,7.0,7.0,@1.1,1.1,DAY,2025-12-02T14:46:31.016Z,2025-12-02T14:47:10.048Z
MSFT260116P00500000,MSFT260116P00500000,SELL,FILLED,1.0,1.0,@19.4,19.4,DAY,2025-12-02T14:43:20.972Z,2025-12-02T14:43:21.013Z
GTLB251205C00047000,GTLB251205C00047000,SELL,FILLED,7.0,7.0,@0.9,0.95,DAY,2025-12-02T14:42:53.235Z,2025-12-02T14:42:53.285Z
SLV251219C00050000,SLV251219C00050000,SELL,FILLED,4.0,4.0,@3.5,3.52,DAY,2025-12-02T14:42:14.984Z,2025-12-02T14:42:15.212Z
HLT260116P00220000,HLT260116P00220000,SELL,CANCELLED,0.0,10.0,@0.4,,DAY,2025-12-02T14:38:54.831Z,
HL251219C00018000,HL251219C00018000,SELL,FILLED,10.0,10.0,@0.75,0.75,DAY,2025-12-02T14:35:50.554Z,2025-12-02T14:35:50.682Z
COIN251219P00227500,COIN251219P00227500,SELL,FILLED,3.0,3.0,@2.58,2.71,DAY,2025-12-02T14:35:15.203Z,2025-12-02T14:35:15.347Z
GOOG251205P00305000,GOOG251205P00305000,BUY,FILLED,2.0,2.0,@1.19,1.19,DAY,2025-12-01T20:25:04.114Z,2025-12-01T20:25:04.325Z
QQQ251202P00613000,QQQ251202P00613000,BUY,FILLED,2.0,2.0,@1.06,1.06,DAY,2025-12-01T20:23:45.901Z,2025-12-01T20:23:48.376Z
BABA260220C00200000,BABA260220C00200000,BUY,FILLED,2.0,2.0,@3.6,3.59,DAY,2025-12-01T19:22:42.703Z,2025-12-01T19:22:42.838Z
GTLB251205C00047000,GTLB251205C00047000,BUY,FILLED,7.0,7.0,@0.8,0.75,DAY,2025-12-01T17:36:37.701Z,2025-12-01T17:36:51.261Z
QQQ251219P00580000,QQQ251219P00580000,SELL,FILLED,3.0,3.0,@2.66,2.66,DAY,2025-12-01T15:17:58.738Z,2025-12-01T15:18:00.034Z
QQQ251201C00617000,QQQ251201C00617000,SELL,FILLED,2.0,2.0,@1.14,1.14,DAY,2025-12-01T15:15:49.803Z,2025-12-01T15:15:50.863Z
TLT251219P00086000,TLT251219P00086000,BUY,FILLED,25.0,25.0,@0.22,0.21,DAY,2025-12-01T15:15:25.957Z,2025-12-01T15:15:26.102Z
GOOG251219P00305000,GOOG251219P00305000,SELL,FILLED,1.0,1.0,@4.8,4.8,DAY,2025-12-01T15:14:35.409Z,2025-12-01T15:14:37.798Z
HLT260116P00220000,HLT260116P00220000,BUY,FILLED,10.0,10.0,@0.4,0.4,DAY,2025-12-01T15:04:27.284Z,2025-12-01T15:04:27.490Z
QQQ251201C00617000,QQQ251201C00617000,BUY,FILLED,2.0,2.0,@1.15,1.15,DAY,2025-12-01T14:58:58.875Z,2025-12-01T14:59:00.845Z
SLV251219C00050500,SLV251219C00050500,BUY,FILLED,2.0,2.0,@3.35,3.35,DAY,2025-12-01T14:55:24.019Z,2025-12-01T14:55:24.236Z
SLV251219C00050000,SLV251219C00050000,SELL,FILLED,8.0,8.0,@3.3,3.3,DAY,2025-12-01T14:45:22.431Z,2025-12-01T14:45:28.415Z
SLV251219C00050000,SLV251219C00050000,SELL,FILLED,4.0,4.0,@3.45,3.45,DAY,2025-12-01T14:33:35.999Z,2025-12-01T14:33:36.037Z
SLV251219C00050000,SLV251219C00050000,SELL,CANCELLED,0.0,5.0,@3.45,,DAY,2025-12-01T14:33:11.504Z,
COIN251219P00227500,COIN251219P00227500,BUY,FILLED,1.0,1.0,@4.6,4.6,DAY,2025-12-01T14:32:37.148Z,2025-12-01T14:32:37.187Z
COIN251219P00227500,COIN251219P00227500,BUY,FILLED,2.0,2.0,@4.0,4.0,DAY,2025-12-01T14:30:59.200Z,2025-12-01T14:30:59.246Z
QQQ251219P00580000,QQQ251219P00580000,BUY,FILLED,3.0,3.0,@2.97,2.97,DAY,2025-12-01T14:30:19.008Z,2025-12-01T14:30:20.020Z
GLD251128C00386000,GLD251128C00386000,SELL,FILLED,2.0,2.0,@1.01,1.01,DAY,2025-11-28T17:13:04.817Z,2025-11-28T17:13:04.853Z
SLV251219C00050500,SLV251219C00050500,SELL,FILLED,5.0,5.0,@2.24,2.24,DAY,2025-11-28T16:38:37.958Z,2025-11-28T16:38:38.939Z
SLV251219C00050500,SLV251219C00050500,BUY,FILLED,5.0,5.0,@2.23,2.23,DAY,2025-11-28T16:01:14.904Z,2025-11-28T16:01:14.944Z
AMD251219P00187500,AMD251219P00187500,BUY,FILLED,2.0,2.0,@2.49,2.49,DAY,2025-11-28T14:41:58.130Z,2025-11-28T14:41:58.204Z
CAT260220C00620000,CAT260220C00620000,SELL,FILLED,1.0,1.0,@19.95,19.95,DAY,2025-11-28T14:41:47.613Z,2025-11-28T14:41:47.661Z
QQQ251128P00611000,QQQ251128P00611000,BUY,FILLED,1.0,1.0,@0.76,0.76,DAY,2025-11-26T19:22:43.105Z,2025-11-26T19:22:43.197Z
QQQ251128P00611000,QQQ251128P00611000,BUY,FILLED,2.0,2.0,@0.98,0.97,DAY,2025-11-26T19:08:33.758Z,2025-11-26T19:08:33.949Z
HL251219C00018000,HL251219C00018000,BUY,FILLED,10.0,10.0,@0.5,0.48,DAY,2025-11-26T18:43:04.325Z,2025-11-26T18:43:04.605Z
GLD260220C00405000,GLD260220C00405000,BUY,FILLED,2.0,2.0,@8.85,8.85,DAY,2025-11-26T18:02:16.607Z,2025-11-26T18:02:16.645Z
GLD260220C00382000,GLD260220C00382000,SELL,FILLED,1.0,1.0,@17.35,17.35,DAY,2025-11-26T18:01:50.384Z,2025-11-26T18:01:50.421Z
GLD251128C00386000,GLD251128C00386000,BUY,FILLED,2.0,2.0,@0.91,0.9,DAY,2025-11-26T17:59:48.618Z,2025-11-26T17:59:48.714Z
SLV260116C00055000,SLV260116C00055000,BUY,FILLED,1.0,1.0,@0.99,0.99,DAY,2025-11-26T17:58:45.730Z,2025-11-26T17:58:45.864Z
CAT260220C00620000,CAT260220C00620000,BUY,FILLED,1.0,1.0,@19.8,19.8,DAY,2025-11-26T17:50:11.548Z,2025-11-26T17:50:11.588Z
SNDK260116P00185000,SNDK260116P00185000,SELL,FILLED,1.0,1.0,@17.1,17.29,DAY,2025-11-26T16:23:39.931Z,2025-11-26T16:23:46.233Z
GOOG251219P00305000,GOOG251219P00305000,SELL,FILLED,1.0,1.0,@5.8,5.8,DAY,2025-11-26T15:52:26.468Z,2025-11-26T15:52:26.628Z
ASML251219P00945000,ASML251219P00945000,SELL,FILLED,1.0,1.0,@8.5,8.5,DAY,2025-11-26T15:50:46.719Z,2025-11-26T15:50:53.844Z
SNDK260116P00185000,SNDK260116P00185000,SELL,CANCELLED,0.0,1.0,@18.9,,DAY,2025-11-26T15:49:35.631Z,
SNDK260116P00185000,SNDK260116P00185000,BUY,FILLED,1.0,1.0,@18.7,18.49,DAY,2025-11-26T15:43:26.403Z,2025-11-26T15:43:26.543Z
QQQ251126P00609000,QQQ251126P00609000,SELL,FILLED,5.0,5.0,@0.44,0.44,DAY,2025-11-26T15:36:10.430Z,2025-11-26T15:36:10.466Z
BYND251128C00001500,BYND251128C00001500,BUY,FILLED,100.0,100.0,@0.02,0.02,DAY,2025-11-26T15:28:32.492Z,2025-11-26T15:28:32.635Z
GOOG251219P00305000,GOOG251219P00305000,BUY,FILLED,1.0,1.0,@5.85,5.8,DAY,2025-11-26T15:13:50.314Z,2025-11-26T15:13:50.349Z
QQQ251126P00609000,QQQ251126P00609000,BUY,FILLED,2.0,2.0,@1.29,1.29,DAY,2025-11-26T15:00:38.888Z,2025-11-26T15:00:39.094Z
CAT260220C00620000,CAT260220C00620000,SELL,FILLED,1.0,1.0,@18.4,18.4,DAY,2025-11-26T14:59:48.644Z,2025-11-26T14:59:59.847Z
QQQ251126P00609000,QQQ251126P00609000,BUY,FILLED,3.0,3.0,@0.92,0.9,DAY,2025-11-26T14:56:46.983Z,2025-11-26T14:56:47.126Z
RR260320C00007000,RR260320C00007000,SELL,FILLED,20.0,20.0,@0.36,0.36,DAY,2025-11-26T14:56:21.493Z,2025-11-26T14:56:21.620Z
RR260320C00007000,RR260320C00007000,SELL,FILLED,10.0,10.0,@0.37,0.37,DAY,2025-11-26T14:36:58.559Z,2025-11-26T14:36:58.604Z
SLV260116C00055000,SLV260116C00055000,BUY,FILLED,10.0,10.0,@0.83,0.83,DAY,2025-11-26T14:36:24.285Z,2025-11-26T14:36:24.327Z
CAT260220C00620000,CAT260220C00620000,BUY,FILLED,1.0,1.0,@19.0,19.0,DAY,2025-11-26T14:31:36.263Z,2025-11-26T14:31:39.139Z
QQQ251126P00603000,QQQ251126P00603000,SELL,FILLED,5.0,5.0,@0.79,0.79,DAY,2025-11-25T20:28:17.363Z,2025-11-25T20:28:21.055Z
QQQ251126P00603000,QQQ251126P00603000,BUY,FILLED,5.0,5.0,@1.12,1.11,DAY,2025-11-25T19:13:24.817Z,2025-11-25T19:13:25.499Z
RR260320C00007000,RR260320C00007000,BUY,FILLED,30.0,30.0,@0.35,0.35,DAY,2025-11-25T19:02:08.231Z,2025-11-25T19:02:08.374Z
TSLA251219P00380000,TSLA251219P00380000,SELL,FILLED,1.0,1.0,@7.55,7.55,DAY,2025-11-25T18:48:05.640Z,2025-11-25T18:48:05.695Z
MU251128P00202500,MU251128P00202500,SELL,FILLED,3.0,3.0,@0.55,0.55,DAY,2025-11-25T17:09:22.310Z,2025-11-25T17:09:22.351Z
QQQ251125P00600000,QQQ251125P00600000,SELL,FILLED,2.0,2.0,@0.98,0.99,DAY,2025-11-25T15:58:04.607Z,2025-11-25T15:58:04.882Z
QQQ251125P00600000,QQQ251125P00600000,BUY,FILLED,2.0,2.0,@1.44,1.44,DAY,2025-11-25T15:51:38.925Z,2025-11-25T15:51:39.325Z
QQQ251125C00603000,QQQ251125C00603000,SELL,FILLED,4.0,4.0,@1.25,1.3,DAY,2025-11-25T15:50:32.180Z,2025-11-25T15:50:47.978Z
GOOG251219P00305000,GOOG251219P00305000,BUY,FILLED,1.0,1.0,@5.85,5.8,DAY,2025-11-25T15:49:18.161Z,2025-11-25T15:49:18.204Z
QQQ251125C00603000,QQQ251125C00603000,BUY,FILLED,1.0,1.0,@2.11,2.11,DAY,2025-11-25T15:46:18.011Z,2025-11-25T15:46:18.173Z
AMD251219P00195000,AMD251219P00195000,SELL,FILLED,1.0,1.0,@11.55,11.59,DAY,2025-11-25T15:29:47.334Z,2025-11-25T15:29:47.529Z
TSLA251219P00380000,TSLA251219P00380000,SELL,FILLED,1.0,1.0,@10.75,10.75,DAY,2025-11-25T15:29:25.787Z,2025-11-25T15:29:29.802Z
TSLA251219P00380000,TSLA251219P00380000,BUY,FILLED,1.0,1.0,@11.25,11.25,DAY,2025-11-25T15:28:30.033Z,2025-11-25T15:28:30.076Z
TSLA251219P00380000,TSLA251219P00380000,BUY,FILLED,1.0,1.0,@11.35,11.29,DAY,2025-11-25T15:27:57.341Z,2025-11-25T15:27:57.572Z
GRAL260116C00090000,GRAL260116C00090000,SELL,FILLED,1.0,1.0,@28.5,28.5,DAY,2025-11-25T14:57:19.370Z,2025-11-25T14:57:31.360Z
QQQ251125C00603000,QQQ251125C00603000,BUY,FILLED,3.0,3.0,@1.48,1.47,DAY,2025-11-25T14:55:20.255Z,2025-11-25T14:55:20.392Z
QQQ251125P00605000,QQQ251125P00605000,SELL,FILLED,1.0,1.0,@4.81,4.85,DAY,2025-11-25T14:54:24.434Z,2025-11-25T14:54:24.544Z
MU251128P00202500,MU251128P00202500,BUY,FILLED,3.0,3.0,@1.78,1.68,DAY,2025-11-25T14:50:22.486Z,2025-11-25T14:50:22.690Z
QQQ251125P00605000,QQQ251125P00605000,SELL,FILLED,1.0,1.0,@6.43,6.43,DAY,2025-11-25T14:48:06.562Z,2025-11-25T14:48:06.699Z
AMD251219P00187500,AMD251219P00187500,BUY,FILLED,1.0,1.0,@7.95,7.95,DAY,2025-11-25T14:41:44.708Z,2025-11-25T14:41:44.749Z
ASML251219P00945000,ASML251219P00945000,BUY,FILLED,1.0,1.0,@20.2,19.77,DAY,2025-11-25T14:38:52.317Z,2025-11-25T14:38:52.455Z
AMD251219P00187500,AMD251219P00187500,BUY,FILLED,3.0,3.0,@7.2,7.2,DAY,2025-11-25T14:32:58.677Z,2025-11-25T14:32:58.743Z
IBIT260116C00047000,IBIT260116C00047000,SELL,FILLED,2.0,2.0,@5.4,5.4,DAY,2025-11-25T14:31:05.491Z,2025-11-25T14:31:05.540Z
QQQ251125P00605000,QQQ251125P00605000,BUY,FILLED,2.0,2.0,@2.57,2.54,DAY,2025-11-24T20:50:12.817Z,2025-11-24T20:50:12.878Z
QQQ251125P00594000,QQQ251125P00594000,SELL,FILLED,1.0,1.0,@0.39,0.39,DAY,2025-11-24T20:48:57.208Z,2025-11-24T20:48:57.281Z
SLV251219C00050000,SLV251219C00050000,BUY,FILLED,10.0,10.0,@0.7,0.7,DAY,2025-11-24T20:15:34.009Z,2025-11-24T20:15:34.047Z
SLV260116C00045500,SLV260116C00045500,SELL,FILLED,2.0,2.0,@2.55,2.58,DAY,2025-11-24T16:20:12.540Z,2025-11-24T16:20:12.783Z
SLV251219C00050000,SLV251219C00050000,BUY,FILLED,10.0,10.0,@0.55,0.55,DAY,2025-11-24T16:12:02.343Z,2025-11-24T16:12:02.470Z
MSFT260116P00500000,MSFT260116P00500000,SELL,FILLED,1.0,1.0,@30.0,30.0,DAY,2025-11-24T16:10:41.309Z,2025-11-24T16:10:43.077Z
MSFT251219P00445000,MSFT251219P00445000,SELL,FILLED,2.0,2.0,@3.7,3.7,DAY,2025-11-24T15:40:21.639Z,2025-11-24T15:40:27.039Z
QQQ251125P00594000,QQQ251125P00594000,SELL,FILLED,2.0,2.0,@2.19,2.2,DAY,2025-11-24T15:26:39.437Z,2025-11-24T15:26:39.495Z
IBIT260116C00047000,IBIT260116C00047000,BUY,FILLED,2.0,2.0,@5.2,5.2,DAY,2025-11-24T15:24:41.421Z,2025-11-24T15:24:41.456Z
QQQ251125P00594000,QQQ251125P00594000,BUY,FILLED,3.0,3.0,@2.07,2.07,DAY,2025-11-24T15:18:24.847Z,2025-11-24T15:18:24.885Z
KRE251219P00056000,KRE251219P00056000,SELL,FILLED,9.0,9.0,@0.46,0.48,DAY,2025-11-24T15:03:46.380Z,2025-11-24T15:03:46.528Z
IBIT260116C00047000,IBIT260116C00047000,SELL,FILLED,4.0,4.0,@4.95,4.95,DAY,2025-11-24T14:52:48.505Z,2025-11-24T14:52:48.582Z
QQQ251125C00601000,QQQ251125C00601000,SELL,FILLED,1.0,1.0,@2.83,2.83,DAY,2025-11-24T14:51:18.251Z,2025-11-24T14:51:28.499Z
GOOG260116C00355000,GOOG260116C00355000,SELL,FILLED,2.0,2.0,@5.7,5.73,DAY,2025-11-24T14:51:09.612Z,2025-11-24T14:51:09.800Z
MSFT251219P00445000,MSFT251219P00445000,BUY,FILLED,2.0,2.0,@5.5,5.5,DAY,2025-11-24T14:50:50.729Z,2025-11-24T14:50:50.776Z
QQQ251125C00601000,QQQ251125C00601000,BUY,FILLED,1.0,1.0,@3.52,3.52,DAY,2025-11-24T14:38:27.982Z,2025-11-24T14:38:33.975Z
QQQ251124C00591000,QQQ251124C00591000,SELL,FILLED,1.0,1.0,@8.62,8.62,DAY,2025-11-24T14:38:05.673Z,2025-11-24T14:38:05.761Z
QQQ251124C00591000,QQQ251124C00591000,SELL,CANCELLED,0.0,1.0,@4.44,,DAY,2025-11-24T14:36:14.060Z,
QQQ251124C00596000,QQQ251124C00596000,BUY,CANCELLED,0.0,1.0,@4.44,,DAY,2025-11-24T14:36:14.060Z,
GOOG260116C00355000,GOOG260116C00355000,BUY,FILLED,2.0,2.0,@5.7,5.7,DAY,2025-11-24T14:35:00.029Z,2025-11-24T14:35:41.635Z
MSFT260116P00500000,MSFT260116P00500000,SELL,FILLED,1.0,1.0,@30.8,30.8,DAY,2025-11-24T14:33:36.536Z,2025-11-24T14:33:36.584Z
AMD251219P00195000,AMD251219P00195000,SELL,FILLED,1.0,1.0,@7.1,7.1,DAY,2025-11-24T14:33:17.396Z,2025-11-24T14:33:18.897Z
SLV260116C00045500,SLV260116C00045500,BUY,FILLED,4.0,4.0,@2.5,2.5,DAY,2025-11-24T14:33:00.225Z,2025-11-24T14:33:00.465Z
QQQ251124C00591000,QQQ251124C00591000,BUY,FILLED,1.0,1.0,@4.35,4.27,DAY,2025-11-21T20:54:05.062Z,2025-11-21T20:54:05.112Z
GRAL260116C00110000,GRAL260116C00110000,BUY,CANCELLED,0.0,1.0,@7.7,,DAY,2025-11-21T20:46:17.512Z,
QQQ251124P00589000,QQQ251124P00589000,SELL,FILLED,1.0,1.0,@3.06,3.1,DAY,2025-11-21T20:38:07.055Z,2025-11-21T20:38:07.149Z
QQQ251121P00593000,QQQ251121P00593000,SELL,FILLED,1.0,1.0,@2.16,2.16,DAY,2025-11-21T20:32:17.571Z,2025-11-21T20:32:17.614Z
QQQ251121P00593000,QQQ251121P00593000,SELL,FILLED,1.0,1.0,@1.21,1.21,DAY,2025-11-21T19:58:43.836Z,2025-11-21T19:58:49.050Z
QQQ251124P00589000,QQQ251124P00589000,BUY,FILLED,1.0,1.0,@3.01,3.01,DAY,2025-11-21T19:58:24.294Z,2025-11-21T19:58:35.694Z
QQQ251121P00593000,QQQ251121P00593000,BUY,FILLED,2.0,2.0,@1.3,1.3,DAY,2025-11-21T19:58:12.275Z,2025-11-21T19:58:22.112Z
TSLA251219P00370000,TSLA251219P00370000,SELL,FILLED,1.0,1.0,@11.9,11.9,DAY,2025-11-21T17:40:39.823Z,2025-11-21T17:40:39.890Z
QQQ251121C00603000,QQQ251121C00603000,SELL,FILLED,7.0,7.0,@0.05,0.05,DAY,2025-11-21T17:38:31.651Z,2025-11-21T17:38:31.691Z
QQQ251121C00585000,QQQ251121C00585000,SELL,FILLED,1.0,1.0,@6.58,6.76,DAY,2025-11-21T17:17:40.161Z,2025-11-21T17:17:40.251Z
GRAL260116C00090000,GRAL260116C00090000,BUY,FILLED,1.0,1.0,@15.3,15.3,DAY,2025-11-21T17:13:17.864Z,2025-11-21T17:13:17.905Z
IBIT260116C00047000,IBIT260116C00047000,BUY,FILLED,2.0,2.0,@4.7,4.68,DAY,2025-11-21T16:38:53.644Z,2025-11-21T16:38:53.867Z
MU251219P00200000,MU251219P00200000,SELL,FILLED,1.0,1.0,@17.55,17.55,DAY,2025-11-21T16:35:36.904Z,2025-11-21T16:35:37.051Z
HOOD260220P00110000,HOOD260220P00110000,SELL,FILLED,1.0,1.0,@16.95,17.0,DAY,2025-11-21T16:35:30.502Z,2025-11-21T16:35:42.536Z
MU251219P00200000,MU251219P00200000,SELL,CANCELLED,0.0,1.0,@18.65,,DAY,2025-11-21T16:23:17.674Z,
IBIT260116C00047000,IBIT260116C00047000,BUY,FILLED,2.0,2.0,@4.5,4.48,DAY,2025-11-21T16:22:00.069Z,2025-11-21T16:22:00.231Z
BE251121P00075000,BE251121P00075000,BUY,FILLED,1.0,1.0,@0.85,0.85,DAY,2025-11-21T16:06:42.838Z,2025-11-21T16:06:49.361Z
BE251121P00075000,BE251121P00075000,BUY,FILLED,2.0,2.0,@1.15,0.89,DAY,2025-11-21T16:06:32.901Z,2025-11-21T16:06:32.987Z
BE251121P00075000,BE251121P00075000,SELL,FILLED,3.0,3.0,@0.9,0.9,DAY,2025-11-21T15:50:23.389Z,2025-11-21T15:50:23.477Z
AMD251219P00195000,AMD251219P00195000,SELL,FILLED,1.0,1.0,@12.8,12.8,DAY,2025-11-21T15:49:24.998Z,2025-11-21T15:49:25.065Z
AMD251219P00195000,AMD251219P00195000,BUY,FILLED,1.0,1.0,@12.9,12.7,DAY,2025-11-21T15:49:04.414Z,2025-11-21T15:49:04.452Z
BE251121P00075000,BE251121P00075000,BUY,FILLED,3.0,3.0,@0.9,0.9,DAY,2025-11-21T15:33:21.659Z,2025-11-21T15:33:35.269Z
AMD251121P00200000,AMD251121P00200000,SELL,FILLED,1.0,1.0,,2.91,DAY,2025-11-21T15:24:44.610Z,2025-11-21T15:47:52.564Z
AMD251121P00200000,AMD251121P00200000,SELL,FILLED,1.0,1.0,@3.2,3.2,DAY,2025-11-21T15:24:33.465Z,2025-11-21T15:24:33.544Z
QQQ251121C00585000,QQQ251121C00585000,BUY,FILLED,1.0,1.0,@3.61,3.53,DAY,2025-11-21T15:20:20.463Z,2025-11-21T15:20:20.605Z
TSLA251219P00370000,TSLA251219P00370000,BUY,FILLED,1.0,1.0,@14.85,14.8,DAY,2025-11-21T15:14:08.343Z,2025-11-21T15:14:08.505Z
AMD251219P00195000,AMD251219P00195000,BUY,FILLED,1.0,1.0,@11.5,11.4,DAY,2025-11-21T15:08:45.801Z,2025-11-21T15:08:45.954Z
MSFT260116P00500000,MSFT260116P00500000,SELL,CANCELLED,0.0,1.0,,,DAY,2025-11-21T14:55:13.988Z,
KRE251219P00056000,KRE251219P00056000,SELL,FILLED,9.0,9.0,@0.72,0.72,DAY,2025-11-21T14:53:45.749Z,2025-11-21T14:53:53.187Z
HOOD260220P00110000,HOOD260220P00110000,SELL,FILLED,1.0,1.0,@15.95,16.1,DAY,2025-11-21T14:50:11.041Z,2025-11-21T14:50:23.624Z
MU251219P00200000,MU251219P00200000,SELL,FILLED,1.0,1.0,@16.6,16.6,DAY,2025-11-21T14:49:53.941Z,2025-11-21T14:49:53.989Z
TSLA251219P00350000,TSLA251219P00350000,SELL,FILLED,1.0,1.0,@8.6,8.6,DAY,2025-11-21T14:49:38.837Z,2025-11-21T14:49:39.001Z
HOOD260220P00110000,HOOD260220P00110000,SELL,FILLED,1.0,1.0,@16.6,16.6,DAY,2025-11-21T14:46:57.622Z,2025-11-21T14:46:57.775Z
ARM251219P00110000,ARM251219P00110000,SELL,FILLED,2.0,2.0,@1.8,2.1,DAY,2025-11-21T14:46:25.791Z,2025-11-21T14:46:25.980Z
AMD251219P00195000,AMD251219P00195000,BUY,FILLED,1.0,1.0,@11.45,11.4,DAY,2025-11-21T14:46:09.454Z,2025-11-21T14:46:09.630Z
MU251121P00187500,MU251121P00187500,SELL,FILLED,6.0,6.0,@0.02,0.13,DAY,2025-11-21T14:41:31.030Z,2025-11-21T14:41:31.189Z
AMD251121P00200000,AMD251121P00200000,BUY,FILLED,2.0,2.0,@1.69,1.69,DAY,2025-11-21T14:40:41.474Z,2025-11-21T14:40:41.542Z
MU251219P00200000,MU251219P00200000,BUY,FILLED,1.0,1.0,@16.5,16.5,DAY,2025-11-21T14:39:16.486Z,2025-11-21T14:39:16.530Z
TSLA251219P00350000,TSLA251219P00350000,BUY,FILLED,1.0,1.0,@8.2,8.02,DAY,2025-11-21T14:34:22.864Z,2025-11-21T14:34:23.110Z
MU251219P00200000,MU251219P00200000,SELL,FILLED,1.0,1.0,@15.6,15.6,DAY,2025-11-21T14:32:51.892Z,2025-11-21T14:32:51.939Z
ARM251219P00110000,ARM251219P00110000,SELL,FILLED,3.0,3.0,@1.88,1.93,DAY,2025-11-20T20:56:40.349Z,2025-11-20T20:56:40.494Z
MU251121P00187500,MU251121P00187500,BUY,FILLED,3.0,3.0,@0.87,0.87,DAY,2025-11-20T20:50:58.645Z,2025-11-20T20:50:58.689Z
QQQ251121C00603000,QQQ251121C00603000,BUY,FILLED,1.0,1.0,@0.74,0.74,DAY,2025-11-20T20:35:48.607Z,2025-11-20T20:35:48.768Z
QQQ251121C00603000,QQQ251121C00603000,BUY,FILLED,2.0,2.0,@0.76,0.75,DAY,2025-11-20T20:35:36.469Z,2025-11-20T20:35:36.663Z
KRE251219P00056000,KRE251219P00056000,BUY,FILLED,7.0,7.0,@0.84,0.84,DAY,2025-11-20T20:06:55.861Z,2025-11-20T20:06:55.906Z
QQQ251121C00603000,QQQ251121C00603000,BUY,FILLED,4.0,4.0,@0.98,0.96,DAY,2025-11-20T20:06:11.991Z,2025-11-20T20:06:12.035Z
ARM251219P00110000,ARM251219P00110000,BUY,FILLED,5.0,5.0,@1.85,1.85,DAY,2025-11-20T19:14:46.996Z,2025-11-20T19:14:47.119Z
ILMN260116C00120000,ILMN260116C00120000,SELL,FILLED,1.0,1.0,@8.1,8.1,DAY,2025-11-20T19:14:02.496Z,2025-11-20T19:14:15.163Z
BABA260116C00165000,BABA260116C00165000,SELL,FILLED,1.0,1.0,@7.3,7.3,DAY,2025-11-20T19:13:52.726Z,2025-11-20T19:13:52.811Z
EOSE260220P00013000,EOSE260220P00013000,SELL,FILLED,4.0,4.0,@2.9,2.91,DAY,2025-11-20T19:13:40.808Z,2025-11-20T19:14:24.698Z
HOOD260220P00110000,HOOD260220P00110000,BUY,FILLED,1.0,1.0,@16.25,16.25,DAY,2025-11-20T18:00:00.777Z,2025-11-20T18:00:13.717Z
GRAL260116C00090000,GRAL260116C00090000,SELL,FILLED,1.0,1.0,@11.2,11.2,DAY,2025-11-20T17:52:27.973Z,2025-11-20T17:52:28.021Z
MU251121P00187500,MU251121P00187500,BUY,FILLED,3.0,3.0,@1.08,1.01,DAY,2025-11-20T17:37:01.772Z,2025-11-20T17:37:01.916Z
ILMN251219C00125000,ILMN251219C00125000,SELL,FILLED,1.0,1.0,@3.5,3.5,DAY,2025-11-20T16:50:25.909Z,2025-11-20T16:50:25.966Z
GRAL260116C00090000,GRAL260116C00090000,SELL,FILLED,1.0,1.0,@13.0,13.0,DAY,2025-11-20T16:50:14.349Z,2025-11-20T16:50:35.673Z
ILMN251219C00125000,ILMN251219C00125000,SELL,CANCELLED,0.0,1.0,@3.7,,DAY,2025-11-20T16:34:20.343Z,
NVDA251121P00190000,NVDA251121P00190000,SELL,FILLED,1.0,1.0,@3.1,3.1,DAY,2025-11-20T16:30:06.005Z,2025-11-20T16:30:06.103Z
HOOD260220P00110000,HOOD260220P00110000,BUY,FILLED,1.0,1.0,@13.5,13.5,DAY,2025-11-20T16:29:59.798Z,2025-11-20T16:29:59.846Z
HOOD260220P00110000,HOOD260220P00110000,BUY,FILLED,1.0,1.0,@13.15,13.15,DAY,2025-11-20T16:25:26.219Z,2025-11-20T16:25:35.009Z
EOSE260220P00013000,EOSE260220P00013000,BUY,FILLED,2.0,2.0,@2.97,2.97,DAY,2025-11-20T16:24:01.356Z,2025-11-20T16:24:01.464Z
NVDA251121P00190000,NVDA251121P00190000,BUY,FILLED,1.0,1.0,@1.56,1.55,DAY,2025-11-20T15:53:53.404Z,2025-11-20T15:53:53.542Z
QQQ251120C00613000,QQQ251120C00613000,SELL,FILLED,2.0,2.0,@1.29,1.29,DAY,2025-11-20T15:53:17.277Z,2025-11-20T15:53:19.681Z
GLD260220C00382000,GLD260220C00382000,BUY,FILLED,3.0,3.0,@3.78,3.78,DAY,2025-11-20T15:47:26.630Z,2025-11-20T15:48:45.529Z
GLD260116C00382000,GLD260116C00382000,SELL,FILLED,3.0,3.0,@3.78,3.78,DAY,2025-11-20T15:47:26.630Z,2025-11-20T15:48:45.529Z
EOSE260220P00013000,EOSE260220P00013000,SELL,FILLED,3.0,3.0,@2.45,2.46,DAY,2025-11-20T14:59:39.387Z,2025-11-20T14:59:51.155Z
ILMN251219C00125000,ILMN251219C00125000,BUY,FILLED,1.0,1.0,@5.4,5.4,DAY,2025-11-20T14:50:21.551Z,2025-11-20T14:50:21.655Z
MU251219P00200000,MU251219P00200000,BUY,FILLED,1.0,1.0,@10.1,10.0,DAY,2025-11-20T14:40:02.288Z,2025-11-20T14:40:02.334Z
GRAL260116C00090000,GRAL260116C00090000,BUY,FILLED,1.0,1.0,@16.4,16.4,DAY,2025-11-20T14:36:51.527Z,2025-11-20T14:36:58.773Z
EOSE260220P00013000,EOSE260220P00013000,BUY,FILLED,5.0,5.0,@2.9,2.9,DAY,2025-11-20T14:35:19.535Z,2025-11-20T14:35:19.605Z
ILMN260116C00120000,ILMN260116C00120000,BUY,FILLED,1.0,1.0,@10.6,10.6,DAY,2025-11-20T14:34:11.230Z,2025-11-20T14:35:24.989Z
GRAL260116C00090000,GRAL260116C00090000,BUY,FILLED,1.0,1.0,@15.7,15.7,DAY,2025-11-20T14:33:34.158Z,2025-11-20T14:33:44.945Z
QQQ251120C00613000,QQQ251120C00613000,SELL,FILLED,1.0,1.0,@1.54,1.56,DAY,2025-11-20T14:32:46.146Z,2025-11-20T14:32:46.342Z
NVDA251121P00187500,NVDA251121P00187500,SELL,FILLED,1.0,1.0,@0.73,0.74,DAY,2025-11-20T14:30:57.581Z,2025-11-20T14:30:57.738Z
NVDA251121P00180000,NVDA251121P00180000,BUY,FILLED,1.0,1.0,@0.73,0.74,DAY,2025-11-20T14:30:57.581Z,2025-11-20T14:30:57.738Z
MU251219P00200000,MU251219P00200000,SELL,FILLED,1.0,1.0,@8.2,8.2,DAY,2025-11-20T14:30:27.050Z,2025-11-20T14:30:27.108Z
KRE251219P00056000,KRE251219P00056000,SELL,CANCELLED,0.0,11.0,@0.74,,DAY,2025-11-20T14:30:18.889Z,
QQQ251120C00613000,QQQ251120C00613000,BUY,FILLED,2.0,2.0,@1.44,1.44,DAY,2025-11-19T20:20:45.833Z,2025-11-19T20:20:47.978Z
COST260320P00800000,COST260320P00800000,SELL,FILLED,1.0,1.0,@19.1,19.1,DAY,2025-11-19T19:26:32.983Z,2025-11-19T19:26:33.036Z
COIN260116P00240000,COIN260116P00240000,SELL,FILLED,1.0,1.0,@20.95,20.95,DAY,2025-11-19T19:26:19.823Z,2025-11-19T19:26:19.865Z
CRM260320P00230000,CRM260320P00230000,SELL,FILLED,1.0,1.0,@21.65,21.75,DAY,2025-11-19T19:09:01.747Z,2025-11-19T19:09:01.953Z
UVXY251121C00014500,UVXY251121C00014500,BUY,FILLED,10.0,10.0,@0.27,0.27,DAY,2025-11-19T17:50:09.959Z,2025-11-19T17:50:10.003Z
KRE251219P00056000,KRE251219P00056000,BUY,FILLED,1.0,1.0,@0.91,0.91,DAY,2025-11-19T17:43:55.759Z,2025-11-19T17:43:55.919Z
KRE251219P00056000,KRE251219P00056000,BUY,FILLED,10.0,10.0,@0.91,0.91,DAY,2025-11-19T17:43:47.163Z,2025-11-19T17:43:47.207Z
MU251219P00200000,MU251219P00200000,BUY,FILLED,1.0,1.0,@11.25,11.05,DAY,2025-11-19T17:22:00.114Z,2025-11-19T17:22:00.176Z
CRM260320P00230000,CRM260320P00230000,SELL,FILLED,1.0,1.0,@21.8,21.8,DAY,2025-11-19T17:20:30.308Z,2025-11-19T17:20:30.346Z
MU251219P00200000,MU251219P00200000,SELL,FILLED,1.0,1.0,@10.85,10.85,DAY,2025-11-19T17:20:19.695Z,2025-11-19T17:20:19.781Z
COIN260116P00240000,COIN260116P00240000,BUY,FILLED,1.0,1.0,@21.5,21.5,DAY,2025-11-19T17:20:07.296Z,2025-11-19T17:20:07.347Z
QQQ251119P00590000,QQQ251119P00590000,BUY,FILLED,1.0,1.0,@0.74,0.74,DAY,2025-11-19T17:10:56.035Z,2025-11-19T17:10:56.132Z
MU251219P00200000,MU251219P00200000,BUY,FILLED,2.0,2.0,@10.4,10.22,DAY,2025-11-19T17:01:30.786Z,2025-11-19T17:01:30.982Z
GOOG251219C00305000,GOOG251219C00305000,SELL,FILLED,1.0,1.0,@8.9,8.95,DAY,2025-11-19T17:00:35.955Z,2025-11-19T17:00:36.020Z
CRM260320P00230000,CRM260320P00230000,BUY,FILLED,2.0,2.0,@22.05,21.73,DAY,2025-11-19T16:08:55.211Z,2025-11-19T16:08:55.476Z
QQQ251120C00613000,QQQ251120C00613000,BUY,FILLED,1.0,1.0,@1.97,1.97,DAY,2025-11-19T15:35:40.371Z,2025-11-19T15:35:48.839Z
QQQ251119C00607000,QQQ251119C00607000,SELL,FILLED,1.0,1.0,@1.66,1.68,DAY,2025-11-19T15:35:24.129Z,2025-11-19T15:35:24.286Z
MSTR251219C00230000,MSTR251219C00230000,SELL,FILLED,1.0,1.0,@6.35,6.35,DAY,2025-11-19T15:35:03.006Z,2025-11-19T15:35:03.168Z
SNDK251219P00195000,SNDK251219P00195000,SELL,FILLED,1.0,1.0,@9.0,9.0,DAY,2025-11-19T15:14:27.689Z,2025-11-19T15:14:27.730Z
TSLA260116P00375000,TSLA260116P00375000,SELL,FILLED,1.0,1.0,@19.8,19.8,DAY,2025-11-19T14:53:20.991Z,2025-11-19T14:53:34.217Z
COST260320P00800000,COST260320P00800000,BUY,FILLED,1.0,1.0,@20.25,20.25,DAY,2025-11-19T14:50:48.013Z,2025-11-19T14:50:48.056Z
GOOG251219C00305000,GOOG251219C00305000,BUY,FILLED,1.0,1.0,@10.65,10.65,DAY,2025-11-19T14:44:09.177Z,2025-11-19T14:44:09.234Z
TSLA260116P00375000,TSLA260116P00375000,BUY,FILLED,1.0,1.0,@21.4,21.35,DAY,2025-11-18T20:58:25.197Z,2025-11-18T20:58:25.239Z
QQQ251119P00590000,QQQ251119P00590000,BUY,FILLED,1.0,1.0,@2.11,2.11,DAY,2025-11-18T20:57:51.605Z,2025-11-18T20:57:56.178Z
SNDK251219P00195000,SNDK251219P00195000,SELL,FILLED,1.0,1.0,@10.5,10.5,DAY,2025-11-18T20:01:25.947Z,2025-11-18T20:01:26.144Z
TSLA260116P00370000,TSLA260116P00370000,SELL,FILLED,1.0,1.0,@18.25,18.32,DAY,2025-11-18T20:01:17.517Z,2025-11-18T20:01:17.661Z
TLT251219P00088000,TLT251219P00088000,SELL,FILLED,5.0,5.0,@1.01,1.01,DAY,2025-11-18T19:29:06.323Z,2025-11-18T19:29:06.598Z
WMT251219P00095000,WMT251219P00095000,SELL,FILLED,5.0,5.0,@1.06,1.06,DAY,2025-11-18T19:29:01.290Z,2025-11-18T19:29:12.490Z
TSLA260116P00370000,TSLA260116P00370000,BUY,FILLED,1.0,1.0,@19.65,19.12,DAY,2025-11-18T19:28:41.856Z,2025-11-18T19:28:42.072Z
WMT251219P00095000,WMT251219P00095000,SELL,FILLED,5.0,5.0,@1.06,1.06,DAY,2025-11-18T19:25:12.870Z,2025-11-18T19:25:12.912Z
SNDK251219P00195000,SNDK251219P00195000,BUY,FILLED,1.0,1.0,@11.6,11.5,DAY,2025-11-18T19:24:08.452Z,2025-11-18T19:24:08.564Z
WMT251219P00095000,WMT251219P00095000,BUY,FILLED,10.0,10.0,@1.11,1.11,DAY,2025-11-18T19:07:49.078Z,2025-11-18T19:07:49.217Z
IREN251219C00070000,IREN251219C00070000,SELL,FILLED,5.0,5.0,@1.85,1.85,DAY,2025-11-18T19:00:47.981Z,2025-11-18T19:00:57.322Z
QQQ251119C00607000,QQQ251119C00607000,BUY,FILLED,1.0,1.0,@2.3,2.3,DAY,2025-11-18T18:41:56.157Z,2025-11-18T18:41:56.203Z
SNDK251219P00195000,SNDK251219P00195000,BUY,FILLED,1.0,1.0,@11.2,11.2,DAY,2025-11-18T18:30:40.939Z,2025-11-18T18:30:47.788Z
QQQ251118C00604000,QQQ251118C00604000,SELL,FILLED,10.0,10.0,@0.48,0.5,DAY,2025-11-18T18:17:41.357Z,2025-11-18T18:17:41.513Z
IREN251219C00070000,IREN251219C00070000,BUY,FILLED,5.0,5.0,@2.1,2.1,DAY,2025-11-18T18:15:51.877Z,2025-11-18T18:15:51.918Z
TLT251219P00088000,TLT251219P00088000,BUY,FILLED,5.0,5.0,@1.1,1.1,DAY,2025-11-18T18:06:31.555Z,2025-11-18T18:06:31.634Z
TSLA260116P00405000,TSLA260116P00405000,SELL,FILLED,1.0,1.0,@32.25,32.25,DAY,2025-11-18T17:49:05.412Z,2025-11-18T17:49:05.475Z
TSLA251219P00370000,TSLA251219P00370000,SELL,FILLED,1.0,1.0,@10.95,10.95,DAY,2025-11-18T17:45:31.172Z,2025-11-18T17:45:31.234Z
QQQ251118C00604000,QQQ251118C00604000,SELL,FILLED,10.0,10.0,@0.56,0.57,DAY,2025-11-18T17:43:15.643Z,2025-11-18T17:43:15.829Z
QQQ251118C00604000,QQQ251118C00604000,BUY,FILLED,20.0,20.0,@0.51,0.48,DAY,2025-11-18T17:42:51.473Z,2025-11-18T17:42:59.528Z
QQQ251119P00593000,QQQ251119P00593000,SELL,FILLED,1.0,1.0,@3.54,3.56,DAY,2025-11-18T17:39:29.937Z,2025-11-18T17:39:30.076Z
QQQ251119P00593000,QQQ251119P00593000,BUY,FILLED,1.0,1.0,@3.66,3.66,DAY,2025-11-18T17:17:03.171Z,2025-11-18T17:17:05.551Z
QQQ251119P00582000,QQQ251119P00582000,SELL,FILLED,2.0,2.0,@1.11,1.11,DAY,2025-11-18T17:16:50.437Z,2025-11-18T17:16:51.586Z
QQQ251119C00601000,QQQ251119C00601000,SELL,FILLED,1.0,1.0,@3.44,3.44,DAY,2025-11-18T17:09:45.242Z,2025-11-18T17:09:45.290Z
QQQ251119P00582000,QQQ251119P00582000,BUY,FILLED,2.0,2.0,@1.2,1.2,DAY,2025-11-18T17:06:37.136Z,2025-11-18T17:06:58.809Z
QQQ251119C00601000,QQQ251119C00601000,SELL,FILLED,1.0,1.0,@3.57,3.62,DAY,2025-11-18T16:50:24.485Z,2025-11-18T16:50:24.623Z
BABA260116C00165000,BABA260116C00165000,BUY,FILLED,1.0,1.0,@10.1,10.1,DAY,2025-11-18T16:45:47.580Z,2025-11-18T16:45:47.618Z
NVDA251121P00187500,NVDA251121P00187500,SELL,FILLED,1.0,1.0,@3.95,3.95,DAY,2025-11-18T16:33:25.290Z,2025-11-18T16:33:25.337Z
NVDA251121P00180000,NVDA251121P00180000,BUY,FILLED,1.0,1.0,@3.95,3.95,DAY,2025-11-18T16:33:25.290Z,2025-11-18T16:33:25.337Z
APLD260116P00016000,APLD260116P00016000,SELL,FILLED,5.0,5.0,@0.9,0.92,DAY,2025-11-18T16:33:15.926Z,2025-11-18T16:33:16.068Z
APLD260116P00011000,APLD260116P00011000,BUY,FILLED,5.0,5.0,@0.9,0.92,DAY,2025-11-18T16:33:15.926Z,2025-11-18T16:33:16.068Z
GLD260116C00382000,GLD260116C00382000,BUY,FILLED,1.0,1.0,@9.9,9.82,DAY,2025-11-18T16:14:31.759Z,2025-11-18T16:14:38.707Z
MU251219P00185000,MU251219P00185000,SELL,FILLED,3.0,3.0,@5.35,5.35,DAY,2025-11-18T16:12:13.011Z,2025-11-18T16:12:13.077Z
INTC251219P00030000,INTC251219P00030000,SELL,FILLED,15.0,15.0,@0.63,0.63,DAY,2025-11-18T16:12:05.752Z,2025-11-18T16:12:05.884Z
SNDK251121P00210000,SNDK251121P00210000,SELL,FILLED,1.0,1.0,@4.0,4.0,DAY,2025-11-18T16:09:52.807Z,2025-11-18T16:09:52.870Z
QQQ251118P00595000,QQQ251118P00595000,SELL,FILLED,1.0,1.0,@3.33,3.33,DAY,2025-11-18T16:09:16.388Z,2025-11-18T16:09:19.200Z
QQQ251119C00601000,QQQ251119C00601000,BUY,FILLED,2.0,2.0,@2.65,2.65,DAY,2025-11-18T16:08:53.971Z,2025-11-18T16:09:01.112Z
SNDK251121P00210000,SNDK251121P00210000,BUY,FILLED,1.0,1.0,@4.7,4.7,DAY,2025-11-18T15:54:47.319Z,2025-11-18T15:54:54.227Z
QQQ251118P00595000,QQQ251118P00595000,SELL,CANCELLED,0.0,1.0,,,DAY,2025-11-18T15:54:00.373Z,
QQQ251118P00594000,QQQ251118P00594000,SELL,FILLED,2.0,2.0,@2.97,3.02,DAY,2025-11-18T15:53:41.149Z,2025-11-18T15:53:41.344Z
MSTR251219C00230000,MSTR251219C00230000,BUY,FILLED,1.0,1.0,@10.7,10.7,DAY,2025-11-18T15:47:54.015Z,2025-11-18T15:47:54.103Z
QQQ251118P00594000,QQQ251118P00594000,BUY,FILLED,2.0,2.0,@2.31,2.31,DAY,2025-11-18T15:29:27.105Z,2025-11-18T15:29:27.433Z
TSLA251121P00395000,TSLA251121P00395000,SELL,FILLED,1.0,1.0,,9.0,DAY,2025-11-18T15:05:33.524Z,2025-11-18T15:07:10.063Z
QQQ251118P00595000,QQQ251118P00595000,SELL,FILLED,1.0,1.0,,3.5,DAY,2025-11-18T15:05:18.847Z,2025-11-18T15:06:06.777Z
QQQ251118P00594000,QQQ251118P00594000,SELL,FILLED,2.0,2.0,,3.36,DAY,2025-11-18T15:05:01.648Z,2025-11-18T15:05:49.712Z
MU251219P00185000,MU251219P00185000,BUY,FILLED,3.0,3.0,@5.1,5.05,DAY,2025-11-18T14:52:08.959Z,2025-11-18T14:52:09.015Z
QQQ251118P00594000,QQQ251118P00594000,BUY,FILLED,2.0,2.0,@1.66,1.66,DAY,2025-11-18T14:44:53.678Z,2025-11-18T14:45:00.133Z
BABA260116C00165000,BABA260116C00165000,SELL,FILLED,1.0,1.0,@10.1,10.1,DAY,2025-11-18T14:39:25.211Z,2025-11-18T14:39:25.272Z
NVDA251121P00187500,NVDA251121P00187500,SELL,CANCELLED,0.0,1.0,@3.88,,DAY,2025-11-18T14:38:53.036Z,
NVDA251121P00180000,NVDA251121P00180000,BUY,CANCELLED,0.0,1.0,@3.88,,DAY,2025-11-18T14:38:53.036Z,
KRE251219P00056000,KRE251219P00056000,SELL,FILLED,5.0,5.0,@1.12,1.13,DAY,2025-11-18T14:38:35.403Z,2025-11-18T14:38:42.523Z
INTC251219P00030000,INTC251219P00030000,SELL,FILLED,15.0,15.0,@0.57,0.57,DAY,2025-11-18T14:38:23.008Z,2025-11-18T14:38:23.086Z
TSLA251219P00370000,TSLA251219P00370000,SELL,FILLED,1.0,1.0,@10.7,10.8,DAY,2025-11-18T14:38:04.320Z,2025-11-18T14:38:04.365Z
VST260116P00165000,VST260116P00165000,SELL,FILLED,1.0,1.0,@9.3,9.35,DAY,2025-11-18T14:37:21.392Z,2025-11-18T14:37:33.012Z
QQQ251118P00595000,QQQ251118P00595000,BUY,FILLED,2.0,2.0,@1.28,1.28,DAY,2025-11-18T14:37:02.515Z,2025-11-18T14:37:05.927Z
QQQ251118P00595000,QQQ251118P00595000,SELL,FILLED,2.0,2.0,@1.18,1.23,DAY,2025-11-18T14:32:54.789Z,2025-11-18T14:32:54.846Z
KRE251219P00056000,KRE251219P00056000,BUY,FILLED,5.0,5.0,@1.44,1.34,DAY,2025-11-18T14:31:50.488Z,2025-11-18T14:31:57.896Z
INTC251219P00030000,INTC251219P00030000,BUY,FILLED,30.0,30.0,@0.6,0.59,DAY,2025-11-17T20:33:06.216Z,2025-11-17T20:33:06.520Z
QQQ251118P00595000,QQQ251118P00595000,BUY,FILLED,2.0,2.0,@2.16,2.15,DAY,2025-11-17T20:15:43.096Z,2025-11-17T20:15:57.285Z
GLD260116C00382000,GLD260116C00382000,SELL,FILLED,1.0,1.0,@8.3,8.44,DAY,2025-11-17T20:04:18.583Z,2025-11-17T20:04:18.824Z
TSLA251219P00370000,TSLA251219P00370000,BUY,FILLED,1.0,1.0,@10.7,10.7,DAY,2025-11-17T19:35:22.074Z,2025-11-17T19:35:22.154Z
TSLA251219P00370000,TSLA251219P00370000,BUY,FILLED,1.0,1.0,@10.5,10.5,DAY,2025-11-17T19:29:17.924Z,2025-11-17T19:29:17.968Z
TSLA251121P00395000,TSLA251121P00395000,BUY,FILLED,1.0,1.0,@5.5,5.4,DAY,2025-11-17T19:29:09.380Z,2025-11-17T19:29:09.489Z
MSTR251219C00225000,MSTR251219C00225000,SELL,FILLED,1.0,1.0,@7.15,7.15,DAY,2025-11-17T19:27:07.906Z,2025-11-17T19:27:07.975Z
IREN260116P00047000,IREN260116P00047000,SELL,FILLED,2.0,2.0,@8.15,8.15,DAY,2025-11-17T16:54:55.565Z,2025-11-17T16:54:55.623Z
APLD260116P00016000,APLD260116P00016000,SELL,FILLED,5.0,5.0,@0.82,0.82,DAY,2025-11-17T16:24:51.918Z,2025-11-17T17:06:01.202Z
APLD260116P00011000,APLD260116P00011000,BUY,FILLED,5.0,5.0,@0.82,0.82,DAY,2025-11-17T16:24:51.918Z,2025-11-17T17:06:01.202Z
IREN260116P00047000,IREN260116P00047000,SELL,CANCELLED,0.0,2.0,@8.2,,DAY,2025-11-17T14:51:57.136Z,
BABA260116C00165000,BABA260116C00165000,SELL,FILLED,1.0,1.0,@9.65,10.4,DAY,2025-11-17T14:46:17.303Z,2025-11-17T14:46:17.436Z
BABA260116C00165000,BABA260116C00165000,BUY,FILLED,2.0,2.0,@11.05,10.95,DAY,2025-11-17T14:41:36.280Z,2025-11-17T14:41:36.327Z
QQQ251117P00603000,QQQ251117P00603000,SELL,FILLED,2.0,2.0,@1.34,1.36,DAY,2025-11-17T14:34:04.172Z,2025-11-17T14:34:04.281Z
QQQ251117P00603000,QQQ251117P00603000,BUY,FILLED,2.0,2.0,@1.95,1.92,DAY,2025-11-14T20:48:22.741Z,2025-11-14T20:48:22.794Z
KRE260116P00058000,KRE260116P00058000,BUY,CANCELLED,0.0,4.0,@1.04,,DAY,2025-11-14T18:44:00.205Z,
KRE260116P00053000,KRE260116P00053000,SELL,CANCELLED,0.0,4.0,@1.04,,DAY,2025-11-14T18:44:00.205Z,
KRE260116P00051000,KRE260116P00051000,BUY,FILLED,40.0,40.0,@0.1,0.1,DAY,2025-11-14T18:41:28.255Z,2025-11-14T18:41:28.314Z
KRE260116P00050000,KRE260116P00050000,SELL,FILLED,40.0,40.0,@0.1,0.1,DAY,2025-11-14T18:41:28.255Z,2025-11-14T18:41:28.314Z
APLD260116P00016000,APLD260116P00016000,BUY,FILLED,1.0,1.0,@0.82,0.82,DAY,2025-11-14T18:36:34.344Z,2025-11-14T18:36:34.391Z
APLD260116P00011000,APLD260116P00011000,SELL,FILLED,1.0,1.0,@0.82,0.82,DAY,2025-11-14T18:36:34.344Z,2025-11-14T18:36:34.391Z
APLD260116P00016000,APLD260116P00016000,BUY,FILLED,6.0,6.0,@0.82,0.82,DAY,2025-11-14T18:36:26.173Z,2025-11-14T18:36:26.312Z
APLD260116P00011000,APLD260116P00011000,SELL,FILLED,6.0,6.0,@0.82,0.82,DAY,2025-11-14T18:36:26.173Z,2025-11-14T18:36:26.312Z
QQQ251117P00605000,QQQ251117P00605000,SELL,FILLED,2.0,2.0,@2.32,2.34,DAY,2025-11-14T18:34:09.913Z,2025-11-14T18:34:09.980Z
APLD260116P00024000,APLD260116P00024000,BUY,CANCELLED,0.0,3.0,@4.0,,DAY,2025-11-14T18:30:29.016Z,
APLD260116P00016000,APLD260116P00016000,BUY,FILLED,3.0,3.0,@0.82,0.8,DAY,2025-11-14T18:30:02.655Z,2025-11-14T18:30:02.800Z
APLD260116P00011000,APLD260116P00011000,SELL,FILLED,3.0,3.0,@0.82,0.8,DAY,2025-11-14T18:30:02.655Z,2025-11-14T18:30:02.800Z
NVDA251121P00187500,NVDA251121P00187500,BUY,FILLED,2.0,2.0,@2.88,2.88,DAY,2025-11-14T18:00:56.439Z,2025-11-14T18:01:06.262Z
NVDA251121P00180000,NVDA251121P00180000,SELL,FILLED,2.0,2.0,@2.88,2.88,DAY,2025-11-14T18:00:56.439Z,2025-11-14T18:01:06.262Z
IREN260116P00047000,IREN260116P00047000,BUY,FILLED,2.0,2.0,@8.7,8.57,DAY,2025-11-14T17:58:39.394Z,2025-11-14T17:58:39.560Z
MSFT260116P00500000,MSFT260116P00500000,BUY,FILLED,1.0,1.0,@14.15,14.1,DAY,2025-11-14T17:57:30.859Z,2025-11-14T17:57:30.994Z
QQQ251117P00605000,QQQ251117P00605000,BUY,FILLED,2.0,2.0,@2.12,2.11,DAY,2025-11-14T17:56:51.094Z,2025-11-14T17:56:51.232Z
QQQ251114C00616000,QQQ251114C00616000,SELL,FILLED,5.0,5.0,@0.34,0.34,DAY,2025-11-14T16:46:04.743Z,2025-11-14T16:46:09.850Z
QQQ251114C00606000,QQQ251114C00606000,SELL,FILLED,2.0,2.0,,4.46,DAY,2025-11-14T15:51:44.739Z,2025-11-14T15:55:47.676Z
QQQ251114C00611000,QQQ251114C00611000,SELL,FILLED,5.0,5.0,,1.75,DAY,2025-11-14T15:50:33.655Z,2025-11-14T15:53:29.268Z
QQQ251114C00611000,QQQ251114C00611000,BUY,FILLED,5.0,5.0,@2.03,2.01,DAY,2025-11-14T15:49:53.816Z,2025-11-14T15:49:53.976Z
QQQ251128P00588000,QQQ251128P00588000,SELL,FILLED,1.0,1.0,@4.89,4.89,DAY,2025-11-14T15:40:20.974Z,2025-11-14T15:40:21.143Z
COIN260116P00250000,COIN260116P00250000,SELL,FILLED,1.0,1.0,@14.95,14.95,DAY,2025-11-14T15:39:59.804Z,2025-11-14T15:39:59.900Z
KRE251219P00060000,KRE251219P00060000,SELL,FILLED,3.0,3.0,@2.02,2.02,DAY,2025-11-14T15:28:12.111Z,2025-11-14T16:09:05.290Z
KRE251219P00060000,KRE251219P00060000,BUY,FILLED,3.0,3.0,@2.19,2.19,DAY,2025-11-14T15:22:00.197Z,2025-11-14T15:22:00.242Z
VST260116P00165000,VST260116P00165000,BUY,FILLED,1.0,1.0,@10.65,10.65,DAY,2025-11-14T15:19:25.149Z,2025-11-14T15:19:25.213Z
QQQ251128P00588000,QQQ251128P00588000,SELL,FILLED,1.0,1.0,@5.96,6.01,DAY,2025-11-14T15:17:11.382Z,2025-11-14T15:17:11.614Z
QQQ251128P00588000,QQQ251128P00588000,BUY,FILLED,2.0,2.0,@6.76,6.7,DAY,2025-11-14T15:13:02.881Z,2025-11-14T15:13:03.015Z
QQQ251128C00616000,QQQ251128C00616000,SELL,FILLED,2.0,2.0,@6.66,6.66,DAY,2025-11-14T15:11:35.745Z,2025-11-14T15:11:35.823Z
QQQ251128C00616000,QQQ251128C00616000,BUY,FILLED,2.0,2.0,@6.86,6.83,DAY,2025-11-14T15:11:08.869Z,2025-11-14T15:11:09.020Z
MSTR251219C00225000,MSTR251219C00225000,BUY,FILLED,1.0,1.0,@10.25,10.25,DAY,2025-11-14T15:10:32.306Z,2025-11-14T15:10:32.556Z
QQQ251126P00600000,QQQ251126P00600000,SELL,FILLED,1.0,1.0,@9.09,9.16,DAY,2025-11-14T14:54:21.368Z,2025-11-14T14:54:21.612Z
INTC251121P00033000,INTC251121P00033000,SELL,FILLED,12.0,12.0,@0.35,0.36,DAY,2025-11-14T14:48:18.360Z,2025-11-14T14:48:27.886Z
QQQ251114C00616000,QQQ251114C00616000,SELL,FILLED,15.0,15.0,@0.1,0.1,DAY,2025-11-14T14:47:54.060Z,2025-11-14T14:48:08.954Z
QQQ251114C00606000,QQQ251114C00606000,BUY,FILLED,2.0,2.0,@1.98,1.91,DAY,2025-11-14T14:47:43.290Z,2025-11-14T14:48:02.324Z
TSLA260116P00345000,TSLA260116P00345000,SELL,FILLED,1.0,1.0,@14.7,14.77,DAY,2025-11-14T14:38:46.714Z,2025-11-14T14:39:05.286Z
IREN251219P00045000,IREN251219P00045000,SELL,FILLED,4.0,4.0,@5.95,5.95,DAY,2025-11-14T14:38:27.462Z,2025-11-14T14:38:27.501Z
COIN260116P00250000,COIN260116P00250000,SELL,FILLED,1.0,1.0,@16.9,16.9,DAY,2025-11-14T14:38:19.638Z,2025-11-14T14:38:19.687Z
QQQ251126P00600000,QQQ251126P00600000,SELL,FILLED,1.0,1.0,@11.21,11.23,DAY,2025-11-14T14:37:08.654Z,2025-11-14T14:37:08.744Z
QQQ251114P00591000,QQQ251114P00591000,SELL,FILLED,2.0,2.0,@0.62,0.62,DAY,2025-11-14T14:37:00.643Z,2025-11-14T14:37:20.070Z
COIN251121P00272500,COIN251121P00272500,SELL,FILLED,1.0,1.0,@10.5,10.5,DAY,2025-11-14T14:36:39.754Z,2025-11-14T14:36:39.797Z
OKLO251121P00096000,OKLO251121P00096000,SELL,FILLED,1.0,1.0,@5.65,5.65,DAY,2025-11-14T14:36:09.055Z,2025-11-14T14:36:25.334Z
INTC251121P00033000,INTC251121P00033000,SELL,FILLED,13.0,13.0,@0.4,0.4,DAY,2025-11-14T14:36:01.965Z,2025-11-14T14:36:02.008Z
QQQ251114P00591000,QQQ251114P00591000,BUY,FILLED,2.0,2.0,@1.3,1.28,DAY,2025-11-14T14:32:32.821Z,2025-11-14T14:32:32.961Z
QQQ251114C00616000,QQQ251114C00616000,BUY,FILLED,15.0,15.0,@0.08,0.08,DAY,2025-11-14T14:31:06.191Z,2025-11-14T14:31:06.412Z
QQQ251114C00616000,QQQ251114C00616000,BUY,FILLED,5.0,5.0,@1.16,1.15,DAY,2025-11-13T20:42:36.862Z,2025-11-13T20:42:37.007Z
QQQ251114P00603000,QQQ251114P00603000,SELL,FILLED,2.0,2.0,@1.85,1.85,DAY,2025-11-13T19:37:24.918Z,2025-11-13T19:37:25.653Z
QQQ251114P00603000,QQQ251114P00603000,BUY,FILLED,2.0,2.0,@2.55,2.55,DAY,2025-11-13T18:31:43.880Z,2025-11-13T18:31:44.189Z
COIN251121P00272500,COIN251121P00272500,BUY,FILLED,1.0,1.0,@5.05,5.05,DAY,2025-11-13T17:30:48.629Z,2025-11-13T17:30:55.069Z
TSLA251121P00410000,TSLA251121P00410000,SELL,FILLED,1.0,1.0,@16.45,16.45,DAY,2025-11-13T17:27:26.659Z,2025-11-13T17:27:27.468Z
SNDK251114P00252500,SNDK251114P00252500,SELL,FILLED,1.0,1.0,@8.8,9.35,DAY,2025-11-13T17:26:55.807Z,2025-11-13T17:27:10.544Z
OKLO251121P00096000,OKLO251121P00096000,BUY,FILLED,1.0,1.0,@4.1,4.1,DAY,2025-11-13T17:25:53.952Z,2025-11-13T17:25:54.005Z
TSLA260116P00345000,TSLA260116P00345000,SELL,CANCELLED,0.0,1.0,@12.05,,DAY,2025-11-13T16:40:56.220Z,
SNDK251114P00252500,SNDK251114P00252500,SELL,CANCELLED,0.0,1.0,,,DAY,2025-11-13T16:40:29.991Z,
TSLA260116P00345000,TSLA260116P00345000,SELL,FILLED,1.0,1.0,@11.6,11.65,DAY,2025-11-13T16:36:52.226Z,2025-11-13T16:36:52.431Z
TSLA260116P00405000,TSLA260116P00405000,BUY,FILLED,1.0,1.0,@34.1,34.1,DAY,2025-11-13T16:36:45.778Z,2025-11-13T16:36:45.855Z
TSLA251121P00410000,TSLA251121P00410000,SELL,FILLED,1.0,1.0,@14.7,14.81,DAY,2025-11-13T16:36:16.698Z,2025-11-13T16:36:16.862Z
BABA260116C00160000,BABA260116C00160000,SELL,FILLED,1.0,1.0,@12.45,12.45,DAY,2025-11-13T16:28:45.528Z,2025-11-13T16:28:45.573Z
INTC251121P00033000,INTC251121P00033000,BUY,FILLED,25.0,25.0,@0.21,0.21,DAY,2025-11-13T16:21:42.868Z,2025-11-13T16:21:42.905Z
COIN260116P00250000,COIN260116P00250000,BUY,FILLED,2.0,2.0,@10.8,10.8,DAY,2025-11-13T15:45:16.328Z,2025-11-13T15:45:16.469Z
AMD260116P00210000,AMD260116P00210000,SELL,FILLED,2.0,2.0,@5.55,5.6,DAY,2025-11-13T15:45:01.671Z,2025-11-13T15:45:01.733Z
AMD260116P00210000,AMD260116P00210000,SELL,FILLED,2.0,2.0,@5.65,5.65,DAY,2025-11-13T15:35:02.827Z,2025-11-13T15:35:02.968Z
TSLA260116P00345000,TSLA260116P00345000,BUY,FILLED,1.0,1.0,@11.0,11.0,DAY,2025-11-13T15:34:52.288Z,2025-11-13T15:34:52.329Z
TSLA260116P00345000,TSLA260116P00345000,BUY,FILLED,1.0,1.0,@10.65,10.55,DAY,2025-11-13T15:29:55.214Z,2025-11-13T15:29:55.260Z
HL260116C00016000,HL260116C00016000,SELL,FILLED,10.0,10.0,@1.42,1.42,DAY,2025-11-13T15:28:46.916Z,2025-11-13T15:28:56.624Z
MU251219P00185000,MU251219P00185000,SELL,FILLED,6.0,6.0,@3.1,3.1,DAY,2025-11-13T15:28:24.333Z,2025-11-13T15:28:24.879Z
IREN251219P00045000,IREN251219P00045000,BUY,FILLED,1.0,1.0,@4.7,4.7,DAY,2025-11-13T15:28:18.723Z,2025-11-13T15:28:18.762Z
IREN251219P00045000,IREN251219P00045000,BUY,FILLED,3.0,3.0,@4.7,4.7,DAY,2025-11-13T15:28:03.100Z,2025-11-13T15:28:03.152Z
QQQ251126P00600000,QQQ251126P00600000,BUY,FILLED,2.0,2.0,@5.12,5.05,DAY,2025-11-13T15:03:34.522Z,2025-11-13T15:03:34.720Z
GLD260116C00384000,GLD260116C00384000,SELL,FILLED,1.0,1.0,@16.95,16.95,DAY,2025-11-13T14:57:38.591Z,2025-11-13T14:57:45.904Z
QQQ251113P00616000,QQQ251113P00616000,SELL,FILLED,1.0,1.0,@3.48,3.49,DAY,2025-11-13T14:48:53.575Z,2025-11-13T14:48:53.715Z
MSFT260116P00500000,MSFT260116P00500000,BUY,FILLED,1.0,1.0,@14.25,14.25,DAY,2025-11-13T14:41:00.853Z,2025-11-13T14:41:00.944Z
SNDK251114P00252500,SNDK251114P00252500,BUY,FILLED,1.0,1.0,@4.3,4.3,DAY,2025-11-13T14:33:21.088Z,2025-11-13T14:33:21.216Z
EOSE260116C00025000,EOSE260116C00025000,SELL,FILLED,5.0,5.0,@1.08,1.12,DAY,2025-11-12T17:18:49.966Z,2025-11-12T17:18:50.228Z
QQQ251113P00616000,QQQ251113P00616000,BUY,FILLED,1.0,1.0,@2.16,2.15,DAY,2025-11-12T16:22:08.421Z,2025-11-12T16:22:08.478Z
GLD260116C00384000,GLD260116C00384000,BUY,FILLED,1.0,1.0,@15.7,15.65,DAY,2025-11-12T15:37:08.338Z,2025-11-12T15:37:08.384Z
MSFT260116P00500000,MSFT260116P00500000,BUY,FILLED,1.0,1.0,@14.7,14.7,DAY,2025-11-12T15:16:19.083Z,2025-11-12T15:16:19.178Z
BABA260116C00160000,BABA260116C00160000,BUY,FILLED,1.0,1.0,@11.1,10.98,DAY,2025-11-12T15:00:22.870Z,2025-11-12T15:00:23.011Z
GLD260116C00382000,GLD260116C00382000,BUY,FILLED,1.0,1.0,@13.95,13.87,DAY,2025-11-12T14:44:37.173Z,2025-11-12T14:44:37.355Z
MSFT260116P00500000,MSFT260116P00500000,SELL,FILLED,1.0,1.0,@13.55,13.69,DAY,2025-11-12T14:44:17.023Z,2025-11-12T14:44:17.226Z
ASTS251121P00055000,ASTS251121P00055000,SELL,FILLED,10.0,10.0,@0.41,0.42,DAY,2025-11-12T14:44:06.889Z,2025-11-12T14:44:07.130Z
QQQ251112C00622000,QQQ251112C00622000,SELL,FILLED,2.0,2.0,@1.56,1.56,DAY,2025-11-11T17:24:15.823Z,2025-11-11T17:24:15.871Z
QQQ251112C00622000,QQQ251112C00622000,BUY,FILLED,2.0,2.0,@1.53,1.51,DAY,2025-11-11T17:21:30.135Z,2025-11-11T17:21:30.187Z
QQQ251112C00621000,QQQ251112C00621000,SELL,FILLED,2.0,2.0,@1.4,1.4,DAY,2025-11-11T16:58:43.211Z,2025-11-11T16:58:43.291Z
QQQ251112C00621000,QQQ251112C00621000,BUY,FILLED,2.0,2.0,@1.51,1.51,DAY,2025-11-11T16:51:14.209Z,2025-11-11T16:51:14.605Z
QQQ251112P00614000,QQQ251112P00614000,SELL,FILLED,2.0,2.0,@1.2,1.21,DAY,2025-11-11T16:38:54.702Z,2025-11-11T16:39:03.139Z
QQQ251112P00614000,QQQ251112P00614000,BUY,FILLED,2.0,2.0,@1.27,1.26,DAY,2025-11-11T16:30:00.460Z,2025-11-11T16:30:00.660Z
CRWV251121P00085000,CRWV251121P00085000,SELL,FILLED,1.0,1.0,@2.91,2.91,DAY,2025-11-11T15:51:35.821Z,2025-11-11T15:51:35.935Z
MSFT260116P00500000,MSFT260116P00500000,BUY,FILLED,1.0,1.0,@15.5,15.47,DAY,2025-11-11T15:51:24.445Z,2025-11-11T15:51:24.742Z
PLUG251114C00003000,PLUG251114C00003000,SELL,FILLED,10.0,10.0,@0.02,0.02,DAY,2025-11-11T15:50:34.399Z,2025-11-11T15:50:34.433Z
BIDU260116C00135000,BIDU260116C00135000,SELL,FILLED,1.0,1.0,@10.55,10.55,DAY,2025-11-11T15:50:28.946Z,2025-11-11T15:50:53.384Z
QQQ251111P00600000,QQQ251111P00600000,BUY,FILLED,10.0,10.0,@0.07,0.07,DAY,2025-11-10T20:57:53.273Z,2025-11-10T20:57:53.323Z
CRWV251121P00085000,CRWV251121P00085000,BUY,FILLED,1.0,1.0,@2.22,2.22,DAY,2025-11-10T20:22:57.399Z,2025-11-10T20:22:57.589Z
EOSE260116C00025000,EOSE260116C00025000,BUY,FILLED,5.0,5.0,@2.5,2.48,DAY,2025-11-10T20:13:37.496Z,2025-11-10T20:13:37.531Z
XYZ251219P00070000,XYZ251219P00070000,SELL,FILLED,2.0,2.0,@5.85,5.93,DAY,2025-11-10T20:11:37.229Z,2025-11-10T20:11:37.507Z
PLUG251114C00003000,PLUG251114C00003000,BUY,FILLED,10.0,10.0,@0.11,0.11,DAY,2025-11-10T20:04:04.940Z,2025-11-10T20:04:05.033Z
BIDU260116C00135000,BIDU260116C00135000,SELL,FILLED,1.0,1.0,@10.65,10.65,DAY,2025-11-10T19:34:35.240Z,2025-11-10T19:34:36.774Z
BIDU260116C00135000,BIDU260116C00135000,BUY,FILLED,2.0,2.0,@10.85,10.85,DAY,2025-11-10T19:27:00.638Z,2025-11-10T19:27:00.673Z
QQQ251111P00600000,QQQ251111P00600000,BUY,FILLED,10.0,10.0,@0.24,0.23,DAY,2025-11-10T16:02:33.111Z,2025-11-10T16:02:44.481Z
QQQ251111P00600000,QQQ251111P00600000,BUY,FILLED,10.0,10.0,@0.13,0.13,DAY,2025-11-10T15:40:56.456Z,2025-11-10T15:40:56.502Z
QQQ251110C00612000,QQQ251110C00612000,SELL,FILLED,1.0,1.0,@9.64,9.64,DAY,2025-11-10T15:31:11.972Z,2025-11-10T15:31:12.065Z
GLD260116C00382000,GLD260116C00382000,BUY,FILLED,2.0,2.0,@11.55,11.55,DAY,2025-11-10T15:09:44.925Z,2025-11-10T15:09:45.077Z
HL260116C00016000,HL260116C00016000,BUY,FILLED,10.0,10.0,@1.5,1.47,DAY,2025-11-10T15:09:26.496Z,2025-11-10T15:09:26.686Z
QQQ251110C00612000,QQQ251110C00612000,SELL,FILLED,1.0,1.0,@9.28,9.28,DAY,2025-11-10T14:49:17.920Z,2025-11-10T14:49:18.068Z
QQQ251110C00612000,QQQ251110C00612000,SELL,FILLED,1.0,1.0,@8.05,8.05,DAY,2025-11-10T14:31:28.611Z,2025-11-10T14:31:30.053Z
MU251219P00185000,MU251219P00185000,BUY,FILLED,3.0,3.0,@4.9,4.9,DAY,2025-11-07T20:58:26.325Z,2025-11-07T20:58:26.363Z
QQQ251110C00612000,QQQ251110C00612000,BUY,FILLED,3.0,3.0,@1.89,1.88,DAY,2025-11-07T19:42:25.301Z,2025-11-07T19:42:25.451Z
QQQ251110C00609000,QQQ251110C00609000,SELL,FILLED,3.0,3.0,@1.87,1.87,DAY,2025-11-07T19:14:21.000Z,2025-11-07T19:14:36.863Z
QQQ251110C00609000,QQQ251110C00609000,BUY,FILLED,3.0,3.0,@1.88,1.88,DAY,2025-11-07T19:03:42.773Z,2025-11-07T19:03:42.816Z
QQQ251107P00601000,QQQ251107P00601000,SELL,FILLED,1.0,1.0,@2.11,2.11,DAY,2025-11-07T16:45:53.860Z,2025-11-07T16:45:56.941Z
MU251107P00222500,MU251107P00222500,BUY,FILLED,3.0,3.0,@0.74,0.74,DAY,2025-11-07T16:15:56.190Z,2025-11-07T16:15:56.235Z
GTLB251107C00055000,GTLB251107C00055000,SELL,CANCELLED,0.0,40.0,@0.05,,DAY,2025-11-07T16:01:05.559Z,
QQQ251107P00601000,QQQ251107P00601000,SELL,FILLED,2.0,2.0,@1.77,1.82,DAY,2025-11-07T16:00:52.731Z,2025-11-07T16:00:52.769Z
MU251219P00185000,MU251219P00185000,BUY,FILLED,1.0,1.0,@5.75,5.75,DAY,2025-11-07T16:00:23.044Z,2025-11-07T16:00:23.087Z
QQQ251107P00601000,QQQ251107P00601000,BUY,FILLED,3.0,3.0,@2.06,2.02,DAY,2025-11-07T15:59:22.320Z,2025-11-07T15:59:22.593Z
QQQ251107P00601000,QQQ251107P00601000,SELL,FILLED,3.0,3.0,@1.6,1.62,DAY,2025-11-07T15:51:28.874Z,2025-11-07T15:51:28.916Z
MU251219P00185000,MU251219P00185000,BUY,FILLED,2.0,2.0,@5.45,5.45,DAY,2025-11-07T15:35:22.917Z,2025-11-07T15:35:22.962Z
QQQ251107P00601000,QQQ251107P00601000,BUY,FILLED,3.0,3.0,@1.39,1.38,DAY,2025-11-07T15:34:51.073Z,2025-11-07T15:35:03.170Z
XYZ251121P00071000,XYZ251121P00071000,SELL,FILLED,2.0,2.0,@8.5,8.5,DAY,2025-11-07T14:49:56.968Z,2025-11-07T14:49:57.013Z
TSLA251121P00410000,TSLA251121P00410000,SELL,FILLED,1.0,1.0,@12.5,12.52,DAY,2025-11-07T14:46:53.540Z,2025-11-07T14:46:53.787Z
XYZ251121P00071000,XYZ251121P00071000,SELL,FILLED,2.0,2.0,@8.5,8.5,DAY,2025-11-07T14:37:46.239Z,2025-11-07T14:37:55.933Z
AMD260116P00210000,AMD260116P00210000,BUY,FILLED,4.0,4.0,@12.8,12.8,DAY,2025-11-07T14:37:16.545Z,2025-11-07T14:37:18.389Z
XYZ251114P00067000,XYZ251114P00067000,SELL,FILLED,1.0,1.0,@4.6,4.6,DAY,2025-11-07T14:30:56.443Z,2025-11-07T14:30:58.951Z
XYZ251121P00071000,XYZ251121P00071000,BUY,FILLED,4.0,4.0,@4.9,4.75,DAY,2025-11-06T20:50:18.993Z,2025-11-06T20:50:19.122Z
XYZ251121P00068000,XYZ251121P00068000,SELL,FILLED,3.0,3.0,@3.3,3.3,DAY,2025-11-06T20:49:54.884Z,2025-11-06T20:49:54.929Z
XYZ251121P00068000,XYZ251121P00068000,BUY,FILLED,3.0,3.0,@3.5,3.33,DAY,2025-11-06T20:49:05.854Z,2025-11-06T20:49:06.033Z
XYZ251219P00070000,XYZ251219P00070000,BUY,FILLED,2.0,2.0,@5.5,5.5,DAY,2025-11-06T20:44:33.385Z,2025-11-06T20:44:33.425Z
XYZ251114P00067000,XYZ251114P00067000,BUY,FILLED,1.0,1.0,@2.67,2.67,DAY,2025-11-06T20:33:02.699Z,2025-11-06T20:33:02.739Z
UVXY251107C00013000,UVXY251107C00013000,BUY,FILLED,50.0,50.0,@0.09,0.09,DAY,2025-11-06T17:27:36.032Z,2025-11-06T17:27:36.069Z
TSLA251121P00410000,TSLA251121P00410000,BUY,FILLED,1.0,1.0,@12.1,12.1,DAY,2025-11-06T16:40:43.467Z,2025-11-06T16:40:44.146Z
QQQ251106P00608000,QQQ251106P00608000,BUY,FILLED,1.0,1.0,@0.85,0.84,DAY,2025-11-06T16:39:31.154Z,2025-11-06T16:39:31.385Z
TSLA251121P00410000,TSLA251121P00410000,BUY,FILLED,2.0,2.0,@11.4,11.4,DAY,2025-11-06T16:26:04.457Z,2025-11-06T16:26:04.493Z
ASTS251121P00055000,ASTS251121P00055000,BUY,FILLED,10.0,10.0,@1.9,1.9,DAY,2025-11-06T16:18:36.802Z,2025-11-06T16:18:36.957Z
QQQ251106P00612000,QQQ251106P00612000,SELL,FILLED,2.0,2.0,@1.25,1.28,DAY,2025-11-06T16:06:49.358Z,2025-11-06T16:06:49.574Z
QQQ251106P00612000,QQQ251106P00612000,SELL,FILLED,3.0,3.0,@1.72,1.75,DAY,2025-11-06T16:00:16.069Z,2025-11-06T16:00:16.204Z
GTLB251121C00055000,GTLB251121C00055000,SELL,FILLED,15.0,15.0,@0.15,0.15,DAY,2025-11-06T15:58:50.966Z,2025-11-06T15:58:51.002Z
DASH251107P00192500,DASH251107P00192500,SELL,FILLED,2.0,2.0,@1.27,1.27,DAY,2025-11-06T15:09:06.094Z,2025-11-06T15:09:06.208Z
TE251219C00005000,TE251219C00005000,SELL,FILLED,10.0,10.0,@0.4,0.45,DAY,2025-11-06T15:08:23.413Z,2025-11-06T15:09:15.933Z
EOSE251219C00019000,EOSE251219C00019000,SELL,FILLED,10.0,10.0,@1.2,1.2,DAY,2025-11-06T15:08:16.838Z,2025-11-06T15:08:46.501Z
XPEV251219C00024000,XPEV251219C00024000,SELL,FILLED,2.0,2.0,@1.93,1.93,DAY,2025-11-06T15:03:48.472Z,2025-11-06T15:03:57.104Z
QQQ251106P00612000,QQQ251106P00612000,BUY,FILLED,5.0,5.0,@0.92,0.92,DAY,2025-11-06T15:03:41.529Z,2025-11-06T15:03:41.727Z
DASH251107P00192500,DASH251107P00192500,BUY,FILLED,2.0,2.0,@1.45,1.45,DAY,2025-11-06T14:54:34.236Z,2025-11-06T14:54:42.686Z
QQQ251106P00621000,QQQ251106P00621000,SELL,FILLED,4.0,4.0,@1.91,1.96,DAY,2025-11-06T14:49:35.904Z,2025-11-06T14:49:35.944Z
EOSE251219C00019000,EOSE251219C00019000,SELL,CANCELLED,0.0,5.0,@1.28,,DAY,2025-11-06T14:43:16.613Z,
XPEV251219C00024000,XPEV251219C00024000,BUY,FILLED,2.0,2.0,@2.4,2.4,DAY,2025-11-06T14:39:17.339Z,2025-11-06T14:39:17.390Z
GTLB251107C00055000,GTLB251107C00055000,BUY,FILLED,30.0,30.0,@0.1,0.1,DAY,2025-11-06T14:31:05.328Z,2025-11-06T14:31:26.517Z
QQQ251106P00621000,QQQ251106P00621000,BUY,FILLED,4.0,4.0,@1.6,1.6,DAY,2025-11-05T20:58:19.640Z,2025-11-05T20:58:27.667Z
FSLR251219C00310000,FSLR251219C00310000,SELL,FILLED,2.0,2.0,@9.45,9.76,DAY,2025-11-05T20:58:05.855Z,2025-11-05T20:58:45.403Z
EOSE251219C00019000,EOSE251219C00019000,BUY,FILLED,10.0,10.0,@1.5,1.35,DAY,2025-11-05T20:32:47.313Z,2025-11-05T20:32:47.483Z
TE251219C00005000,TE251219C00005000,BUY,FILLED,10.0,10.0,@0.7,0.7,DAY,2025-11-05T20:27:01.308Z,2025-11-05T20:27:01.345Z
NXPI251219P00200000,NXPI251219P00200000,SELL,FILLED,1.0,1.0,@6.3,6.4,DAY,2025-11-05T19:26:22.394Z,2025-11-05T19:26:30.639Z
FSLR251219C00310000,FSLR251219C00310000,BUY,FILLED,2.0,2.0,@11.55,11.55,DAY,2025-11-05T19:26:10.187Z,2025-11-05T19:26:10.265Z
QQQ251106P00622000,QQQ251106P00622000,SELL,FILLED,2.0,2.0,@1.02,1.02,DAY,2025-11-05T19:20:58.104Z,2025-11-05T19:21:02.294Z
QQQ251106P00622000,QQQ251106P00622000,BUY,FILLED,2.0,2.0,@1.15,1.15,DAY,2025-11-05T19:03:45.834Z,2025-11-05T19:03:46.000Z
FSLR251121C00300000,FSLR251121C00300000,SELL,FILLED,1.0,1.0,@5.6,5.6,DAY,2025-11-05T19:03:17.087Z,2025-11-05T19:03:25.428Z
QQQ251105C00625000,QQQ251105C00625000,SELL,FILLED,10.0,10.0,@0.6,0.6,DAY,2025-11-05T19:02:58.914Z,2025-11-05T19:02:59.079Z
QQQ251105C00626000,QQQ251105C00626000,BUY,FILLED,10.0,10.0,@0.6,0.6,DAY,2025-11-05T19:02:58.914Z,2025-11-05T19:02:59.079Z
FSLR251121C00300000,FSLR251121C00300000,BUY,FILLED,1.0,1.0,@6.05,5.69,DAY,2025-11-05T19:00:08.169Z,2025-11-05T19:00:08.325Z
QQQ251105C00625000,QQQ251105C00625000,SELL,FILLED,10.0,10.0,@0.46,0.46,DAY,2025-11-05T18:01:20.495Z,2025-11-05T18:01:25.126Z
QQQ251105C00626000,QQQ251105C00626000,BUY,FILLED,10.0,10.0,@0.46,0.46,DAY,2025-11-05T18:01:20.495Z,2025-11-05T18:01:25.126Z
PLTR251121P00172500,PLTR251121P00172500,SELL,FILLED,2.0,2.0,@3.55,3.55,DAY,2025-11-05T17:18:56.527Z,2025-11-05T17:18:56.573Z
PLTR251121P00172500,PLTR251121P00172500,BUY,FILLED,2.0,2.0,@4.05,3.96,DAY,2025-11-05T16:54:43.900Z,2025-11-05T16:54:44.216Z
RBLX251121P00105000,RBLX251121P00105000,SELL,FILLED,2.0,2.0,@3.9,3.9,DAY,2025-11-05T16:32:58.643Z,2025-11-05T16:33:15.791Z
RBLX251121P00095000,RBLX251121P00095000,BUY,FILLED,2.0,2.0,@3.9,3.9,DAY,2025-11-05T16:32:58.643Z,2025-11-05T16:33:15.791Z
JKS251121C00030000,JKS251121C00030000,SELL,FILLED,5.0,5.0,@1.0,1.0,DAY,2025-11-05T16:20:21.365Z,2025-11-05T16:20:38.310Z
NXPI251219P00200000,NXPI251219P00200000,SELL,FILLED,1.0,1.0,@8.3,8.3,DAY,2025-11-05T15:34:08.799Z,2025-11-05T15:34:08.925Z
JKS251121C00030000,JKS251121C00030000,BUY,FILLED,5.0,5.0,@0.95,0.95,DAY,2025-11-05T15:32:16.677Z,2025-11-05T15:32:26.637Z
PLTR251219P00165000,PLTR251219P00165000,SELL,FILLED,2.0,2.0,@6.35,6.35,DAY,2025-11-05T15:15:55.984Z,2025-11-05T15:16:10.699Z
PLTR251121P00170000,PLTR251121P00170000,SELL,FILLED,2.0,2.0,@3.7,3.7,DAY,2025-11-05T15:15:51.190Z,2025-11-05T15:15:51.392Z
NXPI251219P00200000,NXPI251219P00200000,BUY,FILLED,2.0,2.0,@8.1,8.1,DAY,2025-11-05T15:11:22.183Z,2025-11-05T15:11:22.238Z
NXPI251219P00200000,NXPI251219P00200000,SELL,FILLED,3.0,3.0,@8.0,8.05,DAY,2025-11-05T15:10:51.255Z,2025-11-05T15:10:51.475Z
MSTR251219P00240000,MSTR251219P00240000,SELL,FILLED,1.0,1.0,@19.2,19.2,DAY,2025-11-05T15:10:13.340Z,2025-11-05T15:10:17.758Z
CVNA251121P00260000,CVNA251121P00260000,SELL,FILLED,2.0,2.0,@2.47,2.48,DAY,2025-11-05T15:10:00.341Z,2025-11-05T15:10:00.384Z
CVNA251121P00260000,CVNA251121P00260000,SELL,FILLED,2.0,2.0,@2.47,2.47,DAY,2025-11-05T15:09:56.039Z,2025-11-05T15:09:56.092Z
NXPI251219P00200000,NXPI251219P00200000,SELL,CANCELLED,0.0,2.0,@8.1,,DAY,2025-11-05T15:09:49.251Z,
PLTR251121P00170000,PLTR251121P00170000,BUY,FILLED,2.0,2.0,@4.25,4.2,DAY,2025-11-05T15:00:19.552Z,2025-11-05T15:00:27.245Z
MP251205P00055000,MP251205P00055000,SELL,FILLED,2.0,2.0,@4.7,4.7,DAY,2025-11-05T14:57:09.385Z,2025-11-05T14:57:15.944Z
MU251107C00225000,MU251107C00225000,SELL,FILLED,4.0,4.0,@1.68,1.68,DAY,2025-11-05T14:54:45.940Z,2025-11-05T14:56:28.621Z
MU251107C00227500,MU251107C00227500,BUY,FILLED,4.0,4.0,@1.68,1.68,DAY,2025-11-05T14:54:45.940Z,2025-11-05T14:56:28.621Z
MU251121P00202500,MU251121P00202500,SELL,FILLED,4.0,4.0,@2.89,2.89,DAY,2025-11-05T14:54:00.257Z,2025-11-05T14:54:00.316Z
MSTR251219P00240000,MSTR251219P00240000,SELL,FILLED,1.0,1.0,@19.2,19.2,DAY,2025-11-05T14:31:05.047Z,2025-11-05T14:31:06.167Z
MU251121P00202500,MU251121P00202500,BUY,CANCELLED,0.0,1.0,@6.05,,DAY,2025-11-04T20:59:59.902Z,
CVNA251121P00260000,CVNA251121P00260000,BUY,FILLED,2.0,2.0,@3.7,3.7,DAY,2025-11-04T20:57:47.041Z,2025-11-04T20:57:47.077Z
QQQ251105C00625000,QQQ251105C00625000,BUY,FILLED,20.0,20.0,@0.21,0.21,DAY,2025-11-04T20:56:58.287Z,2025-11-04T20:57:16.324Z
QQQ251105C00626000,QQQ251105C00626000,SELL,FILLED,20.0,20.0,@0.21,0.21,DAY,2025-11-04T20:56:58.287Z,2025-11-04T20:57:16.324Z
NXPI251219P00200000,NXPI251219P00200000,BUY,FILLED,2.0,2.0,@9.2,9.1,DAY,2025-11-04T20:56:02.409Z,2025-11-04T20:56:02.695Z
MU251107C00225000,MU251107C00225000,BUY,FILLED,4.0,4.0,@0.82,0.82,DAY,2025-11-04T20:29:22.037Z,2025-11-04T20:29:34.058Z
MU251107C00227500,MU251107C00227500,SELL,FILLED,4.0,4.0,@0.82,0.82,DAY,2025-11-04T20:29:22.037Z,2025-11-04T20:29:34.058Z
MU251121P00202500,MU251121P00202500,BUY,CANCELLED,0.0,1.0,@5.6,,DAY,2025-11-04T20:28:23.926Z,
NXPI251219P00200000,NXPI251219P00200000,SELL,FILLED,1.0,1.0,@8.5,8.53,DAY,2025-11-04T20:27:55.382Z,2025-11-04T20:27:55.527Z
BMNR251219P00040000,BMNR251219P00040000,SELL,FILLED,1.0,1.0,@5.95,6.01,DAY,2025-11-04T20:26:27.431Z,2025-11-04T20:26:27.625Z
PLTR251121P00177500,PLTR251121P00177500,SELL,FILLED,2.0,2.0,@5.0,5.09,DAY,2025-11-04T20:26:17.136Z,2025-11-04T20:26:17.354Z
CVNA251121P00260000,CVNA251121P00260000,SELL,FILLED,2.0,2.0,@3.0,3.3,DAY,2025-11-04T20:26:09.315Z,2025-11-04T20:26:09.448Z
MU251121P00202500,MU251121P00202500,BUY,FILLED,4.0,4.0,@5.85,5.8,DAY,2025-11-04T20:25:54.671Z,2025-11-04T20:25:54.730Z
BMNR251219P00040000,BMNR251219P00040000,BUY,FILLED,1.0,1.0,@5.95,5.94,DAY,2025-11-04T20:16:49.610Z,2025-11-04T20:16:49.747Z
PLTR251121P00177500,PLTR251121P00177500,BUY,FILLED,2.0,2.0,@5.25,5.25,DAY,2025-11-04T19:51:33.671Z,2025-11-04T19:51:33.726Z
RBLX251121P00105000,RBLX251121P00105000,SELL,FILLED,3.0,3.0,@3.27,3.27,DAY,2025-11-04T16:42:44.313Z,2025-11-04T16:42:44.385Z
RBLX251121P00095000,RBLX251121P00095000,BUY,FILLED,3.0,3.0,@3.27,3.27,DAY,2025-11-04T16:42:44.313Z,2025-11-04T16:42:44.385Z
RBLX251121P00105000,RBLX251121P00105000,SELL,FILLED,5.0,5.0,@3.54,3.59,DAY,2025-11-04T16:16:48.780Z,2025-11-04T16:16:55.667Z
RBLX251121P00095000,RBLX251121P00095000,BUY,FILLED,5.0,5.0,@3.54,3.59,DAY,2025-11-04T16:16:48.780Z,2025-11-04T16:16:55.667Z
PLTR251219P00165000,PLTR251219P00165000,SELL,FILLED,3.0,3.0,@4.9,4.9,DAY,2025-11-04T15:07:36.547Z,2025-11-04T15:07:36.965Z
PLTR251219P00165000,PLTR251219P00165000,BUY,FILLED,5.0,5.0,@4.9,4.9,DAY,2025-11-04T15:07:11.882Z,2025-11-04T15:07:13.180Z
INTC251121P00035500,INTC251121P00035500,SELL,FILLED,20.0,20.0,@0.75,0.75,DAY,2025-11-04T14:56:25.646Z,2025-11-04T14:56:33.906Z
NXPI251219P00200000,NXPI251219P00200000,BUY,FILLED,1.0,1.0,@8.3,8.3,DAY,2025-11-04T14:45:21.367Z,2025-11-04T14:45:29.486Z
NXPI251219P00200000,NXPI251219P00200000,BUY,FILLED,1.0,1.0,@8.2,8.2,DAY,2025-11-04T14:44:13.407Z,2025-11-04T14:45:09.756Z
GLD260220C00369000,GLD260220C00369000,SELL,FILLED,1.0,1.0,@13.85,13.85,DAY,2025-11-04T14:43:44.678Z,2025-11-04T14:44:05.885Z
PLTR251219P00155000,PLTR251219P00155000,SELL,FILLED,1.0,1.0,@3.6,3.6,DAY,2025-11-04T14:43:34.230Z,2025-11-04T14:43:37.615Z
INTC251121P00035500,INTC251121P00035500,BUY,FILLED,10.0,10.0,@0.95,0.95,DAY,2025-11-04T14:39:06.593Z,2025-11-04T14:39:06.654Z
PLTR251219P00155000,PLTR251219P00155000,BUY,FILLED,1.0,1.0,@4.2,4.1,DAY,2025-11-04T14:36:56.100Z,2025-11-04T14:36:56.220Z
CVNA251121P00260000,CVNA251121P00260000,BUY,FILLED,2.0,2.0,@2.76,2.76,DAY,2025-11-04T14:33:36.379Z,2025-11-04T14:33:36.438Z
QQQ251104P00618000,QQQ251104P00618000,BUY,FILLED,1.0,1.0,@1.08,1.08,DAY,2025-11-04T14:33:15.037Z,2025-11-04T14:33:15.086Z
INTC251121P00035500,INTC251121P00035500,BUY,FILLED,10.0,10.0,@0.88,0.84,DAY,2025-11-04T14:32:27.805Z,2025-11-04T14:32:27.949Z
MSTR251219P00240000,MSTR251219P00240000,BUY,FILLED,1.0,1.0,@17.4,17.4,DAY,2025-11-04T14:30:33.505Z,2025-11-04T14:30:33.559Z
GTLB251107C00055000,GTLB251107C00055000,BUY,FILLED,5.0,5.0,@1.05,1.03,DAY,2025-11-03T20:55:45.818Z,2025-11-03T20:55:54.974Z
RIOT251121P00019500,RIOT251121P00019500,SELL,FILLED,3.0,3.0,,1.2,DAY,2025-11-03T20:46:09.700Z,2025-11-03T20:46:09.788Z
GTLB251107C00055000,GTLB251107C00055000,BUY,FILLED,1.0,1.0,@1.3,1.3,DAY,2025-11-03T20:42:15.768Z,2025-11-03T20:42:16.632Z
RIOT251121P00019500,RIOT251121P00019500,SELL,CANCELLED,0.0,3.0,@1.2,,DAY,2025-11-03T20:40:14.176Z,
GTLB251121C00055000,GTLB251121C00055000,BUY,FILLED,10.0,10.0,@2.05,2.04,DAY,2025-11-03T20:40:00.170Z,2025-11-03T20:40:00.380Z
GTLB251121C00055000,GTLB251121C00055000,BUY,FILLED,5.0,5.0,@2.1,2.05,DAY,2025-11-03T20:39:45.235Z,2025-11-03T20:39:45.290Z
GTLB251107C00055000,GTLB251107C00055000,BUY,FILLED,4.0,4.0,@1.25,1.25,DAY,2025-11-03T20:39:33.222Z,2025-11-03T20:39:33.324Z
RIOT251121P00019500,RIOT251121P00019500,BUY,FILLED,3.0,3.0,@1.18,1.18,DAY,2025-11-03T19:58:56.956Z,2025-11-03T19:58:57.010Z
DASH251121P00240000,DASH251121P00240000,SELL,FILLED,1.0,1.0,@12.7,12.7,DAY,2025-11-03T19:57:49.616Z,2025-11-03T19:57:57.154Z
MP251205P00055000,MP251205P00055000,BUY,FILLED,2.0,2.0,@3.7,3.7,DAY,2025-11-03T19:21:27.431Z,2025-11-03T19:21:37.977Z
DASH251121P00240000,DASH251121P00240000,BUY,FILLED,1.0,1.0,@12.2,12.2,DAY,2025-11-03T16:27:40.073Z,2025-11-03T16:27:48.404Z
GME251121P00020000,GME251121P00020000,SELL,FILLED,10.0,10.0,@0.21,0.21,DAY,2025-11-03T16:27:18.709Z,2025-11-03T16:28:03.334Z
TSLA251121C00495000,TSLA251121C00495000,SELL,FILLED,1.0,1.0,@15.45,15.45,DAY,2025-11-03T15:54:41.471Z,2025-11-03T15:54:44.302Z
GME251121P00020000,GME251121P00020000,BUY,FILLED,10.0,10.0,@0.27,0.27,DAY,2025-11-03T15:26:12.007Z,2025-11-03T15:26:12.057Z
TSLA251121C00495000,TSLA251121C00495000,BUY,FILLED,1.0,1.0,@14.75,14.63,DAY,2025-11-03T14:48:11.839Z,2025-11-03T14:48:12.098Z
RBLX251121P00105000,RBLX251121P00105000,BUY,FILLED,10.0,10.0,@1.89,1.77,DAY,2025-10-31T18:28:47.465Z,2025-10-31T18:28:47.618Z
RBLX251121P00095000,RBLX251121P00095000,SELL,FILLED,10.0,10.0,@1.89,1.77,DAY,2025-10-31T18:28:47.465Z,2025-10-31T18:28:47.618Z
GOOG251219P00275000,GOOG251219P00275000,SELL,FILLED,2.0,2.0,@10.25,10.25,DAY,2025-10-31T18:01:15.647Z,2025-10-31T18:01:22.353Z
GOOG251219P00275000,GOOG251219P00275000,BUY,FILLED,2.0,2.0,@10.25,10.18,DAY,2025-10-31T17:54:31.771Z,2025-10-31T17:54:31.913Z
CVNA251121P00260000,CVNA251121P00260000,BUY,FILLED,1.0,1.0,@5.8,5.8,DAY,2025-10-31T17:10:30.186Z,2025-10-31T17:10:39.796Z
AMZN251121P00215000,AMZN251121P00215000,SELL,FILLED,2.0,2.0,@0.44,0.45,DAY,2025-10-31T13:30:31.879Z,2025-10-31T13:30:43.038Z
MSTR251121P00235000,MSTR251121P00235000,SELL,FILLED,1.0,1.0,@6.45,7.0,DAY,2025-10-31T13:30:18.747Z,2025-10-31T13:30:18.878Z
MSTR251121P00235000,MSTR251121P00235000,BUY,FILLED,1.0,1.0,@10.85,10.8,DAY,2025-10-30T19:58:03.430Z,2025-10-30T19:58:03.618Z
IREN251121P00054000,IREN251121P00054000,SELL,FILLED,2.0,2.0,@5.3,5.3,DAY,2025-10-30T19:22:27.006Z,2025-10-30T19:22:27.124Z
AMZN251121P00215000,AMZN251121P00215000,BUY,FILLED,1.0,1.0,@5.7,5.7,DAY,2025-10-30T19:19:23.114Z,2025-10-30T19:19:23.160Z
IREN251121P00054000,IREN251121P00054000,BUY,FILLED,2.0,2.0,@5.5,5.5,DAY,2025-10-30T18:59:30.657Z,2025-10-30T18:59:30.700Z
AMZN251121P00215000,AMZN251121P00215000,BUY,FILLED,1.0,1.0,@5.6,5.6,DAY,2025-10-30T16:36:21.748Z,2025-10-30T16:36:21.868Z
CVNA251121P00260000,CVNA251121P00260000,SELL,FILLED,1.0,1.0,@3.9,3.98,DAY,2025-10-30T16:22:19.123Z,2025-10-30T16:22:27.341Z
BABA260116C00180000,BABA260116C00180000,SELL,FILLED,1.0,1.0,@13.75,13.75,DAY,2025-10-30T16:22:07.001Z,2025-10-30T16:22:07.058Z
COIN251121P00317500,COIN251121P00317500,SELL,FILLED,1.0,1.0,@12.3,12.3,DAY,2025-10-30T16:21:57.166Z,2025-10-30T16:22:33.403Z
COIN251121P00317500,COIN251121P00317500,BUY,FILLED,1.0,1.0,@13.0,13.0,DAY,2025-10-30T14:53:38.612Z,2025-10-30T14:53:38.656Z
BABA260116C00180000,BABA260116C00180000,SELL,FILLED,1.0,1.0,@13.6,13.6,DAY,2025-10-30T14:40:31.740Z,2025-10-30T14:40:39.217Z
MSTR251219P00240000,MSTR251219P00240000,SELL,FILLED,1.0,1.0,@13.9,13.9,DAY,2025-10-30T14:40:16.685Z,2025-10-30T14:40:24.560Z
STLA251121C00012000,STLA251121C00012000,SELL,FILLED,20.0,20.0,@0.05,0.06,DAY,2025-10-30T14:09:12.575Z,2025-10-30T14:09:22.363Z
BABA260116C00180000,BABA260116C00180000,BUY,FILLED,2.0,2.0,@14.5,14.5,DAY,2025-10-30T13:56:17.979Z,2025-10-30T13:56:27.386Z
MSTR251219P00240000,MSTR251219P00240000,BUY,FILLED,1.0,1.0,@15.2,15.2,DAY,2025-10-30T13:43:22.429Z,2025-10-30T13:43:22.474Z
BABA260116C00180000,BABA260116C00180000,SELL,FILLED,2.0,2.0,@13.55,13.55,DAY,2025-10-30T13:42:04.139Z,2025-10-30T13:42:04.182Z
QQQ251031P00617000,QQQ251031P00617000,BUY,FILLED,3.0,3.0,@1.25,1.25,DAY,2025-10-30T13:38:08.833Z,2025-10-30T13:38:08.990Z
META251031P00637500,META251031P00637500,SELL,FILLED,1.0,1.0,@2.36,2.36,DAY,2025-10-30T13:37:08.600Z,2025-10-30T13:37:08.644Z
CVNA251121P00260000,CVNA251121P00260000,BUY,FILLED,1.0,1.0,@6.4,6.4,DAY,2025-10-30T13:37:00.223Z,2025-10-30T13:37:00.298Z
BABA251121C00195000,BABA251121C00195000,SELL,FILLED,2.0,2.0,@3.4,3.4,DAY,2025-10-30T13:35:46.432Z,2025-10-30T13:35:46.479Z
META251031P00637500,META251031P00637500,BUY,FILLED,1.0,1.0,@4.45,4.45,DAY,2025-10-30T13:32:08.409Z,2025-10-30T13:32:11.937Z
INTC251219C00040000,INTC251219C00040000,SELL,FILLED,5.0,5.0,@4.15,4.15,DAY,2025-10-30T13:31:06.172Z,2025-10-30T13:31:34.944Z
INTC251121C00045000,INTC251121C00045000,SELL,FILLED,3.0,3.0,@1.32,1.37,DAY,2025-10-30T13:30:54.602Z,2025-10-30T13:30:54.754Z
STX251219C00280000,STX251219C00280000,SELL,FILLED,1.0,1.0,@15.7,15.7,DAY,2025-10-30T13:30:41.556Z,2025-10-30T13:30:41.603Z
STLA251219C00013000,STLA251219C00013000,SELL,FILLED,10.0,10.0,@0.05,0.07,DAY,2025-10-30T13:30:27.627Z,2025-10-30T13:30:28.005Z
SCCO251219C00135000,SCCO251219C00135000,SELL,FILLED,2.0,2.0,@10.0,10.0,DAY,2025-10-30T13:30:22.311Z,2025-10-30T13:30:22.354Z
STLA251219C00011000,STLA251219C00011000,SELL,FILLED,25.0,25.0,@0.35,0.35,DAY,2025-10-30T13:30:15.024Z,2025-10-30T13:30:15.249Z
CVNA251121P00260000,CVNA251121P00260000,BUY,FILLED,1.0,1.0,@4.3,4.3,DAY,2025-10-29T19:48:57.883Z,2025-10-29T19:48:57.925Z
NVDA251031C00217500,NVDA251031C00217500,SELL,FILLED,1.0,1.0,@1.25,1.25,DAY,2025-10-29T18:43:11.822Z,2025-10-29T18:43:11.993Z
QQQ251031P00617000,QQQ251031P00617000,BUY,FILLED,1.0,1.0,@1.83,1.75,DAY,2025-10-29T18:42:58.444Z,2025-10-29T18:42:58.499Z
AVGO251121C00405000,AVGO251121C00405000,SELL,FILLED,1.0,1.0,@9.2,9.2,DAY,2025-10-29T18:40:15.536Z,2025-10-29T18:40:15.581Z
TSLA251121C00515000,TSLA251121C00515000,SELL,FILLED,1.0,1.0,@9.0,9.0,DAY,2025-10-29T18:24:02.700Z,2025-10-29T18:24:02.742Z
BABA251031C00195000,BABA251031C00195000,BUY,FILLED,8.0,8.0,@0.35,0.35,DAY,2025-10-29T18:02:54.779Z,2025-10-29T18:02:54.827Z
CVNA251114P00342500,CVNA251114P00342500,BUY,CANCELLED,0.0,8.0,@0.35,,DAY,2025-10-29T16:57:33.477Z,
CVNA251114P00340000,CVNA251114P00340000,SELL,CANCELLED,0.0,8.0,@0.35,,DAY,2025-10-29T16:57:33.477Z,
GLD260220C00369000,GLD260220C00369000,SELL,FILLED,1.0,1.0,@18.0,18.0,DAY,2025-10-29T16:09:50.447Z,2025-10-29T16:09:50.498Z
STX251114C00240000,STX251114C00240000,SELL,FILLED,1.0,1.0,@26.1,26.1,DAY,2025-10-29T14:25:27.245Z,2025-10-29T14:25:37.548Z
STX251219C00280000,STX251219C00280000,BUY,FILLED,1.0,1.0,@15.2,15.2,DAY,2025-10-29T14:25:16.311Z,2025-10-29T14:25:18.684Z
GLD260220C00369000,GLD260220C00369000,BUY,FILLED,1.0,1.0,@19.15,19.15,DAY,2025-10-29T14:11:54.189Z,2025-10-29T14:12:03.669Z
BABA260116C00180000,BABA260116C00180000,BUY,FILLED,2.0,2.0,@17.15,17.15,DAY,2025-10-29T13:48:52.725Z,2025-10-29T13:48:52.776Z
MU251121C00260000,MU251121C00260000,SELL,FILLED,2.0,2.0,@5.2,5.33,DAY,2025-10-29T13:40:24.035Z,2025-10-29T13:40:24.091Z
TLT251121C00093000,TLT251121C00093000,SELL,FILLED,10.0,10.0,@0.52,0.53,DAY,2025-10-29T13:38:02.637Z,2025-10-29T13:38:21.091Z
BABA251121C00195000,BABA251121C00195000,BUY,FILLED,2.0,2.0,@5.95,5.95,DAY,2025-10-29T13:37:49.650Z,2025-10-29T13:38:09.702Z
NVDA251031C00217500,NVDA251031C00217500,BUY,FILLED,1.0,1.0,@2.46,2.4,DAY,2025-10-29T13:35:31.125Z,2025-10-29T13:35:31.267Z
GLD260220C00369000,GLD260220C00369000,BUY,FILLED,1.0,1.0,@18.75,18.75,DAY,2025-10-29T13:33:25.378Z,2025-10-29T13:33:25.433Z
MU251121C00260000,MU251121C00260000,BUY,FILLED,2.0,2.0,@6.65,6.5,DAY,2025-10-29T13:31:24.211Z,2025-10-29T13:31:31.864Z
STLA251219C00013000,STLA251219C00013000,BUY,FILLED,10.0,10.0,@0.25,0.23,DAY,2025-10-28T19:52:01.797Z,2025-10-28T19:52:24.998Z
TSLA251121C00515000,TSLA251121C00515000,SELL,FILLED,1.0,1.0,@9.25,9.25,DAY,2025-10-28T19:49:37.236Z,2025-10-28T19:49:37.297Z
MSTR251219P00240000,MSTR251219P00240000,BUY,FILLED,1.0,1.0,@10.3,10.25,DAY,2025-10-28T19:33:08.459Z,2025-10-28T19:33:08.574Z
STX251114C00240000,STX251114C00240000,SELL,FILLED,1.0,1.0,@8.3,8.3,DAY,2025-10-28T19:05:49.261Z,2025-10-28T19:05:49.378Z
WMT251219P00095000,WMT251219P00095000,SELL,FILLED,4.0,4.0,@1.24,1.25,DAY,2025-10-28T19:04:30.817Z,2025-10-28T19:04:31.053Z
SCCO251219C00135000,SCCO251219C00135000,BUY,FILLED,2.0,2.0,@9.3,9.3,DAY,2025-10-28T19:03:55.362Z,2025-10-28T19:03:55.462Z
TSLA251121C00515000,TSLA251121C00515000,SELL,CANCELLED,0.0,1.0,@9.95,,DAY,2025-10-28T18:04:06.547Z,
KRE251121P00059000,KRE251121P00059000,SELL,FILLED,5.0,5.0,@0.93,0.93,DAY,2025-10-28T14:31:44.579Z,2025-10-28T14:31:51.356Z
INTC251121C00045000,INTC251121C00045000,BUY,FILLED,3.0,3.0,@1.68,1.68,DAY,2025-10-28T14:31:30.790Z,2025-10-28T14:31:30.904Z
TSLA251121C00515000,TSLA251121C00515000,BUY,FILLED,2.0,2.0,@10.55,10.55,DAY,2025-10-28T14:28:22.152Z,2025-10-28T14:28:22.741Z
ASTS251121C00079000,ASTS251121C00079000,SELL,FILLED,1.0,1.0,@9.4,9.87,DAY,2025-10-28T14:15:59.864Z,2025-10-28T14:16:00.056Z
INTC251219C00040000,INTC251219C00040000,BUY,FILLED,5.0,5.0,@4.35,4.34,DAY,2025-10-28T14:15:36.139Z,2025-10-28T14:15:43.916Z
GOOG251121C00272500,GOOG251121C00272500,SELL,FILLED,1.0,1.0,@9.9,9.9,DAY,2025-10-28T14:02:21.946Z,2025-10-28T14:02:29.115Z
STX251114C00240000,STX251114C00240000,BUY,FILLED,1.0,1.0,@8.0,8.0,DAY,2025-10-28T13:56:12.674Z,2025-10-28T14:57:44.045Z
HL251121P00011000,HL251121P00011000,SELL,FILLED,8.0,8.0,@0.39,0.39,DAY,2025-10-28T13:48:40.893Z,2025-10-28T13:48:41.003Z
KRE251121P00059000,KRE251121P00059000,BUY,FILLED,5.0,5.0,@1.11,1.11,DAY,2025-10-28T13:48:28.282Z,2025-10-28T13:48:58.085Z
TLT251121C00093000,TLT251121C00093000,BUY,FILLED,10.0,10.0,@0.52,0.52,DAY,2025-10-28T13:44:06.102Z,2025-10-28T13:44:06.148Z
AVGO251121C00405000,AVGO251121C00405000,BUY,FILLED,1.0,1.0,@5.6,5.6,DAY,2025-10-28T13:33:13.943Z,2025-10-28T13:33:18.931Z
ASTS251121C00079000,ASTS251121C00079000,BUY,FILLED,1.0,1.0,@10.45,10.45,DAY,2025-10-27T19:56:15.813Z,2025-10-27T19:56:15.912Z
TSLA251121C00530000,TSLA251121C00530000,SELL,FILLED,1.0,1.0,@6.1,6.1,DAY,2025-10-27T19:09:05.432Z,2025-10-27T19:09:05.479Z
INTC251121C00041500,INTC251121C00041500,SELL,FILLED,3.0,3.0,@1.81,1.81,DAY,2025-10-27T19:08:56.867Z,2025-10-27T19:08:58.423Z
GOOG251121C00272500,GOOG251121C00272500,BUY,FILLED,1.0,1.0,@10.45,10.45,DAY,2025-10-27T17:52:43.654Z,2025-10-27T17:52:43.720Z
BULL251121C00013000,BULL251121C00013000,SELL,FILLED,6.0,6.0,@0.7,0.7,DAY,2025-10-27T15:21:17.795Z,2025-10-27T15:21:28.221Z
TSLA251121C00530000,TSLA251121C00530000,BUY,FILLED,1.0,1.0,@5.9,5.85,DAY,2025-10-27T15:16:59.420Z,2025-10-27T15:16:59.462Z
BULL251121C00013000,BULL251121C00013000,SELL,CANCELLED,0.0,6.0,@0.72,,DAY,2025-10-27T15:16:36.038Z,
STLA251219C00011000,STLA251219C00011000,BUY,FILLED,25.0,25.0,@0.85,0.85,DAY,2025-10-27T15:13:35.644Z,2025-10-27T15:13:35.681Z
QCOM251031C00245000,QCOM251031C00245000,SELL,FILLED,1.0,1.0,@0.71,0.72,DAY,2025-10-27T14:50:39.513Z,2025-10-27T14:50:39.664Z
STLA251121C00012000,STLA251121C00012000,BUY,FILLED,20.0,20.0,@0.3,0.3,DAY,2025-10-27T14:31:56.716Z,2025-10-27T14:32:08.159Z
QCOM251031C00245000,QCOM251031C00245000,BUY,FILLED,1.0,1.0,@1.92,1.92,DAY,2025-10-27T14:20:17.143Z,2025-10-27T14:20:17.254Z
HL251121P00011000,HL251121P00011000,BUY,FILLED,8.0,8.0,@0.58,0.54,DAY,2025-10-27T14:16:48.603Z,2025-10-27T14:16:48.778Z
BULL251121C00013000,BULL251121C00013000,BUY,FILLED,6.0,6.0,@0.85,0.82,DAY,2025-10-27T13:57:46.655Z,2025-10-27T13:57:46.851Z
GOOG251121C00272500,GOOG251121C00272500,SELL,FILLED,2.0,2.0,@9.1,9.15,DAY,2025-10-27T13:46:34.350Z,2025-10-27T13:46:34.396Z
INTC251121C00041500,INTC251121C00041500,BUY,FILLED,3.0,3.0,@1.78,1.78,DAY,2025-10-27T13:35:04.151Z,2025-10-27T13:35:04.257Z
WMT251219P00095000,WMT251219P00095000,BUY,FILLED,4.0,4.0,@1.08,1.08,DAY,2025-10-27T13:33:03.397Z,2025-10-27T13:33:03.538Z
TM251121P00195000,TM251121P00195000,SELL,FILLED,2.0,2.0,@1.05,1.05,DAY,2025-10-27T13:32:46.091Z,2025-10-27T13:33:10.418Z
UUUU251031C00030000,UUUU251031C00030000,SELL,FILLED,3.0,3.0,@0.85,0.97,DAY,2025-10-27T13:30:07.109Z,2025-10-27T13:30:07.368Z
AMD251114C00265000,AMD251114C00265000,SELL,FILLED,1.0,1.0,@11.45,11.45,DAY,2025-10-24T19:41:59.518Z,2025-10-24T19:41:59.566Z
AMD251114C00265000,AMD251114C00265000,SELL,CANCELLED,0.0,1.0,@11.6,,DAY,2025-10-24T19:41:41.188Z,
MU251114C00230000,MU251114C00230000,SELL,FILLED,1.0,1.0,@9.3,9.3,DAY,2025-10-24T19:41:20.439Z,2025-10-24T19:41:20.505Z
UUUU251031C00030000,UUUU251031C00030000,BUY,FILLED,3.0,3.0,@2.15,2.13,DAY,2025-10-24T19:40:33.202Z,2025-10-24T19:40:34.007Z
AMD251024C00255000,AMD251024C00255000,SELL,FILLED,1.0,1.0,@0.86,0.86,DAY,2025-10-24T14:47:36.011Z,2025-10-24T14:47:38.875Z
AMD251024C00255000,AMD251024C00255000,BUY,FILLED,1.0,1.0,@0.95,0.94,DAY,2025-10-24T14:37:23.984Z,2025-10-24T14:37:24.025Z
INTC251024C00041500,INTC251024C00041500,SELL,FILLED,8.0,8.0,@0.02,0.02,DAY,2025-10-24T14:35:57.051Z,2025-10-24T14:35:57.106Z
GOOG251121C00272500,GOOG251121C00272500,BUY,FILLED,2.0,2.0,@7.45,7.45,DAY,2025-10-24T14:27:08.054Z,2025-10-24T14:27:08.202Z
GLD251219C00381000,GLD251219C00381000,SELL,FILLED,1.0,1.0,@12.55,12.55,DAY,2025-10-24T13:46:24.814Z,2025-10-24T13:46:26.192Z
UUUU251121C00030000,UUUU251121C00030000,SELL,FILLED,4.0,4.0,@2.3,2.3,DAY,2025-10-24T13:40:42.422Z,2025-10-24T13:40:42.476Z
INTC251024C00041500,INTC251024C00041500,BUY,FILLED,8.0,8.0,@0.39,0.35,DAY,2025-10-24T13:37:05.337Z,2025-10-24T13:37:05.439Z
AMD251114C00265000,AMD251114C00265000,BUY,FILLED,1.0,1.0,@10.05,10.05,DAY,2025-10-24T13:33:44.073Z,2025-10-24T13:33:44.219Z
CVNA251219P00260000,CVNA251219P00260000,SELL,FILLED,1.0,1.0,@11.05,12.4,DAY,2025-10-24T13:32:15.754Z,2025-10-24T13:32:15.903Z
STX251114C00240000,STX251114C00240000,BUY,FILLED,1.0,1.0,@15.7,15.4,DAY,2025-10-24T13:30:23.257Z,2025-10-24T13:30:23.320Z
NEM251114C00091000,NEM251114C00091000,SELL,FILLED,1.0,1.0,@4.3,4.3,DAY,2025-10-23T19:31:13.688Z,2025-10-23T19:31:25.649Z
TM251121P00195000,TM251121P00195000,BUY,FILLED,2.0,2.0,@2.85,2.85,DAY,2025-10-23T19:30:53.607Z,2025-10-23T19:30:53.657Z
MU251114C00230000,MU251114C00230000,BUY,FILLED,1.0,1.0,@4.65,4.62,DAY,2025-10-23T19:12:11.671Z,2025-10-23T19:12:26.234Z
NEM251114C00091000,NEM251114C00091000,BUY,FILLED,1.0,1.0,@4.55,4.4,DAY,2025-10-23T19:11:49.346Z,2025-10-23T19:11:49.394Z
TLT251231C00090000,TLT251231C00090000,SELL,FILLED,10.0,10.0,@2.59,2.59,DAY,2025-10-23T16:48:27.658Z,2025-10-23T16:48:27.700Z
TLT251231C00090000,TLT251231C00090000,SELL,FILLED,10.0,10.0,@2.67,2.67,DAY,2025-10-23T15:11:56.975Z,2025-10-23T15:11:57.020Z
KRE251219P00060000,KRE251219P00060000,SELL,FILLED,6.0,6.0,@2.6,2.6,DAY,2025-10-23T15:09:43.217Z,2025-10-23T15:09:49.490Z
CVNA251219P00260000,CVNA251219P00260000,SELL,FILLED,1.0,1.0,@16.55,16.55,DAY,2025-10-23T15:09:32.442Z,2025-10-23T15:09:32.577Z
XOM251219C00115000,XOM251219C00115000,SELL,FILLED,4.0,4.0,@4.25,4.3,DAY,2025-10-23T15:09:01.228Z,2025-10-23T15:09:01.319Z
IONQ251219P00070000,IONQ251219P00070000,SELL,FILLED,1.0,1.0,@15.75,15.75,DAY,2025-10-23T15:08:54.023Z,2025-10-23T15:08:54.167Z
CVNA251121P00290000,CVNA251121P00290000,SELL,FILLED,1.0,1.0,@19.8,19.8,DAY,2025-10-23T15:08:44.498Z,2025-10-23T15:08:44.543Z
TSLA251024P00420000,TSLA251024P00420000,SELL,FILLED,1.0,1.0,@5.3,5.3,DAY,2025-10-23T14:46:01.982Z,2025-10-23T14:46:09.162Z
TSLA251024P00420000,TSLA251024P00420000,BUY,FILLED,1.0,1.0,@5.95,5.95,DAY,2025-10-23T14:44:13.071Z,2025-10-23T14:44:21.668Z
IONQ251219P00049000,IONQ251219P00049000,SELL,FILLED,3.0,3.0,@4.7,4.87,DAY,2025-10-23T14:42:53.077Z,2025-10-23T14:43:00.760Z
TSLA251024P00420000,TSLA251024P00420000,SELL,FILLED,1.0,1.0,@5.35,5.35,DAY,2025-10-23T14:42:00.814Z,2025-10-23T14:42:00.979Z
UVXY251024C00012500,UVXY251024C00012500,SELL,FILLED,10.0,10.0,@0.05,0.07,DAY,2025-10-23T14:40:45.291Z,2025-10-23T14:40:53.302Z
TSLA251024P00420000,TSLA251024P00420000,BUY,FILLED,1.0,1.0,@5.4,5.4,DAY,2025-10-23T14:21:03.689Z,2025-10-23T14:21:12.122Z
SMCI251024P00049500,SMCI251024P00049500,SELL,FILLED,5.0,5.0,@1.32,1.32,DAY,2025-10-23T14:20:31.780Z,2025-10-23T14:20:31.967Z
UUUU251121C00030000,UUUU251121C00030000,SELL,FILLED,1.0,1.0,@3.3,3.3,DAY,2025-10-23T14:18:04.890Z,2025-10-23T14:18:04.967Z
GLD251219C00381000,GLD251219C00381000,BUY,FILLED,1.0,1.0,@15.15,15.15,DAY,2025-10-23T14:14:55.025Z,2025-10-23T14:14:55.074Z
SMCI251024P00049500,SMCI251024P00049500,BUY,FILLED,5.0,5.0,@1.21,1.21,DAY,2025-10-23T14:08:17.234Z,2025-10-23T14:08:17.371Z
STX251121P00180000,STX251121P00180000,SELL,FILLED,1.0,1.0,@2.1,2.1,DAY,2025-10-23T13:59:25.890Z,2025-10-23T13:59:25.932Z
UUUU251121C00030000,UUUU251121C00030000,SELL,FILLED,5.0,5.0,@3.7,3.7,DAY,2025-10-23T13:59:00.755Z,2025-10-23T13:59:00.840Z
STX251219P00190000,STX251219P00190000,SELL,FILLED,1.0,1.0,@6.8,7.3,DAY,2025-10-23T13:49:59.597Z,2025-10-23T13:49:59.774Z
SMCI251024P00049500,SMCI251024P00049500,SELL,FILLED,10.0,10.0,@0.59,0.61,DAY,2025-10-23T13:47:11.249Z,2025-10-23T13:47:11.305Z
SMCI251024P00049500,SMCI251024P00049500,BUY,FILLED,10.0,10.0,@1.03,0.97,DAY,2025-10-23T13:40:21.870Z,2025-10-23T13:40:21.915Z
TSLA251024P00415000,TSLA251024P00415000,SELL,CANCELLED,0.0,2.0,@1.1,,DAY,2025-10-23T13:38:00.284Z,
TSLA251024P00412500,TSLA251024P00412500,BUY,CANCELLED,0.0,2.0,@1.1,,DAY,2025-10-23T13:38:00.284Z,
TSLA251024P00402500,TSLA251024P00402500,SELL,FILLED,4.0,4.0,@2.5,2.6,DAY,2025-10-23T13:37:49.862Z,2025-10-23T13:37:50.024Z
STX251219P00190000,STX251219P00190000,SELL,FILLED,1.0,1.0,@7.6,7.6,DAY,2025-10-23T13:35:11.261Z,2025-10-23T13:37:26.564Z
XOM251219C00115000,XOM251219C00115000,BUY,FILLED,4.0,4.0,@4.8,4.8,DAY,2025-10-23T13:33:03.458Z,2025-10-23T13:33:03.546Z
TSLA251024P00402500,TSLA251024P00402500,BUY,FILLED,4.0,4.0,@2.24,2.07,DAY,2025-10-23T13:30:44.845Z,2025-10-23T13:30:44.997Z
COIN251219P00290000,COIN251219P00290000,SELL,FILLED,1.0,1.0,@19.8,19.8,DAY,2025-10-22T19:32:31.036Z,2025-10-22T19:32:38.163Z
COIN251219P00290000,COIN251219P00290000,SELL,CANCELLED,0.0,1.0,@19.8,,DAY,2025-10-22T19:22:24.591Z,
TSLA251024P00415000,TSLA251024P00415000,BUY,FILLED,2.0,2.0,@0.8,0.74,DAY,2025-10-22T19:06:20.811Z,2025-10-22T19:06:20.954Z
TSLA251024P00412500,TSLA251024P00412500,SELL,FILLED,2.0,2.0,@0.8,0.74,DAY,2025-10-22T19:06:20.811Z,2025-10-22T19:06:20.954Z
BYND251024P00002000,BYND251024P00002000,SELL,FILLED,15.0,15.0,@0.09,0.09,DAY,2025-10-22T19:05:30.178Z,2025-10-22T19:05:39.701Z
CVNA251121P00290000,CVNA251121P00290000,BUY,FILLED,1.0,1.0,@22.15,22.15,DAY,2025-10-22T19:04:13.314Z,2025-10-22T19:04:13.453Z
UUUU251024C00024000,UUUU251024C00024000,BUY,FILLED,4.0,4.0,@1.15,1.15,DAY,2025-10-22T18:59:52.810Z,2025-10-22T19:12:24.842Z
CVNA251121P00330000,CVNA251121P00330000,SELL,FILLED,1.0,1.0,@39.15,39.15,DAY,2025-10-22T18:58:59.100Z,2025-10-22T18:59:06.840Z
BYND251024P00002000,BYND251024P00002000,BUY,FILLED,15.0,15.0,@0.15,0.15,DAY,2025-10-22T17:17:37.008Z,2025-10-22T17:17:37.163Z
QQQ251022P00598000,QQQ251022P00598000,SELL,FILLED,4.0,4.0,@0.18,0.18,DAY,2025-10-22T16:55:32.144Z,2025-10-22T16:55:32.206Z
QQQ251022P00598000,QQQ251022P00598000,BUY,FILLED,4.0,4.0,@0.71,0.71,DAY,2025-10-22T16:34:23.188Z,2025-10-22T16:34:25.017Z
UUUU251121C00030000,UUUU251121C00030000,BUY,FILLED,5.0,5.0,@1.7,1.7,DAY,2025-10-22T15:49:20.625Z,2025-10-22T15:49:20.668Z
UUUU251121C00030000,UUUU251121C00030000,BUY,FILLED,5.0,5.0,@1.7,1.7,DAY,2025-10-22T15:48:34.097Z,2025-10-22T15:48:34.153Z
UVXY251024C00012500,UVXY251024C00012500,BUY,FILLED,10.0,10.0,@0.19,0.17,DAY,2025-10-22T15:31:12.582Z,2025-10-22T15:31:12.869Z
STX251121P00180000,STX251121P00180000,BUY,FILLED,1.0,1.0,@4.6,4.6,DAY,2025-10-22T15:25:38.500Z,2025-10-22T15:25:38.542Z
STX251219P00190000,STX251219P00190000,BUY,FILLED,2.0,2.0,@10.2,10.2,DAY,2025-10-22T15:19:18.631Z,2025-10-22T15:19:28.604Z
AMD251121P00207500,AMD251121P00207500,SELL,FILLED,2.0,2.0,@7.35,7.35,DAY,2025-10-22T15:18:57.878Z,2025-10-22T15:18:58.455Z
BYND251024C00006000,BYND251024C00006000,SELL,FILLED,1.0,1.0,@1.69,1.77,DAY,2025-10-22T15:05:07.308Z,2025-10-22T15:09:32.337Z
QQQ251022P00603000,QQQ251022P00603000,SELL,FILLED,3.0,3.0,@0.41,0.42,DAY,2025-10-22T14:54:27.706Z,2025-10-22T14:54:44.331Z
QQQ251022P00603000,QQQ251022P00603000,BUY,FILLED,3.0,3.0,@0.74,0.72,DAY,2025-10-22T14:42:57.274Z,2025-10-22T14:42:57.330Z
QUBT251219P00012000,QUBT251219P00012000,SELL,FILLED,8.0,8.0,@1.25,1.27,DAY,2025-10-22T14:42:18.177Z,2025-10-22T14:42:18.864Z
CVNA251219P00260000,CVNA251219P00260000,BUY,FILLED,2.0,2.0,@15.35,15.35,DAY,2025-10-22T14:41:27.756Z,2025-10-22T14:41:36.552Z
QUBT251219P00012000,QUBT251219P00012000,BUY,FILLED,8.0,8.0,@1.35,1.31,DAY,2025-10-22T14:39:42.332Z,2025-10-22T14:39:55.539Z
BYND251024C00006000,BYND251024C00006000,SELL,FILLED,1.0,1.0,@2.65,2.66,DAY,2025-10-22T14:34:28.925Z,2025-10-22T14:34:36.692Z
QQQ251022P00606000,QQQ251022P00606000,SELL,FILLED,3.0,3.0,@1.17,1.18,DAY,2025-10-22T14:34:17.655Z,2025-10-22T14:34:17.711Z
AMD251121P00207500,AMD251121P00207500,BUY,FILLED,2.0,2.0,@6.65,6.65,DAY,2025-10-22T14:28:25.022Z,2025-10-22T14:28:25.073Z
QQQ251022P00606000,QQQ251022P00606000,BUY,FILLED,3.0,3.0,@0.72,0.72,DAY,2025-10-22T14:26:52.039Z,2025-10-22T14:26:54.387Z
QQQ251022P00606000,QQQ251022P00606000,SELL,FILLED,4.0,4.0,@0.56,0.56,DAY,2025-10-22T14:25:28.399Z,2025-10-22T14:25:28.486Z
COIN251219P00290000,COIN251219P00290000,BUY,FILLED,1.0,1.0,@18.1,17.9,DAY,2025-10-22T14:24:54.480Z,2025-10-22T14:24:54.736Z
QQQ251022P00606000,QQQ251022P00606000,BUY,FILLED,4.0,4.0,@0.62,0.61,DAY,2025-10-22T14:23:57.624Z,2025-10-22T14:23:57.731Z
GTLB251121C00052500,GTLB251121C00052500,SELL,FILLED,2.0,2.0,@1.95,1.95,DAY,2025-10-22T14:02:30.780Z,2025-10-22T14:02:30.849Z
DNUT251024C00006000,DNUT251024C00006000,BUY,FILLED,3.0,3.0,@0.7,0.7,DAY,2025-10-22T14:00:13.218Z,2025-10-22T14:00:13.257Z
QQQ251022P00607000,QQQ251022P00607000,SELL,FILLED,2.0,2.0,@0.61,0.61,DAY,2025-10-22T13:46:55.445Z,2025-10-22T13:46:55.591Z
GTLB251121C00052500,GTLB251121C00052500,SELL,CANCELLED,0.0,2.0,@2.3,,DAY,2025-10-22T13:43:54.078Z,
IONQ251219P00049000,IONQ251219P00049000,BUY,FILLED,1.0,1.0,@5.25,5.25,DAY,2025-10-22T13:38:59.017Z,2025-10-22T13:38:59.074Z
BYND251024C00006000,BYND251024C00006000,BUY,FILLED,2.0,2.0,@1.5,1.5,DAY,2025-10-22T13:34:18.912Z,2025-10-22T13:39:19.641Z
STLA251121C00012500,STLA251121C00012500,SELL,FILLED,20.0,20.0,@0.1,0.12,DAY,2025-10-22T13:31:51.482Z,2025-10-22T13:32:15.702Z
QQQ251022P00607000,QQQ251022P00607000,BUY,FILLED,2.0,2.0,@1.05,0.98,DAY,2025-10-22T13:31:19.935Z,2025-10-22T13:31:20.135Z
GTLB260116C00050000,GTLB260116C00050000,SELL,FILLED,2.0,2.0,@5.7,5.7,DAY,2025-10-22T13:30:43.801Z,2025-10-22T13:30:43.901Z
STLA251219C00011000,STLA251219C00011000,SELL,FILLED,15.0,15.0,@0.75,0.75,DAY,2025-10-22T13:30:32.654Z,2025-10-22T13:30:32.862Z
ZION251121P00045000,ZION251121P00045000,SELL,FILLED,3.0,3.0,@0.35,0.35,DAY,2025-10-21T16:02:35.298Z,2025-10-21T16:02:51.518Z
CVNA251121P00330000,CVNA251121P00330000,SELL,FILLED,1.0,1.0,@22.95,23.26,DAY,2025-10-21T15:49:44.986Z,2025-10-21T15:50:03.369Z
USAR251219P00028000,USAR251219P00028000,SELL,FILLED,2.0,2.0,@7.0,7.0,DAY,2025-10-21T15:41:18.347Z,2025-10-21T15:41:26.410Z
ORCL251219P00280000,ORCL251219P00280000,SELL,FILLED,1.0,1.0,@23.75,23.75,DAY,2025-10-21T15:40:58.258Z,2025-10-21T15:40:58.303Z
STLA251121C00012500,STLA251121C00012500,BUY,FILLED,20.0,20.0,@0.25,0.22,DAY,2025-10-21T15:36:42.071Z,2025-10-21T15:36:42.117Z
STLA251219C00011000,STLA251219C00011000,BUY,FILLED,15.0,15.0,@1.0,0.95,DAY,2025-10-21T15:36:32.077Z,2025-10-21T15:36:32.139Z
GTLB251121C00052500,GTLB251121C00052500,BUY,FILLED,2.0,2.0,@2.8,2.74,DAY,2025-10-21T15:17:47.479Z,2025-10-21T15:17:47.621Z
GTLB260116C00050000,GTLB260116C00050000,BUY,FILLED,2.0,2.0,@6.8,6.8,DAY,2025-10-21T15:13:26.979Z,2025-10-21T15:13:52.490Z
QQQ251021P00608000,QQQ251021P00608000,SELL,FILLED,3.0,3.0,@0.33,0.33,DAY,2025-10-21T15:01:10.520Z,2025-10-21T15:01:10.576Z
USAR251219P00028000,USAR251219P00028000,BUY,FILLED,2.0,2.0,@7.1,7.1,DAY,2025-10-21T14:38:13.571Z,2025-10-21T14:38:21.244Z
QQQ251021P00608000,QQQ251021P00608000,BUY,FILLED,3.0,3.0,@0.72,0.7,DAY,2025-10-21T14:27:07.826Z,2025-10-21T14:27:07.882Z
AMD251219C00270000,AMD251219C00270000,SELL,FILLED,1.0,1.0,@11.75,11.75,DAY,2025-10-21T14:05:05.579Z,2025-10-21T14:05:08.615Z
CVNA251121P00330000,CVNA251121P00330000,BUY,FILLED,1.0,1.0,@25.85,25.85,DAY,2025-10-21T13:58:21.742Z,2025-10-21T13:58:32.392Z
AMD251219C00270000,AMD251219C00270000,SELL,FILLED,1.0,1.0,@12.6,12.6,DAY,2025-10-21T13:53:29.971Z,2025-10-21T13:53:36.188Z
GLXY251219C00040000,GLXY251219C00040000,SELL,FILLED,1.0,1.0,@8.3,8.3,DAY,2025-10-21T13:44:40.543Z,2025-10-21T13:44:40.580Z
GLD251219C00407000,GLD251219C00407000,SELL,FILLED,2.0,2.0,@8.8,8.8,DAY,2025-10-21T13:30:20.081Z,2025-10-21T13:30:20.332Z
SLV251219C00046000,SLV251219C00046000,SELL,FILLED,3.0,3.0,@2.16,2.3,DAY,2025-10-21T13:30:13.478Z,2025-10-21T13:30:13.664Z
GLD251219C00407000,GLD251219C00407000,BUY,FILLED,2.0,2.0,@15.7,15.7,DAY,2025-10-20T19:34:37.361Z,2025-10-20T19:34:37.404Z
CVNA251121P00330000,CVNA251121P00330000,SELL,FILLED,1.0,1.0,@28.95,28.95,DAY,2025-10-20T19:21:35.315Z,2025-10-20T19:21:43.935Z
ZION251121P00045000,ZION251121P00045000,BUY,FILLED,3.0,3.0,@0.9,0.89,DAY,2025-10-20T19:03:16.784Z,2025-10-20T19:03:16.821Z
ORCL251219P00280000,ORCL251219P00280000,BUY,FILLED,1.0,1.0,@26.15,26.15,DAY,2025-10-20T18:59:07.487Z,2025-10-20T18:59:07.637Z
MSTR251219P00300000,MSTR251219P00300000,SELL,FILLED,1.0,1.0,@31.45,31.45,DAY,2025-10-20T18:54:14.223Z,2025-10-20T18:54:14.283Z
GLXY251219C00040000,GLXY251219C00040000,BUY,FILLED,1.0,1.0,@7.5,7.5,DAY,2025-10-20T17:36:04.313Z,2025-10-20T17:36:04.444Z
JEF251219P00055000,JEF251219P00055000,SELL,FILLED,2.0,2.0,@4.3,4.3,DAY,2025-10-20T16:38:37.673Z,2025-10-20T16:38:37.725Z
MSTR251219P00300000,MSTR251219P00300000,BUY,FILLED,1.0,1.0,@31.65,31.65,DAY,2025-10-20T16:20:21.341Z,2025-10-20T16:20:21.396Z
AMD251219C00270000,AMD251219C00270000,BUY,FILLED,1.0,1.0,@13.2,13.05,DAY,2025-10-20T14:02:35.108Z,2025-10-20T14:02:35.171Z
KRE251121P00058000,KRE251121P00058000,SELL,FILLED,3.0,3.0,@1.72,1.72,DAY,2025-10-20T13:43:32.508Z,2025-10-20T13:43:32.568Z
KRE251121P00053000,KRE251121P00053000,SELL,FILLED,10.0,10.0,@0.66,0.66,DAY,2025-10-20T13:43:20.890Z,2025-10-20T13:46:41.169Z
MSTR251219P00305000,MSTR251219P00305000,SELL,FILLED,1.0,1.0,@33.95,33.95,DAY,2025-10-20T13:42:42.816Z,2025-10-20T13:42:42.906Z
QQQ251020C00611000,QQQ251020C00611000,SELL,FILLED,10.0,10.0,@0.72,0.74,DAY,2025-10-20T13:33:26.999Z,2025-10-20T13:33:27.141Z
AMD251219C00270000,AMD251219C00270000,BUY,FILLED,1.0,1.0,@12.25,12.25,DAY,2025-10-20T13:32:10.578Z,2025-10-20T13:32:20.123Z
ORCL251219P00280000,ORCL251219P00280000,SELL,FILLED,1.0,1.0,@20.5,20.5,DAY,2025-10-17T19:53:52.840Z,2025-10-17T19:53:52.988Z
QQQ251020C00611000,QQQ251020C00611000,BUY,FILLED,10.0,10.0,@0.52,0.52,DAY,2025-10-17T19:47:46.097Z,2025-10-17T19:47:46.321Z
UUUU251121P00024000,UUUU251121P00024000,SELL,FILLED,3.0,3.0,@5.9,5.9,DAY,2025-10-17T17:22:02.260Z,2025-10-17T17:22:09.942Z
SLV251219C00046000,SLV251219C00046000,SELL,FILLED,3.0,3.0,@3.4,3.4,DAY,2025-10-17T17:21:12.088Z,2025-10-17T17:21:12.123Z
SLV251219C00046000,SLV251219C00046000,BUY,FILLED,6.0,6.0,@3.55,3.55,DAY,2025-10-17T17:16:54.683Z,2025-10-17T17:16:54.742Z
CRWV251017P00126000,CRWV251017P00126000,SELL,FILLED,3.0,3.0,@0.06,0.06,DAY,2025-10-17T16:49:49.572Z,2025-10-17T16:49:49.650Z
CRWV251121P00110000,CRWV251121P00110000,SELL,FILLED,3.0,3.0,@5.25,5.5,DAY,2025-10-17T16:49:43.233Z,2025-10-17T16:49:43.283Z
QQQ251017P00594000,QQQ251017P00594000,SELL,FILLED,10.0,10.0,@0.29,0.29,DAY,2025-10-17T16:27:54.619Z,2025-10-17T16:27:55.470Z
QQQ251017P00594000,QQQ251017P00594000,BUY,FILLED,10.0,10.0,@0.36,0.35,DAY,2025-10-17T16:16:36.322Z,2025-10-17T16:16:36.719Z
ORCL251219P00280000,ORCL251219P00280000,BUY,FILLED,1.0,1.0,@21.35,21.35,DAY,2025-10-17T16:13:26.099Z,2025-10-17T16:13:26.133Z
QQQ251017P00594000,QQQ251017P00594000,SELL,FILLED,5.0,5.0,@0.9,0.91,DAY,2025-10-17T15:40:58.370Z,2025-10-17T15:40:58.500Z
INTC251121C00040000,INTC251121C00040000,SELL,FILLED,4.0,4.0,@2.44,2.44,DAY,2025-10-17T15:31:43.957Z,2025-10-17T15:31:44.034Z
ALAB251017P00150000,ALAB251017P00150000,SELL,FILLED,2.0,2.0,@0.95,0.95,DAY,2025-10-17T15:20:46.484Z,2025-10-17T15:20:55.138Z
CRWV251017P00126000,CRWV251017P00126000,BUY,FILLED,3.0,3.0,@0.77,0.77,DAY,2025-10-17T15:20:39.889Z,2025-10-17T15:21:03.557Z
ALAB251017P00150000,ALAB251017P00150000,BUY,FILLED,2.0,2.0,@1.0,1.0,DAY,2025-10-17T15:12:51.502Z,2025-10-17T15:13:01.702Z
QQQ251017P00594000,QQQ251017P00594000,BUY,FILLED,5.0,5.0,@1.1,1.09,DAY,2025-10-17T15:12:09.215Z,2025-10-17T15:12:24.951Z
KRE251121P00053000,KRE251121P00053000,BUY,FILLED,10.0,10.0,@1.17,1.16,DAY,2025-10-17T15:10:20.634Z,2025-10-17T15:10:20.679Z
CRWV251121P00110000,CRWV251121P00110000,BUY,FILLED,1.0,1.0,@6.05,5.98,DAY,2025-10-17T15:04:49.067Z,2025-10-17T15:04:49.199Z
CRWV251121P00110000,CRWV251121P00110000,BUY,FILLED,2.0,2.0,@6.1,5.9,DAY,2025-10-17T15:04:35.512Z,2025-10-17T15:04:35.553Z
CRWV251031P00130000,CRWV251031P00130000,BUY,CANCELLED,0.0,2.0,@8.1,,DAY,2025-10-17T15:04:04.316Z,
ALAB251017P00150000,ALAB251017P00150000,SELL,FILLED,2.0,2.0,@0.5,0.59,DAY,2025-10-17T14:16:28.004Z,2025-10-17T14:16:40.687Z
CRWV251031P00130000,CRWV251031P00130000,SELL,FILLED,2.0,2.0,@6.8,6.8,DAY,2025-10-17T14:15:49.634Z,2025-10-17T14:15:49.692Z
INTC251121C00040000,INTC251121C00040000,BUY,FILLED,4.0,4.0,@3.0,3.0,DAY,2025-10-17T14:15:43.839Z,2025-10-17T14:15:44.401Z
SLV251017P00046500,SLV251017P00046500,SELL,FILLED,10.0,10.0,@0.18,0.19,DAY,2025-10-17T14:12:05.949Z,2025-10-17T14:12:18.499Z
SLV251017P00046500,SLV251017P00046500,BUY,FILLED,10.0,10.0,@0.24,0.23,DAY,2025-10-17T14:04:53.236Z,2025-10-17T14:04:53.270Z
SLV251219C00047500,SLV251219C00047500,SELL,FILLED,10.0,10.0,@3.25,3.25,DAY,2025-10-17T14:02:42.279Z,2025-10-17T14:02:42.333Z
KRE251121P00058000,KRE251121P00058000,SELL,FILLED,4.0,4.0,@2.52,2.52,DAY,2025-10-17T13:48:03.108Z,2025-10-17T13:48:03.581Z
TLT251231C00090000,TLT251231C00090000,BUY,FILLED,2.0,2.0,@2.67,2.66,DAY,2025-10-17T13:47:02.707Z,2025-10-17T13:47:02.868Z
TLT251231C00090000,TLT251231C00090000,BUY,FILLED,3.0,3.0,@2.66,2.65,DAY,2025-10-17T13:46:36.664Z,2025-10-17T13:46:36.800Z
BMNR251121P00050000,BMNR251121P00050000,SELL,FILLED,1.0,1.0,@7.0,7.0,DAY,2025-10-17T13:39:00.455Z,2025-10-17T13:39:00.494Z
JEF251219P00055000,JEF251219P00055000,SELL,FILLED,1.0,1.0,@7.1,7.1,DAY,2025-10-17T13:36:02.729Z,2025-10-17T13:36:11.563Z
KYIV251121C00020000,KYIV251121C00020000,SELL,FILLED,10.0,10.0,@0.25,0.3,DAY,2025-10-17T13:35:21.973Z,2025-10-17T13:35:46.819Z
SKYT251024P00016000,SKYT251024P00016000,SELL,FILLED,4.0,4.0,@0.9,0.95,DAY,2025-10-17T13:34:57.051Z,2025-10-17T13:35:06.010Z
UVXY251017C00016000,UVXY251017C00016000,SELL,FILLED,25.0,25.0,@0.04,0.04,DAY,2025-10-17T13:34:37.763Z,2025-10-17T13:34:45.577Z
SLV251219C00047500,SLV251219C00047500,SELL,FILLED,5.0,5.0,@3.65,3.65,DAY,2025-10-17T13:33:11.329Z,2025-10-17T13:33:11.362Z
ALAB251017P00150000,ALAB251017P00150000,BUY,FILLED,2.0,2.0,@0.95,0.95,DAY,2025-10-17T13:31:54.044Z,2025-10-17T13:31:54.113Z
KRE251024P00053000,KRE251024P00053000,BUY,FILLED,5.0,5.0,@0.94,0.93,DAY,2025-10-16T19:59:13.971Z,2025-10-16T19:59:14.019Z
SKYT251024P00016000,SKYT251024P00016000,BUY,FILLED,4.0,4.0,@0.95,0.95,DAY,2025-10-16T19:56:52.855Z,2025-10-16T19:56:52.897Z
QQQ251017P00598000,QQQ251017P00598000,SELL,FILLED,1.0,1.0,@2.82,2.82,DAY,2025-10-16T19:54:43.010Z,2025-10-16T19:54:43.353Z
BMNR251121P00050000,BMNR251121P00050000,BUY,FILLED,1.0,1.0,@6.5,6.5,DAY,2025-10-16T19:43:26.767Z,2025-10-16T19:43:26.812Z
JEF251219P00055000,JEF251219P00055000,SELL,FILLED,1.0,1.0,@8.3,8.3,DAY,2025-10-16T19:34:31.131Z,2025-10-16T19:34:31.162Z
MSTR251219P00305000,MSTR251219P00305000,SELL,CANCELLED,0.0,1.0,@24.3,,DAY,2025-10-16T19:33:54.535Z,
MSTR251219P00255000,MSTR251219P00255000,BUY,CANCELLED,0.0,1.0,@24.3,,DAY,2025-10-16T19:33:54.535Z,
KRE251121P00058000,KRE251121P00058000,SELL,FILLED,3.0,3.0,@3.1,3.15,DAY,2025-10-16T19:19:20.324Z,2025-10-16T19:19:20.397Z
KRE251017P00054000,KRE251017P00054000,SELL,FILLED,10.0,10.0,@0.2,0.21,DAY,2025-10-16T19:19:07.876Z,2025-10-16T19:19:07.946Z
KRE251017P00054000,KRE251017P00054000,BUY,FILLED,10.0,10.0,@0.29,0.27,DAY,2025-10-16T19:18:36.011Z,2025-10-16T19:18:36.247Z
HL251121C00015000,HL251121C00015000,SELL,FILLED,9.0,9.0,@1.78,1.8,DAY,2025-10-16T19:16:48.568Z,2025-10-16T19:16:48.784Z
KRE251219P00060000,KRE251219P00060000,BUY,FILLED,3.0,3.0,@4.7,4.62,DAY,2025-10-16T19:16:26.838Z,2025-10-16T19:16:26.977Z
TLT251231C00090000,TLT251231C00090000,BUY,FILLED,5.0,5.0,@2.8,2.8,DAY,2025-10-16T18:22:53.465Z,2025-10-16T18:22:53.608Z
QQQ251017P00598000,QQQ251017P00598000,SELL,FILLED,1.0,1.0,@4.77,4.82,DAY,2025-10-16T18:12:34.113Z,2025-10-16T18:12:34.325Z
UVXY251017C00016000,UVXY251017C00016000,BUY,FILLED,25.0,25.0,@0.22,0.21,DAY,2025-10-16T16:31:18.327Z,2025-10-16T16:31:18.416Z
KYIV251121C00020000,KYIV251121C00020000,BUY,FILLED,10.0,10.0,@0.6,0.6,DAY,2025-10-16T16:29:20.904Z,2025-10-16T16:29:21.005Z
CRWV251031P00130000,CRWV251031P00130000,BUY,FILLED,2.0,2.0,@5.95,5.95,DAY,2025-10-16T16:26:56.429Z,2025-10-16T16:27:01.914Z
ALAB251219P00150000,ALAB251219P00150000,SELL,FILLED,1.0,1.0,@18.0,18.0,DAY,2025-10-16T16:25:10.831Z,2025-10-16T16:25:10.884Z
ALAB251219P00150000,ALAB251219P00150000,BUY,FILLED,1.0,1.0,@18.6,18.6,DAY,2025-10-16T15:58:31.443Z,2025-10-16T15:58:59.171Z
AMD251219P00230000,AMD251219P00230000,SELL,FILLED,1.0,1.0,@19.8,19.8,DAY,2025-10-16T15:57:56.561Z,2025-10-16T15:57:56.591Z
AMD251219P00230000,AMD251219P00230000,BUY,FILLED,1.0,1.0,@20.05,20.0,DAY,2025-10-16T15:57:11.340Z,2025-10-16T15:57:11.390Z
QQQ251017P00598000,QQQ251017P00598000,BUY,FILLED,2.0,2.0,@2.18,2.18,DAY,2025-10-16T15:55:36.547Z,2025-10-16T15:55:37.029Z
MU251219C00230000,MU251219C00230000,SELL,FILLED,2.0,2.0,@14.25,14.25,DAY,2025-10-16T15:54:59.127Z,2025-10-16T15:54:59.188Z
MU251017C00212500,MU251017C00212500,SELL,FILLED,2.0,2.0,@1.1,1.12,DAY,2025-10-16T15:42:00.667Z,2025-10-16T15:42:00.821Z
KRE251219P00060000,KRE251219P00060000,BUY,FILLED,3.0,3.0,@3.2,3.17,DAY,2025-10-16T15:34:32.818Z,2025-10-16T15:34:32.862Z
ZION251121P00047500,ZION251121P00047500,BUY,CANCELLED,0.0,5.0,@1.75,,DAY,2025-10-16T15:32:46.410Z,
QQQ251016P00602000,QQQ251016P00602000,SELL,FILLED,2.0,2.0,@0.69,0.69,DAY,2025-10-16T15:04:32.051Z,2025-10-16T15:04:32.120Z
MU251017C00212500,MU251017C00212500,BUY,FILLED,2.0,2.0,@1.18,1.18,DAY,2025-10-16T14:23:24.274Z,2025-10-16T14:23:24.312Z
UUUU251121P00024000,UUUU251121P00024000,SELL,FILLED,2.0,2.0,@4.2,4.2,DAY,2025-10-16T14:13:27.328Z,2025-10-16T14:13:46.755Z
QQQ251016P00602000,QQQ251016P00602000,BUY,FILLED,2.0,2.0,@1.14,1.14,DAY,2025-10-16T14:05:11.804Z,2025-10-16T14:05:20.326Z
IONQ251219P00049000,IONQ251219P00049000,BUY,FILLED,2.0,2.0,@3.9,3.77,DAY,2025-10-16T14:01:43.604Z,2025-10-16T14:01:43.808Z
JEF251219P00055000,JEF251219P00055000,BUY,FILLED,4.0,4.0,@4.6,4.6,DAY,2025-10-16T13:32:21.397Z,2025-10-16T13:32:25.480Z
OWL251121P00014000,OWL251121P00014000,SELL,FILLED,18.0,18.0,@0.15,0.15,DAY,2025-10-16T13:31:56.471Z,2025-10-16T13:32:44.021Z
ASML251219P00880000,ASML251219P00880000,SELL,FILLED,1.0,1.0,@13.2,13.4,DAY,2025-10-16T13:31:43.656Z,2025-10-16T13:31:43.897Z
MU251219C00230000,MU251219C00230000,BUY,FILLED,2.0,2.0,@11.55,11.55,DAY,2025-10-16T13:31:23.763Z,2025-10-16T13:31:27.979Z
MU251017C00205000,MU251017C00205000,SELL,FILLED,10.0,10.0,@1.44,1.83,DAY,2025-10-16T13:31:01.988Z,2025-10-16T13:31:02.627Z
MU251017C00205000,MU251017C00205000,BUY,FILLED,10.0,10.0,@1.57,1.57,DAY,2025-10-16T13:30:47.657Z,2025-10-16T13:30:47.691Z
HIMS251219C00055000,HIMS251219C00055000,SELL,FILLED,1.0,1.0,@14.95,14.95,DAY,2025-10-16T13:30:21.360Z,2025-10-16T13:30:23.534Z
QQQ251015P00589000,QQQ251015P00589000,SELL,FILLED,15.0,15.0,@0.01,0.01,DAY,2025-10-15T19:50:45.146Z,2025-10-15T19:50:45.623Z
HL251121C00015000,HL251121C00015000,BUY,FILLED,9.0,9.0,@1.19,1.19,DAY,2025-10-15T19:35:40.520Z,2025-10-15T19:35:40.562Z
HIMS251219C00055000,HIMS251219C00055000,BUY,FILLED,1.0,1.0,@16.0,16.0,DAY,2025-10-15T19:08:38.477Z,2025-10-15T19:08:38.600Z
CRDO260116P00135000,CRDO260116P00135000,SELL,FILLED,1.0,1.0,@24.3,24.3,DAY,2025-10-15T19:03:47.215Z,2025-10-15T19:03:47.268Z
KRE251121P00058000,KRE251121P00058000,BUY,FILLED,10.0,10.0,@1.01,0.97,DAY,2025-10-15T17:52:24.679Z,2025-10-15T17:52:24.761Z
TLT251231C00090000,TLT251231C00090000,SELL,FILLED,10.0,10.0,@2.29,2.29,DAY,2025-10-15T17:30:55.932Z,2025-10-15T17:30:56.144Z
CVNA251121P00330000,CVNA251121P00330000,BUY,FILLED,1.0,1.0,@23.85,23.85,DAY,2025-10-15T17:22:52.181Z,2025-10-15T17:22:52.225Z
QQQ251015P00589000,QQQ251015P00589000,SELL,FILLED,15.0,15.0,@0.45,0.45,DAY,2025-10-15T17:16:53.169Z,2025-10-15T17:17:02.462Z
ASML251219P00880000,ASML251219P00880000,BUY,FILLED,1.0,1.0,@20.8,20.7,DAY,2025-10-15T17:16:26.814Z,2025-10-15T17:16:26.857Z
MSTR251219P00305000,MSTR251219P00305000,BUY,FILLED,1.0,1.0,@35.55,35.5,DAY,2025-10-15T16:16:12.422Z,2025-10-15T16:16:12.505Z
INTC251219C00036000,INTC251219C00036000,SELL,FILLED,2.0,2.0,@4.15,4.15,DAY,2025-10-15T16:14:42.529Z,2025-10-15T16:14:42.571Z
GOOG251219C00265000,GOOG251219C00265000,SELL,FILLED,1.0,1.0,@10.4,10.4,DAY,2025-10-15T16:14:32.148Z,2025-10-15T16:14:32.200Z
UUUU251121P00024000,UUUU251121P00024000,BUY,FILLED,2.0,2.0,@4.4,4.38,DAY,2025-10-15T16:14:24.079Z,2025-10-15T16:14:24.329Z
IONQ251219P00070000,IONQ251219P00070000,BUY,FILLED,1.0,1.0,@11.6,11.6,DAY,2025-10-15T15:30:15.183Z,2025-10-15T15:30:44.620Z
QQQ251015P00589000,QQQ251015P00589000,BUY,FILLED,20.0,20.0,@0.06,0.06,DAY,2025-10-15T15:27:41.507Z,2025-10-15T15:27:41.621Z
QQQ251015P00589000,QQQ251015P00589000,BUY,FILLED,5.0,5.0,@0.08,0.07,DAY,2025-10-15T15:07:24.215Z,2025-10-15T15:07:24.332Z
GOOG251219C00265000,GOOG251219C00265000,SELL,FILLED,1.0,1.0,@10.15,10.18,DAY,2025-10-15T15:03:50.852Z,2025-10-15T15:03:50.994Z
INTC251219C00036000,INTC251219C00036000,SELL,FILLED,3.0,3.0,@4.35,4.35,DAY,2025-10-15T14:58:03.321Z,2025-10-15T14:58:03.437Z
CRDO260116P00135000,CRDO260116P00135000,BUY,FILLED,1.0,1.0,@24.0,23.69,DAY,2025-10-15T14:56:35.539Z,2025-10-15T14:56:35.836Z
UUUU251121P00024000,UUUU251121P00024000,BUY,FILLED,1.0,1.0,@4.2,4.2,DAY,2025-10-15T14:35:52.963Z,2025-10-15T14:35:53.083Z
INTC251219C00036000,INTC251219C00036000,BUY,FILLED,5.0,5.0,@4.3,4.3,DAY,2025-10-15T14:31:48.692Z,2025-10-15T14:31:56.864Z
GOOG251219C00265000,GOOG251219C00265000,BUY,FILLED,2.0,2.0,@11.0,10.86,DAY,2025-10-15T14:23:44.499Z,2025-10-15T14:23:44.638Z
ASML251017P00865000,ASML251017P00865000,SELL,FILLED,1.0,1.0,@0.15,0.15,DAY,2025-10-15T13:49:45.626Z,2025-10-15T13:49:45.713Z
UUUU251121P00024000,UUUU251121P00024000,BUY,FILLED,2.0,2.0,@3.9,3.9,DAY,2025-10-15T13:40:09.521Z,2025-10-15T13:40:09.573Z
ASML251121P00870000,ASML251121P00870000,SELL,FILLED,1.0,1.0,@7.7,7.7,DAY,2025-10-15T13:38:27.158Z,2025-10-15T13:38:34.186Z
QTUM251121P00111000,QTUM251121P00111000,SELL,FILLED,3.0,3.0,@2.9,3.56,DAY,2025-10-15T13:37:37.577Z,2025-10-15T13:37:37.715Z
CVNA251219P00310000,CVNA251219P00310000,SELL,FILLED,1.0,1.0,@21.75,21.75,DAY,2025-10-15T13:36:59.490Z,2025-10-15T13:38:13.846Z
NVDA251017P00175000,NVDA251017P00175000,SELL,FILLED,2.0,2.0,@0.65,0.66,DAY,2025-10-15T13:33:14.781Z,2025-10-15T13:33:42.127Z
ASML251121P00870000,ASML251121P00870000,SELL,FILLED,1.0,1.0,@7.7,7.7,DAY,2025-10-15T13:32:57.839Z,2025-10-15T13:32:57.882Z
QTUM251121P00111000,QTUM251121P00111000,SELL,FILLED,2.0,2.0,@2.9,2.9,DAY,2025-10-15T13:32:18.509Z,2025-10-15T13:37:25.046Z
MSTR251031P00285000,MSTR251031P00285000,SELL,FILLED,2.0,2.0,@11.2,11.2,DAY,2025-10-15T13:31:24.827Z,2025-10-15T13:31:26.558Z
ASML251219P00880000,ASML251219P00880000,SELL,FILLED,2.0,2.0,@14.8,14.8,DAY,2025-10-15T13:30:46.122Z,2025-10-15T13:30:46.170Z
ASML251121P00870000,ASML251121P00870000,SELL,CANCELLED,0.0,1.0,@7.9,,DAY,2025-10-15T13:30:23.326Z,
QQQ251015P00589000,QQQ251015P00589000,BUY,FILLED,5.0,5.0,@1.11,1.1,DAY,2025-10-14T19:49:56.855Z,2025-10-14T19:49:57.027Z
QQQ251015P00596000,QQQ251015P00596000,SELL,FILLED,1.0,1.0,@2.36,2.38,DAY,2025-10-14T19:46:56.493Z,2025-10-14T19:46:56.542Z
UUUU260116C00022000,UUUU260116C00022000,SELL,FILLED,1.0,1.0,@9.3,9.3,DAY,2025-10-14T19:46:36.294Z,2025-10-14T19:46:36.358Z
ASML251219P00880000,ASML251219P00880000,BUY,FILLED,1.0,1.0,@27.2,27.2,DAY,2025-10-14T19:46:12.386Z,2025-10-14T19:46:17.273Z
AMD251219P00210000,AMD251219P00210000,SELL,FILLED,1.0,1.0,@16.4,16.4,DAY,2025-10-14T19:46:04.433Z,2025-10-14T19:46:28.369Z
QQQ251015P00596000,QQQ251015P00596000,SELL,FILLED,1.0,1.0,@1.67,1.74,DAY,2025-10-14T19:39:54.009Z,2025-10-14T19:39:54.143Z
QQQ251015P00596000,QQQ251015P00596000,BUY,FILLED,2.0,2.0,@1.16,1.16,DAY,2025-10-14T19:34:25.136Z,2025-10-14T19:34:25.183Z
ASML251219P00880000,ASML251219P00880000,BUY,FILLED,1.0,1.0,@25.5,25.5,DAY,2025-10-14T19:33:34.831Z,2025-10-14T19:33:34.901Z
AMD251219P00210000,AMD251219P00210000,SELL,FILLED,1.0,1.0,@15.1,15.1,DAY,2025-10-14T19:33:06.648Z,2025-10-14T19:33:07.069Z
NVDA251017P00175000,NVDA251017P00175000,BUY,FILLED,2.0,2.0,@1.05,1.05,DAY,2025-10-14T17:40:00.077Z,2025-10-14T17:40:00.125Z
QQQ251014P00598000,QQQ251014P00598000,SELL,FILLED,4.0,4.0,@0.36,0.36,DAY,2025-10-14T17:05:34.597Z,2025-10-14T17:05:43.447Z
QQQ251014P00598000,QQQ251014P00598000,BUY,FILLED,4.0,4.0,@0.57,0.57,DAY,2025-10-14T17:01:49.836Z,2025-10-14T17:01:49.979Z
CVNA251219P00310000,CVNA251219P00310000,BUY,FILLED,1.0,1.0,@26.3,26.3,DAY,2025-10-14T16:26:17.362Z,2025-10-14T16:26:17.399Z
QQQ251014P00597000,QQQ251014P00597000,SELL,FILLED,2.0,2.0,@0.86,0.86,DAY,2025-10-14T16:12:02.436Z,2025-10-14T16:12:03.113Z
QQQ251014P00597000,QQQ251014P00597000,BUY,FILLED,2.0,2.0,@1.08,1.05,DAY,2025-10-14T16:07:47.046Z,2025-10-14T16:07:47.357Z
QQQ251014C00598000,QQQ251014C00598000,SELL,FILLED,1.0,1.0,@2.19,2.2,DAY,2025-10-14T16:04:24.932Z,2025-10-14T16:04:25.064Z
TLT251231C00090000,TLT251231C00090000,BUY,FILLED,10.0,10.0,@2.47,2.45,DAY,2025-10-14T16:04:08.466Z,2025-10-14T16:04:17.157Z
QQQ251014C00598000,QQQ251014C00598000,SELL,FILLED,1.0,1.0,@2.44,2.44,DAY,2025-10-14T15:58:22.847Z,2025-10-14T15:58:27.567Z
QQQ251014C00598000,QQQ251014C00598000,SELL,FILLED,1.0,1.0,@2.45,2.51,DAY,2025-10-14T15:57:34.021Z,2025-10-14T15:57:34.165Z
QQQ251014C00598000,QQQ251014C00598000,BUY,FILLED,1.0,1.0,@2.34,2.34,DAY,2025-10-14T15:47:18.642Z,2025-10-14T15:47:19.593Z
CVNA251121P00330000,CVNA251121P00330000,SELL,FILLED,1.0,1.0,@29.35,29.4,DAY,2025-10-14T15:45:21.133Z,2025-10-14T15:45:21.207Z
CVNA251219P00280000,CVNA251219P00280000,SELL,FILLED,1.0,1.0,@17.25,17.25,DAY,2025-10-14T15:45:10.408Z,2025-10-14T15:45:10.480Z
SLV251121C00047000,SLV251121C00047000,SELL,FILLED,6.0,6.0,@2.38,2.38,DAY,2025-10-14T15:03:33.811Z,2025-10-14T15:03:34.383Z
GLD251219C00375000,GLD251219C00375000,SELL,FILLED,2.0,2.0,@17.25,17.25,DAY,2025-10-14T15:03:00.319Z,2025-10-14T15:03:00.436Z
QQQ251014C00598000,QQQ251014C00598000,BUY,FILLED,2.0,2.0,@1.83,1.77,DAY,2025-10-14T14:46:21.816Z,2025-10-14T14:46:21.957Z
QQQ251014C00598000,QQQ251014C00598000,SELL,FILLED,2.0,2.0,@1.56,1.56,DAY,2025-10-14T14:35:26.917Z,2025-10-14T14:35:35.581Z
QQQ251014C00598000,QQQ251014C00598000,BUY,FILLED,2.0,2.0,@1.08,1.08,DAY,2025-10-14T14:20:36.965Z,2025-10-14T14:20:49.051Z
ADBE251017P00322500,ADBE251017P00322500,SELL,FILLED,2.0,2.0,@0.9,0.9,DAY,2025-10-14T14:01:29.624Z,2025-10-14T14:01:29.682Z
SLV251219C00047500,SLV251219C00047500,BUY,FILLED,5.0,5.0,@2.64,2.64,DAY,2025-10-14T13:59:09.643Z,2025-10-14T13:59:09.841Z
ADBE251017P00322500,ADBE251017P00322500,BUY,FILLED,2.0,2.0,@1.82,1.77,DAY,2025-10-14T13:51:49.817Z,2025-10-14T13:51:49.869Z
QQQ251014P00589000,QQQ251014P00589000,SELL,FILLED,2.0,2.0,,2.01,DAY,2025-10-14T13:45:32.181Z,2025-10-14T13:45:44.201Z
CVNA251219P00280000,CVNA251219P00280000,BUY,FILLED,1.0,1.0,@20.75,20.75,DAY,2025-10-14T13:36:49.995Z,2025-10-14T13:36:58.526Z
ACHR260116C00011000,ACHR260116C00011000,SELL,FILLED,3.0,3.0,@2.7,2.7,DAY,2025-10-14T13:31:41.610Z,2025-10-14T13:32:08.499Z
SNAP260918C00007000,SNAP260918C00007000,SELL,FILLED,5.0,5.0,@2.61,2.66,DAY,2025-10-14T13:31:35.128Z,2025-10-14T13:31:35.299Z
QQQ251014P00589000,QQQ251014P00589000,BUY,FILLED,2.0,2.0,@1.13,1.13,DAY,2025-10-14T13:31:21.607Z,2025-10-14T13:31:22.056Z
TLT251231C00090000,TLT251231C00090000,BUY,FILLED,10.0,10.0,@2.48,2.48,DAY,2025-10-14T13:31:10.375Z,2025-10-14T13:31:10.468Z
ACHR260116C00011000,ACHR260116C00011000,BUY,FILLED,3.0,3.0,@3.25,3.24,DAY,2025-10-13T19:54:26.277Z,2025-10-13T19:54:26.613Z
UUUU260116C00022000,UUUU260116C00022000,SELL,FILLED,1.0,1.0,@7.1,7.1,DAY,2025-10-13T15:42:42.662Z,2025-10-13T15:42:42.730Z
TLT251219C00090000,TLT251219C00090000,SELL,FILLED,15.0,15.0,@2.08,2.08,DAY,2025-10-13T15:37:43.138Z,2025-10-13T15:37:43.219Z
ASML251121P00870000,ASML251121P00870000,BUY,FILLED,1.0,1.0,@19.1,19.1,DAY,2025-10-13T14:52:47.146Z,2025-10-13T14:52:47.192Z
ARM260116P00170000,ARM260116P00170000,SELL,FILLED,1.0,1.0,@23.05,23.1,DAY,2025-10-13T14:52:37.938Z,2025-10-13T14:52:38.070Z
QCOM251017P00150000,QCOM251017P00150000,SELL,FILLED,5.0,5.0,@0.55,0.56,DAY,2025-10-13T14:34:27.746Z,2025-10-13T14:34:27.998Z
GLD251219C00375000,GLD251219C00375000,BUY,FILLED,2.0,2.0,@15.2,15.1,DAY,2025-10-13T14:31:12.446Z,2025-10-13T14:31:12.599Z
AVGO251017C00380000,AVGO251017C00380000,SELL,FILLED,1.0,1.0,@1.85,1.85,DAY,2025-10-13T14:23:49.396Z,2025-10-13T14:24:03.714Z
SLV251013C00046000,SLV251013C00046000,SELL,FILLED,5.0,5.0,@1.09,1.09,DAY,2025-10-13T14:23:32.478Z,2025-10-13T14:23:32.663Z
QQQ251013P00582000,QQQ251013P00582000,BUY,FILLED,6.0,6.0,@0.17,0.17,DAY,2025-10-13T14:22:43.555Z,2025-10-13T14:22:44.773Z
SLV251219C00047500,SLV251219C00047500,BUY,FILLED,10.0,10.0,@0.13,0.13,DAY,2025-10-13T14:10:38.507Z,2025-10-13T14:10:38.592Z
SLV251121C00046500,SLV251121C00046500,SELL,FILLED,10.0,10.0,@0.13,0.13,DAY,2025-10-13T14:10:38.507Z,2025-10-13T14:10:38.592Z
AVGO251017C00380000,AVGO251017C00380000,BUY,FILLED,1.0,1.0,@2.62,2.62,DAY,2025-10-13T14:07:07.605Z,2025-10-13T14:07:07.649Z
TLT251219C00090000,TLT251219C00090000,BUY,FILLED,15.0,15.0,@0.49,0.49,DAY,2025-10-13T13:57:06.304Z,2025-10-13T13:57:06.552Z
TLT251121C00090000,TLT251121C00090000,SELL,FILLED,15.0,15.0,@0.49,0.49,DAY,2025-10-13T13:57:06.304Z,2025-10-13T13:57:06.552Z
SLV251013C00046000,SLV251013C00046000,SELL,FILLED,5.0,5.0,,0.85,DAY,2025-10-13T13:51:39.023Z,2025-10-13T15:24:18.889Z
QCOM251017P00150000,QCOM251017P00150000,SELL,CANCELLED,0.0,5.0,@1.06,,DAY,2025-10-13T13:45:02.246Z,
ASML251017P00865000,ASML251017P00865000,BUY,FILLED,1.0,1.0,@6.2,6.2,DAY,2025-10-13T13:36:42.310Z,2025-10-13T13:36:50.764Z
AMD251219P00210000,AMD251219P00210000,BUY,FILLED,2.0,2.0,@3.12,3.12,DAY,2025-10-13T13:35:34.514Z,2025-10-13T13:35:34.571Z
AMD251121P00210000,AMD251121P00210000,SELL,FILLED,2.0,2.0,@3.12,3.12,DAY,2025-10-13T13:35:34.514Z,2025-10-13T13:35:34.571Z
ASML251121P00870000,ASML251121P00870000,BUY,FILLED,1.0,1.0,@20.1,20.1,DAY,2025-10-13T13:34:31.474Z,2025-10-13T13:35:43.565Z
UUUU260116C00022000,UUUU260116C00022000,SELL,FILLED,2.0,2.0,@6.6,6.6,DAY,2025-10-13T13:32:46.225Z,2025-10-13T13:32:46.264Z
AMD251121P00180000,AMD251121P00180000,SELL,FILLED,6.0,6.0,@4.2,4.2,DAY,2025-10-13T13:32:01.176Z,2025-10-13T13:32:05.917Z
SLV251013C00046000,SLV251013C00046000,SELL,FILLED,5.0,5.0,@0.91,0.92,DAY,2025-10-13T13:30:58.502Z,2025-10-13T13:30:58.635Z
QQQ251013P00582000,QQQ251013P00582000,BUY,FILLED,6.0,6.0,@1.62,1.62,DAY,2025-10-10T19:33:52.924Z,2025-10-10T19:33:55.401Z
QCOM251017P00150000,QCOM251017P00150000,BUY,FILLED,5.0,5.0,@1.04,1.04,DAY,2025-10-10T16:21:17.796Z,2025-10-10T16:21:17.953Z
QQQ251013P00603000,QQQ251013P00603000,SELL,FILLED,1.0,1.0,,6.64,DAY,2025-10-10T15:43:05.595Z,2025-10-10T15:43:05.726Z
QCOM251010P00160000,QCOM251010P00160000,SELL,FILLED,5.0,5.0,@1.6,1.6,DAY,2025-10-10T15:28:51.444Z,2025-10-10T15:28:51.490Z
QQQ251010P00601000,QQQ251010P00601000,SELL,FILLED,3.0,3.0,@3.46,3.68,DAY,2025-10-10T15:26:18.664Z,2025-10-10T15:26:19.216Z
QQQ251013P00603000,QQQ251013P00603000,SELL,FILLED,1.0,1.0,@5.45,5.45,DAY,2025-10-10T15:21:45.637Z,2025-10-10T15:21:49.829Z
QCOM251010P00160000,QCOM251010P00160000,SELL,FILLED,5.0,5.0,@1.56,1.56,DAY,2025-10-10T15:21:06.043Z,2025-10-10T15:21:13.645Z
UUUU260116C00022000,UUUU260116C00022000,BUY,FILLED,4.0,4.0,@5.4,5.4,DAY,2025-10-10T15:13:35.875Z,2025-10-10T15:13:36.079Z
QQQ251010P00601000,QQQ251010P00601000,BUY,FILLED,3.0,3.0,@1.44,1.37,DAY,2025-10-10T15:08:21.226Z,2025-10-10T15:08:21.260Z
MSTR251031P00285000,MSTR251031P00285000,BUY,FILLED,2.0,2.0,@8.6,8.6,DAY,2025-10-10T15:04:58.523Z,2025-10-10T15:05:07.204Z
AMD251121P00180000,AMD251121P00180000,BUY,FILLED,6.0,6.0,@4.25,4.08,DAY,2025-10-10T15:02:40.292Z,2025-10-10T15:02:40.425Z
ORCL251219C00340000,ORCL251219C00340000,SELL,FILLED,1.0,1.0,@16.7,16.7,DAY,2025-10-10T15:01:33.568Z,2025-10-10T15:01:41.585Z
TLT251121C00090000,TLT251121C00090000,BUY,FILLED,15.0,15.0,@1.72,1.72,DAY,2025-10-10T15:00:23.314Z,2025-10-10T15:00:27.114Z
ORCL251219C00340000,ORCL251219C00340000,BUY,FILLED,1.0,1.0,@19.05,19.05,DAY,2025-10-10T14:48:51.905Z,2025-10-10T14:48:52.010Z
ARM260116P00170000,ARM260116P00170000,BUY,FILLED,1.0,1.0,@21.9,21.9,DAY,2025-10-10T14:44:18.639Z,2025-10-10T14:44:18.770Z
QCOM251010P00160000,QCOM251010P00160000,BUY,FILLED,10.0,10.0,@0.3,0.28,DAY,2025-10-10T13:34:14.242Z,2025-10-10T13:34:14.324Z
MSTR251121P00305000,MSTR251121P00305000,SELL,FILLED,1.0,1.0,@19.7,19.7,DAY,2025-10-09T19:53:07.166Z,2025-10-09T19:53:08.331Z
SLV251121C00047000,SLV251121C00047000,BUY,FILLED,6.0,6.0,@1.51,1.47,DAY,2025-10-09T19:52:42.934Z,2025-10-09T19:52:43.187Z
SLV251121C00046500,SLV251121C00046500,SELL,FILLED,10.0,10.0,@1.34,1.34,DAY,2025-10-09T19:08:04.606Z,2025-10-09T19:08:04.635Z
CRWV251010P00108000,CRWV251010P00108000,SELL,FILLED,9.0,9.0,@0.08,0.08,DAY,2025-10-09T18:22:42.762Z,2025-10-09T18:23:06.064Z
QQQ251013P00603000,QQQ251013P00603000,SELL,FILLED,2.0,2.0,@1.29,1.29,DAY,2025-10-09T18:22:12.456Z,2025-10-09T18:22:14.654Z
SLV251013C00046000,SLV251013C00046000,BUY,FILLED,15.0,15.0,@0.29,0.29,DAY,2025-10-09T18:20:08.025Z,2025-10-09T18:20:08.105Z
QQQ251013P00603000,QQQ251013P00603000,BUY,FILLED,4.0,4.0,@1.39,1.39,DAY,2025-10-09T17:49:22.089Z,2025-10-09T17:49:22.253Z
SLV251121C00046500,SLV251121C00046500,BUY,FILLED,20.0,20.0,@1.16,1.16,DAY,2025-10-09T17:47:58.506Z,2025-10-09T17:47:58.545Z
MSTR251121P00305000,MSTR251121P00305000,BUY,FILLED,1.0,1.0,@20.0,19.95,DAY,2025-10-09T17:34:59.210Z,2025-10-09T17:34:59.244Z
UUUU251121C00020000,UUUU251121C00020000,SELL,FILLED,3.0,3.0,@2.85,2.85,DAY,2025-10-09T17:33:11.136Z,2025-10-09T17:33:11.210Z
OWL251121P00014000,OWL251121P00014000,BUY,FILLED,18.0,18.0,@0.3,0.29,DAY,2025-10-09T16:46:19.403Z,2025-10-09T16:46:19.643Z
BILI251121C00031000,BILI251121C00031000,SELL,FILLED,4.0,4.0,@2.09,2.1,DAY,2025-10-09T16:41:44.759Z,2025-10-09T16:41:45.053Z
BILI260116C00028000,BILI260116C00028000,SELL,FILLED,4.0,4.0,@4.55,4.55,DAY,2025-10-09T16:41:35.958Z,2025-10-09T16:41:54.058Z
HL251121C00012000,HL251121C00012000,SELL,FILLED,20.0,20.0,@1.61,1.61,DAY,2025-10-09T16:41:17.107Z,2025-10-09T16:41:17.193Z
MT251219C00040000,MT251219C00040000,SELL,FILLED,4.0,4.0,@2.6,2.6,DAY,2025-10-09T16:20:57.100Z,2025-10-09T16:20:57.142Z
HL251121C00012000,HL251121C00012000,BUY,FILLED,5.0,5.0,@1.83,1.83,DAY,2025-10-09T16:02:33.744Z,2025-10-09T16:02:33.921Z
AMD251121P00210000,AMD251121P00210000,BUY,FILLED,2.0,2.0,@10.15,10.15,DAY,2025-10-09T16:02:08.197Z,2025-10-09T16:02:08.228Z
MT251219C00040000,MT251219C00040000,SELL,FILLED,4.0,4.0,@2.6,2.6,DAY,2025-10-09T14:36:26.209Z,2025-10-09T14:36:26.249Z
SNAP251121C00008000,SNAP251121C00008000,SELL,FILLED,14.0,14.0,@1.21,1.21,DAY,2025-10-09T14:00:39.772Z,2025-10-09T14:00:39.877Z
UUUU251010C00020500,UUUU251010C00020500,SELL,FILLED,7.0,7.0,@0.5,0.5,DAY,2025-10-09T13:51:31.982Z,2025-10-09T13:51:47.373Z
INTC251024C00039500,INTC251024C00039500,SELL,FILLED,4.0,4.0,@1.7,1.7,DAY,2025-10-09T13:48:41.457Z,2025-10-09T13:48:51.634Z
UUUU251010C00020500,UUUU251010C00020500,BUY,FILLED,7.0,7.0,@0.7,0.6,DAY,2025-10-09T13:40:45.550Z,2025-10-09T13:40:45.684Z
MU251010P00175000,MU251010P00175000,SELL,FILLED,5.0,5.0,@0.16,0.19,DAY,2025-10-09T13:31:59.043Z,2025-10-09T13:31:59.224Z
BILI251121C00031000,BILI251121C00031000,BUY,FILLED,4.0,4.0,@2.7,2.7,DAY,2025-10-09T13:31:15.622Z,2025-10-09T13:31:33.581Z
INTC251024C00039500,INTC251024C00039500,BUY,FILLED,4.0,4.0,@1.49,1.49,DAY,2025-10-08T19:58:22.787Z,2025-10-08T19:58:22.859Z
UUUU251121C00020000,UUUU251121C00020000,BUY,FILLED,3.0,3.0,@2.2,2.2,DAY,2025-10-08T17:08:17.169Z,2025-10-08T17:08:17.211Z
HL251121C00012000,HL251121C00012000,SELL,FILLED,7.0,7.0,@1.6,1.61,DAY,2025-10-08T15:08:39.302Z,2025-10-08T15:08:39.353Z
BILI260116C00028000,BILI260116C00028000,SELL,FILLED,4.0,4.0,@3.8,3.8,DAY,2025-10-08T15:03:35.546Z,2025-10-08T15:03:35.585Z
HL251121C00012000,HL251121C00012000,BUY,FILLED,11.0,11.0,@1.64,1.63,DAY,2025-10-08T15:03:21.843Z,2025-10-08T15:03:21.979Z
HL251121C00012000,HL251121C00012000,BUY,FILLED,3.0,3.0,@1.61,1.61,DAY,2025-10-08T15:01:21.883Z,2025-10-08T15:01:21.923Z
META251121P00710000,META251121P00710000,SELL,FILLED,1.0,1.0,@38.15,38.15,DAY,2025-10-08T14:06:04.295Z,2025-10-08T14:06:10.355Z
HL251121C00012000,HL251121C00012000,BUY,FILLED,8.0,8.0,@1.52,1.49,DAY,2025-10-08T14:05:46.218Z,2025-10-08T14:05:46.254Z
CRDO251121P00125000,CRDO251121P00125000,SELL,FILLED,2.0,2.0,@9.3,9.37,DAY,2025-10-08T13:56:23.852Z,2025-10-08T13:56:24.178Z
BILI260116C00028000,BILI260116C00028000,BUY,FILLED,8.0,8.0,@3.8,3.8,DAY,2025-10-08T13:55:57.637Z,2025-10-08T13:55:57.674Z
MT251219C00040000,MT251219C00040000,BUY,FILLED,8.0,8.0,@3.2,3.16,DAY,2025-10-08T13:31:19.304Z,2025-10-08T13:31:27.974Z
BIDU251017P00134000,BIDU251017P00134000,SELL,FILLED,2.0,2.0,@2.31,2.31,DAY,2025-10-08T13:30:48.341Z,2025-10-08T13:30:48.382Z
MU251010P00175000,MU251010P00175000,BUY,FILLED,2.0,2.0,@1.1,1.1,DAY,2025-10-07T19:53:40.798Z,2025-10-07T19:53:52.180Z
MU251010P00175000,MU251010P00175000,BUY,FILLED,3.0,3.0,@1.09,1.09,DAY,2025-10-07T19:53:27.183Z,2025-10-07T19:53:27.326Z
QTUM251121P00111000,QTUM251121P00111000,BUY,FILLED,5.0,5.0,@4.4,4.4,DAY,2025-10-07T18:31:03.239Z,2025-10-07T18:31:14.313Z
ORCL251017P00255000,ORCL251017P00255000,SELL,FILLED,1.0,1.0,@4.3,4.3,DAY,2025-10-07T16:46:53.617Z,2025-10-07T16:46:53.718Z
ORCL251017P00255000,ORCL251017P00255000,BUY,FILLED,1.0,1.0,@5.6,5.6,DAY,2025-10-07T15:40:13.791Z,2025-10-07T15:40:13.971Z
BIDU251017P00134000,BIDU251017P00134000,BUY,FILLED,2.0,2.0,@2.28,2.22,DAY,2025-10-07T15:37:18.052Z,2025-10-07T15:37:18.383Z
CVNA251121P00330000,CVNA251121P00330000,BUY,FILLED,1.0,1.0,@21.4,21.4,DAY,2025-10-07T15:33:24.796Z,2025-10-07T15:33:38.822Z
CRDO251121P00125000,CRDO251121P00125000,BUY,FILLED,1.0,1.0,@9.9,9.9,DAY,2025-10-07T15:15:05.258Z,2025-10-07T15:15:05.298Z
UAMY251010C00007500,UAMY251010C00007500,SELL,FILLED,2.0,2.0,@1.15,1.15,DAY,2025-10-07T15:10:16.302Z,2025-10-07T15:10:16.399Z
SNAP251121C00008000,SNAP251121C00008000,SELL,FILLED,14.0,14.0,@1.16,1.17,DAY,2025-10-07T15:10:02.121Z,2025-10-07T15:10:02.577Z
BILI251121C00027000,BILI251121C00027000,SELL,FILLED,8.0,8.0,@3.05,3.05,DAY,2025-10-07T14:51:44.245Z,2025-10-07T14:51:44.338Z
CRDO251121P00125000,CRDO251121P00125000,BUY,FILLED,1.0,1.0,@9.3,9.3,DAY,2025-10-07T14:50:50.715Z,2025-10-07T14:50:50.802Z
UUUU251121C00017000,UUUU251121C00017000,SELL,FILLED,5.0,5.0,@3.1,3.1,DAY,2025-10-07T14:50:06.556Z,2025-10-07T14:50:06.639Z
MT251219C00037000,MT251219C00037000,SELL,FILLED,5.0,5.0,@3.6,3.6,DAY,2025-10-07T14:45:12.004Z,2025-10-07T14:45:12.089Z
BILI251121C00027000,BILI251121C00027000,SELL,FILLED,8.0,8.0,@3.1,3.1,DAY,2025-10-07T14:33:38.512Z,2025-10-07T14:33:38.590Z
UAMY251010C00007500,UAMY251010C00007500,SELL,FILLED,1.0,1.0,@1.4,1.4,DAY,2025-10-07T14:20:26.207Z,2025-10-07T14:20:26.349Z
HL251121C00015000,HL251121C00015000,SELL,FILLED,15.0,15.0,@0.4,0.4,DAY,2025-10-07T14:20:02.093Z,2025-10-07T14:20:02.138Z
HL251121C00011000,HL251121C00011000,SELL,FILLED,10.0,10.0,@1.79,1.79,DAY,2025-10-07T14:19:53.925Z,2025-10-07T14:19:54.020Z
META251121P00710000,META251121P00710000,BUY,FILLED,1.0,1.0,@41.3,41.3,DAY,2025-10-07T14:19:41.718Z,2025-10-07T14:19:41.798Z
UAMY251010C00007500,UAMY251010C00007500,SELL,FILLED,3.0,3.0,@1.55,1.58,DAY,2025-10-07T14:07:49.039Z,2025-10-07T14:07:49.278Z
GDX251017C00084000,GDX251017C00084000,SELL,FILLED,10.0,10.0,@0.22,0.23,DAY,2025-10-07T13:41:59.259Z,2025-10-07T13:41:59.309Z
GDX251121C00078000,GDX251121C00078000,SELL,FILLED,4.0,4.0,@4.15,4.15,DAY,2025-10-07T13:41:53.506Z,2025-10-07T13:41:53.573Z
FIG251121C00085000,FIG251121C00085000,SELL,FILLED,4.0,4.0,@1.87,1.87,DAY,2025-10-06T19:30:12.090Z,2025-10-06T19:30:12.122Z
FIG251121C00085000,FIG251121C00085000,BUY,FILLED,4.0,4.0,@2.8,2.68,DAY,2025-10-06T18:01:02.531Z,2025-10-06T18:01:02.597Z
META251121P00715000,META251121P00715000,SELL,FILLED,1.0,1.0,@43.2,43.2,DAY,2025-10-06T17:53:48.029Z,2025-10-06T17:53:48.178Z
GDX251017C00084000,GDX251017C00084000,BUY,FILLED,10.0,10.0,@0.58,0.56,DAY,2025-10-06T17:53:01.722Z,2025-10-06T17:53:01.850Z
MBLY251121C00015000,MBLY251121C00015000,SELL,FILLED,6.0,6.0,@1.6,1.6,DAY,2025-10-06T17:48:15.082Z,2025-10-06T17:48:15.181Z
SNAP251121C00008000,SNAP251121C00008000,BUY,FILLED,8.0,8.0,@1.59,1.59,DAY,2025-10-06T17:47:51.028Z,2025-10-06T17:47:51.193Z
SNAP251121C00008000,SNAP251121C00008000,BUY,FILLED,5.0,5.0,@1.61,1.6,DAY,2025-10-06T17:37:41.563Z,2025-10-06T17:37:41.700Z
HIMS251017P00050000,HIMS251017P00050000,SELL,FILLED,2.0,2.0,@1.85,1.85,DAY,2025-10-06T17:36:43.745Z,2025-10-06T17:36:43.843Z
SNAP251121C00008000,SNAP251121C00008000,BUY,FILLED,15.0,15.0,@1.62,1.62,DAY,2025-10-06T17:36:19.211Z,2025-10-06T17:36:19.255Z
ADSK260116C00330000,ADSK260116C00330000,BUY,CANCELLED,0.0,1.0,@19.8,,DAY,2025-10-06T17:33:42.653Z,
MBLY251121C00015000,MBLY251121C00015000,BUY,FILLED,6.0,6.0,@1.68,1.67,DAY,2025-10-06T17:08:27.414Z,2025-10-06T17:08:27.636Z
CVNA251121P00330000,CVNA251121P00330000,BUY,FILLED,1.0,1.0,@19.0,19.0,DAY,2025-10-06T16:23:55.351Z,2025-10-06T16:23:55.385Z
TSLA251121P00370000,TSLA251121P00370000,SELL,FILLED,1.0,1.0,@10.0,10.0,DAY,2025-10-06T16:23:22.551Z,2025-10-06T16:23:22.800Z
PLTR251121P00175000,PLTR251121P00175000,SELL,FILLED,1.0,1.0,@13.05,13.05,DAY,2025-10-06T16:23:13.098Z,2025-10-06T16:23:13.140Z
HL251121C00015000,HL251121C00015000,BUY,FILLED,15.0,15.0,@0.52,0.52,DAY,2025-10-06T15:52:29.225Z,2025-10-06T15:52:29.313Z
QQQ251008P00596000,QQQ251008P00596000,SELL,FILLED,4.0,4.0,@0.53,0.54,DAY,2025-10-06T13:48:23.278Z,2025-10-06T13:48:23.539Z
MT251219C00037000,MT251219C00037000,BUY,FILLED,5.0,5.0,@3.9,3.82,DAY,2025-10-06T13:43:16.082Z,2025-10-06T13:43:39.511Z
UAMY251010C00007500,UAMY251010C00007500,SELL,CANCELLED,0.0,6.0,@0.8,,DAY,2025-10-06T13:40:17.471Z,
UAMY251010C00007500,UAMY251010C00007500,BUY,FILLED,6.0,6.0,@0.75,0.75,DAY,2025-10-06T13:40:00.036Z,2025-10-06T13:40:00.078Z
GDX251121C00078000,GDX251121C00078000,BUY,FILLED,4.0,4.0,@4.9,4.85,DAY,2025-10-06T13:34:51.575Z,2025-10-06T13:34:51.659Z
UUUU251121C00017000,UUUU251121C00017000,BUY,FILLED,5.0,5.0,@3.1,3.1,DAY,2025-10-06T13:31:01.266Z,2025-10-06T13:31:01.303Z
PLTR251121P00175000,PLTR251121P00175000,SELL,FILLED,1.0,1.0,@13.45,13.65,DAY,2025-10-06T13:30:21.195Z,2025-10-06T13:30:23.802Z
QQQ251008P00596000,QQQ251008P00596000,BUY,FILLED,4.0,4.0,@1.28,1.28,DAY,2025-10-03T19:58:36.390Z,2025-10-03T19:58:43.733Z
JD251121C00035000,JD251121C00035000,SELL,FILLED,3.0,3.0,@2.93,2.95,DAY,2025-10-03T18:56:17.560Z,2025-10-03T18:56:17.834Z
PLTR251121P00175000,PLTR251121P00175000,BUY,FILLED,2.0,2.0,@16.6,16.55,DAY,2025-10-03T18:55:44.114Z,2025-10-03T18:55:44.324Z
HIMS251017P00050000,HIMS251017P00050000,BUY,FILLED,2.0,2.0,@2.28,2.28,DAY,2025-10-03T18:36:28.496Z,2025-10-03T18:36:28.698Z
JD251121C00035000,JD251121C00035000,SELL,FILLED,2.0,2.0,@2.93,2.93,DAY,2025-10-03T18:30:04.105Z,2025-10-03T18:30:04.137Z
COIN251121C00420000,COIN251121C00420000,SELL,FILLED,1.0,1.0,@23.25,23.4,DAY,2025-10-03T18:22:17.649Z,2025-10-03T18:22:17.835Z
TSLA251121P00370000,TSLA251121P00370000,BUY,FILLED,1.0,1.0,@14.9,14.9,DAY,2025-10-03T18:02:05.161Z,2025-10-03T18:02:05.206Z
SNAP260918C00007000,SNAP260918C00007000,SELL,FILLED,15.0,15.0,@3.05,3.05,DAY,2025-10-03T18:01:15.140Z,2025-10-03T18:01:15.273Z
MU251121C00165000,MU251121C00165000,SELL,FILLED,1.0,1.0,@27.75,27.75,DAY,2025-10-03T17:57:17.534Z,2025-10-03T17:57:17.873Z
META251121P00715000,META251121P00715000,BUY,FILLED,1.0,1.0,@40.95,40.9,DAY,2025-10-03T17:51:23.118Z,2025-10-03T17:51:23.527Z
ABTC251017C00010000,ABTC251017C00010000,SELL,FILLED,20.0,20.0,@0.15,0.15,DAY,2025-10-03T17:50:56.166Z,2025-10-03T17:50:56.372Z
BILI251121C00035000,BILI251121C00035000,SELL,FILLED,10.0,10.0,@0.94,0.95,DAY,2025-10-03T17:50:51.034Z,2025-10-03T17:50:51.064Z
COIN251121C00420000,COIN251121C00420000,SELL,FILLED,1.0,1.0,@22.15,22.2,DAY,2025-10-03T17:50:25.551Z,2025-10-03T17:50:25.602Z
TSLA251003P00415000,TSLA251003P00415000,SELL,FILLED,3.0,3.0,@0.71,0.71,DAY,2025-10-03T17:50:13.795Z,2025-10-03T17:50:16.670Z
HUT251121C00039000,HUT251121C00039000,SELL,FILLED,3.0,3.0,@6.2,6.2,DAY,2025-10-03T17:50:06.674Z,2025-10-03T17:50:06.715Z
MU251121C00165000,MU251121C00165000,SELL,FILLED,2.0,2.0,@27.6,27.85,DAY,2025-10-03T17:49:55.915Z,2025-10-03T17:49:56.401Z
UUUU260116C00022000,UUUU260116C00022000,SELL,FILLED,3.0,3.0,@2.3,2.36,DAY,2025-10-03T17:21:30.141Z,2025-10-03T17:21:30.487Z
COIN251121C00420000,COIN251121C00420000,BUY,FILLED,1.0,1.0,@23.85,23.85,DAY,2025-10-03T17:21:03.487Z,2025-10-03T17:21:03.521Z
USAR251121C00022000,USAR251121C00022000,SELL,FILLED,1.0,1.0,@7.0,7.09,DAY,2025-10-03T17:06:17.945Z,2025-10-03T17:06:18.125Z
TSLA251003P00415000,TSLA251003P00415000,BUY,FILLED,3.0,3.0,@1.04,0.96,DAY,2025-10-03T17:04:17.561Z,2025-10-03T17:04:27.383Z
QS251003C00016000,QS251003C00016000,SELL,FILLED,5.0,5.0,@0.45,0.47,DAY,2025-10-03T16:51:11.525Z,2025-10-03T16:51:11.645Z
QS251003C00016000,QS251003C00016000,SELL,FILLED,10.0,10.0,,0.46,DAY,2025-10-03T16:37:20.813Z,2025-10-03T16:48:18.171Z
QS251003C00016000,QS251003C00016000,SELL,FILLED,15.0,15.0,@0.25,0.25,DAY,2025-10-03T15:17:08.140Z,2025-10-03T15:17:08.223Z
HL251121C00011000,HL251121C00011000,BUY,FILLED,10.0,10.0,@1.53,1.52,DAY,2025-10-03T15:16:03.180Z,2025-10-03T15:16:03.284Z
QS251003C00015500,QS251003C00015500,SELL,FILLED,10.0,10.0,@0.52,0.54,DAY,2025-10-03T15:07:46.081Z,2025-10-03T15:07:46.122Z
QS251003C00016000,QS251003C00016000,BUY,FILLED,30.0,30.0,@0.17,0.16,DAY,2025-10-03T14:18:31.129Z,2025-10-03T14:18:31.373Z
HUT251003C00040000,HUT251003C00040000,SELL,FILLED,3.0,3.0,@0.47,0.52,DAY,2025-10-03T14:02:24.740Z,2025-10-03T14:02:24.821Z
COIN251121C00420000,COIN251121C00420000,SELL,FILLED,1.0,1.0,@21.1,21.25,DAY,2025-10-03T14:01:41.902Z,2025-10-03T14:01:41.953Z
INTC251121C00033000,INTC251121C00033000,SELL,FILLED,2.0,2.0,@5.75,5.75,DAY,2025-10-03T14:01:33.063Z,2025-10-03T14:01:33.107Z
ENVX251017C00013000,ENVX251017C00013000,SELL,FILLED,10.0,10.0,@0.37,0.38,DAY,2025-10-03T14:01:24.541Z,2025-10-03T14:01:24.708Z
INTC251003C00036500,INTC251003C00036500,SELL,FILLED,2.0,2.0,@0.58,0.59,DAY,2025-10-03T14:01:13.749Z,2025-10-03T14:01:13.795Z
SNAP251003C00008500,SNAP251003C00008500,SELL,FILLED,12.0,12.0,@0.12,0.12,DAY,2025-10-03T14:01:01.242Z,2025-10-03T14:01:01.411Z
TDOC251003C00009500,TDOC251003C00009500,SELL,FILLED,20.0,20.0,@0.11,0.11,DAY,2025-10-03T13:59:12.796Z,2025-10-03T13:59:12.889Z
INTC251003C00036500,INTC251003C00036500,SELL,FILLED,3.0,3.0,@0.98,1.01,DAY,2025-10-03T13:53:46.767Z,2025-10-03T13:53:46.968Z
SNAP251003C00008500,SNAP251003C00008500,SELL,FILLED,8.0,8.0,@0.13,0.14,DAY,2025-10-03T13:53:27.180Z,2025-10-03T13:53:27.285Z
TDOC251003C00009500,TDOC251003C00009500,BUY,FILLED,20.0,20.0,@0.07,0.06,DAY,2025-10-03T13:46:13.523Z,2025-10-03T13:46:13.765Z
QS251003C00015500,QS251003C00015500,BUY,FILLED,10.0,10.0,@0.12,0.12,DAY,2025-10-03T13:41:53.894Z,2025-10-03T13:41:54.039Z
HUT251003C00040000,HUT251003C00040000,SELL,FILLED,3.0,3.0,@1.45,1.61,DAY,2025-10-03T13:36:34.045Z,2025-10-03T13:36:34.415Z
USAR251003C00026500,USAR251003C00026500,BUY,CANCELLED,0.0,2.0,@0.75,,DAY,2025-10-03T13:33:12.687Z,
SNAP251003C00008500,SNAP251003C00008500,BUY,FILLED,20.0,20.0,@0.07,0.05,DAY,2025-10-03T13:32:49.133Z,2025-10-03T13:32:49.334Z
HUT251121C00039000,HUT251121C00039000,BUY,FILLED,3.0,3.0,@6.15,6.1,DAY,2025-10-02T19:30:09.635Z,2025-10-02T19:30:09.790Z
HUT251003C00040000,HUT251003C00040000,BUY,FILLED,6.0,6.0,@0.77,0.77,DAY,2025-10-02T19:29:51.101Z,2025-10-02T19:29:51.137Z
ABTC251017C00010000,ABTC251017C00010000,BUY,FILLED,20.0,20.0,@0.25,0.24,DAY,2025-10-02T19:14:04.838Z,2025-10-02T19:14:05.019Z
BILI251121C00035000,BILI251121C00035000,BUY,FILLED,10.0,10.0,@1.17,1.16,DAY,2025-10-02T19:02:07.765Z,2025-10-02T19:02:07.954Z
INTC251121C00033000,INTC251121C00033000,SELL,FILLED,4.0,4.0,@5.95,5.97,DAY,2025-10-02T18:59:50.556Z,2025-10-02T18:59:50.697Z
CRWV251010P00108000,CRWV251010P00108000,BUY,FILLED,9.0,9.0,@0.79,0.79,DAY,2025-10-02T18:40:00.080Z,2025-10-02T18:40:00.143Z
COIN251121C00420000,COIN251121C00420000,BUY,FILLED,1.0,1.0,@22.4,22.26,DAY,2025-10-02T18:32:19.056Z,2025-10-02T18:32:19.186Z
USAR251121C00022000,USAR251121C00022000,SELL,FILLED,4.0,4.0,@4.7,4.8,DAY,2025-10-02T18:31:50.010Z,2025-10-02T18:31:50.154Z
ENVX251017C00013000,ENVX251017C00013000,BUY,FILLED,10.0,10.0,@0.52,0.5,DAY,2025-10-02T18:10:55.241Z,2025-10-02T18:10:55.378Z
COIN251121C00420000,COIN251121C00420000,SELL,FILLED,1.0,1.0,@20.1,20.15,DAY,2025-10-02T17:40:11.170Z,2025-10-02T17:40:11.305Z
USAR251121C00022000,USAR251121C00022000,BUY,FILLED,1.0,1.0,@4.4,4.4,DAY,2025-10-02T17:39:06.861Z,2025-10-02T17:39:07.177Z
USAR251121C00022000,USAR251121C00022000,BUY,FILLED,1.0,1.0,@4.4,4.4,DAY,2025-10-02T17:39:03.550Z,2025-10-02T17:39:03.688Z
JD251121C00035000,JD251121C00035000,SELL,FILLED,2.0,2.0,@3.6,3.6,DAY,2025-10-02T16:13:32.903Z,2025-10-02T16:13:33.005Z
UUUU260116C00022000,UUUU260116C00022000,SELL,FILLED,2.0,2.0,@1.8,1.8,DAY,2025-10-02T16:13:24.943Z,2025-10-02T16:13:24.977Z
BILI251121C00035000,BILI251121C00035000,SELL,FILLED,5.0,5.0,@1.15,1.17,DAY,2025-10-02T16:13:02.629Z,2025-10-02T16:13:43.061Z
INTC251121C00039000,INTC251121C00039000,SELL,FILLED,5.0,5.0,@2.91,2.93,DAY,2025-10-02T16:12:47.554Z,2025-10-02T16:12:47.690Z
COIN251121C00420000,COIN251121C00420000,BUY,FILLED,1.0,1.0,@21.05,20.95,DAY,2025-10-02T16:12:20.474Z,2025-10-02T16:12:20.583Z
COIN251121C00420000,COIN251121C00420000,BUY,FILLED,1.0,1.0,@18.25,18.25,DAY,2025-10-02T15:48:40.899Z,2025-10-02T15:48:40.936Z
BIDU251017C00150000,BIDU251017C00150000,SELL,FILLED,2.0,2.0,@3.2,3.26,DAY,2025-10-02T14:43:48.560Z,2025-10-02T14:43:48.700Z
BIDU251017C00150000,BIDU251017C00150000,BUY,FILLED,1.0,1.0,@4.5,4.5,DAY,2025-10-02T13:34:01.283Z,2025-10-02T13:34:01.326Z
BIDU251017C00150000,BIDU251017C00150000,BUY,FILLED,1.0,1.0,@4.3,4.3,DAY,2025-10-02T13:31:26.632Z,2025-10-02T13:31:26.711Z
UUUU260116C00022000,UUUU260116C00022000,BUY,FILLED,5.0,5.0,@2.0,2.0,DAY,2025-10-02T13:30:52.617Z,2025-10-02T13:30:52.829Z
SMCI251121C00048000,SMCI251121C00048000,SELL,FILLED,1.0,1.0,@7.6,7.6,DAY,2025-10-01T19:33:38.269Z,2025-10-01T19:33:38.311Z
COIN251121C00400000,COIN251121C00400000,SELL,FILLED,1.0,1.0,@16.85,16.85,DAY,2025-10-01T19:33:30.483Z,2025-10-01T19:33:30.528Z
USAR251121C00022000,USAR251121C00022000,BUY,FILLED,3.0,3.0,@1.85,1.79,DAY,2025-10-01T18:58:39.583Z,2025-10-01T18:58:39.787Z
HIVE251121C00004000,HIVE251121C00004000,SELL,FILLED,20.0,20.0,@0.75,0.75,DAY,2025-10-01T18:53:12.823Z,2025-10-01T18:53:27.386Z
SNAP260918C00007000,SNAP260918C00007000,BUY,FILLED,10.0,10.0,@2.61,2.61,DAY,2025-10-01T18:27:31.240Z,2025-10-01T18:27:31.274Z
INTC251003C00036500,INTC251003C00036500,BUY,FILLED,5.0,5.0,@0.63,0.62,DAY,2025-10-01T18:19:38.201Z,2025-10-01T18:19:38.246Z
MU251003C00180000,MU251003C00180000,SELL,FILLED,1.0,1.0,@3.3,3.3,DAY,2025-10-01T18:19:21.219Z,2025-10-01T18:19:21.358Z
SMCI251121C00048000,SMCI251121C00048000,SELL,FILLED,1.0,1.0,@7.0,7.0,DAY,2025-10-01T18:08:05.997Z,2025-10-01T18:08:06.080Z
INTC251121C00039000,INTC251121C00039000,BUY,FILLED,5.0,5.0,@2.54,2.53,DAY,2025-10-01T18:07:19.577Z,2025-10-01T18:07:19.686Z
JD251121C00035000,JD251121C00035000,BUY,FILLED,2.0,2.0,@3.4,3.4,DAY,2025-10-01T17:48:53.208Z,2025-10-01T17:48:53.249Z
SNAP260918C00007000,SNAP260918C00007000,BUY,FILLED,10.0,10.0,@2.64,2.63,DAY,2025-10-01T17:18:33.878Z,2025-10-01T17:18:34.190Z
MU251003C00180000,MU251003C00180000,SELL,FILLED,1.0,1.0,@3.5,3.5,DAY,2025-10-01T17:14:14.872Z,2025-10-01T17:14:15.073Z
COIN251121C00400000,COIN251121C00400000,SELL,FILLED,1.0,1.0,@16.95,17.04,DAY,2025-10-01T17:13:29.751Z,2025-10-01T17:13:37.949Z
INTC251121C00033000,INTC251121C00033000,BUY,FILLED,3.0,3.0,@3.9,3.9,DAY,2025-10-01T14:54:02.223Z,2025-10-01T14:54:02.260Z
MU251003C00180000,MU251003C00180000,BUY,FILLED,2.0,2.0,@1.23,1.23,DAY,2025-10-01T14:29:02.562Z,2025-10-01T14:29:02.620Z
SMCI251121C00048000,SMCI251121C00048000,SELL,FILLED,2.0,2.0,@6.25,6.25,DAY,2025-10-01T14:20:07.519Z,2025-10-01T14:20:08.043Z
MU251121C00165000,MU251121C00165000,BUY,FILLED,1.0,1.0,@16.55,16.55,DAY,2025-10-01T14:16:54.074Z,2025-10-01T14:16:54.114Z
MTCH251121P00037500,MTCH251121P00037500,SELL,FILLED,2.0,2.0,@1.88,1.88,DAY,2025-10-01T14:04:51.346Z,2025-10-01T14:04:51.399Z
COIN251121C00400000,COIN251121C00400000,BUY,FILLED,1.0,1.0,@17.3,17.3,DAY,2025-10-01T14:04:33.061Z,2025-10-01T14:04:33.188Z
QQQ251002P00592000,QQQ251002P00592000,SELL,FILLED,1.0,1.0,@0.65,0.65,DAY,2025-10-01T14:00:21.089Z,2025-10-01T14:04:44.890Z
QQQ251002P00592000,QQQ251002P00592000,BUY,FILLED,1.0,1.0,@1.16,1.11,DAY,2025-10-01T13:50:13.350Z,2025-10-01T13:50:13.493Z
AAPL251121C00255000,AAPL251121C00255000,SELL,FILLED,1.0,1.0,@11.8,11.8,DAY,2025-10-01T13:44:39.633Z,2025-10-01T13:44:39.793Z
MU251121C00165000,MU251121C00165000,BUY,FILLED,1.0,1.0,@14.6,14.45,DAY,2025-10-01T13:42:13.622Z,2025-10-01T13:42:13.671Z
SMCI251121C00048000,SMCI251121C00048000,BUY,FILLED,4.0,4.0,@5.7,5.7,DAY,2025-10-01T13:39:17.619Z,2025-10-01T13:39:17.674Z
INTC251121C00033000,INTC251121C00033000,BUY,FILLED,3.0,3.0,@3.7,3.68,DAY,2025-10-01T13:38:22.985Z,2025-10-01T13:38:23.247Z
HL251121C00012000,HL251121C00012000,SELL,FILLED,8.0,8.0,@1.11,1.29,DAY,2025-10-01T13:37:20.225Z,2025-10-01T13:37:20.474Z
AAPL251121C00255000,AAPL251121C00255000,BUY,FILLED,1.0,1.0,@12.55,12.55,DAY,2025-10-01T13:36:51.440Z,2025-10-01T13:36:51.903Z
SNAP251121C00007000,SNAP251121C00007000,SELL,FILLED,5.0,5.0,@1.18,1.26,DAY,2025-10-01T13:31:06.288Z,2025-10-01T13:31:06.431Z
COIN251121C00400000,COIN251121C00400000,BUY,FILLED,1.0,1.0,@15.7,15.7,DAY,2025-10-01T13:30:46.619Z,2025-10-01T13:30:46.666Z
HIVE251121C00004000,HIVE251121C00004000,BUY,FILLED,5.0,5.0,@0.8,0.8,DAY,2025-09-30T19:51:26.958Z,2025-09-30T19:51:27.129Z
HIVE251121C00004000,HIVE251121C00004000,BUY,FILLED,15.0,15.0,@0.8,0.79,DAY,2025-09-30T19:50:52.322Z,2025-09-30T19:51:06.648Z
GLD251121C00358000,GLD251121C00358000,SELL,FILLED,1.0,1.0,@8.8,8.8,DAY,2025-09-30T18:49:28.005Z,2025-09-30T18:49:28.040Z
MTCH251121P00037500,MTCH251121P00037500,BUY,FILLED,2.0,2.0,@3.4,3.4,DAY,2025-09-30T18:44:52.008Z,2025-09-30T18:44:52.072Z
BILI251121C00035000,BILI251121C00035000,BUY,FILLED,5.0,5.0,@1.05,1.05,DAY,2025-09-30T17:54:02.925Z,2025-09-30T17:54:02.962Z
SKYT251219C00019000,SKYT251219C00019000,SELL,FILLED,2.0,2.0,@3.0,3.0,DAY,2025-09-30T17:08:08.244Z,2025-09-30T17:08:08.358Z
MU251121C00165000,MU251121C00165000,SELL,FILLED,1.0,1.0,@12.8,12.9,DAY,2025-09-30T16:58:55.043Z,2025-09-30T16:58:55.102Z
HL251003C00012500,HL251003C00012500,SELL,FILLED,10.0,10.0,@0.13,0.13,DAY,2025-09-30T16:58:41.729Z,2025-09-30T16:58:41.871Z
NIO251121C00007000,NIO251121C00007000,SELL,FILLED,10.0,10.0,@1.11,1.11,DAY,2025-09-30T16:58:29.949Z,2025-09-30T16:58:30.115Z
SNAP251121C00007000,SNAP251121C00007000,BUY,FILLED,5.0,5.0,@1.44,1.43,DAY,2025-09-30T16:47:31.569Z,2025-09-30T16:47:31.950Z
SNAP251219C00008000,SNAP251219C00008000,SELL,FILLED,8.0,8.0,@1.12,1.12,DAY,2025-09-30T14:36:56.961Z,2025-09-30T14:36:57.004Z
HIVE251121C00003000,HIVE251121C00003000,BUY,CANCELLED,0.0,10.0,@1.2,,DAY,2025-09-30T14:25:29.400Z,
SKYT251219C00019000,SKYT251219C00019000,SELL,FILLED,3.0,3.0,@3.6,3.6,DAY,2025-09-30T14:15:52.770Z,2025-09-30T14:15:52.827Z
NIO251003C00007500,NIO251003C00007500,SELL,FILLED,5.0,5.0,@0.24,0.24,DAY,2025-09-30T14:09:43.720Z,2025-09-30T14:09:43.982Z
SNAP251219C00008000,SNAP251219C00008000,SELL,FILLED,6.0,6.0,@1.17,1.19,DAY,2025-09-30T14:09:35.022Z,2025-09-30T14:09:35.209Z
HL251121C00012000,HL251121C00012000,SELL,FILLED,7.0,7.0,@1.22,1.22,DAY,2025-09-30T14:09:14.494Z,2025-09-30T14:09:24.375Z
QQQ250930P00585000,QQQ250930P00585000,SELL,FILLED,3.0,3.0,@0.03,0.03,DAY,2025-09-30T14:05:09.043Z,2025-09-30T14:05:09.173Z
MU251121C00165000,MU251121C00165000,BUY,FILLED,1.0,1.0,@13.75,13.7,DAY,2025-09-30T14:00:41.770Z,2025-09-30T14:00:41.822Z
SKYT251219C00019000,SKYT251219C00019000,BUY,FILLED,5.0,5.0,@4.1,4.1,DAY,2025-09-30T13:44:39.414Z,2025-09-30T13:44:39.448Z
CRWV251003C00145000,CRWV251003C00145000,SELL,FILLED,1.0,1.0,@3.7,3.7,DAY,2025-09-30T13:42:43.296Z,2025-09-30T13:42:49.056Z
JD251121C00035000,JD251121C00035000,BUY,FILLED,5.0,5.0,@3.35,3.35,DAY,2025-09-30T13:39:53.415Z,2025-09-30T13:40:21.115Z
NIO251003C00007500,NIO251003C00007500,BUY,FILLED,5.0,5.0,@0.38,0.38,DAY,2025-09-30T13:39:36.657Z,2025-09-30T13:40:53.189Z
NIO251121C00007000,NIO251121C00007000,BUY,FILLED,10.0,10.0,@1.2,1.2,DAY,2025-09-30T13:39:26.406Z,2025-09-30T13:39:26.594Z
NIO251003C00007500,NIO251003C00007500,SELL,FILLED,30.0,30.0,,0.29,DAY,2025-09-30T13:39:12.050Z,2025-09-30T13:39:12.204Z
NIO251003C00007500,NIO251003C00007500,BUY,FILLED,30.0,30.0,@0.32,0.3,DAY,2025-09-30T13:38:51.919Z,2025-09-30T13:38:52.123Z
CRWV251003C00145000,CRWV251003C00145000,BUY,FILLED,1.0,1.0,@3.7,3.6,DAY,2025-09-30T13:33:47.850Z,2025-09-30T13:33:47.956Z
GDX251017C00076500,GDX251017C00076500,SELL,FILLED,4.0,4.0,@2.06,2.06,DAY,2025-09-30T13:33:30.055Z,2025-09-30T13:33:30.225Z
MU251121C00165000,MU251121C00165000,BUY,FILLED,1.0,1.0,@12.65,12.65,DAY,2025-09-30T13:31:58.481Z,2025-09-30T13:31:58.590Z
GLD251121C00358000,GLD251121C00358000,SELL,FILLED,1.0,1.0,@7.25,7.27,DAY,2025-09-30T13:31:31.466Z,2025-09-30T13:31:31.615Z
GDX251017C00079000,GDX251017C00079000,SELL,FILLED,1.0,1.0,@1.08,1.08,DAY,2025-09-30T13:31:22.778Z,2025-09-30T13:31:22.844Z
GDX251017C00076500,GDX251017C00076500,SELL,FILLED,2.0,2.0,@1.88,1.88,DAY,2025-09-30T13:31:12.312Z,2025-09-30T13:31:12.613Z
INTC251121C00036000,INTC251121C00036000,SELL,FILLED,8.0,8.0,,2.75,DAY,2025-09-30T13:30:41.278Z,2025-09-30T13:30:41.499Z
SNAP251219C00008000,SNAP251219C00008000,BUY,FILLED,2.0,2.0,@1.48,1.48,DAY,2025-09-29T17:43:27.406Z,2025-09-29T17:43:27.540Z
OPEN251121P00006000,OPEN251121P00006000,SELL,FILLED,5.0,5.0,@0.62,0.62,DAY,2025-09-29T17:42:52.840Z,2025-09-29T17:42:52.879Z
SNAP251219C00008000,SNAP251219C00008000,BUY,FILLED,12.0,12.0,@1.49,1.48,DAY,2025-09-29T17:42:37.131Z,2025-09-29T17:42:37.276Z
HL251121C00015000,HL251121C00015000,SELL,FILLED,35.0,35.0,@0.38,0.39,DAY,2025-09-29T17:16:11.397Z,2025-09-29T17:16:11.607Z
BILI251121C00027000,BILI251121C00027000,BUY,FILLED,8.0,8.0,@2.7,2.7,DAY,2025-09-29T17:04:40.799Z,2025-09-29T17:05:10.382Z
BABA251121C00220000,BABA251121C00220000,SELL,FILLED,4.0,4.0,@4.0,4.0,DAY,2025-09-29T17:04:26.017Z,2025-09-29T17:04:26.053Z
MSTR251121P00270000,MSTR251121P00270000,SELL,FILLED,1.0,1.0,@10.15,10.15,DAY,2025-09-29T17:03:31.629Z,2025-09-29T17:03:31.671Z
VNET251121C00014000,VNET251121C00014000,SELL,FILLED,10.0,10.0,@0.9,0.9,DAY,2025-09-29T15:56:33.809Z,2025-09-29T15:56:33.943Z
BILI251121C00027000,BILI251121C00027000,BUY,FILLED,8.0,8.0,@2.75,2.75,DAY,2025-09-29T15:55:47.457Z,2025-09-29T15:55:50.687Z
ILMN251121P00085000,ILMN251121P00085000,SELL,FILLED,4.0,4.0,@3.5,3.58,DAY,2025-09-29T14:05:15.006Z,2025-09-29T14:05:15.235Z
HL251121C00015000,HL251121C00015000,BUY,FILLED,35.0,35.0,@0.46,0.44,DAY,2025-09-29T13:41:43.455Z,2025-09-29T13:41:43.571Z
HL251003C00012500,HL251003C00012500,BUY,FILLED,10.0,10.0,@0.22,0.21,DAY,2025-09-29T13:35:13.287Z,2025-09-29T13:35:13.435Z
MSTR251121P00270000,MSTR251121P00270000,SELL,FILLED,1.0,1.0,@12.5,12.5,DAY,2025-09-29T13:33:59.956Z,2025-09-29T13:34:00.197Z
BABA251121C00220000,BABA251121C00220000,BUY,FILLED,1.0,1.0,@3.85,3.85,DAY,2025-09-29T13:32:34.189Z,2025-09-29T13:32:39.375Z
BABA251121C00220000,BABA251121C00220000,BUY,FILLED,3.0,3.0,@4.0,4.0,DAY,2025-09-29T13:32:21.405Z,2025-09-29T13:32:21.539Z
XYZ251121P00065000,XYZ251121P00065000,SELL,FILLED,5.0,5.0,@1.94,1.97,DAY,2025-09-29T13:31:04.340Z,2025-09-29T13:31:04.640Z
OKLO251121P00080000,OKLO251121P00080000,SELL,FILLED,2.0,2.0,@3.4,3.4,DAY,2025-09-29T13:30:58.834Z,2025-09-29T13:30:58.880Z
HL251121C00012000,HL251121C00012000,BUY,FILLED,15.0,15.0,@1.25,1.17,DAY,2025-09-29T13:30:29.073Z,2025-09-29T13:30:29.510Z
XYZ251121P00065000,XYZ251121P00065000,BUY,FILLED,2.0,2.0,@2.41,2.41,DAY,2025-09-26T19:48:45.977Z,2025-09-26T19:48:46.026Z
INTC250926C00036000,INTC250926C00036000,SELL,FILLED,6.0,6.0,@0.33,0.33,DAY,2025-09-26T16:56:55.879Z,2025-09-26T16:56:55.920Z
JD251121C00041000,JD251121C00041000,SELL,FILLED,4.0,4.0,@1.29,1.3,DAY,2025-09-26T15:18:23.178Z,2025-09-26T15:18:23.448Z
COIN251017P00230000,COIN251017P00230000,SELL,FILLED,5.0,5.0,@0.73,0.8,DAY,2025-09-26T15:11:12.221Z,2025-09-26T15:11:12.439Z
OKLO251121P00080000,OKLO251121P00080000,BUY,FILLED,2.0,2.0,@5.35,5.35,DAY,2025-09-26T15:10:46.318Z,2025-09-26T15:10:46.441Z
GDX251017C00079000,GDX251017C00079000,BUY,FILLED,1.0,1.0,@1.04,1.04,DAY,2025-09-26T14:12:40.610Z,2025-09-26T14:12:40.664Z
GDX251017C00076500,GDX251017C00076500,BUY,FILLED,6.0,6.0,@1.64,1.63,DAY,2025-09-26T14:01:30.344Z,2025-09-26T14:01:30.379Z
XYZ251121P00065000,XYZ251121P00065000,BUY,FILLED,3.0,3.0,@2.99,2.95,DAY,2025-09-26T13:37:01.811Z,2025-09-26T13:37:02.245Z
MSTR250926P00295000,MSTR250926P00295000,SELL,FILLED,1.0,1.0,@1.63,1.73,DAY,2025-09-26T13:36:20.231Z,2025-09-26T13:36:20.390Z
JD251121C00041000,JD251121C00041000,SELL,FILLED,4.0,4.0,@1.03,1.21,DAY,2025-09-26T13:35:54.184Z,2025-09-26T13:35:54.335Z
MU251121P00120000,MU251121P00120000,SELL,FILLED,8.0,8.0,@1.1,1.19,DAY,2025-09-26T13:32:07.989Z,2025-09-26T13:32:08.130Z
MP251121C00095000,MP251121C00095000,SELL,FILLED,2.0,2.0,@4.3,4.3,DAY,2025-09-26T13:31:57.638Z,2025-09-26T13:31:57.683Z
NIO251121C00010000,NIO251121C00010000,SELL,FILLED,3.0,3.0,,0.27,DAY,2025-09-26T13:31:14.354Z,2025-09-26T13:31:14.532Z
INTC250926C00036000,INTC250926C00036000,BUY,FILLED,10.0,10.0,@0.29,0.29,DAY,2025-09-25T19:51:31.192Z,2025-09-25T19:51:31.316Z
MP251121C00095000,MP251121C00095000,BUY,FILLED,2.0,2.0,@5.4,5.37,DAY,2025-09-25T19:20:51.020Z,2025-09-25T19:20:51.257Z
GLD251121C00358000,GLD251121C00358000,BUY,FILLED,2.0,2.0,@5.8,5.73,DAY,2025-09-25T18:56:42.294Z,2025-09-25T18:56:42.522Z
QQQ250930P00585000,QQQ250930P00585000,SELL,FILLED,3.0,3.0,,2.87,DAY,2025-09-25T18:04:55.566Z,2025-09-25T18:06:01.126Z
COIN251017P00230000,COIN251017P00230000,BUY,FILLED,5.0,5.0,@1.0,1.0,DAY,2025-09-25T17:42:07.133Z,2025-09-25T17:42:07.174Z
JD251121C00041000,JD251121C00041000,SELL,FILLED,7.0,7.0,@1.41,1.42,DAY,2025-09-25T17:39:33.575Z,2025-09-25T17:39:33.702Z
NIO251121C00010000,NIO251121C00010000,SELL,PARTIAL_FILLED,27.0,30.0,@0.31,0.31,DAY,2025-09-25T17:39:04.245Z,2025-09-25T17:39:04.489Z
CRWV251121C00175000,CRWV251121C00175000,SELL,FILLED,3.0,3.0,@6.75,6.75,DAY,2025-09-25T17:38:57.218Z,2025-09-25T17:38:57.325Z
CRWV250926C00142000,CRWV250926C00142000,SELL,FILLED,1.0,1.0,@0.92,0.92,DAY,2025-09-25T16:14:01.850Z,2025-09-25T16:14:02.029Z
QQQ250930P00585000,QQQ250930P00585000,BUY,FILLED,6.0,6.0,@1.47,1.45,DAY,2025-09-25T16:08:31.469Z,2025-09-25T16:08:43.662Z
CRWV250926C00142000,CRWV250926C00142000,BUY,FILLED,1.0,1.0,@2.04,2.04,DAY,2025-09-25T15:52:05.688Z,2025-09-25T15:52:05.843Z
INTC250926C00034500,INTC250926C00034500,SELL,FILLED,10.0,10.0,@0.24,0.24,DAY,2025-09-25T15:26:20.478Z,2025-09-25T15:26:20.678Z
INTC250926C00034500,INTC250926C00034500,BUY,FILLED,10.0,10.0,@0.4,0.4,DAY,2025-09-25T15:15:04.354Z,2025-09-25T15:15:04.392Z
MSTR250926P00295000,MSTR250926P00295000,BUY,FILLED,1.0,1.0,@2.05,2.05,DAY,2025-09-25T15:05:19.755Z,2025-09-25T15:05:20.116Z
INTC251121C00036000,INTC251121C00036000,BUY,FILLED,3.0,3.0,@2.39,2.37,DAY,2025-09-25T14:57:36.592Z,2025-09-25T14:57:36.736Z
UAL251121P00090000,UAL251121P00090000,SELL,FILLED,4.0,4.0,,3.52,DAY,2025-09-25T14:42:17.371Z,2025-09-25T14:42:17.516Z
CRWV251121C00175000,CRWV251121C00175000,BUY,FILLED,1.0,1.0,@9.25,9.25,DAY,2025-09-25T14:34:21.041Z,2025-09-25T14:34:21.076Z
INTC250926C00034000,INTC250926C00034000,SELL,FILLED,10.0,10.0,@0.6,0.64,DAY,2025-09-25T14:12:58.013Z,2025-09-25T14:12:58.158Z
NIO251121C00010000,NIO251121C00010000,BUY,FILLED,30.0,30.0,@0.38,0.36,DAY,2025-09-25T14:12:10.611Z,2025-09-25T14:12:10.779Z
VNET251121C00014000,VNET251121C00014000,BUY,FILLED,8.0,8.0,@1.2,1.17,DAY,2025-09-25T14:11:14.777Z,2025-09-25T14:11:14.992Z
MSTR250926P00292500,MSTR250926P00292500,SELL,FILLED,1.0,1.0,@0.88,0.88,DAY,2025-09-25T14:07:47.103Z,2025-09-25T14:07:47.200Z
MU251121P00120000,MU251121P00120000,SELL,FILLED,7.0,7.0,@1.14,1.16,DAY,2025-09-25T14:07:40.070Z,2025-09-25T14:07:40.309Z
INTC250926C00034000,INTC250926C00034000,BUY,FILLED,10.0,10.0,@0.49,0.49,DAY,2025-09-25T14:06:51.771Z,2025-09-25T14:06:56.101Z
INTC251121C00036000,INTC251121C00036000,BUY,FILLED,1.0,1.0,@2.31,2.31,DAY,2025-09-25T14:05:14.028Z,2025-09-25T14:05:14.176Z
INTC251121C00036000,INTC251121C00036000,BUY,FILLED,4.0,4.0,@2.22,2.16,DAY,2025-09-25T14:03:13.867Z,2025-09-25T14:03:14.002Z
JD251121C00041000,JD251121C00041000,BUY,FILLED,15.0,15.0,@1.61,1.6,DAY,2025-09-25T14:02:14.735Z,2025-09-25T14:02:29.738Z
QQQ250925P00586000,QQQ250925P00586000,SELL,FILLED,2.0,2.0,@0.59,0.59,DAY,2025-09-25T13:47:27.934Z,2025-09-25T13:47:56.009Z
MU251121P00120000,MU251121P00120000,SELL,FILLED,5.0,5.0,@1.25,1.25,DAY,2025-09-25T13:47:18.609Z,2025-09-25T13:47:18.664Z
CRWV251121C00175000,CRWV251121C00175000,BUY,FILLED,1.0,1.0,@8.9,8.58,DAY,2025-09-25T13:47:05.770Z,2025-09-25T13:47:06.335Z
INTC251121C00034000,INTC251121C00034000,SELL,FILLED,3.0,3.0,@2.22,2.23,DAY,2025-09-25T13:44:32.855Z,2025-09-25T13:44:32.999Z
MSTR250926P00292500,MSTR250926P00292500,BUY,FILLED,1.0,1.0,@1.91,1.84,DAY,2025-09-25T13:42:59.904Z,2025-09-25T13:43:00.271Z
JD251121C00040000,JD251121C00040000,SELL,FILLED,4.0,4.0,@1.28,1.29,DAY,2025-09-25T13:40:23.776Z,2025-09-25T13:40:49.000Z
ILMN251121P00085000,ILMN251121P00085000,BUY,FILLED,4.0,4.0,@3.7,3.7,DAY,2025-09-25T13:39:56.112Z,2025-09-25T13:39:56.251Z
QQQ250925P00586000,QQQ250925P00586000,SELL,FILLED,8.0,8.0,@0.61,0.61,DAY,2025-09-25T13:39:09.190Z,2025-09-25T13:39:10.557Z
MU251121P00120000,MU251121P00120000,BUY,FILLED,10.0,10.0,@1.31,1.31,DAY,2025-09-25T13:38:54.681Z,2025-09-25T13:38:54.722Z
VNET251121C00014000,VNET251121C00014000,SELL,FILLED,8.0,8.0,@0.85,0.85,DAY,2025-09-25T13:37:31.895Z,2025-09-25T13:37:31.950Z
JD251121C00040000,JD251121C00040000,SELL,FILLED,10.0,10.0,,1.52,DAY,2025-09-25T13:35:01.416Z,2025-09-25T13:35:01.554Z
MSTR251121P00270000,MSTR251121P00270000,BUY,FILLED,1.0,1.0,@13.3,13.3,DAY,2025-09-25T13:34:22.292Z,2025-09-25T13:34:22.343Z
INTC251121C00034000,INTC251121C00034000,SELL,FILLED,10.0,10.0,@2.3,2.3,DAY,2025-09-25T13:33:06.851Z,2025-09-25T13:33:06.965Z
UAL251121P00090000,UAL251121P00090000,BUY,FILLED,1.0,1.0,@4.1,4.05,DAY,2025-09-25T13:32:07.552Z,2025-09-25T13:32:07.604Z
MU251121P00120000,MU251121P00120000,BUY,FILLED,10.0,10.0,@1.3,1.3,DAY,2025-09-25T13:31:52.297Z,2025-09-25T13:31:52.492Z
QQQ250925P00586000,QQQ250925P00586000,BUY,FILLED,10.0,10.0,@0.41,0.4,DAY,2025-09-25T13:31:38.167Z,2025-09-25T13:31:38.345Z
MSTR251121P00270000,MSTR251121P00270000,BUY,FILLED,1.0,1.0,@12.9,12.8,DAY,2025-09-25T13:30:49.968Z,2025-09-25T13:30:50.173Z
CRWV251121C00175000,CRWV251121C00175000,SELL,FILLED,3.0,3.0,@6.6,6.6,DAY,2025-09-25T13:30:19.553Z,2025-09-25T13:31:00.499Z
JD251121C00040000,JD251121C00040000,BUY,FILLED,3.0,3.0,@1.51,1.51,DAY,2025-09-24T19:52:29.258Z,2025-09-24T19:52:29.292Z
JD251121C00040000,JD251121C00040000,BUY,FILLED,3.0,3.0,@1.51,1.51,DAY,2025-09-24T19:51:40.813Z,2025-09-24T19:51:40.947Z
JD251121C00040000,JD251121C00040000,BUY,FILLED,8.0,8.0,@1.51,1.51,DAY,2025-09-24T19:51:09.973Z,2025-09-24T19:51:10.132Z
CRWV251121C00175000,CRWV251121C00175000,BUY,FILLED,1.0,1.0,@8.0,7.95,DAY,2025-09-24T18:56:17.103Z,2025-09-24T18:56:17.287Z
COIN251121P00250000,COIN251121P00250000,SELL,FILLED,2.0,2.0,@5.85,5.9,DAY,2025-09-24T18:14:30.359Z,2025-09-24T18:14:30.524Z
MU251017P00140000,MU251017P00140000,SELL,FILLED,3.0,3.0,@1.34,1.34,DAY,2025-09-24T18:06:49.169Z,2025-09-24T18:06:49.322Z
CRWV251121C00175000,CRWV251121C00175000,BUY,FILLED,3.0,3.0,@7.5,7.5,DAY,2025-09-24T18:06:42.216Z,2025-09-24T18:06:42.262Z
QQQ250925P00591000,QQQ250925P00591000,SELL,FILLED,1.0,1.0,@1.16,1.17,DAY,2025-09-24T16:20:37.439Z,2025-09-24T16:20:37.580Z
FSLR251121C00270000,FSLR251121C00270000,SELL,FILLED,1.0,1.0,@7.0,7.14,DAY,2025-09-24T16:08:40.604Z,2025-09-24T16:08:40.738Z
UAL251121P00090000,UAL251121P00090000,BUY,FILLED,3.0,3.0,@3.35,3.29,DAY,2025-09-24T16:07:51.691Z,2025-09-24T16:07:51.794Z
MU251017P00140000,MU251017P00140000,BUY,FILLED,3.0,3.0,@1.58,1.55,DAY,2025-09-24T16:06:29.081Z,2025-09-24T16:06:29.299Z
COHR260116C00165000,COHR260116C00165000,SELL,FILLED,4.0,4.0,@1.65,1.74,DAY,2025-09-24T16:05:20.735Z,2025-09-24T16:05:20.972Z
QQQ250925P00591000,QQQ250925P00591000,SELL,FILLED,2.0,2.0,@1.17,1.17,DAY,2025-09-24T16:05:02.327Z,2025-09-24T16:05:04.028Z
AMKR260320C00036000,AMKR260320C00036000,SELL,FILLED,5.0,5.0,@1.9,1.95,DAY,2025-09-24T15:58:08.678Z,2025-09-24T15:58:08.802Z
NVDA251121C00195000,NVDA251121C00195000,SELL,FILLED,1.0,1.0,@5.6,5.6,DAY,2025-09-24T15:48:29.119Z,2025-09-24T15:48:29.170Z
QQQ250925P00591000,QQQ250925P00591000,BUY,FILLED,3.0,3.0,@0.81,0.78,DAY,2025-09-24T15:47:07.204Z,2025-09-24T15:47:07.289Z
VNET251121C00014000,VNET251121C00014000,BUY,FILLED,10.0,10.0,@1.05,1.05,DAY,2025-09-24T15:00:55.475Z,2025-09-24T15:00:55.575Z
NVDA251121C00195000,NVDA251121C00195000,SELL,FILLED,1.0,1.0,@6.05,6.05,DAY,2025-09-24T14:23:55.150Z,2025-09-24T14:23:55.259Z
FSLR251121C00270000,FSLR251121C00270000,SELL,FILLED,2.0,2.0,@6.45,6.65,DAY,2025-09-24T14:15:00.140Z,2025-09-24T14:15:00.277Z
SOUN251121C00020000,SOUN251121C00020000,SELL,FILLED,5.0,5.0,@2.3,2.31,DAY,2025-09-24T14:11:53.926Z,2025-09-24T14:11:53.966Z
FSLR251121C00270000,FSLR251121C00270000,BUY,FILLED,2.0,2.0,@7.8,7.4,DAY,2025-09-24T14:04:06.113Z,2025-09-24T14:04:15.880Z
FSLR251121C00270000,FSLR251121C00270000,BUY,FILLED,1.0,1.0,@7.3,7.3,DAY,2025-09-24T14:03:34.714Z,2025-09-24T14:03:51.799Z
SOUN251121C00020000,SOUN251121C00020000,BUY,FILLED,5.0,5.0,@2.59,2.56,DAY,2025-09-24T14:03:00.531Z,2025-09-24T14:03:00.569Z
COIN251121P00250000,COIN251121P00250000,BUY,FILLED,2.0,2.0,@6.35,6.35,DAY,2025-09-24T13:57:52.778Z,2025-09-24T13:57:52.879Z
SOUN251121C00020000,SOUN251121C00020000,SELL,FILLED,6.0,6.0,@2.3,2.3,DAY,2025-09-24T13:53:17.438Z,2025-09-24T13:53:17.558Z
NVDA251121C00195000,NVDA251121C00195000,SELL,FILLED,2.0,2.0,@5.9,5.9,DAY,2025-09-24T13:51:57.647Z,2025-09-24T13:51:57.686Z
CRWV251121C00175000,CRWV251121C00175000,SELL,FILLED,1.0,1.0,@5.5,5.68,DAY,2025-09-24T13:51:12.365Z,2025-09-24T13:51:12.900Z
GLD251121C00348000,GLD251121C00348000,SELL,FILLED,2.0,2.0,@9.35,9.45,DAY,2025-09-24T13:48:01.885Z,2025-09-24T13:48:02.022Z
INTC251121C00034000,INTC251121C00034000,BUY,FILLED,3.0,3.0,@1.9,1.87,DAY,2025-09-24T13:43:08.171Z,2025-09-24T13:43:08.259Z
FSLR251121C00270000,FSLR251121C00270000,SELL,FILLED,1.0,1.0,@4.15,4.15,DAY,2025-09-24T13:35:56.156Z,2025-09-24T13:35:56.213Z
COIN251121P00250000,COIN251121P00250000,SELL,FILLED,2.0,2.0,@5.9,5.95,DAY,2025-09-24T13:33:56.770Z,2025-09-24T13:33:56.901Z
INTC251121C00034000,INTC251121C00034000,BUY,FILLED,10.0,10.0,@1.53,1.46,DAY,2025-09-24T13:33:32.237Z,2025-09-24T13:33:32.377Z
MU250926C00185000,MU250926C00185000,SELL,FILLED,1.0,1.0,@0.07,0.07,DAY,2025-09-24T13:32:23.556Z,2025-09-24T13:32:23.652Z
TSLA251121P00360000,TSLA251121P00360000,SELL,FILLED,1.0,1.0,@12.1,12.13,DAY,2025-09-24T13:31:52.702Z,2025-09-24T13:31:53.006Z
CRWV251121C00175000,CRWV251121C00175000,BUY,FILLED,1.0,1.0,@6.9,6.9,DAY,2025-09-24T13:31:40.670Z,2025-09-24T13:32:12.367Z
NVDA251121C00195000,NVDA251121C00195000,BUY,FILLED,4.0,4.0,@6.5,6.5,DAY,2025-09-24T13:30:39.795Z,2025-09-24T13:30:51.169Z
COHR260116C00165000,COHR260116C00165000,SELL,FILLED,4.0,4.0,@1.65,1.79,DAY,2025-09-23T18:29:12.457Z,2025-09-23T18:29:12.665Z
FSLR251121C00270000,FSLR251121C00270000,SELL,FILLED,2.0,2.0,@5.5,5.67,DAY,2025-09-23T18:28:51.892Z,2025-09-23T18:28:52.132Z
COIN251121P00250000,COIN251121P00250000,BUY,FILLED,2.0,2.0,@6.85,6.8,DAY,2025-09-23T18:22:59.405Z,2025-09-23T18:22:59.558Z
TSLA251121P00360000,TSLA251121P00360000,BUY,FILLED,1.0,1.0,@13.7,13.55,DAY,2025-09-23T17:45:11.997Z,2025-09-23T17:45:12.038Z
TSLA251121P00360000,TSLA251121P00360000,BUY,CANCELLED,0.0,1.0,@13.65,,DAY,2025-09-23T17:44:34.252Z,
INTC251121C00035000,INTC251121C00035000,SELL,FILLED,16.0,16.0,@1.23,1.24,DAY,2025-09-23T17:43:11.343Z,2025-09-23T17:43:11.532Z
ASTS250926C00052000,ASTS250926C00052000,SELL,FILLED,1.0,1.0,,3.53,DAY,2025-09-23T17:41:37.437Z,2025-09-23T17:41:37.581Z
GLD250930C00353000,GLD250930C00353000,SELL,FILLED,8.0,8.0,@1.16,1.19,DAY,2025-09-23T17:40:38.544Z,2025-09-23T17:40:38.913Z
GDX251121C00075000,GDX251121C00075000,SELL,FILLED,6.0,6.0,@4.45,4.45,DAY,2025-09-23T17:40:23.283Z,2025-09-23T17:40:23.321Z
FSLR251121C00270000,FSLR251121C00270000,SELL,FILLED,2.0,2.0,@5.4,5.4,DAY,2025-09-23T17:38:32.859Z,2025-09-23T17:38:32.902Z
SNAP251121C00011000,SNAP251121C00011000,SELL,FILLED,20.0,20.0,@0.52,0.52,DAY,2025-09-23T17:38:09.136Z,2025-09-23T17:38:09.250Z
HNGE251017C00070000,HNGE251017C00070000,SELL,FILLED,5.0,5.0,@1.3,1.3,DAY,2025-09-23T17:37:38.230Z,2025-09-23T17:37:38.426Z
BABA251121C00185000,BABA251121C00185000,SELL,FILLED,1.0,1.0,@6.3,6.3,DAY,2025-09-23T17:37:33.316Z,2025-09-23T17:37:33.372Z
FSLR250926C00225000,FSLR250926C00225000,SELL,FILLED,2.0,2.0,@1.8,1.81,DAY,2025-09-23T17:37:08.522Z,2025-09-23T17:37:08.592Z
MU251121C00180000,MU251121C00180000,SELL,FILLED,1.0,1.0,@10.4,10.4,DAY,2025-09-23T17:33:35.417Z,2025-09-23T17:33:35.493Z
ASTS250926C00052000,ASTS250926C00052000,SELL,FILLED,1.0,1.0,@3.95,3.99,DAY,2025-09-23T15:33:45.454Z,2025-09-23T15:33:45.612Z
INTC250926C00031000,INTC250926C00031000,SELL,FILLED,10.0,10.0,@0.33,0.33,DAY,2025-09-23T15:29:04.145Z,2025-09-23T15:29:04.191Z
SNAP251121C00011000,SNAP251121C00011000,BUY,FILLED,20.0,20.0,@0.5,0.5,DAY,2025-09-23T15:28:47.747Z,2025-09-23T15:28:57.919Z
FSLR251121C00270000,FSLR251121C00270000,SELL,FILLED,1.0,1.0,@5.0,5.33,DAY,2025-09-23T15:19:40.202Z,2025-09-23T15:19:40.390Z
INTC250926C00031000,INTC250926C00031000,BUY,FILLED,10.0,10.0,@0.44,0.44,DAY,2025-09-23T14:50:22.416Z,2025-09-23T14:50:22.547Z
BABA251121C00185000,BABA251121C00185000,SELL,FILLED,1.0,1.0,@7.05,7.05,DAY,2025-09-23T14:06:52.958Z,2025-09-23T14:06:53.004Z
ENVX251121C00012000,ENVX251121C00012000,SELL,FILLED,4.0,4.0,@1.16,1.17,DAY,2025-09-23T14:06:27.901Z,2025-09-23T14:06:28.005Z
SOUN251121C00020000,SOUN251121C00020000,BUY,FILLED,1.0,1.0,@2.75,2.74,DAY,2025-09-23T13:59:08.101Z,2025-09-23T13:59:08.299Z
BABA251121C00185000,BABA251121C00185000,BUY,FILLED,2.0,2.0,@7.65,7.65,DAY,2025-09-23T13:57:53.447Z,2025-09-23T13:57:53.486Z
ASTS250926C00052000,ASTS250926C00052000,SELL,CANCELLED,0.0,1.0,,,DAY,2025-09-23T13:57:31.792Z,
INTC250926C00030500,INTC250926C00030500,SELL,FILLED,10.0,10.0,@0.57,0.57,DAY,2025-09-23T13:53:43.243Z,2025-09-23T13:53:43.617Z
INTC250926C00030500,INTC250926C00030500,BUY,FILLED,10.0,10.0,@0.59,0.58,DAY,2025-09-23T13:53:10.265Z,2025-09-23T13:53:19.831Z
ENVX251121C00012000,ENVX251121C00012000,BUY,FILLED,4.0,4.0,@1.28,1.27,DAY,2025-09-23T13:50:13.019Z,2025-09-23T13:50:13.076Z
FSLR251121C00270000,FSLR251121C00270000,BUY,FILLED,1.0,1.0,@6.55,6.55,DAY,2025-09-23T13:48:38.627Z,2025-09-23T13:48:38.696Z
HNGE251017C00070000,HNGE251017C00070000,BUY,FILLED,1.0,1.0,@1.8,1.8,DAY,2025-09-23T13:47:09.596Z,2025-09-23T13:47:09.656Z
HNGE251017C00070000,HNGE251017C00070000,BUY,FILLED,4.0,4.0,@1.7,1.7,DAY,2025-09-23T13:46:36.095Z,2025-09-23T13:46:36.333Z
ORCL251121C00380000,ORCL251121C00380000,SELL,FILLED,4.0,4.0,@7.3,7.35,DAY,2025-09-23T13:45:42.373Z,2025-09-23T13:45:42.573Z
INTC251121C00035000,INTC251121C00035000,BUY,FILLED,8.0,8.0,@1.45,1.44,DAY,2025-09-23T13:44:15.635Z,2025-09-23T13:44:15.786Z
INTC251121C00035000,INTC251121C00035000,BUY,FILLED,4.0,4.0,@1.28,1.28,DAY,2025-09-23T13:38:33.141Z,2025-09-23T13:38:39.703Z
SNAP251017C00010000,SNAP251017C00010000,SELL,FILLED,50.0,50.0,@0.16,0.16,DAY,2025-09-23T13:37:40.613Z,2025-09-23T13:37:40.840Z
INTC251121C00035000,INTC251121C00035000,BUY,FILLED,4.0,4.0,@1.25,1.25,DAY,2025-09-23T13:36:17.285Z,2025-09-23T13:36:17.425Z
OPEN251121P00006000,OPEN251121P00006000,BUY,FILLED,5.0,5.0,@1.0,0.98,DAY,2025-09-23T13:34:51.445Z,2025-09-23T13:34:51.673Z
ORCL250926C00350000,ORCL250926C00350000,SELL,FILLED,2.0,2.0,@1.2,1.23,DAY,2025-09-23T13:33:17.432Z,2025-09-23T13:33:17.474Z
GLD250930C00353000,GLD250930C00353000,BUY,FILLED,3.0,3.0,@1.5,1.5,DAY,2025-09-23T13:30:50.645Z,2025-09-23T13:30:50.695Z
GLD250930C00353000,GLD250930C00353000,BUY,FILLED,5.0,5.0,@1.48,1.48,DAY,2025-09-23T13:30:19.603Z,2025-09-23T13:30:40.453Z
ASTS250926C00052000,ASTS250926C00052000,BUY,FILLED,2.0,2.0,@1.08,1.08,DAY,2025-09-22T19:34:57.072Z,2025-09-22T19:34:57.107Z
ORCL250926C00350000,ORCL250926C00350000,BUY,FILLED,2.0,2.0,@2.4,2.4,DAY,2025-09-22T19:33:16.298Z,2025-09-22T19:33:16.335Z
NVDL250926C00094000,NVDL250926C00094000,SELL,FILLED,2.0,2.0,@2.07,2.09,DAY,2025-09-22T19:32:59.741Z,2025-09-22T19:32:59.772Z
NVDL250926C00094000,NVDL250926C00094000,BUY,FILLED,2.0,2.0,@2.13,2.13,DAY,2025-09-22T19:32:30.848Z,2025-09-22T19:32:30.887Z
GME251121C00028000,GME251121C00028000,SELL,FILLED,5.0,5.0,@2.14,2.14,DAY,2025-09-22T19:32:06.970Z,2025-09-22T19:32:07.004Z
COHR260116C00165000,COHR260116C00165000,BUY,FILLED,8.0,8.0,@2.6,2.6,DAY,2025-09-22T16:15:25.338Z,2025-09-22T16:15:25.377Z
TSLA251121C00515000,TSLA251121C00515000,SELL,FILLED,1.0,1.0,@20.25,20.3,DAY,2025-09-22T16:14:41.101Z,2025-09-22T16:14:51.903Z
AMKR260320C00036000,AMKR260320C00036000,BUY,FILLED,5.0,5.0,@2.6,2.6,DAY,2025-09-22T16:11:16.728Z,2025-09-22T16:11:16.768Z
TSLA251121C00515000,TSLA251121C00515000,BUY,FILLED,1.0,1.0,@21.6,21.45,DAY,2025-09-22T15:40:09.583Z,2025-09-22T15:40:09.747Z
INTC251017C00028000,INTC251017C00028000,SELL,FILLED,5.0,5.0,@2.09,2.09,DAY,2025-09-22T15:39:51.118Z,2025-09-22T15:39:51.264Z
SNAP251017C00010000,SNAP251017C00010000,BUY,FILLED,25.0,25.0,@0.29,0.29,DAY,2025-09-22T15:22:12.755Z,2025-09-22T15:22:13.609Z
FSLR250926C00225000,FSLR250926C00225000,BUY,FILLED,1.0,1.0,@2.4,2.38,DAY,2025-09-22T15:04:01.560Z,2025-09-22T15:04:01.696Z
GDX250926C00075000,GDX250926C00075000,SELL,FILLED,3.0,3.0,@0.56,0.56,DAY,2025-09-22T15:03:48.217Z,2025-09-22T15:03:50.784Z
FSLR250926C00225000,FSLR250926C00225000,BUY,FILLED,1.0,1.0,@2.48,2.41,DAY,2025-09-22T15:03:36.345Z,2025-09-22T15:03:36.491Z
ORCL251121C00380000,ORCL251121C00380000,BUY,FILLED,1.0,1.0,@8.9,8.8,DAY,2025-09-22T14:45:12.728Z,2025-09-22T14:45:12.978Z
SNAP251017C00010000,SNAP251017C00010000,SELL,FILLED,75.0,75.0,@0.26,0.26,DAY,2025-09-22T14:17:30.076Z,2025-09-22T14:17:30.152Z
GME251121C00028000,GME251121C00028000,BUY,FILLED,5.0,5.0,@2.14,2.13,DAY,2025-09-22T14:07:39.388Z,2025-09-22T14:07:39.582Z
COIN251121C00450000,COIN251121C00450000,SELL,FILLED,1.0,1.0,@7.6,7.7,DAY,2025-09-22T13:47:16.141Z,2025-09-22T13:47:16.307Z
CTSH260116P00055000,CTSH260116P00055000,BUY,CANCELLED,0.0,8.0,@1.3,,DAY,2025-09-22T13:36:53.055Z,
COIN251121C00450000,COIN251121C00450000,SELL,FILLED,1.0,1.0,@7.35,7.7,DAY,2025-09-22T13:36:09.976Z,2025-09-22T13:36:10.176Z
NIO251121C00008000,NIO251121C00008000,SELL,FILLED,20.0,20.0,@0.68,0.68,DAY,2025-09-22T13:34:35.004Z,2025-09-22T13:34:35.149Z
ORCL251121C00380000,ORCL251121C00380000,BUY,FILLED,3.0,3.0,@6.65,6.1,DAY,2025-09-22T13:33:02.602Z,2025-09-22T13:33:02.748Z
GLD251121C00348000,GLD251121C00348000,BUY,FILLED,2.0,2.0,@7.8,7.73,DAY,2025-09-22T13:32:31.487Z,2025-09-22T13:32:31.631Z
COIN251121C00450000,COIN251121C00450000,SELL,FILLED,1.0,1.0,@7.3,7.3,DAY,2025-09-22T13:31:49.577Z,2025-09-22T13:31:49.620Z
MU250926C00185000,MU250926C00185000,BUY,FILLED,1.0,1.0,@2.55,2.49,DAY,2025-09-22T13:31:22.654Z,2025-09-22T13:31:22.970Z
GDX250926C00075000,GDX250926C00075000,BUY,FILLED,3.0,3.0,@0.86,0.78,DAY,2025-09-22T13:31:11.064Z,2025-09-22T13:31:11.226Z
GDX251121C00075000,GDX251121C00075000,BUY,FILLED,2.0,2.0,@3.35,3.35,DAY,2025-09-19T19:59:34.091Z,2025-09-19T19:59:34.155Z
SNAP251017C00010000,SNAP251017C00010000,SELL,FILLED,100.0,100.0,@0.1,0.1,DAY,2025-09-19T19:24:56.543Z,2025-09-19T19:24:56.598Z
NIO251121C00008000,NIO251121C00008000,SELL,FILLED,20.0,20.0,@0.73,0.73,DAY,2025-09-19T19:17:36.081Z,2025-09-19T19:17:36.185Z
NIO251121C00008000,NIO251121C00008000,SELL,FILLED,20.0,20.0,@0.73,0.73,DAY,2025-09-19T19:14:36.621Z,2025-09-19T19:14:36.757Z
MP251121C00095000,MP251121C00095000,SELL,FILLED,2.0,2.0,@3.5,3.55,DAY,2025-09-19T19:13:17.616Z,2025-09-19T19:13:17.770Z
SNAP251017C00010000,SNAP251017C00010000,BUY,FILLED,200.0,200.0,@0.11,0.11,DAY,2025-09-19T19:13:02.914Z,2025-09-19T19:13:03.049Z
MP251121C00095000,MP251121C00095000,BUY,FILLED,2.0,2.0,@3.9,3.9,DAY,2025-09-19T17:27:10.744Z,2025-09-19T17:27:10.790Z
AVAV251017C00310000,AVAV251017C00310000,SELL,FILLED,1.0,1.0,@6.4,6.6,DAY,2025-09-19T15:39:38.399Z,2025-09-19T15:39:38.536Z
FSLR251121C00270000,FSLR251121C00270000,BUY,FILLED,1.0,1.0,@4.75,4.55,DAY,2025-09-19T15:39:11.054Z,2025-09-19T15:39:11.240Z
NXT251121C00080000,NXT251121C00080000,SELL,FILLED,3.0,3.0,@3.7,3.7,DAY,2025-09-19T15:39:03.784Z,2025-09-19T15:39:03.923Z
MU251121C00180000,MU251121C00180000,BUY,FILLED,1.0,1.0,@7.9,7.9,DAY,2025-09-19T15:38:51.572Z,2025-09-19T15:38:51.710Z
GDX251121C00075000,GDX251121C00075000,BUY,FILLED,4.0,4.0,@2.96,2.96,DAY,2025-09-19T15:33:29.144Z,2025-09-19T15:33:29.215Z
AVAV251017C00310000,AVAV251017C00310000,SELL,FILLED,1.0,1.0,@6.7,6.7,DAY,2025-09-19T15:31:20.333Z,2025-09-19T15:31:20.488Z
NIO251121C00008000,NIO251121C00008000,SELL,FILLED,20.0,20.0,@0.77,0.77,DAY,2025-09-19T15:27:13.624Z,2025-09-19T15:27:13.774Z
NVDA251121C00195000,NVDA251121C00195000,SELL,FILLED,4.0,4.0,@5.1,5.15,DAY,2025-09-19T15:26:58.811Z,2025-09-19T15:26:59.049Z
AAPL250919C00242500,AAPL250919C00242500,SELL,FILLED,3.0,3.0,,0.76,DAY,2025-09-19T15:06:48.582Z,2025-09-19T15:06:48.700Z
BILI251121C00029000,BILI251121C00029000,SELL,FILLED,3.0,3.0,@2.17,2.19,DAY,2025-09-19T14:55:36.456Z,2025-09-19T14:55:36.592Z
CLSK250926C00015500,CLSK250926C00015500,SELL,FILLED,8.0,8.0,@0.34,0.34,DAY,2025-09-19T14:55:20.239Z,2025-09-19T14:55:20.383Z
FSLR251121C00270000,FSLR251121C00270000,BUY,FILLED,4.0,4.0,@4.5,4.36,DAY,2025-09-19T14:55:07.488Z,2025-09-19T14:55:07.688Z
AAPL250919C00242500,AAPL250919C00242500,BUY,FILLED,3.0,3.0,@0.85,0.84,DAY,2025-09-19T14:51:33.624Z,2025-09-19T14:51:33.847Z
NVDA251121C00195000,NVDA251121C00195000,BUY,FILLED,4.0,4.0,@5.4,5.38,DAY,2025-09-19T14:06:39.852Z,2025-09-19T14:06:40.122Z
OKLO250919C00115000,OKLO250919C00115000,SELL,FILLED,1.0,1.0,@5.25,5.5,DAY,2025-09-19T13:52:30.940Z,2025-09-19T13:52:31.073Z
INTC251017C00028000,INTC251017C00028000,SELL,FILLED,10.0,10.0,@2.67,2.71,DAY,2025-09-19T13:43:25.182Z,2025-09-19T13:43:25.315Z
OKLO250919C00115000,OKLO250919C00115000,BUY,FILLED,1.0,1.0,@2.46,2.29,DAY,2025-09-19T13:37:13.590Z,2025-09-19T13:37:13.701Z
NXT251121C00080000,NXT251121C00080000,BUY,FILLED,1.0,1.0,@3.7,3.7,DAY,2025-09-18T19:23:57.234Z,2025-09-18T19:23:57.270Z
NXT251121C00080000,NXT251121C00080000,BUY,FILLED,2.0,2.0,@3.6,3.45,DAY,2025-09-18T19:19:15.356Z,2025-09-18T19:19:15.589Z
CLSK250926C00015500,CLSK250926C00015500,BUY,FILLED,8.0,8.0,@0.33,0.32,DAY,2025-09-18T19:13:52.028Z,2025-09-18T19:13:52.170Z
COIN250919C00360000,COIN250919C00360000,BUY,FILLED,2.0,2.0,@1.88,1.88,DAY,2025-09-18T18:48:26.532Z,2025-09-18T18:48:26.571Z
OPEN251121P00006000,OPEN251121P00006000,SELL,FILLED,8.0,8.0,@0.3,0.3,DAY,2025-09-18T18:40:01.103Z,2025-09-18T19:03:12.566Z
OPEN251121P00005000,OPEN251121P00005000,BUY,FILLED,8.0,8.0,@0.3,0.3,DAY,2025-09-18T18:40:01.103Z,2025-09-18T19:03:12.566Z
COIN251121C00450000,COIN251121C00450000,BUY,FILLED,1.0,1.0,@12.2,12.2,DAY,2025-09-18T18:23:02.621Z,2025-09-18T18:23:02.651Z
XMTR250919C00060000,XMTR250919C00060000,BUY,FILLED,10.0,10.0,@0.05,0.05,DAY,2025-09-18T17:45:21.409Z,2025-09-18T17:45:25.409Z
INTC250919C00034000,INTC250919C00034000,SELL,FILLED,5.0,5.0,@0.56,0.56,DAY,2025-09-18T16:02:53.893Z,2025-09-18T16:02:53.932Z
SOUN251121C00020000,SOUN251121C00020000,BUY,FILLED,5.0,5.0,@1.72,1.72,DAY,2025-09-18T16:02:05.732Z,2025-09-18T16:02:05.987Z
INTC250919C00034000,INTC250919C00034000,BUY,FILLED,5.0,5.0,@0.42,0.42,DAY,2025-09-18T15:19:49.122Z,2025-09-18T15:19:49.276Z
COIN251121C00450000,COIN251121C00450000,BUY,FILLED,1.0,1.0,@9.9,9.75,DAY,2025-09-18T15:06:15.863Z,2025-09-18T15:06:16.266Z
COIN251121C00450000,COIN251121C00450000,BUY,FILLED,1.0,1.0,@7.7,7.7,DAY,2025-09-18T14:19:55.939Z,2025-09-18T14:19:55.973Z
SOUN251121C00020000,SOUN251121C00020000,SELL,FILLED,6.0,6.0,@1.03,1.03,DAY,2025-09-18T13:46:35.496Z,2025-09-18T13:46:35.544Z
SOUN251121C00020000,SOUN251121C00020000,BUY,FILLED,6.0,6.0,@1.29,1.29,DAY,2025-09-18T13:33:21.554Z,2025-09-18T13:33:21.696Z
BILI251121C00029000,BILI251121C00029000,BUY,FILLED,3.0,3.0,@2.62,2.18,DAY,2025-09-18T13:32:30.773Z,2025-09-18T13:32:30.891Z
INTC251017C00028000,INTC251017C00028000,SELL,FILLED,5.0,5.0,@3.8,4.05,DAY,2025-09-18T13:31:45.377Z,2025-09-18T13:31:45.464Z
NVDA251121P00140000,NVDA251121P00140000,SELL,FILLED,4.0,4.0,@1.62,1.62,DAY,2025-09-18T13:31:14.309Z,2025-09-18T13:31:14.399Z
INTC251017C00028000,INTC251017C00028000,SELL,FILLED,10.0,10.0,@3.8,3.8,DAY,2025-09-18T13:30:43.429Z,2025-09-18T13:30:43.466Z
TSLA251121C00550000,TSLA251121C00550000,SELL,FILLED,1.0,1.0,,12.95,DAY,2025-09-17T19:51:28.970Z,2025-09-17T19:51:29.034Z
AVAV251017C00310000,AVAV251017C00310000,BUY,FILLED,1.0,1.0,@4.7,4.7,DAY,2025-09-17T19:41:51.914Z,2025-09-17T19:41:52.006Z
QQQ250918C00594000,QQQ250918C00594000,SELL,FILLED,1.0,1.0,@1.2,1.21,DAY,2025-09-17T19:31:49.439Z,2025-09-17T19:31:49.616Z
NIO251121C00008000,NIO251121C00008000,BUY,FILLED,40.0,40.0,@0.75,0.75,DAY,2025-09-17T19:25:26.420Z,2025-09-17T19:25:35.414Z
QQQ250918C00594000,QQQ250918C00594000,BUY,FILLED,1.0,1.0,@1.36,1.36,DAY,2025-09-17T19:25:12.350Z,2025-09-17T19:25:12.663Z
INTC251017C00028000,INTC251017C00028000,BUY,FILLED,30.0,30.0,@0.45,0.44,DAY,2025-09-17T19:24:19.828Z,2025-09-17T19:24:19.940Z
TSLA251121C00550000,TSLA251121C00550000,BUY,FILLED,1.0,1.0,@12.2,12.15,DAY,2025-09-17T19:22:31.295Z,2025-09-17T19:22:31.339Z
AVAV251017C00310000,AVAV251017C00310000,BUY,FILLED,1.0,1.0,@4.2,4.17,DAY,2025-09-17T19:10:40.067Z,2025-09-17T19:10:54.427Z
NIO251031C00008000,NIO251031C00008000,SELL,FILLED,15.0,15.0,@0.49,0.5,DAY,2025-09-17T18:55:13.162Z,2025-09-17T18:55:15.700Z
NIO251121C00008000,NIO251121C00008000,SELL,FILLED,40.0,40.0,@0.65,0.67,DAY,2025-09-17T18:55:08.706Z,2025-09-17T18:55:09.031Z
GLD250919C00344000,GLD250919C00344000,SELL,FILLED,4.0,4.0,@0.16,0.17,DAY,2025-09-17T18:54:21.924Z,2025-09-17T18:54:22.211Z
GLD251121C00335000,GLD251121C00335000,SELL,FILLED,1.0,1.0,@10.25,10.3,DAY,2025-09-17T18:53:56.583Z,2025-09-17T18:53:56.629Z
GLD251121C00335000,GLD251121C00335000,SELL,FILLED,2.0,2.0,@10.55,10.7,DAY,2025-09-17T18:51:30.834Z,2025-09-17T18:51:30.980Z
NVDA251121P00140000,NVDA251121P00140000,BUY,FILLED,1.0,1.0,@2.23,2.23,DAY,2025-09-17T18:48:54.049Z,2025-09-17T18:48:54.085Z
NVDA251121P00140000,NVDA251121P00140000,BUY,FILLED,3.0,3.0,@2.28,2.24,DAY,2025-09-17T18:48:32.421Z,2025-09-17T18:48:32.605Z
BILI251121C00030000,BILI251121C00030000,SELL,FILLED,3.0,3.0,@2.14,2.14,DAY,2025-09-17T18:46:58.202Z,2025-09-17T18:46:58.254Z
INTC251003C00025000,INTC251003C00025000,SELL,FILLED,5.0,5.0,@0.76,0.77,DAY,2025-09-17T18:46:48.335Z,2025-09-17T18:46:48.462Z
GME251121C00028000,GME251121C00028000,SELL,FILLED,5.0,5.0,@1.55,1.63,DAY,2025-09-17T18:46:39.735Z,2025-09-17T18:46:40.508Z
INTC251017C00027000,INTC251017C00027000,SELL,FILLED,20.0,20.0,@0.53,0.53,DAY,2025-09-17T18:45:47.848Z,2025-09-17T18:45:47.923Z
QQQ250917C00590000,QQQ250917C00590000,SELL,FILLED,2.0,2.0,@0.52,0.53,DAY,2025-09-17T18:42:31.251Z,2025-09-17T18:42:31.605Z
QQQ250917C00590000,QQQ250917C00590000,BUY,FILLED,2.0,2.0,@1.15,1.15,DAY,2025-09-17T18:17:40.403Z,2025-09-17T18:17:44.876Z
INTC250919C00026500,INTC250919C00026500,SELL,FILLED,20.0,20.0,@0.07,0.07,DAY,2025-09-17T18:14:06.760Z,2025-09-17T18:14:06.827Z
GLD250919C00344000,GLD250919C00344000,SELL,FILLED,4.0,4.0,@0.84,0.89,DAY,2025-09-17T18:13:46.611Z,2025-09-17T18:13:46.904Z
GLD250917C00344000,GLD250917C00344000,SELL,FILLED,8.0,8.0,@0.09,0.12,DAY,2025-09-17T18:13:39.668Z,2025-09-17T18:13:39.804Z
QQQ250917C00593000,QQQ250917C00593000,SELL,FILLED,2.0,2.0,@0.64,0.64,DAY,2025-09-17T18:06:48.929Z,2025-09-17T18:07:00.624Z
QQQ250917C00593000,QQQ250917C00593000,BUY,FILLED,2.0,2.0,@1.17,1.17,DAY,2025-09-17T18:03:10.525Z,2025-09-17T18:03:21.195Z
QQQ250919P00583000,QQQ250919P00583000,SELL,FILLED,30.0,30.0,@0.12,0.18,DAY,2025-09-17T18:00:39.253Z,2025-09-17T18:00:39.399Z
QQQ250919P00582000,QQQ250919P00582000,BUY,FILLED,30.0,30.0,@0.12,0.18,DAY,2025-09-17T18:00:39.253Z,2025-09-17T18:00:39.399Z
GLD250919C00344000,GLD250919C00344000,BUY,FILLED,4.0,4.0,@1.1,1.1,DAY,2025-09-17T18:00:12.085Z,2025-09-17T18:00:14.899Z
QQQ250919P00583000,QQQ250919P00583000,SELL,FILLED,15.0,15.0,@0.22,0.22,DAY,2025-09-17T17:52:29.033Z,2025-09-17T17:52:29.126Z
QQQ250919P00582000,QQQ250919P00582000,BUY,FILLED,15.0,15.0,@0.22,0.22,DAY,2025-09-17T17:52:29.033Z,2025-09-17T17:52:29.126Z
GLD250919C00344000,GLD250919C00344000,BUY,FILLED,4.0,4.0,@0.9,0.87,DAY,2025-09-17T17:38:58.988Z,2025-09-17T17:38:59.203Z
GLD251017C00342000,GLD251017C00342000,SELL,FILLED,4.0,4.0,@5.55,5.6,DAY,2025-09-17T14:26:52.159Z,2025-09-17T14:26:52.371Z
BILI251121C00030000,BILI251121C00030000,BUY,FILLED,3.0,3.0,@2.3,2.3,DAY,2025-09-17T13:33:16.809Z,2025-09-17T13:33:16.850Z
OPEN251121P00006000,OPEN251121P00006000,BUY,FILLED,8.0,8.0,@0.4,0.4,DAY,2025-09-16T18:19:47.937Z,2025-09-16T18:20:25.990Z
OPEN251121P00005000,OPEN251121P00005000,SELL,FILLED,8.0,8.0,@0.4,0.4,DAY,2025-09-16T18:19:47.937Z,2025-09-16T18:20:25.990Z
NIO251031C00008000,NIO251031C00008000,BUY,FILLED,15.0,15.0,@0.5,0.49,DAY,2025-09-16T18:11:58.684Z,2025-09-16T18:11:58.923Z
COIN251121P00250000,COIN251121P00250000,SELL,FILLED,1.0,1.0,@6.4,6.5,DAY,2025-09-16T15:35:08.779Z,2025-09-16T15:35:08.919Z
SLV251121C00039500,SLV251121C00039500,SELL,FILLED,8.0,8.0,@1.29,1.29,DAY,2025-09-16T15:35:01.565Z,2025-09-16T15:35:01.713Z
COIN251121P00250000,COIN251121P00250000,BUY,FILLED,1.0,1.0,@6.85,6.85,DAY,2025-09-16T15:08:34.285Z,2025-09-16T15:08:34.353Z
AAPL251121C00260000,AAPL251121C00260000,SELL,FILLED,2.0,2.0,@3.7,3.72,DAY,2025-09-16T14:04:25.615Z,2025-09-16T14:04:25.830Z
AAPL251121C00260000,AAPL251121C00260000,BUY,FILLED,2.0,2.0,@3.75,3.75,DAY,2025-09-16T14:04:12.837Z,2025-09-16T14:04:14.320Z
VNET260515C00010000,VNET260515C00010000,SELL,FILLED,8.0,8.0,@2.3,2.3,DAY,2025-09-16T14:00:50.225Z,2025-09-16T14:01:02.310Z
BABA250919C00167500,BABA250919C00167500,SELL,FILLED,1.0,1.0,@0.77,0.79,DAY,2025-09-16T13:41:22.008Z,2025-09-16T13:41:22.116Z
QQQ250919P00583000,QQQ250919P00583000,BUY,FILLED,45.0,45.0,@0.16,0.16,DAY,2025-09-16T13:37:09.670Z,2025-09-16T13:37:09.911Z
QQQ250919P00582000,QQQ250919P00582000,SELL,FILLED,45.0,45.0,@0.16,0.16,DAY,2025-09-16T13:37:09.670Z,2025-09-16T13:37:09.911Z
BABA250919C00167500,BABA250919C00167500,BUY,FILLED,1.0,1.0,@1.02,0.99,DAY,2025-09-16T13:35:05.628Z,2025-09-16T13:35:05.815Z
KC251121C00020000,KC251121C00020000,SELL,FILLED,5.0,5.0,@1.3,1.37,DAY,2025-09-15T18:15:17.432Z,2025-09-15T18:15:17.647Z
GME251121C00028000,GME251121C00028000,BUY,FILLED,5.0,5.0,@1.55,1.55,DAY,2025-09-15T18:15:03.775Z,2025-09-15T18:15:39.563Z
GLD251017C00342000,GLD251017C00342000,BUY,FILLED,2.0,2.0,@6.0,6.0,DAY,2025-09-15T16:31:13.996Z,2025-09-15T16:31:14.041Z
GLD250917C00344000,GLD250917C00344000,BUY,FILLED,8.0,8.0,@0.47,0.47,DAY,2025-09-15T16:06:55.676Z,2025-09-15T16:06:55.847Z
GLD251017C00342000,GLD251017C00342000,BUY,FILLED,2.0,2.0,@5.25,5.22,DAY,2025-09-15T15:50:32.454Z,2025-09-15T15:50:32.652Z
INTC250919C00026500,INTC250919C00026500,BUY,FILLED,20.0,20.0,@0.2,0.2,DAY,2025-09-15T13:57:56.518Z,2025-09-15T13:58:10.451Z
INTC251017C00027000,INTC251017C00027000,BUY,FILLED,5.0,5.0,@0.74,0.74,DAY,2025-09-15T13:54:44.899Z,2025-09-15T13:54:44.938Z
TSLA251121C00435000,TSLA251121C00435000,SELL,FILLED,1.0,1.0,@38.5,39.04,DAY,2025-09-15T13:38:56.372Z,2025-09-15T13:38:56.552Z
INTC251017C00027000,INTC251017C00027000,BUY,FILLED,15.0,15.0,@0.6,0.57,DAY,2025-09-15T13:31:27.734Z,2025-09-15T13:31:27.924Z
INTC251121C00027000,INTC251121C00027000,SELL,FILLED,15.0,15.0,@1.08,1.08,DAY,2025-09-12T18:16:19.406Z,2025-09-12T18:16:19.597Z
INTC251121C00027000,INTC251121C00027000,BUY,FILLED,15.0,15.0,@1.11,1.11,DAY,2025-09-12T17:14:06.614Z,2025-09-12T17:14:06.665Z
NIO251121C00008000,NIO251121C00008000,BUY,FILLED,40.0,40.0,@0.37,0.36,DAY,2025-09-12T17:13:34.637Z,2025-09-12T17:13:34.728Z
SLV251121C00039500,SLV251121C00039500,BUY,FILLED,3.0,3.0,@1.35,1.35,DAY,2025-09-12T15:18:00.794Z,2025-09-12T15:18:00.832Z
SLV251121C00039500,SLV251121C00039500,BUY,FILLED,5.0,5.0,@1.35,1.35,DAY,2025-09-12T15:17:55.065Z,2025-09-12T15:17:55.136Z
INTC251121C00027000,INTC251121C00027000,SELL,FILLED,15.0,15.0,@1.12,1.12,DAY,2025-09-12T14:59:11.140Z,2025-09-12T14:59:11.199Z
GLD251121C00335000,GLD251121C00335000,BUY,FILLED,1.0,1.0,@11.05,10.97,DAY,2025-09-12T14:28:31.934Z,2025-09-12T14:28:32.119Z
INTC250912C00025500,INTC250912C00025500,BUY,FILLED,25.0,25.0,@0.05,0.05,DAY,2025-09-11T19:57:10.930Z,2025-09-11T19:57:10.974Z
TSLA251121C00435000,TSLA251121C00435000,BUY,FILLED,1.0,1.0,@15.25,15.2,DAY,2025-09-11T17:48:06.938Z,2025-09-11T17:48:07.052Z
NIO251121C00008000,NIO251121C00008000,BUY,FILLED,40.0,40.0,@0.35,0.34,DAY,2025-09-11T16:00:31.644Z,2025-09-11T16:00:41.300Z
VNET260515C00010000,VNET260515C00010000,BUY,FILLED,4.0,4.0,@2.5,2.5,DAY,2025-09-11T14:07:48.415Z,2025-09-11T14:07:48.508Z
HNGE251121C00060000,HNGE251121C00060000,BUY,CANCELLED,0.0,1.0,@6.3,,DAY,2025-09-11T13:56:14.978Z,
AAPL251121P00225000,AAPL251121P00225000,SELL,FILLED,3.0,3.0,@7.65,7.65,DAY,2025-09-11T13:55:26.922Z,2025-09-11T13:55:27.007Z
VNET260515C00010000,VNET260515C00010000,BUY,FILLED,4.0,4.0,@2.5,2.5,DAY,2025-09-11T13:49:18.380Z,2025-09-11T13:49:18.426Z
KC251121C00020000,KC251121C00020000,BUY,FILLED,5.0,5.0,@1.65,1.64,DAY,2025-09-11T13:33:21.924Z,2025-09-11T13:33:22.160Z
AAPL251121P00225000,AAPL251121P00225000,BUY,FILLED,2.0,2.0,@8.6,8.6,DAY,2025-09-10T19:54:50.082Z,2025-09-10T19:55:00.129Z
INTC251121C00027000,INTC251121C00027000,BUY,FILLED,5.0,5.0,@1.37,1.37,DAY,2025-09-10T19:54:01.507Z,2025-09-10T19:54:18.625Z
AAPL251121P00225000,AAPL251121P00225000,SELL,FILLED,2.0,2.0,@8.6,8.61,DAY,2025-09-10T19:53:46.323Z,2025-09-10T19:53:46.588Z
INTC251121C00027000,INTC251121C00027000,BUY,FILLED,5.0,5.0,@1.33,1.33,DAY,2025-09-10T19:44:14.280Z,2025-09-10T19:44:29.553Z
INTC251121C00027000,INTC251121C00027000,BUY,FILLED,5.0,5.0,@1.31,1.29,DAY,2025-09-10T18:15:49.140Z,2025-09-10T18:15:49.333Z
AAPL251121P00225000,AAPL251121P00225000,BUY,FILLED,3.0,3.0,@8.65,8.62,DAY,2025-09-10T17:53:24.617Z,2025-09-10T17:53:35.565Z
AAPL251121P00225000,AAPL251121P00225000,SELL,FILLED,3.0,3.0,@8.05,8.05,DAY,2025-09-10T16:25:44.818Z,2025-09-10T16:25:47.120Z
AAPL251121P00200000,AAPL251121P00200000,SELL,FILLED,4.0,4.0,@2.2,2.2,DAY,2025-09-10T16:25:40.956Z,2025-09-10T16:25:40.986Z
AAPL250912P00227500,AAPL250912P00227500,SELL,FILLED,1.0,1.0,@2.14,2.15,DAY,2025-09-10T15:56:03.892Z,2025-09-10T15:56:04.087Z
HNGE251121C00060000,HNGE251121C00060000,SELL,FILLED,1.0,1.0,,5.3,DAY,2025-09-10T15:53:04.042Z,2025-09-10T15:53:04.075Z
INTC251003C00025000,INTC251003C00025000,BUY,FILLED,5.0,5.0,@0.9,0.89,DAY,2025-09-10T15:52:23.193Z,2025-09-10T15:52:23.302Z
AAPL251121P00200000,AAPL251121P00200000,BUY,FILLED,4.0,4.0,@2.4,2.38,DAY,2025-09-10T15:31:24.758Z,2025-09-10T15:31:24.903Z
HTZ251121C00007000,HTZ251121C00007000,SELL,FILLED,8.0,8.0,@0.45,0.45,DAY,2025-09-10T15:06:13.470Z,2025-09-10T15:06:26.770Z
GME251017C00028000,GME251017C00028000,SELL,FILLED,8.0,8.0,@0.64,0.64,DAY,2025-09-10T14:53:43.297Z,2025-09-10T14:53:43.449Z
GME251017C00028000,GME251017C00028000,BUY,FILLED,8.0,8.0,@0.8,0.79,DAY,2025-09-10T14:21:30.694Z,2025-09-10T14:21:30.741Z
COIN251121C00410000,COIN251121C00410000,SELL,FILLED,1.0,1.0,,10.0,DAY,2025-09-10T14:16:52.160Z,2025-09-10T14:16:52.387Z
AAPL250912P00227500,AAPL250912P00227500,SELL,FILLED,1.0,1.0,@1.04,1.08,DAY,2025-09-10T13:53:48.614Z,2025-09-10T13:53:48.753Z
TSLA251121P00290000,TSLA251121P00290000,SELL,FILLED,1.0,1.0,@9.15,9.15,DAY,2025-09-10T13:44:17.225Z,2025-09-10T13:44:31.970Z
COIN251121C00410000,COIN251121C00410000,BUY,FILLED,1.0,1.0,@10.6,10.6,DAY,2025-09-10T13:44:04.969Z,2025-09-10T13:44:34.113Z
COIN251017P00250000,COIN251017P00250000,SELL,FILLED,2.0,2.0,@2.03,2.04,DAY,2025-09-10T13:43:46.019Z,2025-09-10T13:43:46.078Z
AAPL250912P00227500,AAPL250912P00227500,SELL,FILLED,2.0,2.0,@1.17,1.18,DAY,2025-09-10T13:39:15.970Z,2025-09-10T13:39:16.024Z
HTZ251121C00007000,HTZ251121C00007000,BUY,FILLED,8.0,8.0,@0.65,0.65,DAY,2025-09-10T13:38:56.750Z,2025-09-10T13:38:56.880Z
NIO251121C00008000,NIO251121C00008000,SELL,FILLED,25.0,25.0,@0.25,0.25,DAY,2025-09-10T13:33:47.533Z,2025-09-10T13:33:47.580Z
GLD251121C00335000,GLD251121C00335000,SELL,FILLED,3.0,3.0,@10.65,10.68,DAY,2025-09-09T19:45:11.065Z,2025-09-09T19:45:11.189Z
AAPL251121P00225000,AAPL251121P00225000,BUY,FILLED,1.0,1.0,@6.1,6.1,DAY,2025-09-09T18:52:35.085Z,2025-09-09T18:52:35.477Z
AAPL250912P00227500,AAPL250912P00227500,BUY,FILLED,4.0,4.0,@0.51,0.5,DAY,2025-09-09T18:23:36.400Z,2025-09-09T18:23:36.605Z
AAPL251121P00225000,AAPL251121P00225000,BUY,FILLED,2.0,2.0,@5.35,5.35,DAY,2025-09-09T17:02:41.671Z,2025-09-09T17:02:41.730Z
KC251121C00020000,KC251121C00020000,SELL,FILLED,8.0,8.0,@1.2,1.25,DAY,2025-09-09T17:02:15.241Z,2025-09-09T17:02:15.386Z
HNGE251121C00060000,HNGE251121C00060000,BUY,FILLED,1.0,1.0,@6.2,6.2,DAY,2025-09-09T16:13:11.178Z,2025-09-09T16:13:32.171Z
NIO251121C00008000,NIO251121C00008000,SELL,FILLED,25.0,25.0,@0.36,0.36,DAY,2025-09-09T15:00:41.029Z,2025-09-09T15:00:41.068Z
GLD251121C00338000,GLD251121C00338000,SELL,FILLED,2.0,2.0,@9.75,9.91,DAY,2025-09-09T14:38:12.150Z,2025-09-09T14:38:12.309Z
TSLA251121P00290000,TSLA251121P00290000,BUY,FILLED,1.0,1.0,@10.1,10.1,DAY,2025-09-09T14:37:44.977Z,2025-09-09T14:37:59.575Z
NIO251121C00008000,NIO251121C00008000,BUY,FILLED,25.0,25.0,@0.4,0.4,DAY,2025-09-09T14:20:49.909Z,2025-09-09T14:20:49.948Z
KC251121C00020000,KC251121C00020000,BUY,FILLED,4.0,4.0,@1.5,1.47,DAY,2025-09-09T14:18:46.350Z,2025-09-09T14:18:46.589Z
GLD250910C00336000,GLD250910C00336000,SELL,FILLED,2.0,2.0,@1.19,1.2,DAY,2025-09-09T14:08:58.593Z,2025-09-09T14:08:58.767Z
COIN250912P00290000,COIN250912P00290000,SELL,FILLED,2.0,2.0,@1.05,1.06,DAY,2025-09-09T14:05:23.081Z,2025-09-09T14:05:23.121Z
TSM251017C00270000,TSM251017C00270000,SELL,FILLED,1.0,1.0,,4.85,DAY,2025-09-09T14:01:52.937Z,2025-09-09T14:01:52.994Z
COIN250912P00290000,COIN250912P00290000,BUY,FILLED,2.0,2.0,@1.34,1.31,DAY,2025-09-09T14:01:39.668Z,2025-09-09T14:01:39.735Z
KC251121C00020000,KC251121C00020000,BUY,FILLED,4.0,4.0,@1.2,1.19,DAY,2025-09-09T13:48:54.160Z,2025-09-09T13:48:54.297Z
TSM251017C00270000,TSM251017C00270000,BUY,FILLED,1.0,1.0,@4.35,4.24,DAY,2025-09-09T13:32:25.958Z,2025-09-09T13:32:26.589Z
NIO251121C00008000,NIO251121C00008000,BUY,FILLED,25.0,25.0,@0.39,0.38,DAY,2025-09-08T15:45:55.217Z,2025-09-08T15:45:55.340Z
COIN251017P00250000,COIN251017P00250000,SELL,FILLED,2.0,2.0,@3.8,3.83,DAY,2025-09-08T14:43:07.918Z,2025-09-08T14:43:08.056Z
GLD251121C00338000,GLD251121C00338000,BUY,FILLED,2.0,2.0,@10.05,10.05,DAY,2025-09-08T14:40:44.981Z,2025-09-08T14:53:28.110Z
PLTR251121P00105000,PLTR251121P00105000,SELL,FILLED,1.0,1.0,@1.74,1.74,DAY,2025-09-08T14:03:43.611Z,2025-09-08T14:03:43.740Z
COIN251017P00250000,COIN251017P00250000,SELL,FILLED,1.0,1.0,@3.95,3.95,DAY,2025-09-08T14:03:35.677Z,2025-09-08T14:03:35.726Z
MSTR251121P00240000,MSTR251121P00240000,SELL,FILLED,1.0,1.0,@8.4,8.49,DAY,2025-09-08T13:57:16.364Z,2025-09-08T13:57:16.729Z
PLTR251121P00105000,PLTR251121P00105000,SELL,FILLED,4.0,4.0,@1.77,1.78,DAY,2025-09-08T13:44:54.767Z,2025-09-08T13:44:54.902Z
GLD250910C00336000,GLD250910C00336000,BUY,FILLED,2.0,2.0,@1.25,1.25,DAY,2025-09-08T13:44:25.825Z,2025-09-08T13:44:26.341Z
NVDA251121P00140000,NVDA251121P00140000,SELL,FILLED,4.0,4.0,@2.48,2.48,DAY,2025-09-08T13:41:57.134Z,2025-09-08T13:41:57.269Z
ASML251121P00600000,ASML251121P00600000,SELL,FILLED,1.0,1.0,@5.3,5.3,DAY,2025-09-05T18:28:37.885Z,2025-09-05T18:28:37.996Z
TSLA250905P00345000,TSLA250905P00345000,SELL,FILLED,2.0,2.0,@1.13,1.13,DAY,2025-09-05T15:15:42.062Z,2025-09-05T15:15:48.712Z
COIN250905P00285000,COIN250905P00285000,BUY,FILLED,7.0,7.0,@0.51,0.51,DAY,2025-09-05T15:03:04.024Z,2025-09-05T15:03:04.066Z
COIN250905P00285000,COIN250905P00285000,SELL,FILLED,10.0,10.0,@0.33,0.33,DAY,2025-09-05T14:52:11.881Z,2025-09-05T14:52:11.923Z
COIN250905P00287500,COIN250905P00287500,SELL,FILLED,1.0,1.0,@0.83,0.83,DAY,2025-09-05T14:48:01.192Z,2025-09-05T14:48:01.234Z
COIN251017P00250000,COIN251017P00250000,BUY,FILLED,2.0,2.0,@6.35,6.35,DAY,2025-09-05T14:47:45.477Z,2025-09-05T14:47:45.523Z
COIN250905P00287500,COIN250905P00287500,SELL,FILLED,1.0,1.0,@0.92,0.92,DAY,2025-09-05T14:47:10.970Z,2025-09-05T14:47:11.016Z
COIN250905P00285000,COIN250905P00285000,BUY,FILLED,10.0,10.0,@0.58,0.58,DAY,2025-09-05T14:46:19.547Z,2025-09-05T14:46:29.444Z
COIN250905P00287500,COIN250905P00287500,BUY,FILLED,2.0,2.0,@0.5,0.5,DAY,2025-09-05T14:42:57.358Z,2025-09-05T14:43:08.129Z
GLD251121C00337000,GLD251121C00337000,SELL,FILLED,2.0,2.0,@7.75,7.75,DAY,2025-09-05T14:29:49.319Z,2025-09-05T14:29:49.354Z
BABA251121C00160000,BABA251121C00160000,SELL,FILLED,4.0,4.0,@3.15,3.17,DAY,2025-09-05T14:29:31.596Z,2025-09-05T14:29:42.711Z
COIN251017P00250000,COIN251017P00250000,BUY,FILLED,3.0,3.0,@5.6,5.6,DAY,2025-09-05T14:28:56.384Z,2025-09-05T14:28:56.531Z
TSLA250905P00345000,TSLA250905P00345000,BUY,FILLED,2.0,2.0,@1.49,1.49,DAY,2025-09-05T14:27:25.504Z,2025-09-05T14:27:26.151Z
GLD250905C00332000,GLD250905C00332000,SELL,FILLED,5.0,5.0,@0.1,0.1,DAY,2025-09-05T14:24:37.874Z,2025-09-05T14:24:38.137Z
RKT250905C00020500,RKT250905C00020500,SELL,FILLED,5.0,5.0,@0.04,0.04,DAY,2025-09-05T14:24:22.694Z,2025-09-05T14:24:22.821Z
PLTR251121P00105000,PLTR251121P00105000,BUY,FILLED,5.0,5.0,@2.72,2.72,DAY,2025-09-05T14:24:07.769Z,2025-09-05T14:24:07.828Z
MBLY251017C00016000,MBLY251017C00016000,SELL,FILLED,5.0,5.0,@0.55,0.55,DAY,2025-09-05T14:20:50.427Z,2025-09-05T14:20:50.746Z
MBLY250905C00015500,MBLY250905C00015500,SELL,PARTIAL_FILLED,3.0,10.0,@0.01,0.01,DAY,2025-09-05T14:16:41.987Z,2025-09-05T14:29:24.749Z
ASML251121P00600000,ASML251121P00600000,BUY,FILLED,1.0,1.0,@6.1,6.1,DAY,2025-09-05T14:12:12.891Z,2025-09-05T14:12:25.803Z
NXT251121C00080000,NXT251121C00080000,SELL,FILLED,3.0,3.0,@3.5,3.5,DAY,2025-09-05T14:11:40.254Z,2025-09-05T14:11:40.332Z
GLD250905C00332000,GLD250905C00332000,BUY,FILLED,5.0,5.0,@0.33,0.33,DAY,2025-09-05T13:58:09.536Z,2025-09-05T13:58:09.699Z
MBLY251017C00016000,MBLY251017C00016000,SELL,FILLED,15.0,15.0,@0.63,0.64,DAY,2025-09-05T13:41:02.251Z,2025-09-05T13:41:02.320Z
SOUN251024C00014500,SOUN251024C00014500,SELL,FILLED,3.0,3.0,@1.11,1.15,DAY,2025-09-05T13:40:39.007Z,2025-09-05T13:40:39.144Z
ALAB251017C00240000,ALAB251017C00240000,SELL,FILLED,2.0,2.0,@4.3,4.3,DAY,2025-09-05T13:35:51.625Z,2025-09-05T13:35:51.848Z
RKT250905C00020500,RKT250905C00020500,BUY,FILLED,5.0,5.0,@0.21,0.21,DAY,2025-09-05T13:35:29.215Z,2025-09-05T13:35:29.304Z
NVDA251121P00140000,NVDA251121P00140000,BUY,FILLED,4.0,4.0,@3.05,3.0,DAY,2025-09-05T13:32:22.073Z,2025-09-05T13:32:22.281Z
GLD251121C00337000,GLD251121C00337000,BUY,FILLED,2.0,2.0,@7.85,7.74,DAY,2025-09-05T13:31:37.497Z,2025-09-05T13:40:07.075Z
NXT251121C00080000,NXT251121C00080000,BUY,FILLED,3.0,3.0,@3.9,3.8,DAY,2025-09-05T13:30:52.579Z,2025-09-05T13:30:52.639Z
ALAB251017C00240000,ALAB251017C00240000,BUY,FILLED,2.0,2.0,@5.5,5.5,DAY,2025-09-05T13:30:38.633Z,2025-09-05T13:30:38.706Z
TSLA251121P00280000,TSLA251121P00280000,SELL,FILLED,1.0,1.0,,7.76,DAY,2025-09-05T13:30:16.069Z,2025-09-05T13:30:16.227Z
COIN251121P00250000,COIN251121P00250000,SELL,FILLED,1.0,1.0,,6.9,DAY,2025-09-05T13:30:09.240Z,2025-09-05T13:30:09.304Z
NVDA251017P00160000,NVDA251017P00160000,SELL,FILLED,3.0,3.0,@3.75,3.75,DAY,2025-09-04T18:36:08.168Z,2025-09-04T18:36:08.300Z
SOUN251024C00014500,SOUN251024C00014500,BUY,FILLED,3.0,3.0,@1.2,1.19,DAY,2025-09-04T18:35:17.877Z,2025-09-04T18:35:18.053Z
AEO251121C00016000,AEO251121C00016000,SELL,FILLED,2.0,2.0,@3.0,3.04,DAY,2025-09-04T17:42:21.715Z,2025-09-04T17:42:21.982Z
AEO250905C00019000,AEO250905C00019000,SELL,FILLED,4.0,4.0,@0.25,0.27,DAY,2025-09-04T17:42:18.093Z,2025-09-04T17:42:18.348Z
MBLY250905C00015500,MBLY250905C00015500,BUY,FILLED,10.0,10.0,@0.11,0.1,DAY,2025-09-04T17:42:10.604Z,2025-09-04T17:42:10.651Z
MBLY251017C00016000,MBLY251017C00016000,BUY,FILLED,10.0,10.0,@0.52,0.52,DAY,2025-09-04T17:15:18.696Z,2025-09-04T17:15:18.757Z
MBLY251017C00016000,MBLY251017C00016000,BUY,FILLED,10.0,10.0,@0.53,0.53,DAY,2025-09-04T17:05:17.561Z,2025-09-04T17:05:17.609Z
MSTR251121P00240000,MSTR251121P00240000,BUY,FILLED,1.0,1.0,@10.4,10.31,DAY,2025-09-04T16:06:55.495Z,2025-09-04T16:06:55.768Z
BABA251121C00160000,BABA251121C00160000,BUY,FILLED,4.0,4.0,@3.05,3.02,DAY,2025-09-04T15:36:46.447Z,2025-09-04T15:36:46.577Z
AVGO250905P00277500,AVGO250905P00277500,BUY,FILLED,1.0,1.0,@1.18,1.18,DAY,2025-09-04T15:05:42.688Z,2025-09-04T15:05:42.828Z
QQQ250904P00567000,QQQ250904P00567000,SELL,FILLED,1.0,1.0,@0.46,0.46,DAY,2025-09-04T14:01:10.056Z,2025-09-04T14:01:10.223Z
QQQ250904P00567000,QQQ250904P00567000,BUY,FILLED,1.0,1.0,@0.49,0.49,DAY,2025-09-04T14:00:02.992Z,2025-09-04T14:00:03.557Z
SLV251121C00038500,SLV251121C00038500,SELL,FILLED,5.0,5.0,@1.29,1.29,DAY,2025-09-04T13:41:39.154Z,2025-09-04T13:41:39.302Z
TSLA251121P00280000,TSLA251121P00280000,BUY,FILLED,1.0,1.0,@10.6,10.55,DAY,2025-09-04T13:41:28.847Z,2025-09-04T13:41:28.925Z
GLD251121C00335000,GLD251121C00335000,BUY,FILLED,1.0,1.0,@8.15,8.15,DAY,2025-09-04T13:33:39.382Z,2025-09-04T13:33:39.480Z
AEO251121C00016000,AEO251121C00016000,SELL,FILLED,3.0,3.0,@2.55,2.6,DAY,2025-09-04T13:32:41.401Z,2025-09-04T13:32:41.444Z
AEO250905C00019000,AEO250905C00019000,BUY,FILLED,4.0,4.0,@0.4,0.4,DAY,2025-09-04T13:31:38.451Z,2025-09-04T13:31:38.627Z
GLD251017C00315000,GLD251017C00315000,SELL,FILLED,1.0,1.0,@17.15,17.2,DAY,2025-09-03T19:37:16.606Z,2025-09-03T19:37:16.650Z
GLD251017C00315000,GLD251017C00315000,SELL,FILLED,1.0,1.0,@17.15,17.15,DAY,2025-09-03T19:23:53.967Z,2025-09-03T19:23:54.012Z
GME251017C00028000,GME251017C00028000,SELL,FILLED,5.0,5.0,@0.72,0.76,DAY,2025-09-03T18:44:46.093Z,2025-09-03T18:44:46.323Z
AEO251121C00016000,AEO251121C00016000,BUY,FILLED,5.0,5.0,@1.05,1.01,DAY,2025-09-03T17:31:08.760Z,2025-09-03T17:31:09.003Z
RKLB251017C00060000,RKLB251017C00060000,SELL,FILLED,2.0,2.0,@1.49,1.49,DAY,2025-09-03T16:00:00.907Z,2025-09-03T16:00:05.639Z
NVDA251017P00160000,NVDA251017P00160000,BUY,FILLED,1.0,1.0,@4.1,4.1,DAY,2025-09-03T15:29:09.517Z,2025-09-03T15:29:09.564Z
COIN251121P00250000,COIN251121P00250000,BUY,FILLED,1.0,1.0,@9.7,9.7,DAY,2025-09-03T15:19:26.888Z,2025-09-03T15:19:39.324Z
NVDA251017P00160000,NVDA251017P00160000,SELL,FILLED,2.0,2.0,@3.8,3.8,DAY,2025-09-03T15:06:00.423Z,2025-09-03T15:06:00.554Z
COIN251121P00250000,COIN251121P00250000,SELL,FILLED,1.0,1.0,@9.6,9.6,DAY,2025-09-03T15:05:50.286Z,2025-09-03T15:05:50.421Z
CRWV251121P00070000,CRWV251121P00070000,SELL,FILLED,1.0,1.0,@4.4,4.4,DAY,2025-09-03T15:05:36.570Z,2025-09-03T15:05:36.602Z
NVDA251017P00160000,NVDA251017P00160000,SELL,FILLED,2.0,2.0,@3.65,3.65,DAY,2025-09-03T14:50:29.808Z,2025-09-03T14:50:30.019Z
RKLB251017C00060000,RKLB251017C00060000,SELL,FILLED,3.0,3.0,@1.72,1.73,DAY,2025-09-03T14:34:22.669Z,2025-09-03T14:34:22.713Z
GLD251017C00315000,GLD251017C00315000,SELL,FILLED,1.0,1.0,@17.05,17.05,DAY,2025-09-03T14:33:55.154Z,2025-09-03T14:34:08.328Z
NVDA250905P00167500,NVDA250905P00167500,SELL,FILLED,1.0,1.0,@0.84,0.84,DAY,2025-09-03T14:33:29.378Z,2025-09-03T14:33:29.474Z
TSLA250905P00302500,TSLA250905P00302500,SELL,FILLED,4.0,4.0,@0.13,0.13,DAY,2025-09-03T14:33:13.362Z,2025-09-03T14:33:13.394Z
CRWV251121P00070000,CRWV251121P00070000,BUY,FILLED,1.0,1.0,@4.55,4.55,DAY,2025-09-03T14:22:10.679Z,2025-09-03T14:22:10.728Z
GME251017C00028000,GME251017C00028000,BUY,FILLED,5.0,5.0,@1.0,1.0,DAY,2025-09-03T13:46:36.757Z,2025-09-03T13:46:36.898Z
GLD250903C00329000,GLD250903C00329000,SELL,FILLED,8.0,8.0,@0.14,0.14,DAY,2025-09-03T13:44:39.618Z,2025-09-03T13:44:39.654Z
NIO251121C00008000,NIO251121C00008000,SELL,FILLED,10.0,10.0,@0.32,0.33,DAY,2025-09-03T13:39:28.183Z,2025-09-03T13:39:28.224Z
NVDA251017P00160000,NVDA251017P00160000,BUY,FILLED,2.0,2.0,@4.35,4.29,DAY,2025-09-03T13:31:45.422Z,2025-09-03T13:32:00.511Z
GLD250903C00329000,GLD250903C00329000,BUY,FILLED,8.0,8.0,@0.31,0.29,DAY,2025-09-03T13:30:46.923Z,2025-09-03T13:30:47.069Z
GLD251017C00315000,GLD251017C00315000,SELL,FILLED,1.0,1.0,@15.75,15.75,DAY,2025-09-02T19:38:13.275Z,2025-09-02T19:38:13.420Z
QCOM251121P00125000,QCOM251121P00125000,SELL,FILLED,2.0,2.0,@1.16,1.18,DAY,2025-09-02T19:25:25.276Z,2025-09-02T19:25:25.529Z
GLD250903C00320000,GLD250903C00320000,SELL,FILLED,2.0,2.0,@5.65,5.76,DAY,2025-09-02T19:18:34.641Z,2025-09-02T19:18:48.538Z
RKLB251017C00060000,RKLB251017C00060000,BUY,FILLED,5.0,5.0,@2.35,2.34,DAY,2025-09-02T19:17:40.145Z,2025-09-02T19:18:12.326Z
TGT251121P00080000,TGT251121P00080000,SELL,FILLED,3.0,3.0,@2.1,2.1,DAY,2025-09-02T19:16:53.027Z,2025-09-02T19:16:53.272Z
TSM251121P00180000,TSM251121P00180000,SELL,FILLED,3.0,3.0,@2.12,2.17,DAY,2025-09-02T19:16:46.649Z,2025-09-02T19:16:46.775Z
TSLA250905P00302500,TSLA250905P00302500,BUY,FILLED,4.0,4.0,@0.57,0.56,DAY,2025-09-02T16:00:58.647Z,2025-09-02T16:00:58.684Z
COIN251121P00250000,COIN251121P00250000,BUY,FILLED,1.0,1.0,@10.35,10.35,DAY,2025-09-02T15:38:59.061Z,2025-09-02T15:38:59.161Z
GLD250903C00320000,GLD250903C00320000,SELL,FILLED,2.0,2.0,,3.55,DAY,2025-09-02T15:17:19.190Z,2025-09-02T15:17:19.247Z
COIN251121P00250000,COIN251121P00250000,SELL,FILLED,1.0,1.0,@9.95,9.95,DAY,2025-09-02T14:52:45.940Z,2025-09-02T14:52:46.015Z
NIO251121C00008000,NIO251121C00008000,BUY,FILLED,10.0,10.0,@0.53,0.53,DAY,2025-09-02T14:52:40.651Z,2025-09-02T14:52:40.700Z
TGT251121P00080000,TGT251121P00080000,BUY,FILLED,3.0,3.0,@2.0,2.0,DAY,2025-09-02T14:52:00.202Z,2025-09-02T14:52:00.337Z
COIN251121P00250000,COIN251121P00250000,SELL,FILLED,1.0,1.0,@10.25,10.37,DAY,2025-09-02T14:19:58.904Z,2025-09-02T14:19:59.119Z
QCOM251121P00125000,QCOM251121P00125000,BUY,FILLED,2.0,2.0,@1.28,1.28,DAY,2025-09-02T14:12:21.321Z,2025-09-02T14:12:21.506Z
TSM251121P00180000,TSM251121P00180000,BUY,FILLED,3.0,3.0,@2.26,2.26,DAY,2025-09-02T14:12:09.299Z,2025-09-02T14:12:26.710Z
GLD250903C00320000,GLD250903C00320000,SELL,CANCELLED,0.0,2.0,,,DAY,2025-09-02T13:47:34.826Z,
COIN251121P00250000,COIN251121P00250000,BUY,FILLED,1.0,1.0,@12.1,12.1,DAY,2025-09-02T13:31:39.359Z,2025-09-02T13:31:41.510Z
VNET251017C00010000,VNET251017C00010000,SELL,FILLED,10.0,10.0,@0.45,0.45,DAY,2025-09-02T13:30:50.640Z,2025-09-02T13:30:50.804Z
RKLB251017C00049000,RKLB251017C00049000,SELL,FILLED,2.0,2.0,@4.1,4.1,DAY,2025-09-02T13:30:18.940Z,2025-09-02T13:30:18.981Z
KC251017C00017500,KC251017C00017500,SELL,FILLED,20.0,20.0,@0.55,0.6,DAY,2025-09-02T13:30:09.614Z,2025-09-02T13:30:45.621Z
NVDA250905P00167500,NVDA250905P00167500,BUY,FILLED,1.0,1.0,@1.15,1.15,DAY,2025-08-29T19:54:53.773Z,2025-08-29T19:55:00.106Z
GLD250903C00320000,GLD250903C00320000,SELL,FILLED,4.0,4.0,@0.95,0.95,DAY,2025-08-29T19:52:27.872Z,2025-08-29T19:52:28.072Z
SLV251121C00038500,SLV251121C00038500,BUY,FILLED,5.0,5.0,@1.14,1.14,DAY,2025-08-29T17:13:07.839Z,2025-08-29T17:13:07.893Z
COIN251121P00250000,COIN251121P00250000,BUY,FILLED,1.0,1.0,@11.4,11.4,DAY,2025-08-29T14:55:34.561Z,2025-08-29T14:55:34.678Z
NVDA251017P00160000,NVDA251017P00160000,BUY,FILLED,2.0,2.0,@3.9,3.9,DAY,2025-08-29T14:54:23.189Z,2025-08-29T14:54:24.060Z
RKLB251017C00049000,RKLB251017C00049000,SELL,FILLED,2.0,2.0,@4.1,4.16,DAY,2025-08-29T14:47:40.908Z,2025-08-29T14:47:41.167Z
GLD251121C00335000,GLD251121C00335000,BUY,FILLED,2.0,2.0,@4.55,4.53,DAY,2025-08-29T14:40:15.813Z,2025-08-29T14:40:15.966Z
TIGR251017C00013000,TIGR251017C00013000,SELL,FILLED,8.0,8.0,@1.12,1.12,DAY,2025-08-29T14:21:33.970Z,2025-08-29T14:21:34.008Z
NVDA251017P00160000,NVDA251017P00160000,BUY,FILLED,2.0,2.0,@3.75,3.75,DAY,2025-08-29T13:41:02.082Z,2025-08-29T13:41:02.121Z
CRWV251017C00125000,CRWV251017C00125000,SELL,FILLED,3.0,3.0,@3.5,3.5,DAY,2025-08-29T13:31:45.418Z,2025-08-29T13:31:45.566Z
GLD250903C00320000,GLD250903C00320000,BUY,FILLED,3.0,3.0,@0.38,0.38,DAY,2025-08-28T17:59:05.051Z,2025-08-28T17:59:05.188Z
GLD251121C00335000,GLD251121C00335000,BUY,FILLED,1.0,1.0,@3.9,3.9,DAY,2025-08-28T17:58:55.539Z,2025-08-28T17:58:55.570Z
GLD250903P00311000,GLD250903P00311000,SELL,FILLED,5.0,5.0,@0.48,0.48,DAY,2025-08-28T17:58:49.329Z,2025-08-28T17:58:49.367Z
GLD250903C00320000,GLD250903C00320000,BUY,FILLED,5.0,5.0,@0.38,0.37,DAY,2025-08-28T17:58:35.534Z,2025-08-28T17:58:35.661Z
GLD250903P00311000,GLD250903P00311000,BUY,FILLED,5.0,5.0,@0.51,0.51,DAY,2025-08-28T17:58:20.057Z,2025-08-28T17:58:20.135Z
RKLB251017C00049000,RKLB251017C00049000,BUY,FILLED,4.0,4.0,@4.65,4.64,DAY,2025-08-28T16:10:30.234Z,2025-08-28T16:10:30.463Z
VNET251017C00010000,VNET251017C00010000,BUY,FILLED,10.0,10.0,@0.6,0.6,DAY,2025-08-28T14:26:26.443Z,2025-08-28T14:26:26.678Z
RKLB251017C00049000,RKLB251017C00049000,SELL,FILLED,5.0,5.0,@3.95,3.97,DAY,2025-08-28T14:25:34.967Z,2025-08-28T14:25:35.273Z
OKTA251017C00100000,OKTA251017C00100000,SELL,FILLED,2.0,2.0,@1.97,1.99,DAY,2025-08-28T14:16:46.288Z,2025-08-28T14:16:46.323Z
GLD251121C00335000,GLD251121C00335000,BUY,FILLED,1.0,1.0,@3.8,3.8,DAY,2025-08-28T14:12:35.788Z,2025-08-28T14:12:35.905Z
CRWV251017C00125000,CRWV251017C00125000,BUY,FILLED,1.0,1.0,@4.6,4.6,DAY,2025-08-28T13:38:56.031Z,2025-08-28T13:38:56.144Z
CRWV251017C00125000,CRWV251017C00125000,BUY,FILLED,2.0,2.0,@3.85,3.85,DAY,2025-08-28T13:30:45.320Z,2025-08-28T13:30:45.416Z
NVDA251017P00160000,NVDA251017P00160000,SELL,FILLED,2.0,2.0,@2.34,2.34,DAY,2025-08-28T13:30:20.766Z,2025-08-28T13:30:20.806Z
TIGR251017C00013000,TIGR251017C00013000,BUY,FILLED,8.0,8.0,@0.76,0.75,DAY,2025-08-27T19:08:07.022Z,2025-08-27T19:08:31.193Z
MSTR251017P00310000,MSTR251017P00310000,SELL,FILLED,1.0,1.0,@12.8,12.8,DAY,2025-08-27T18:24:10.724Z,2025-08-27T18:24:24.001Z
OKTA251017C00100000,OKTA251017C00100000,BUY,FILLED,2.0,2.0,@3.15,3.1,DAY,2025-08-27T18:01:00.290Z,2025-08-27T18:01:00.429Z
RKLB251017C00049000,RKLB251017C00049000,BUY,FILLED,2.0,2.0,@4.5,4.48,DAY,2025-08-27T17:52:09.873Z,2025-08-27T17:52:10.072Z
RKLB251017C00049000,RKLB251017C00049000,BUY,FILLED,3.0,3.0,@4.45,4.45,DAY,2025-08-27T17:51:24.694Z,2025-08-27T17:51:24.815Z
RKLB251017C00049000,RKLB251017C00049000,SELL,FILLED,1.0,1.0,@4.3,4.3,DAY,2025-08-27T16:37:41.744Z,2025-08-27T16:37:41.793Z
RKLB251017C00049000,RKLB251017C00049000,SELL,FILLED,2.0,2.0,@4.9,4.9,DAY,2025-08-27T16:04:42.879Z,2025-08-27T16:04:43.020Z
RKLB251017C00049000,RKLB251017C00049000,SELL,FILLED,2.0,2.0,@5.05,5.05,DAY,2025-08-27T15:39:55.675Z,2025-08-27T15:39:55.707Z
BYND251017C00003500,BYND251017C00003500,SELL,FILLED,10.0,10.0,@0.12,0.12,DAY,2025-08-27T15:39:13.993Z,2025-08-27T15:39:14.142Z
NVDA251017P00160000,NVDA251017P00160000,BUY,FILLED,2.0,2.0,@3.5,3.5,DAY,2025-08-27T15:39:05.327Z,2025-08-27T15:39:05.360Z
TSLA251017C00390000,TSLA251017C00390000,SELL,FILLED,1.0,1.0,@13.35,13.35,DAY,2025-08-27T14:01:34.649Z,2025-08-27T14:01:35.003Z
UUUU251017C00012000,UUUU251017C00012000,SELL,FILLED,8.0,8.0,@1.5,1.5,DAY,2025-08-27T13:33:52.225Z,2025-08-27T13:33:52.309Z
UUUU250829C00012000,UUUU250829C00012000,SELL,FILLED,1.0,1.0,@0.35,0.35,DAY,2025-08-27T13:32:36.952Z,2025-08-27T13:33:00.062Z
UUUU250829C00012000,UUUU250829C00012000,SELL,FILLED,1.0,1.0,@1.25,1.25,DAY,2025-08-26T14:23:43.618Z,2025-08-26T14:23:43.728Z
UUUU250829C00012000,UUUU250829C00012000,BUY,FILLED,2.0,2.0,@0.65,0.63,DAY,2025-08-26T13:33:04.097Z,2025-08-26T13:33:04.292Z
KC251017C00017500,KC251017C00017500,BUY,FILLED,8.0,8.0,@0.95,0.95,DAY,2025-08-26T13:32:24.314Z,2025-08-26T13:32:24.357Z
GLD251017C00315000,GLD251017C00315000,BUY,FILLED,2.0,2.0,@5.85,5.81,DAY,2025-08-26T13:30:51.656Z,2025-08-26T13:31:16.973Z
KC251017C00017500,KC251017C00017500,SELL,FILLED,11.0,11.0,@0.85,0.85,DAY,2025-08-25T19:55:30.312Z,2025-08-25T19:55:30.366Z
MSTR251017P00310000,MSTR251017P00310000,BUY,FILLED,1.0,1.0,@13.65,13.65,DAY,2025-08-25T18:22:39.576Z,2025-08-25T18:22:39.734Z
TSLA251017C00390000,TSLA251017C00390000,BUY,FILLED,1.0,1.0,@11.9,11.9,DAY,2025-08-25T16:08:48.103Z,2025-08-25T16:08:48.170Z
U251017C00046000,U251017C00046000,SELL,FILLED,2.0,2.0,@2.22,2.24,DAY,2025-08-25T16:08:05.474Z,2025-08-25T16:08:05.669Z
INTC251017C00027000,INTC251017C00027000,SELL,FILLED,8.0,8.0,@1.33,1.34,DAY,2025-08-25T15:18:45.753Z,2025-08-25T15:18:45.889Z
UUUU251017C00012000,UUUU251017C00012000,BUY,FILLED,3.0,3.0,@1.15,1.12,DAY,2025-08-25T15:04:09.717Z,2025-08-25T15:04:09.925Z
U251017C00046000,U251017C00046000,BUY,FILLED,2.0,2.0,@2.42,2.42,DAY,2025-08-25T14:44:30.388Z,2025-08-25T14:44:30.432Z
PDD251017C00140000,PDD251017C00140000,SELL,FILLED,3.0,3.0,@2.86,2.86,DAY,2025-08-25T14:33:09.842Z,2025-08-25T14:33:19.339Z
BYND251017C00003500,BYND251017C00003500,BUY,FILLED,10.0,10.0,@0.18,0.18,DAY,2025-08-25T14:28:37.685Z,2025-08-25T14:28:37.992Z
MSTR251017P00290000,MSTR251017P00290000,SELL,FILLED,1.0,1.0,@9.55,9.55,DAY,2025-08-25T14:25:57.344Z,2025-08-25T14:25:57.542Z
RKLB251017C00049000,RKLB251017C00049000,BUY,FILLED,1.0,1.0,@5.2,5.2,DAY,2025-08-25T14:16:38.527Z,2025-08-25T14:16:38.578Z
RKLB251017C00049000,RKLB251017C00049000,BUY,FILLED,1.0,1.0,@4.25,4.25,DAY,2025-08-25T13:57:44.263Z,2025-08-25T13:57:44.304Z
PDD251017C00140000,PDD251017C00140000,BUY,FILLED,3.0,3.0,@3.8,3.8,DAY,2025-08-25T13:46:20.652Z,2025-08-25T13:46:20.719Z
FUTU251017C00240000,FUTU251017C00240000,SELL,FILLED,2.0,2.0,@4.3,4.3,DAY,2025-08-25T13:34:16.953Z,2025-08-25T13:34:17.040Z
PDD251017C00140000,PDD251017C00140000,SELL,FILLED,2.0,2.0,@2.35,2.35,DAY,2025-08-25T13:32:53.200Z,2025-08-25T13:33:03.251Z
MSTR251017P00290000,MSTR251017P00290000,BUY,FILLED,1.0,1.0,@11.0,11.0,DAY,2025-08-25T13:32:45.135Z,2025-08-25T13:33:32.202Z
INTC251017C00027000,INTC251017C00027000,SELL,FILLED,8.0,8.0,@1.48,1.48,DAY,2025-08-25T13:32:27.199Z,2025-08-25T13:32:27.391Z
INTC251017C00027000,INTC251017C00027000,BUY,FILLED,8.0,8.0,@1.68,1.68,DAY,2025-08-25T13:30:30.244Z,2025-08-25T13:30:42.499Z
NIO251017C00006000,NIO251017C00006000,SELL,FILLED,2.0,2.0,@1.03,1.03,DAY,2025-08-22T17:56:30.193Z,2025-08-22T17:56:30.337Z
KC251017C00017500,KC251017C00017500,BUY,FILLED,8.0,8.0,@1.2,1.18,DAY,2025-08-22T17:56:01.262Z,2025-08-22T17:56:01.300Z
IONQ251017P00033000,IONQ251017P00033000,SELL,FILLED,5.0,5.0,@1.56,1.57,DAY,2025-08-22T17:55:14.158Z,2025-08-22T17:55:22.362Z
KC251017C00017500,KC251017C00017500,BUY,FILLED,4.0,4.0,@1.15,1.15,DAY,2025-08-22T16:38:02.529Z,2025-08-22T16:38:02.576Z
ALAB250822P00155000,ALAB250822P00155000,SELL,CANCELLED,0.0,1.0,@0.05,,DAY,2025-08-22T16:37:35.288Z,
RKLB251017C00049000,RKLB251017C00049000,BUY,FILLED,3.0,3.0,@3.3,3.3,DAY,2025-08-22T14:47:29.057Z,2025-08-22T14:47:29.280Z
INTC251017C00027000,INTC251017C00027000,BUY,FILLED,5.0,5.0,@1.1,1.1,DAY,2025-08-22T14:34:27.322Z,2025-08-22T14:34:27.455Z
PDD251017C00140000,PDD251017C00140000,SELL,FILLED,2.0,2.0,@3.6,3.6,DAY,2025-08-22T14:28:21.992Z,2025-08-22T14:28:22.207Z
NIO251017C00006000,NIO251017C00006000,SELL,FILLED,8.0,8.0,@0.83,0.83,DAY,2025-08-22T14:27:44.846Z,2025-08-22T14:28:05.839Z
UUUU251017C00012000,UUUU251017C00012000,BUY,FILLED,5.0,5.0,@0.85,0.84,DAY,2025-08-22T14:15:49.429Z,2025-08-22T14:15:49.830Z
COIN250822P00282500,COIN250822P00282500,SELL,FILLED,1.0,1.0,@0.02,0.02,DAY,2025-08-22T14:15:11.917Z,2025-08-22T14:15:12.049Z
INTC251017C00027000,INTC251017C00027000,BUY,FILLED,3.0,3.0,@1.1,1.1,DAY,2025-08-22T14:10:55.277Z,2025-08-22T14:10:55.319Z
GLD251017C00315000,GLD251017C00315000,BUY,FILLED,2.0,2.0,@5.4,5.4,DAY,2025-08-22T14:10:33.036Z,2025-08-22T14:10:36.815Z
TSLA251017P00270000,TSLA251017P00270000,SELL,FILLED,2.0,2.0,@4.5,4.5,DAY,2025-08-22T14:09:10.109Z,2025-08-22T14:09:20.314Z
MSTR251017P00290000,MSTR251017P00290000,SELL,FILLED,1.0,1.0,@9.85,9.85,DAY,2025-08-22T14:08:33.482Z,2025-08-22T14:08:33.728Z
TSM251017P00185000,TSM251017P00185000,SELL,FILLED,5.0,5.0,@1.54,1.58,DAY,2025-08-22T14:08:26.959Z,2025-08-22T14:08:27.196Z
KC251017C00017500,KC251017C00017500,BUY,FILLED,3.0,3.0,@0.9,0.9,DAY,2025-08-22T13:36:24.248Z,2025-08-22T13:36:24.285Z
NIO251017C00006000,NIO251017C00006000,SELL,FILLED,5.0,5.0,@0.65,0.66,DAY,2025-08-22T13:36:02.035Z,2025-08-22T13:36:02.114Z
KC251017C00017500,KC251017C00017500,BUY,FILLED,8.0,8.0,@0.8,0.79,DAY,2025-08-22T13:35:40.131Z,2025-08-22T13:35:54.648Z
FUTU251017C00240000,FUTU251017C00240000,BUY,FILLED,2.0,2.0,@3.9,3.9,DAY,2025-08-22T13:32:11.990Z,2025-08-22T13:32:12.119Z
PDD251017C00140000,PDD251017C00140000,BUY,FILLED,2.0,2.0,@2.79,2.76,DAY,2025-08-21T19:28:46.933Z,2025-08-21T19:28:47.129Z
MSTR251017P00290000,MSTR251017P00290000,BUY,FILLED,1.0,1.0,@12.15,12.15,DAY,2025-08-21T15:44:32.446Z,2025-08-21T15:44:32.499Z
TSM251017P00185000,TSM251017P00185000,SELL,FILLED,3.0,3.0,@1.73,1.75,DAY,2025-08-21T14:39:25.037Z,2025-08-21T14:39:34.688Z
PDD251017C00140000,PDD251017C00140000,SELL,FILLED,2.0,2.0,@2.32,2.32,DAY,2025-08-21T14:39:18.035Z,2025-08-21T14:39:18.073Z
PDD251017C00140000,PDD251017C00140000,BUY,FILLED,2.0,2.0,@2.45,2.44,DAY,2025-08-21T14:28:56.405Z,2025-08-21T14:28:56.511Z
PDD251017C00140000,PDD251017C00140000,BUY,FILLED,2.0,2.0,@2.48,2.44,DAY,2025-08-21T14:28:25.679Z,2025-08-21T14:28:25.872Z
NIO251017C00006000,NIO251017C00006000,BUY,FILLED,15.0,15.0,@0.39,0.39,DAY,2025-08-21T13:42:45.171Z,2025-08-21T13:42:54.839Z
TSLA251017P00270000,TSLA251017P00270000,BUY,FILLED,2.0,2.0,@6.05,6.05,DAY,2025-08-21T13:31:52.988Z,2025-08-21T13:32:05.205Z
COIN251017P00240000,COIN251017P00240000,SELL,FILLED,1.0,1.0,@5.65,5.7,DAY,2025-08-20T19:25:04.489Z,2025-08-20T19:25:04.537Z
MSTR251017P00310000,MSTR251017P00310000,SELL,FILLED,1.0,1.0,@16.95,16.95,DAY,2025-08-20T16:22:19.581Z,2025-08-20T16:22:19.617Z
COIN251017P00240000,COIN251017P00240000,SELL,CANCELLED,0.0,1.0,@7.6,,DAY,2025-08-20T14:27:03.411Z,
PLTR251017P00135000,PLTR251017P00135000,SELL,FILLED,1.0,1.0,@8.3,8.3,DAY,2025-08-20T14:26:53.522Z,2025-08-20T14:26:53.556Z
INTC251017C00025000,INTC251017C00025000,SELL,FILLED,1.0,1.0,@1.51,1.51,DAY,2025-08-20T14:01:39.857Z,2025-08-20T14:01:43.568Z
COIN251017P00240000,COIN251017P00240000,SELL,FILLED,1.0,1.0,@7.4,7.4,DAY,2025-08-20T14:01:25.667Z,2025-08-20T14:01:26.475Z
TSM251017P00185000,TSM251017P00185000,BUY,FILLED,3.0,3.0,@2.38,2.38,DAY,2025-08-20T14:00:52.415Z,2025-08-20T14:00:52.456Z
CEG251017P00270000,CEG251017P00270000,SELL,FILLED,1.0,1.0,@6.5,6.5,DAY,2025-08-20T14:00:42.211Z,2025-08-20T14:01:02.409Z
ALAB250822P00155000,ALAB250822P00155000,BUY,FILLED,1.0,1.0,@2.0,2.0,DAY,2025-08-20T13:54:14.212Z,2025-08-20T13:54:14.518Z
COIN250822P00282500,COIN250822P00282500,BUY,FILLED,1.0,1.0,@2.56,2.56,DAY,2025-08-20T13:47:46.598Z,2025-08-20T13:47:57.358Z
TSLA251017C00410000,TSLA251017C00410000,SELL,FILLED,1.0,1.0,@5.7,5.7,DAY,2025-08-20T13:38:21.347Z,2025-08-20T13:38:21.403Z
UUUU251017P00007000,UUUU251017P00007000,SELL,FILLED,5.0,5.0,@0.4,0.4,DAY,2025-08-20T13:37:48.036Z,2025-08-20T13:38:13.380Z
TSM251017P00185000,TSM251017P00185000,BUY,FILLED,5.0,5.0,@1.98,1.98,DAY,2025-08-20T13:33:23.385Z,2025-08-20T13:33:23.555Z
NIO251017C00005000,NIO251017C00005000,SELL,FILLED,12.0,12.0,@0.6,0.6,DAY,2025-08-19T17:04:25.831Z,2025-08-19T17:04:25.911Z
COIN251017P00240000,COIN251017P00240000,BUY,FILLED,2.0,2.0,@5.8,5.8,DAY,2025-08-19T17:01:06.773Z,2025-08-19T17:01:06.931Z
INTC251017C00025000,INTC251017C00025000,SELL,FILLED,1.0,1.0,@2.31,2.31,DAY,2025-08-19T16:58:15.132Z,2025-08-19T16:58:15.170Z
IONQ251017P00033000,IONQ251017P00033000,BUY,FILLED,5.0,5.0,@2.25,2.25,DAY,2025-08-19T16:48:50.618Z,2025-08-19T16:48:50.808Z
NXT251017C00060000,NXT251017C00060000,SELL,FILLED,1.0,1.0,@10.1,10.1,DAY,2025-08-19T16:11:31.496Z,2025-08-19T16:11:40.792Z
MSTR251017P00310000,MSTR251017P00310000,SELL,FILLED,1.0,1.0,@16.85,16.85,DAY,2025-08-19T15:09:00.121Z,2025-08-19T15:09:00.160Z
CEG251017P00270000,CEG251017P00270000,BUY,FILLED,1.0,1.0,@5.2,5.2,DAY,2025-08-19T15:07:40.875Z,2025-08-19T15:07:40.987Z
PLTR251017P00135000,PLTR251017P00135000,SELL,FILLED,1.0,1.0,@4.0,4.0,DAY,2025-08-19T14:48:10.343Z,2025-08-19T14:48:28.786Z
UUUU251017P00007000,UUUU251017P00007000,BUY,FILLED,5.0,5.0,@0.45,0.45,DAY,2025-08-19T14:31:49.699Z,2025-08-19T14:31:49.733Z
INTC251017C00025000,INTC251017C00025000,SELL,FILLED,3.0,3.0,@2.62,2.62,DAY,2025-08-19T14:25:45.117Z,2025-08-19T14:25:46.378Z
NXT251017C00070000,NXT251017C00070000,SELL,FILLED,1.0,1.0,@5.2,5.2,DAY,2025-08-19T14:24:10.997Z,2025-08-19T14:24:19.746Z
UUUU251017C00012000,UUUU251017C00012000,SELL,FILLED,10.0,10.0,@0.4,0.4,DAY,2025-08-19T14:22:35.994Z,2025-08-19T14:22:44.570Z
MSTR251017P00310000,MSTR251017P00310000,BUY,FILLED,1.0,1.0,@12.95,12.95,DAY,2025-08-19T13:48:58.805Z,2025-08-19T13:48:58.841Z
MSTR251017P00310000,MSTR251017P00310000,BUY,FILLED,1.0,1.0,@12.25,12.25,DAY,2025-08-19T13:45:13.781Z,2025-08-19T13:45:13.954Z
PLTR251017P00135000,PLTR251017P00135000,BUY,FILLED,2.0,2.0,@3.2,3.2,DAY,2025-08-19T13:33:54.680Z,2025-08-19T13:34:47.290Z
RKLB251017C00045000,RKLB251017C00045000,SELL,FILLED,1.0,1.0,@5.1,5.1,DAY,2025-08-19T13:33:31.650Z,2025-08-19T13:33:33.870Z
UUUU251017C00012000,UUUU251017C00012000,BUY,FILLED,6.0,6.0,@0.85,0.85,DAY,2025-08-18T19:56:51.226Z,2025-08-18T19:56:51.266Z
NXT251017C00070000,NXT251017C00070000,SELL,FILLED,1.0,1.0,@4.2,4.24,DAY,2025-08-18T19:56:41.859Z,2025-08-18T19:56:42.060Z
UUUU251017C00012000,UUUU251017C00012000,BUY,FILLED,4.0,4.0,@0.8,0.79,DAY,2025-08-18T19:44:42.024Z,2025-08-18T19:44:42.255Z
INTC251017C00028000,INTC251017C00028000,SELL,FILLED,5.0,5.0,@0.74,0.74,DAY,2025-08-18T19:43:57.402Z,2025-08-18T19:43:57.438Z
TSLA251017C00410000,TSLA251017C00410000,BUY,CANCELLED,0.0,1.0,@6.2,,DAY,2025-08-18T14:25:39.637Z,
TSLA251017C00410000,TSLA251017C00410000,BUY,FILLED,1.0,1.0,@6.9,6.85,DAY,2025-08-18T14:23:23.567Z,2025-08-18T14:25:29.647Z
MSTR251017P00315000,MSTR251017P00315000,SELL,FILLED,1.0,1.0,@14.0,14.0,DAY,2025-08-18T14:22:49.354Z,2025-08-18T14:22:58.491Z
INTC251017C00028000,INTC251017C00028000,BUY,FILLED,5.0,5.0,@0.91,0.91,DAY,2025-08-18T14:08:16.928Z,2025-08-18T14:08:17.039Z
INTC251017C00025000,INTC251017C00025000,BUY,FILLED,2.0,2.0,@1.7,1.7,DAY,2025-08-18T14:05:44.811Z,2025-08-18T14:05:45.086Z
NXT251017C00070000,NXT251017C00070000,BUY,FILLED,2.0,2.0,@3.3,3.3,DAY,2025-08-18T13:40:45.826Z,2025-08-18T13:40:46.054Z
INTC251017C00025000,INTC251017C00025000,SELL,FILLED,4.0,4.0,@1.48,1.48,DAY,2025-08-18T13:33:21.083Z,2025-08-18T13:33:32.179Z
RKLB251017C00045000,RKLB251017C00045000,BUY,FILLED,1.0,1.0,@5.35,5.33,DAY,2025-08-15T19:52:28.148Z,2025-08-15T19:52:52.791Z
INTC251017C00026000,INTC251017C00026000,SELL,FILLED,5.0,5.0,@2.05,2.06,DAY,2025-08-15T17:41:28.565Z,2025-08-15T17:41:41.391Z
MSTR251017P00290000,MSTR251017P00290000,SELL,FILLED,1.0,1.0,@9.85,9.85,DAY,2025-08-15T17:40:42.621Z,2025-08-15T17:40:56.161Z
NXT251017C00060000,NXT251017C00060000,BUY,FILLED,1.0,1.0,@4.7,4.7,DAY,2025-08-15T17:08:02.415Z,2025-08-15T17:08:16.046Z
SMR251017P00035000,SMR251017P00035000,SELL,FILLED,1.0,1.0,@4.6,4.6,DAY,2025-08-15T17:07:09.801Z,2025-08-15T17:07:21.886Z
MSTR251017P00290000,MSTR251017P00290000,BUY,FILLED,1.0,1.0,@10.85,10.85,DAY,2025-08-15T16:37:02.862Z,2025-08-15T16:37:11.462Z
NIO251017C00005000,NIO251017C00005000,BUY,FILLED,12.0,12.0,@0.46,0.46,DAY,2025-08-15T16:06:50.910Z,2025-08-15T16:06:51.088Z
INTC251017C00026000,INTC251017C00026000,BUY,FILLED,5.0,5.0,@1.69,1.69,DAY,2025-08-15T15:20:11.244Z,2025-08-15T15:20:22.674Z
INTC251017C00025000,INTC251017C00025000,SELL,FILLED,5.0,5.0,@2.06,2.06,DAY,2025-08-15T14:51:42.257Z,2025-08-15T14:51:54.885Z
INTC251017C00029000,INTC251017C00029000,SELL,FILLED,15.0,15.0,@0.92,0.92,DAY,2025-08-15T14:51:13.187Z,2025-08-15T14:51:13.240Z
INTC250815C00025500,INTC250815C00025500,BUY,FILLED,4.0,4.0,@0.19,0.19,DAY,2025-08-15T13:47:52.413Z,2025-08-15T13:47:54.520Z
INTC251017C00029000,INTC251017C00029000,BUY,FILLED,15.0,15.0,@1.08,1.07,DAY,2025-08-14T19:48:48.084Z,2025-08-14T19:48:48.287Z
IBIT251017C00073000,IBIT251017C00073000,SELL,FILLED,5.0,5.0,@2.64,2.64,DAY,2025-08-14T15:19:03.406Z,2025-08-14T15:19:03.468Z
IBIT251017C00073000,IBIT251017C00073000,BUY,FILLED,5.0,5.0,@2.88,2.88,DAY,2025-08-14T14:42:30.354Z,2025-08-14T14:42:39.109Z
INTC251017C00025000,INTC251017C00025000,BUY,FILLED,2.0,2.0,@0.82,0.82,DAY,2025-08-14T14:36:20.567Z,2025-08-14T14:36:20.605Z
INTC251017C00025000,INTC251017C00025000,BUY,FILLED,5.0,5.0,@0.82,0.82,DAY,2025-08-14T14:35:48.530Z,2025-08-14T14:36:03.438Z
INTC251017C00025000,INTC251017C00025000,SELL,FILLED,15.0,15.0,@0.76,0.76,DAY,2025-08-14T13:44:46.750Z,2025-08-14T13:44:46.980Z
MSTR251017P00315000,MSTR251017P00315000,BUY,FILLED,1.0,1.0,@12.65,12.65,DAY,2025-08-14T13:39:49.601Z,2025-08-14T13:39:49.679Z
GLD251017C00318000,GLD251017C00318000,SELL,FILLED,2.0,2.0,@4.75,4.75,DAY,2025-08-14T13:31:36.271Z,2025-08-14T13:31:36.325Z
BABA251017C00145000,BABA251017C00145000,SELL,FILLED,2.0,2.0,@2.86,2.86,DAY,2025-08-14T13:30:36.993Z,2025-08-14T13:30:37.041Z
COIN251017C00450000,COIN251017C00450000,SELL,FILLED,2.0,2.0,@6.2,6.2,DAY,2025-08-14T13:30:32.409Z,2025-08-14T13:30:32.791Z
IBIT251017C00070000,IBIT251017C00070000,SELL,FILLED,4.0,4.0,@3.8,3.8,DAY,2025-08-14T13:30:23.281Z,2025-08-14T13:30:23.457Z
INTC251017C00025000,INTC251017C00025000,BUY,FILLED,5.0,5.0,@0.77,0.77,DAY,2025-08-13T14:59:09.977Z,2025-08-13T14:59:22.803Z
SMR251017P00035000,SMR251017P00035000,BUY,FILLED,1.0,1.0,@4.5,4.5,DAY,2025-08-13T14:33:08.637Z,2025-08-13T14:33:41.103Z
GLD251017C00318000,GLD251017C00318000,BUY,FILLED,1.0,1.0,@5.65,5.65,DAY,2025-08-13T13:54:58.289Z,2025-08-13T13:54:58.498Z
COIN251017C00450000,COIN251017C00450000,BUY,FILLED,1.0,1.0,@8.95,8.95,DAY,2025-08-13T13:42:40.498Z,2025-08-13T13:42:41.335Z
MU251017C00150000,MU251017C00150000,SELL,FILLED,2.0,2.0,@3.1,3.1,DAY,2025-08-13T13:42:31.447Z,2025-08-13T13:43:12.329Z
COIN251017C00450000,COIN251017C00450000,BUY,FILLED,1.0,1.0,@8.35,8.35,DAY,2025-08-13T13:38:38.571Z,2025-08-13T13:38:49.706Z
BABA251017C00145000,BABA251017C00145000,BUY,FILLED,2.0,2.0,@3.65,3.57,DAY,2025-08-13T13:32:27.986Z,2025-08-13T13:32:28.251Z
GTLB251017P00035000,GTLB251017P00035000,SELL,FILLED,4.0,4.0,@2.05,2.1,DAY,2025-08-13T13:31:31.122Z,2025-08-13T13:31:31.170Z
INTC251017C00025000,INTC251017C00025000,BUY,FILLED,15.0,15.0,@0.7,0.7,DAY,2025-08-12T19:00:54.253Z,2025-08-12T19:00:54.435Z
MU251017C00150000,MU251017C00150000,BUY,FILLED,2.0,2.0,@3.7,3.69,DAY,2025-08-12T18:22:30.921Z,2025-08-12T18:22:31.056Z
TSLA251017C00410000,TSLA251017C00410000,SELL,FILLED,1.0,1.0,@8.4,8.4,DAY,2025-08-12T14:04:33.291Z,2025-08-12T14:04:33.333Z
MRVL251017C00095000,MRVL251017C00095000,SELL,FILLED,2.0,2.0,@1.85,1.85,DAY,2025-08-12T14:04:20.604Z,2025-08-12T14:04:20.869Z
IBIT251017C00070000,IBIT251017C00070000,SELL,CANCELLED,0.0,4.0,@3.8,,DAY,2025-08-12T14:04:16.522Z,
MU251017C00140000,MU251017C00140000,SELL,FILLED,3.0,3.0,@4.55,4.63,DAY,2025-08-12T14:04:09.845Z,2025-08-12T14:04:10.045Z
NIO251121C00005500,NIO251121C00005500,SELL,FILLED,20.0,20.0,@0.4,0.4,DAY,2025-08-12T14:03:50.509Z,2025-08-12T14:03:50.639Z
MRVL251017C00095000,MRVL251017C00095000,BUY,FILLED,2.0,2.0,@2.84,2.83,DAY,2025-08-11T13:45:51.749Z,2025-08-11T13:45:51.823Z
MU251017C00140000,MU251017C00140000,SELL,FILLED,2.0,2.0,@4.75,4.75,DAY,2025-08-11T13:36:33.570Z,2025-08-11T13:36:44.397Z
TSLA251017C00410000,TSLA251017C00410000,BUY,FILLED,1.0,1.0,@10.55,10.4,DAY,2025-08-11T13:32:16.740Z,2025-08-11T13:32:16.937Z
TSLA250919P00265000,TSLA250919P00265000,SELL,FILLED,5.0,5.0,@1.95,1.95,DAY,2025-08-11T13:31:19.770Z,2025-08-11T13:31:19.907Z
GLD251017C00318000,GLD251017C00318000,SELL,FILLED,1.0,1.0,@5.25,5.25,DAY,2025-08-11T13:30:49.061Z,2025-08-11T13:30:49.101Z
NIO251121C00005500,NIO251121C00005500,BUY,FILLED,20.0,20.0,@0.51,0.51,DAY,2025-08-08T18:31:34.554Z,2025-08-08T18:31:34.598Z
GTLB251017P00035000,GTLB251017P00035000,BUY,FILLED,4.0,4.0,@2.0,2.0,DAY,2025-08-08T15:29:07.354Z,2025-08-08T15:29:22.350Z
MU251017C00140000,MU251017C00140000,BUY,FILLED,5.0,5.0,@2.6,2.6,DAY,2025-08-08T14:52:17.612Z,2025-08-08T14:52:17.647Z
IBIT251017C00070000,IBIT251017C00070000,BUY,FILLED,4.0,4.0,@3.3,3.3,DAY,2025-08-07T13:32:02.244Z,2025-08-07T13:32:02.467Z
SMH251017P00255000,SMH251017P00255000,SELL,FILLED,2.0,2.0,@3.7,3.78,DAY,2025-08-07T13:31:41.866Z,2025-08-07T13:31:42.026Z
GLD251017C00318000,GLD251017C00318000,BUY,FILLED,2.0,2.0,@7.2,7.13,DAY,2025-08-07T13:31:30.948Z,2025-08-07T13:32:47.790Z
COIN251017P00240000,COIN251017P00240000,SELL,FILLED,1.0,1.0,@7.15,7.15,DAY,2025-08-06T18:04:41.584Z,2025-08-06T18:04:41.618Z
CRCL251017P00120000,CRCL251017P00120000,SELL,FILLED,1.0,1.0,@5.2,5.35,DAY,2025-08-06T18:04:35.345Z,2025-08-06T18:04:35.707Z
SMH251017P00255000,SMH251017P00255000,BUY,FILLED,2.0,2.0,@5.75,5.55,DAY,2025-08-06T13:30:14.264Z,2025-08-06T13:30:17.952Z
COIN251017P00240000,COIN251017P00240000,BUY,FILLED,1.0,1.0,@8.3,8.25,DAY,2025-08-05T15:01:01.787Z,2025-08-05T15:01:01.887Z
MP251017C00085000,MP251017C00085000,SELL,FILLED,3.0,3.0,@3.7,3.77,DAY,2025-08-05T14:47:34.298Z,2025-08-05T14:47:34.499Z
CEG250919C00420000,CEG250919C00420000,SELL,FILLED,1.0,1.0,@3.2,3.2,DAY,2025-08-05T14:47:30.756Z,2025-08-05T14:47:30.896Z
MP251017C00085000,MP251017C00085000,BUY,FILLED,3.0,3.0,@4.5,4.5,DAY,2025-08-05T13:54:26.883Z,2025-08-05T13:54:27.046Z
CRCL251017P00120000,CRCL251017P00120000,BUY,FILLED,1.0,1.0,@5.5,5.4,DAY,2025-08-04T13:38:23.516Z,2025-08-04T13:38:23.685Z
CEG250919C00420000,CEG250919C00420000,BUY,FILLED,1.0,1.0,@5.0,5.0,DAY,2025-08-04T13:34:46.184Z,2025-08-04T13:34:46.345Z
MU250919P00090000,MU250919P00090000,SELL,FILLED,10.0,10.0,@1.8,1.8,DAY,2025-08-01T14:28:46.877Z,2025-08-01T14:28:46.924Z
CRCL250919P00135000,CRCL250919P00135000,SELL,FILLED,2.0,2.0,@5.2,5.2,DAY,2025-08-01T14:14:50.437Z,2025-08-01T14:14:50.668Z
COIN250801P00317500,COIN250801P00317500,SELL,FILLED,1.0,1.0,@4.15,4.15,DAY,2025-08-01T13:55:06.939Z,2025-08-01T13:55:07.667Z
TSLA250919P00265000,TSLA250919P00265000,BUY,FILLED,2.0,2.0,@7.4,7.4,DAY,2025-08-01T13:48:06.165Z,2025-08-01T13:48:06.338Z
COIN250801P00317500,COIN250801P00317500,BUY,FILLED,1.0,1.0,@2.12,2.12,DAY,2025-08-01T13:47:30.940Z,2025-08-01T13:47:40.234Z
MU250919P00090000,MU250919P00090000,BUY,FILLED,10.0,10.0,@2.12,2.12,DAY,2025-08-01T13:46:50.916Z,2025-08-01T13:46:51.003Z
CRCL250801P00167500,CRCL250801P00167500,SELL,FILLED,1.0,1.0,@1.5,1.77,DAY,2025-08-01T13:42:52.310Z,2025-08-01T13:42:52.560Z
HUT250919C00025000,HUT250919C00025000,SELL,FILLED,4.0,4.0,@0.88,0.88,DAY,2025-08-01T13:39:15.056Z,2025-08-01T13:39:15.099Z
CRCL250919P00135000,CRCL250919P00135000,BUY,FILLED,2.0,2.0,@4.0,4.0,DAY,2025-08-01T13:35:18.511Z,2025-08-01T13:35:42.529Z
CRCL250801P00167500,CRCL250801P00167500,BUY,FILLED,1.0,1.0,@1.05,1.05,DAY,2025-08-01T13:35:08.651Z,2025-08-01T13:35:29.468Z
TSLA250919P00265000,TSLA250919P00265000,BUY,FILLED,1.0,1.0,@6.5,6.5,DAY,2025-08-01T13:32:37.953Z,2025-08-01T13:32:38.480Z
TSLA250919P00265000,TSLA250919P00265000,BUY,FILLED,2.0,2.0,@5.7,5.7,DAY,2025-07-31T19:52:39.865Z,2025-07-31T19:52:39.900Z
CEG250919C00390000,CEG250919C00390000,SELL,FILLED,1.0,1.0,@9.2,9.2,DAY,2025-07-31T18:16:21.207Z,2025-07-31T18:16:21.238Z
APLD250801C00013500,APLD250801C00013500,SELL,FILLED,1.0,1.0,@0.15,0.15,DAY,2025-07-31T18:16:16.907Z,2025-07-31T18:16:17.050Z
MRVL250919C00085000,MRVL250919C00085000,SELL,FILLED,2.0,2.0,@5.05,5.09,DAY,2025-07-31T18:16:10.643Z,2025-07-31T18:16:10.783Z
NBIS250919C00065000,NBIS250919C00065000,SELL,FILLED,3.0,3.0,@3.0,3.0,DAY,2025-07-31T18:16:06.288Z,2025-07-31T18:16:06.466Z
ALAB250919C00155000,ALAB250919C00155000,SELL,FILLED,1.0,1.0,@12.1,12.1,DAY,2025-07-31T14:57:07.315Z,2025-07-31T14:57:20.770Z
NBIS250919C00065000,NBIS250919C00065000,BUY,FILLED,3.0,3.0,@3.7,3.7,DAY,2025-07-31T14:07:40.550Z,2025-07-31T14:07:40.717Z
HUT250919C00025000,HUT250919C00025000,BUY,FILLED,2.0,2.0,@1.38,1.38,DAY,2025-07-31T13:52:33.566Z,2025-07-31T13:52:51.698Z
HUT250919C00025000,HUT250919C00025000,BUY,FILLED,2.0,2.0,@1.3,1.28,DAY,2025-07-31T13:50:21.788Z,2025-07-31T13:50:30.322Z
APLD250801C00013500,APLD250801C00013500,BUY,FILLED,1.0,1.0,@0.69,0.69,DAY,2025-07-31T13:36:00.247Z,2025-07-31T13:36:00.301Z
INDA250919P00051000,INDA250919P00051000,SELL,FILLED,10.0,10.0,@0.4,0.4,DAY,2025-07-31T13:33:02.427Z,2025-07-31T13:33:02.585Z
QCOM250919C00175000,QCOM250919C00175000,SELL,FILLED,1.0,1.0,@0.65,0.65,DAY,2025-07-31T13:30:14.162Z,2025-07-31T13:30:14.211Z
QCOM250919C00175000,QCOM250919C00175000,SELL,FILLED,2.0,2.0,@2.9,2.9,DAY,2025-07-30T17:46:35.406Z,2025-07-30T17:46:43.296Z
CEG250919C00390000,CEG250919C00390000,BUY,FILLED,1.0,1.0,@7.7,7.7,DAY,2025-07-30T14:43:26.311Z,2025-07-30T14:43:27.425Z
COIN250919P00300000,COIN250919P00300000,SELL,FILLED,1.0,1.0,@6.25,6.25,DAY,2025-07-30T14:22:31.856Z,2025-07-30T14:22:31.896Z
ALAB250919C00155000,ALAB250919C00155000,BUY,FILLED,1.0,1.0,@6.5,6.5,DAY,2025-07-30T13:49:32.949Z,2025-07-30T13:54:09.039Z
MRVL250919C00085000,MRVL250919C00085000,SELL,FILLED,1.0,1.0,@7.05,7.05,DAY,2025-07-30T13:44:37.333Z,2025-07-30T13:44:40.721Z
MRVL250919C00085000,MRVL250919C00085000,SELL,CANCELLED,0.0,1.0,,,DAY,2025-07-30T13:32:42.634Z,
QCOM250919C00175000,QCOM250919C00175000,BUY,FILLED,3.0,3.0,@3.8,3.8,DAY,2025-07-29T18:58:10.691Z,2025-07-29T18:58:12.382Z
COIN250919P00300000,COIN250919P00300000,BUY,FILLED,1.0,1.0,@7.85,7.85,DAY,2025-07-29T18:14:08.630Z,2025-07-29T18:14:08.667Z
QCOM250919C00175000,QCOM250919C00175000,SELL,FILLED,2.0,2.0,@3.4,3.4,DAY,2025-07-29T16:28:10.051Z,2025-07-29T16:28:10.090Z
CEG250919C00400000,CEG250919C00400000,SELL,FILLED,2.0,2.0,@4.3,4.3,DAY,2025-07-29T16:28:01.919Z,2025-07-29T16:28:01.955Z
CEG250919C00400000,CEG250919C00400000,BUY,FILLED,2.0,2.0,@5.5,5.5,DAY,2025-07-29T13:55:08.367Z,2025-07-29T13:55:21.775Z
QCOM250919C00175000,QCOM250919C00175000,BUY,FILLED,2.0,2.0,@3.6,3.6,DAY,2025-07-29T13:31:14.115Z,2025-07-29T13:31:14.152Z
FSLR250919C00210000,FSLR250919C00210000,SELL,FILLED,1.0,1.0,@6.1,6.1,DAY,2025-07-28T14:29:22.049Z,2025-07-28T14:29:22.098Z
TSLA250919P00275000,TSLA250919P00275000,SELL,FILLED,1.0,1.0,@5.3,5.3,DAY,2025-07-28T14:24:10.842Z,2025-07-28T14:24:10.953Z
INDA250919P00051000,INDA250919P00051000,BUY,FILLED,10.0,10.0,@0.45,0.45,DAY,2025-07-28T14:23:48.495Z,2025-07-28T14:23:48.536Z
GLD250919C00321000,GLD250919C00321000,SELL,FILLED,3.0,3.0,@2.48,2.49,DAY,2025-07-28T14:05:40.358Z,2025-07-28T14:05:40.450Z
MRVL250919C00085000,MRVL250919C00085000,BUY,FILLED,1.0,1.0,@3.35,3.35,DAY,2025-07-28T13:35:48.497Z,2025-07-28T13:36:13.696Z
MRVL250919C00085000,MRVL250919C00085000,BUY,FILLED,2.0,2.0,@3.15,3.15,DAY,2025-07-28T13:32:10.382Z,2025-07-28T13:32:26.323Z
COIN250919P00320000,COIN250919P00320000,SELL,FILLED,1.0,1.0,@7.7,7.7,DAY,2025-07-28T13:30:25.070Z,2025-07-28T13:30:49.135Z
COIN250919P00320000,COIN250919P00320000,BUY,FILLED,1.0,1.0,@8.4,8.4,DAY,2025-07-25T15:37:09.915Z,2025-07-25T15:37:09.948Z
FSLR250919C00210000,FSLR250919C00210000,BUY,FILLED,1.0,1.0,@6.8,6.8,DAY,2025-07-25T14:18:07.311Z,2025-07-25T14:18:07.361Z
ALAB250919C00155000,ALAB250919C00155000,SELL,FILLED,2.0,2.0,@5.3,5.3,DAY,2025-07-25T13:33:00.088Z,2025-07-25T13:33:04.590Z
IBIT251121C00070000,IBIT251121C00070000,SELL,FILLED,4.0,4.0,@5.9,5.9,DAY,2025-07-25T13:32:49.306Z,2025-07-25T13:32:49.365Z
TIGR250919C00013000,TIGR250919C00013000,SELL,FILLED,12.0,12.0,@0.66,0.66,DAY,2025-07-25T13:32:42.418Z,2025-07-25T13:33:14.268Z
PDD250919C00120000,PDD250919C00120000,SELL,FILLED,1.0,1.0,@6.85,6.85,DAY,2025-07-25T13:32:33.133Z,2025-07-25T13:32:33.176Z
ALAB250919C00155000,ALAB250919C00155000,BUY,FILLED,2.0,2.0,@5.2,5.2,DAY,2025-07-24T19:35:00.849Z,2025-07-24T19:35:00.979Z
GME250919C00028000,GME250919C00028000,SELL,FILLED,5.0,5.0,@1.31,1.31,DAY,2025-07-24T15:46:00.739Z,2025-07-24T15:46:00.773Z
AAPL250919C00235000,AAPL250919C00235000,SELL,FILLED,5.0,5.0,@2.39,2.39,DAY,2025-07-24T15:45:46.700Z,2025-07-24T15:45:46.734Z
QUBT250919P00015000,QUBT250919P00015000,SELL,FILLED,1.0,1.0,@1.7,1.7,DAY,2025-07-24T13:58:15.787Z,2025-07-24T13:58:15.916Z
TSLA250725P00292500,TSLA250725P00292500,BUY,FILLED,2.0,2.0,@2.02,1.86,DAY,2025-07-24T13:33:55.840Z,2025-07-24T13:33:55.873Z
PDD250919C00120000,PDD250919C00120000,SELL,FILLED,1.0,1.0,@8.25,8.35,DAY,2025-07-24T13:32:47.833Z,2025-07-24T13:32:47.950Z
TSLA250815P00245000,TSLA250815P00245000,BUY,FILLED,1.0,1.0,@1.18,1.18,DAY,2025-07-24T13:32:31.854Z,2025-07-24T13:32:31.887Z
PDD250919C00120000,PDD250919C00120000,SELL,FILLED,2.0,2.0,@9.1,9.1,DAY,2025-07-24T13:31:56.484Z,2025-07-24T13:31:57.984Z
GLD250919C00321000,GLD250919C00321000,SELL,FILLED,3.0,3.0,@5.45,5.5,DAY,2025-07-23T16:22:17.039Z,2025-07-23T16:22:17.085Z
GME250919C00028000,GME250919C00028000,BUY,FILLED,5.0,5.0,@1.9,1.9,DAY,2025-07-23T13:42:14.169Z,2025-07-23T13:42:14.231Z
CEG250919C00410000,CEG250919C00410000,SELL,FILLED,1.0,1.0,@6.1,6.1,DAY,2025-07-23T13:41:53.006Z,2025-07-23T13:41:53.046Z
CEG250919C00410000,CEG250919C00410000,BUY,FILLED,1.0,1.0,@5.6,5.6,DAY,2025-07-23T13:32:35.413Z,2025-07-23T13:32:43.695Z
HIMS250919P00041000,HIMS250919P00041000,SELL,FILLED,1.0,1.0,@2.87,2.87,DAY,2025-07-22T18:35:37.631Z,2025-07-22T18:35:37.678Z
PDD250919C00120000,PDD250919C00120000,BUY,FILLED,2.0,2.0,@6.45,6.45,DAY,2025-07-22T17:37:13.523Z,2025-07-22T17:37:13.566Z
NXT250919C00070000,NXT250919C00070000,SELL,FILLED,3.0,3.0,@3.1,3.17,DAY,2025-07-22T17:36:49.361Z,2025-07-22T17:37:01.647Z
TIGR250919C00013000,TIGR250919C00013000,BUY,FILLED,12.0,12.0,@0.88,0.87,DAY,2025-07-22T17:35:05.270Z,2025-07-22T17:35:05.349Z
AAPL250919C00235000,AAPL250919C00235000,BUY,FILLED,5.0,5.0,@2.44,2.43,DAY,2025-07-22T17:24:37.576Z,2025-07-22T17:24:37.709Z
GME250919C00028000,GME250919C00028000,SELL,FILLED,3.0,3.0,@1.45,1.45,DAY,2025-07-22T16:23:38.256Z,2025-07-22T16:23:38.323Z
TIGR250725C00011500,TIGR250725C00011500,SELL,FILLED,5.0,5.0,@0.31,0.31,DAY,2025-07-22T16:23:17.101Z,2025-07-22T16:23:17.137Z
QUBT250919P00015000,QUBT250919P00015000,BUY,FILLED,1.0,1.0,@2.2,2.2,DAY,2025-07-22T16:23:02.004Z,2025-07-22T16:23:02.095Z
GLD250919C00321000,GLD250919C00321000,BUY,FILLED,2.0,2.0,@7.05,7.05,DAY,2025-07-22T14:33:06.733Z,2025-07-22T14:33:06.810Z
GME250919C00028000,GME250919C00028000,BUY,FILLED,3.0,3.0,@1.8,1.8,DAY,2025-07-22T13:43:25.200Z,2025-07-22T13:43:25.241Z
TIGR250725C00011500,TIGR250725C00011500,BUY,FILLED,5.0,5.0,@0.35,0.33,DAY,2025-07-22T13:31:41.820Z,2025-07-22T13:31:41.989Z
PDD250919C00120000,PDD250919C00120000,SELL,FILLED,3.0,3.0,@5.0,5.02,DAY,2025-07-21T19:56:16.239Z,2025-07-21T19:56:16.459Z
INTC250815C00026000,INTC250815C00026000,SELL,FILLED,4.0,4.0,@0.46,0.48,DAY,2025-07-21T19:55:53.887Z,2025-07-21T19:55:54.013Z
PDD250725C00114000,PDD250725C00114000,SELL,FILLED,2.0,2.0,@1.08,1.08,DAY,2025-07-21T19:55:45.470Z,2025-07-21T19:55:45.501Z
HIMS250919P00041000,HIMS250919P00041000,BUY,FILLED,1.0,1.0,@3.5,3.43,DAY,2025-07-21T19:55:26.764Z,2025-07-21T19:55:26.899Z
ALAB250919C00120000,ALAB250919C00120000,SELL,FILLED,1.0,1.0,@17.4,17.4,DAY,2025-07-21T19:51:26.643Z,2025-07-21T19:51:26.728Z
JD250919C00034000,JD250919C00034000,SELL,FILLED,5.0,5.0,@2.22,2.22,DAY,2025-07-21T19:47:10.131Z,2025-07-21T19:47:10.297Z
NXT250919C00070000,NXT250919C00070000,BUY,FILLED,3.0,3.0,@3.0,2.94,DAY,2025-07-21T19:44:11.562Z,2025-07-21T19:44:11.796Z
APLD250919C00013000,APLD250919C00013000,SELL,FILLED,10.0,10.0,@1.14,1.14,DAY,2025-07-21T19:43:46.945Z,2025-07-21T19:43:46.989Z
CRCL250919C00300000,CRCL250919C00300000,SELL,FILLED,1.0,1.0,@9.1,9.1,DAY,2025-07-21T15:54:16.327Z,2025-07-21T15:54:16.461Z
PDD250919C00120000,PDD250919C00120000,BUY,FILLED,2.0,2.0,@5.3,5.3,DAY,2025-07-21T14:36:19.544Z,2025-07-21T14:36:19.582Z
PDD250725C00114000,PDD250725C00114000,BUY,FILLED,2.0,2.0,@1.25,1.25,DAY,2025-07-21T14:35:48.184Z,2025-07-21T14:35:48.381Z
CRCL250919C00300000,CRCL250919C00300000,BUY,FILLED,1.0,1.0,@12.0,12.0,DAY,2025-07-21T13:58:35.217Z,2025-07-21T13:58:35.348Z
CRCL250919C00300000,CRCL250919C00300000,SELL,FILLED,1.0,1.0,@10.4,10.4,DAY,2025-07-21T13:52:03.144Z,2025-07-21T13:52:03.214Z
APLD250919C00013000,APLD250919C00013000,SELL,FILLED,10.0,10.0,@1.53,1.56,DAY,2025-07-21T13:48:53.806Z,2025-07-21T13:48:53.915Z
GLD250919C00321000,GLD250919C00321000,BUY,FILLED,2.0,2.0,@5.65,5.65,DAY,2025-07-21T13:39:08.961Z,2025-07-21T13:39:09.113Z
INTC250815C00026000,INTC250815C00026000,BUY,FILLED,4.0,4.0,@0.64,0.64,DAY,2025-07-21T13:38:10.604Z,2025-07-21T13:38:10.733Z
ALAB250919C00120000,ALAB250919C00120000,SELL,FILLED,1.0,1.0,@14.7,14.7,DAY,2025-07-21T13:32:19.380Z,2025-07-21T13:32:33.978Z
GLD250919C00321000,GLD250919C00321000,BUY,FILLED,2.0,2.0,@5.6,5.6,DAY,2025-07-21T13:31:30.575Z,2025-07-21T13:31:30.623Z
TIGR250718C00011500,TIGR250718C00011500,BUY,FILLED,25.0,25.0,@0.02,0.02,DAY,2025-07-18T16:05:16.162Z,2025-07-18T16:05:16.253Z
CRCL250718C00260000,CRCL250718C00260000,SELL,FILLED,1.0,1.0,@1.05,1.05,DAY,2025-07-18T14:36:12.370Z,2025-07-18T14:36:12.577Z
NBIS250919C00055000,NBIS250919C00055000,SELL,FILLED,2.0,2.0,@5.8,5.8,DAY,2025-07-18T14:35:34.957Z,2025-07-18T14:35:34.987Z
CRCL250718C00260000,CRCL250718C00260000,BUY,FILLED,1.0,1.0,@4.5,4.32,DAY,2025-07-18T14:06:51.545Z,2025-07-18T14:06:51.835Z
APLD250919C00013000,APLD250919C00013000,BUY,FILLED,10.0,10.0,@1.57,1.57,DAY,2025-07-18T13:46:27.971Z,2025-07-18T13:46:28.015Z
CRCL250919C00300000,CRCL250919C00300000,BUY,FILLED,1.0,1.0,@15.0,15.0,DAY,2025-07-18T13:42:59.342Z,2025-07-18T13:42:59.473Z
JD250919C00034000,JD250919C00034000,BUY,FILLED,5.0,5.0,@2.04,2.03,DAY,2025-07-17T19:10:34.363Z,2025-07-17T19:10:34.458Z
UUUU250718C00009500,UUUU250718C00009500,BUY,FILLED,8.0,8.0,@0.15,0.14,DAY,2025-07-17T18:32:51.380Z,2025-07-17T18:32:51.542Z
NMG250919C00002500,NMG250919C00002500,BUY,CANCELLED,0.0,50.0,@0.05,,DAY,2025-07-17T17:43:04.066Z,
ALAB250919C00120000,ALAB250919C00120000,BUY,FILLED,2.0,2.0,@6.9,6.5,DAY,2025-07-17T15:51:34.072Z,2025-07-17T15:51:34.109Z
OKLO250919C00060000,OKLO250919C00060000,SELL,FILLED,1.0,1.0,@13.3,13.3,DAY,2025-07-17T15:45:52.828Z,2025-07-17T15:45:52.945Z
PDD250919C00120000,PDD250919C00120000,BUY,FILLED,3.0,3.0,@4.25,4.24,DAY,2025-07-17T15:45:23.845Z,2025-07-17T15:45:24.106Z
APLD250919C00013000,APLD250919C00013000,BUY,FILLED,5.0,5.0,@1.16,1.16,DAY,2025-07-17T14:35:09.572Z,2025-07-17T14:35:09.610Z
APLD250919C00013000,APLD250919C00013000,BUY,FILLED,5.0,5.0,@1.13,1.13,DAY,2025-07-17T13:54:28.196Z,2025-07-17T13:54:28.345Z
ASML250815P00640000,ASML250815P00640000,SELL,FILLED,1.0,1.0,@1.75,1.91,DAY,2025-07-16T19:02:19.892Z,2025-07-16T19:02:20.026Z
NBIS250919C00055000,NBIS250919C00055000,BUY,FILLED,2.0,2.0,@6.7,6.7,DAY,2025-07-16T17:27:49.206Z,2025-07-16T17:27:49.235Z
NBIS250718C00053000,NBIS250718C00053000,SELL,FILLED,1.0,1.0,@0.55,0.55,DAY,2025-07-16T15:51:05.756Z,2025-07-16T15:51:05.827Z
APLD250919C00011000,APLD250919C00011000,SELL,FILLED,4.0,4.0,@1.23,1.23,DAY,2025-07-16T15:51:01.364Z,2025-07-16T15:51:01.405Z
NBIS250919C00055000,NBIS250919C00055000,SELL,FILLED,2.0,2.0,@5.6,5.7,DAY,2025-07-16T15:50:48.464Z,2025-07-16T15:50:48.567Z
TIGR251017C00013000,TIGR251017C00013000,SELL,FILLED,20.0,20.0,,0.41,DAY,2025-07-16T15:50:32.070Z,2025-07-16T15:50:32.145Z
ASML250815P00640000,ASML250815P00640000,BUY,FILLED,1.0,1.0,@4.0,3.89,DAY,2025-07-16T14:06:29.557Z,2025-07-16T14:06:29.773Z
APLD250919C00011000,APLD250919C00011000,BUY,FILLED,4.0,4.0,@1.22,1.22,DAY,2025-07-15T18:41:20.922Z,2025-07-15T18:41:20.963Z
TSLA250919P00275000,TSLA250919P00275000,BUY,FILLED,1.0,1.0,@11.05,11.05,DAY,2025-07-15T16:58:53.454Z,2025-07-15T16:58:53.543Z
IBIT251121C00070000,IBIT251121C00070000,BUY,FILLED,2.0,2.0,@6.75,6.75,DAY,2025-07-15T14:13:06.478Z,2025-07-15T14:13:24.553Z
JD250919P00029000,JD250919P00029000,SELL,FILLED,10.0,10.0,@0.77,0.83,DAY,2025-07-15T13:31:01.837Z,2025-07-15T13:31:02.127Z
TIGR251017C00013000,TIGR251017C00013000,BUY,FILLED,20.0,20.0,@0.74,0.74,DAY,2025-07-14T19:41:31.311Z,2025-07-14T19:41:31.350Z
TSLA250815P00245000,TSLA250815P00245000,BUY,FILLED,1.0,1.0,@1.84,1.84,DAY,2025-07-14T19:30:41.189Z,2025-07-14T19:30:41.367Z
OKLO250919C00060000,OKLO250919C00060000,BUY,FILLED,1.0,1.0,@9.4,9.4,DAY,2025-07-14T17:52:16.282Z,2025-07-14T17:52:16.465Z
IBIT251121C00070000,IBIT251121C00070000,SELL,FILLED,2.0,2.0,@7.05,7.05,DAY,2025-07-14T17:48:01.370Z,2025-07-14T17:48:01.630Z
SLV250919C00036000,SLV250919C00036000,SELL,FILLED,10.0,10.0,@1.17,1.17,DAY,2025-07-14T15:03:06.812Z,2025-07-14T15:03:07.016Z
HIMS250815P00040000,HIMS250815P00040000,SELL,FILLED,2.0,2.0,@1.75,1.75,DAY,2025-07-14T14:31:56.139Z,2025-07-14T14:31:56.188Z
NBIS250919C00055000,NBIS250919C00055000,BUY,FILLED,2.0,2.0,@6.3,6.3,DAY,2025-07-14T13:34:00.715Z,2025-07-14T17:06:41.017Z
NBIS250718C00053000,NBIS250718C00053000,BUY,FILLED,1.0,1.0,@1.35,1.35,DAY,2025-07-14T13:31:38.286Z,2025-07-14T13:31:40.768Z
HIMS250815P00040000,HIMS250815P00040000,BUY,FILLED,2.0,2.0,@2.39,2.31,DAY,2025-07-14T13:30:50.214Z,2025-07-14T13:30:50.356Z
CRWV250815P00105000,CRWV250815P00105000,SELL,FILLED,1.0,1.0,@9.0,9.0,DAY,2025-07-11T13:41:50.827Z,2025-07-11T13:41:50.907Z
CRWV250815P00105000,CRWV250815P00105000,BUY,FILLED,1.0,1.0,@9.85,9.45,DAY,2025-07-11T13:40:59.457Z,2025-07-11T13:40:59.651Z
SLV250919C00036000,SLV250919C00036000,BUY,FILLED,5.0,5.0,@1.19,1.18,DAY,2025-07-11T13:32:25.284Z,2025-07-11T13:32:25.432Z
COIN250711C00407500,COIN250711C00407500,SELL,FILLED,1.0,1.0,@0.57,0.58,DAY,2025-07-11T13:31:30.030Z,2025-07-11T13:31:30.061Z
SLV250919C00036000,SLV250919C00036000,BUY,FILLED,5.0,5.0,@1.18,1.18,DAY,2025-07-11T13:31:16.950Z,2025-07-11T13:31:16.990Z
SMCI250919C00065000,SMCI250919C00065000,SELL,FILLED,4.0,4.0,@2.06,2.1,DAY,2025-07-11T13:30:11.733Z,2025-07-11T13:30:11.800Z
IBIT251121C00070000,IBIT251121C00070000,BUY,FILLED,4.0,4.0,@5.6,5.6,DAY,2025-07-10T17:06:54.432Z,2025-07-10T17:06:54.506Z
INTC250815C00026000,INTC250815C00026000,SELL,FILLED,10.0,10.0,@0.84,0.85,DAY,2025-07-10T14:29:10.442Z,2025-07-10T14:29:10.544Z
ALAB250919C00120000,ALAB250919C00120000,SELL,FILLED,2.0,2.0,@5.7,5.7,DAY,2025-07-10T13:58:14.241Z,2025-07-10T13:58:24.775Z
COIN250711C00407500,COIN250711C00407500,BUY,FILLED,1.0,1.0,@1.16,1.0,DAY,2025-07-10T13:45:26.425Z,2025-07-10T13:45:26.707Z
UUUU250711C00007000,UUUU250711C00007000,BUY,FILLED,10.0,10.0,@0.15,0.08,DAY,2025-07-10T13:31:23.015Z,2025-07-10T13:31:23.149Z
SMCI250919C00065000,SMCI250919C00065000,BUY,FILLED,4.0,4.0,@2.54,2.54,DAY,2025-07-09T19:29:16.977Z,2025-07-09T19:29:17.009Z
CRDO250815C00120000,CRDO250815C00120000,SELL,FILLED,2.0,2.0,@2.65,2.69,DAY,2025-07-09T19:28:38.469Z,2025-07-09T19:28:38.626Z
APLD250815P00009000,APLD250815P00009000,SELL,FILLED,4.0,4.0,@0.93,0.93,DAY,2025-07-09T19:28:34.568Z,2025-07-09T19:28:34.605Z
ALAB250919C00120000,ALAB250919C00120000,BUY,FILLED,1.0,1.0,@6.9,6.9,DAY,2025-07-09T19:28:15.691Z,2025-07-09T19:28:15.769Z
JD250919P00029000,JD250919P00029000,BUY,FILLED,10.0,10.0,@1.04,1.04,DAY,2025-07-09T16:20:42.683Z,2025-07-09T16:20:42.816Z
ALAB250919C00120000,ALAB250919C00120000,BUY,FILLED,1.0,1.0,@6.4,6.4,DAY,2025-07-09T15:49:00.370Z,2025-07-09T15:49:00.462Z
INTC250815C00026000,INTC250815C00026000,SELL,FILLED,10.0,10.0,@0.66,0.66,DAY,2025-07-09T15:48:47.967Z,2025-07-09T15:48:48.083Z
APLD250815P00009000,APLD250815P00009000,BUY,FILLED,4.0,4.0,@1.12,1.12,DAY,2025-07-09T14:31:07.544Z,2025-07-09T14:31:07.595Z
CRDO250815C00120000,CRDO250815C00120000,BUY,FILLED,2.0,2.0,@2.4,2.26,DAY,2025-07-09T13:30:35.957Z,2025-07-09T13:30:36.251Z
INTC250815C00026000,INTC250815C00026000,BUY,FILLED,20.0,20.0,@0.78,0.78,DAY,2025-07-08T14:36:40.038Z,2025-07-08T14:36:40.123Z
TSLA250711C00310000,TSLA250711C00310000,SELL,FILLED,1.0,1.0,@2.09,2.09,DAY,2025-07-08T14:08:12.299Z,2025-07-08T14:08:12.434Z
TSLA250711C00310000,TSLA250711C00310000,BUY,FILLED,1.0,1.0,@2.32,2.3,DAY,2025-07-08T13:40:36.383Z,2025-07-08T13:40:36.586Z
TSLA250815P00245000,TSLA250815P00245000,BUY,FILLED,2.0,2.0,@5.75,5.73,DAY,2025-07-07T14:30:28.996Z,2025-07-07T14:30:29.174Z
TSLA250815C00360000,TSLA250815C00360000,SELL,FILLED,2.0,2.0,@5.85,5.85,DAY,2025-07-07T14:12:02.657Z,2025-07-07T14:12:02.784Z
TSLA250815C00360000,TSLA250815C00360000,BUY,FILLED,2.0,2.0,@6.15,6.15,DAY,2025-07-07T14:08:01.660Z,2025-07-07T14:08:01.689Z
BABA250815P00100000,BABA250815P00100000,SELL,FILLED,2.0,2.0,@1.79,1.8,DAY,2025-07-07T14:07:27.045Z,2025-07-07T14:07:27.075Z
TSLA250815P00245000,TSLA250815P00245000,SELL,FILLED,2.0,2.0,@5.45,5.45,DAY,2025-07-07T14:07:22.110Z,2025-07-07T14:07:22.152Z
COIN250919C00500000,COIN250919C00500000,SELL,FILLED,1.0,1.0,@8.3,8.3,DAY,2025-07-07T13:34:14.213Z,2025-07-07T13:34:14.291Z
QCOM250815C00180000,QCOM250815C00180000,SELL,FILLED,10.0,10.0,@1.55,1.56,DAY,2025-07-07T13:34:06.188Z,2025-07-07T13:34:06.343Z
MSTR250919C00495000,MSTR250919C00495000,SELL,FILLED,1.0,1.0,@16.65,16.65,DAY,2025-07-07T13:34:02.140Z,2025-07-07T13:34:02.195Z
MRNA250919C00035000,MRNA250919C00035000,SELL,FILLED,4.0,4.0,@2.14,2.14,DAY,2025-07-07T13:33:27.684Z,2025-07-07T13:33:27.724Z
TSLA250815P00245000,TSLA250815P00245000,BUY,FILLED,2.0,2.0,@6.1,6.1,DAY,2025-07-07T13:32:13.451Z,2025-07-07T13:32:13.584Z
MSTR250919C00495000,MSTR250919C00495000,BUY,FILLED,1.0,1.0,@20.65,20.65,DAY,2025-07-03T13:40:57.251Z,2025-07-03T13:40:57.287Z
FSLR250815C00190000,FSLR250815C00190000,SELL,FILLED,1.0,1.0,@8.05,8.05,DAY,2025-07-02T19:28:38.303Z,2025-07-02T19:28:38.423Z
COIN250919C00500000,COIN250919C00500000,BUY,FILLED,1.0,1.0,@8.7,8.45,DAY,2025-07-02T15:57:25.293Z,2025-07-02T15:57:35.437Z
QCOM250815C00180000,QCOM250815C00180000,BUY,FILLED,5.0,5.0,@2.3,2.3,DAY,2025-07-02T15:09:32.741Z,2025-07-02T15:09:32.875Z
QCOM250815C00180000,QCOM250815C00180000,BUY,FILLED,5.0,5.0,@2.1,2.08,DAY,2025-07-02T14:57:06.810Z,2025-07-02T14:57:07.050Z
TSLA250815P00240000,TSLA250815P00240000,SELL,FILLED,2.0,2.0,@3.4,3.4,DAY,2025-07-02T14:55:13.483Z,2025-07-02T14:55:13.529Z
TSLA250703P00290000,TSLA250703P00290000,SELL,FILLED,1.0,1.0,@0.32,0.32,DAY,2025-07-02T14:31:19.004Z,2025-07-02T14:31:37.282Z
FSLR250815C00190000,FSLR250815C00190000,BUY,FILLED,1.0,1.0,@7.4,7.4,DAY,2025-07-02T14:09:56.772Z,2025-07-02T14:09:56.812Z
TSLA250703P00290000,TSLA250703P00290000,BUY,FILLED,1.0,1.0,@1.04,1.04,DAY,2025-07-02T14:02:03.879Z,2025-07-02T14:02:04.008Z
TSLA250815P00240000,TSLA250815P00240000,BUY,FILLED,2.0,2.0,@4.45,4.41,DAY,2025-07-02T13:56:37.001Z,2025-07-02T13:56:37.299Z
MRNA250919C00035000,MRNA250919C00035000,BUY,FILLED,4.0,4.0,@1.98,1.98,DAY,2025-07-01T16:00:48.259Z,2025-07-01T16:00:49.021Z
TSLA250815P00255000,TSLA250815P00255000,SELL,FILLED,1.0,1.0,@8.05,8.05,DAY,2025-07-01T15:17:44.521Z,2025-07-01T15:17:44.562Z
TSLA250815P00255000,TSLA250815P00255000,BUY,FILLED,1.0,1.0,@8.7,8.7,DAY,2025-07-01T14:50:44.142Z,2025-07-01T14:50:44.185Z
TSLA250815C00365000,TSLA250815C00365000,SELL,FILLED,1.0,1.0,@8.45,8.45,DAY,2025-07-01T14:06:43.954Z,2025-07-01T14:06:45.677Z
TSLA250815C00365000,TSLA250815C00365000,BUY,FILLED,1.0,1.0,@7.7,7.7,DAY,2025-07-01T13:51:07.820Z,2025-07-01T13:51:07.876Z
RKLB250815C00039000,RKLB250815C00039000,SELL,FILLED,2.0,2.0,@3.9,3.9,DAY,2025-07-01T13:50:00.476Z,2025-07-01T13:50:00.610Z
RKLB250815C00039000,RKLB250815C00039000,BUY,FILLED,2.0,2.0,@4.1,4.0,DAY,2025-07-01T13:49:15.563Z,2025-07-01T13:49:24.435Z
TSLA250815P00275000,TSLA250815P00275000,SELL,FILLED,1.0,1.0,@15.9,15.9,DAY,2025-07-01T13:40:51.762Z,2025-07-01T13:40:51.845Z
BABA250815P00100000,BABA250815P00100000,SELL,FILLED,2.0,2.0,@1.09,1.1,DAY,2025-07-01T13:40:46.328Z,2025-07-01T13:40:46.540Z
TSLA250815P00250000,TSLA250815P00250000,SELL,FILLED,1.0,1.0,@8.65,8.65,DAY,2025-07-01T13:40:38.233Z,2025-07-01T13:40:38.272Z
TSLA250815P00250000,TSLA250815P00250000,BUY,FILLED,1.0,1.0,@8.65,8.65,DAY,2025-07-01T13:38:58.009Z,2025-07-01T13:38:58.045Z
SMCI250815C00054000,SMCI250815C00054000,SELL,FILLED,2.0,2.0,@3.4,3.4,DAY,2025-07-01T13:38:43.416Z,2025-07-01T13:38:43.570Z
SMCI250815C00054000,SMCI250815C00054000,BUY,FILLED,2.0,2.0,@4.25,4.25,DAY,2025-06-30T14:03:45.701Z,2025-06-30T14:03:53.963Z
BABA250815P00100000,BABA250815P00100000,BUY,FILLED,4.0,4.0,@1.42,1.42,DAY,2025-06-30T13:44:15.045Z,2025-06-30T13:44:15.079Z
FCX250815C00047000,FCX250815C00047000,SELL,FILLED,10.0,10.0,@1.05,1.07,DAY,2025-06-27T18:47:14.450Z,2025-06-27T18:47:14.708Z
INTC250815C00025000,INTC250815C00025000,SELL,FILLED,10.0,10.0,@0.83,0.83,DAY,2025-06-27T18:28:28.335Z,2025-06-27T18:28:28.486Z
HIMS250815C00060000,HIMS250815C00060000,SELL,FILLED,2.0,2.0,@5.05,5.05,DAY,2025-06-27T14:53:48.020Z,2025-06-27T14:53:50.284Z
HIMS250815C00060000,HIMS250815C00060000,SELL,FILLED,1.0,1.0,@5.9,5.9,DAY,2025-06-27T14:15:30.783Z,2025-06-27T14:15:30.822Z
INTC250815C00025000,INTC250815C00025000,SELL,FILLED,10.0,10.0,@1.16,1.16,DAY,2025-06-27T14:15:24.041Z,2025-06-27T14:15:24.083Z
TDOC250815C00010000,TDOC250815C00010000,SELL,FILLED,10.0,10.0,@0.6,0.6,DAY,2025-06-27T14:14:52.885Z,2025-06-27T14:15:01.577Z
TSLA250815P00275000,TSLA250815P00275000,SELL,FILLED,1.0,1.0,@8.25,8.25,DAY,2025-06-27T14:13:54.590Z,2025-06-27T14:14:05.792Z
OKLO250627C00063000,OKLO250627C00063000,SELL,FILLED,2.0,2.0,@0.02,0.02,DAY,2025-06-27T14:06:32.566Z,2025-06-27T14:06:32.598Z
TDOC250815C00010000,TDOC250815C00010000,BUY,FILLED,10.0,10.0,@0.6,0.6,DAY,2025-06-27T13:46:37.891Z,2025-06-27T13:46:38.079Z
INTC250815C00025000,INTC250815C00025000,BUY,FILLED,10.0,10.0,@0.99,0.99,DAY,2025-06-27T13:39:44.810Z,2025-06-27T13:39:44.849Z
HIMS250815C00060000,HIMS250815C00060000,BUY,FILLED,3.0,3.0,@4.0,4.0,DAY,2025-06-27T13:34:42.954Z,2025-06-27T13:34:44.694Z
YINN250815C00044000,YINN250815C00044000,SELL,FILLED,3.0,3.0,@3.2,3.2,DAY,2025-06-27T13:34:18.508Z,2025-06-27T13:34:18.590Z
XPEV250815P00017000,XPEV250815P00017000,SELL,FILLED,10.0,10.0,@0.98,0.98,DAY,2025-06-27T13:33:14.701Z,2025-06-27T13:33:14.741Z
TSLA250815P00275000,TSLA250815P00275000,BUY,FILLED,1.0,1.0,@9.75,9.75,DAY,2025-06-27T13:32:45.637Z,2025-06-27T13:32:49.086Z
OKLO250627C00063000,OKLO250627C00063000,BUY,FILLED,2.0,2.0,@0.88,0.82,DAY,2025-06-27T13:31:36.345Z,2025-06-27T13:31:45.674Z
QUBT251017P00017000,QUBT251017P00017000,SELL,FILLED,2.0,2.0,@4.4,4.4,DAY,2025-06-26T16:23:04.414Z,2025-06-26T16:23:04.460Z
XPEV250815P00017000,XPEV250815P00017000,BUY,FILLED,10.0,10.0,@1.03,1.01,DAY,2025-06-26T16:15:45.226Z,2025-06-26T16:15:54.672Z
TSLA250815P00275000,TSLA250815P00275000,SELL,FILLED,1.0,1.0,@8.3,8.3,DAY,2025-06-26T15:11:58.642Z,2025-06-26T15:11:58.750Z
YINN250815C00044000,YINN250815C00044000,BUY,FILLED,3.0,3.0,@4.0,4.0,DAY,2025-06-26T14:41:16.696Z,2025-06-26T14:41:16.746Z
FCX250815C00047000,FCX250815C00047000,BUY,FILLED,10.0,10.0,@1.4,1.4,DAY,2025-06-26T14:18:34.413Z,2025-06-26T14:18:34.487Z
INTC250815C00025000,INTC250815C00025000,SELL,FILLED,10.0,10.0,@0.82,0.83,DAY,2025-06-25T15:22:35.073Z,2025-06-25T15:22:35.315Z
U250815C00028000,U250815C00028000,SELL,FILLED,5.0,5.0,@1.19,1.19,DAY,2025-06-25T15:17:35.370Z,2025-06-25T15:17:35.425Z
BABA250815C00130000,BABA250815C00130000,SELL,FILLED,2.0,2.0,@2.52,2.52,DAY,2025-06-25T15:17:29.628Z,2025-06-25T15:17:29.671Z
XYZ250815C00080000,XYZ250815C00080000,SELL,FILLED,20.0,20.0,@0.98,0.98,DAY,2025-06-25T15:17:24.249Z,2025-06-25T15:17:24.298Z
TSLA250815P00275000,TSLA250815P00275000,BUY,FILLED,2.0,2.0,@10.3,10.25,DAY,2025-06-25T14:12:03.225Z,2025-06-25T14:12:03.257Z
XYZ250815C00080000,XYZ250815C00080000,BUY,FILLED,20.0,20.0,@1.08,1.08,DAY,2025-06-24T16:22:56.088Z,2025-06-24T16:22:56.232Z
INTC250627C00023000,INTC250627C00023000,SELL,FILLED,5.0,5.0,@0.16,0.17,DAY,2025-06-24T15:59:13.595Z,2025-06-24T15:59:13.668Z
INTC250815C00025000,INTC250815C00025000,SELL,CANCELLED,0.0,20.0,,,DAY,2025-06-24T15:19:45.194Z,
U250815C00028000,U250815C00028000,SELL,CANCELLED,0.0,5.0,,,DAY,2025-06-24T15:17:40.385Z,
U250815C00028000,U250815C00028000,SELL,FILLED,10.0,10.0,@1.35,1.35,DAY,2025-06-24T15:17:24.639Z,2025-06-24T15:17:24.740Z
BABA250815C00130000,BABA250815C00130000,SELL,CANCELLED,0.0,2.0,,,DAY,2025-06-24T15:11:46.383Z,
BABA250815C00130000,BABA250815C00130000,SELL,FILLED,3.0,3.0,@2.4,2.4,DAY,2025-06-24T15:11:29.518Z,2025-06-24T15:11:55.739Z
INTC250815C00025000,INTC250815C00025000,BUY,FILLED,20.0,20.0,@0.9,0.9,DAY,2025-06-24T15:10:49.503Z,2025-06-24T15:10:58.536Z
AMD250627C00141000,AMD250627C00141000,SELL,FILLED,1.0,1.0,@0.8,0.8,DAY,2025-06-24T15:02:35.822Z,2025-06-24T15:02:51.618Z
INTC250627C00023000,INTC250627C00023000,BUY,FILLED,5.0,5.0,@0.23,0.23,DAY,2025-06-24T15:02:28.371Z,2025-06-24T15:02:28.457Z
BABA250815C00130000,BABA250815C00130000,BUY,FILLED,5.0,5.0,@2.12,2.12,DAY,2025-06-24T14:41:23.963Z,2025-06-24T14:41:24.007Z
AMD250627C00141000,AMD250627C00141000,BUY,FILLED,1.0,1.0,@1.04,1.04,DAY,2025-06-24T14:07:02.763Z,2025-06-24T14:07:03.702Z
U250815C00028000,U250815C00028000,BUY,FILLED,15.0,15.0,@1.24,1.24,DAY,2025-06-24T14:06:02.935Z,2025-06-24T14:06:16.850Z
RKLB250815C00035000,RKLB250815C00035000,SELL,FILLED,1.0,1.0,@3.55,3.55,DAY,2025-06-24T14:05:02.767Z,2025-06-24T14:05:02.799Z
YINN250815C00043000,YINN250815C00043000,SELL,FILLED,1.0,1.0,@3.4,3.4,DAY,2025-06-24T14:04:54.699Z,2025-06-24T14:04:54.751Z
TDOC250815C00007500,TDOC250815C00007500,SELL,FILLED,8.0,8.0,@1.17,1.17,DAY,2025-06-24T14:04:48.092Z,2025-06-24T14:04:48.121Z
TDOC250815C00007500,TDOC250815C00007500,BUY,FILLED,7.0,7.0,@1.52,1.47,DAY,2025-06-24T13:40:01.906Z,2025-06-24T13:40:01.978Z
TDOC250815C00007500,TDOC250815C00007500,SELL,FILLED,3.0,3.0,@1.1,1.11,DAY,2025-06-24T13:35:30.588Z,2025-06-24T13:35:30.617Z
USO250627P00075000,USO250627P00075000,SELL,FILLED,1.0,1.0,@2.15,2.15,DAY,2025-06-24T13:34:56.917Z,2025-06-24T13:34:56.996Z
TDOC250815C00007500,TDOC250815C00007500,SELL,FILLED,12.0,12.0,@1.2,1.2,DAY,2025-06-24T13:34:44.645Z,2025-06-24T13:34:44.781Z
USO250627P00075000,USO250627P00075000,SELL,FILLED,1.0,1.0,@2.27,2.27,DAY,2025-06-24T13:31:31.116Z,2025-06-24T13:32:00.239Z
RKLB250815C00035000,RKLB250815C00035000,BUY,FILLED,1.0,1.0,@3.7,3.65,DAY,2025-06-23T19:55:20.345Z,2025-06-23T19:55:20.472Z
YINN250815C00043000,YINN250815C00043000,BUY,FILLED,1.0,1.0,@2.71,2.71,DAY,2025-06-23T19:54:43.507Z,2025-06-23T19:54:43.568Z
USO250627P00075000,USO250627P00075000,BUY,FILLED,2.0,2.0,@0.85,0.83,DAY,2025-06-23T19:53:31.052Z,2025-06-23T19:53:41.888Z
TDOC250815C00007500,TDOC250815C00007500,BUY,FILLED,8.0,8.0,@1.01,1.01,DAY,2025-06-23T19:04:26.210Z,2025-06-23T19:04:26.268Z
ALAB250815P00085000,ALAB250815P00085000,SELL,FILLED,2.0,2.0,@7.6,7.6,DAY,2025-06-23T18:01:51.899Z,2025-06-23T18:01:51.986Z
MSTR250815P00340000,MSTR250815P00340000,SELL,FILLED,1.0,1.0,@17.55,17.55,DAY,2025-06-23T18:01:42.905Z,2025-06-23T18:01:42.996Z
HIMS250627P00040000,HIMS250627P00040000,SELL,FILLED,1.0,1.0,@0.87,0.87,DAY,2025-06-23T18:01:37.679Z,2025-06-23T18:01:37.714Z
GLD250815C00321000,GLD250815C00321000,SELL,FILLED,4.0,4.0,@5.2,5.2,DAY,2025-06-23T17:28:11.068Z,2025-06-23T17:28:11.157Z
HIMS250627P00040000,HIMS250627P00040000,BUY,FILLED,1.0,1.0,@1.3,1.29,DAY,2025-06-23T16:36:06.360Z,2025-06-23T16:36:43.702Z
ALAB250815P00085000,ALAB250815P00085000,BUY,FILLED,2.0,2.0,@8.0,7.9,DAY,2025-06-23T16:26:52.797Z,2025-06-23T16:26:52.879Z
GLD250815C00321000,GLD250815C00321000,BUY,FILLED,4.0,4.0,@5.9,5.88,DAY,2025-06-23T16:26:20.465Z,2025-06-23T16:26:33.860Z
TSLA250815C00425000,TSLA250815C00425000,SELL,FILLED,1.0,1.0,@15.7,15.7,DAY,2025-06-23T14:49:09.925Z,2025-06-23T14:49:33.758Z
TSLA250815C00425000,TSLA250815C00425000,BUY,FILLED,1.0,1.0,@15.6,15.6,DAY,2025-06-23T14:43:33.862Z,2025-06-23T14:43:47.915Z
HIMS250627P00042000,HIMS250627P00042000,SELL,FILLED,1.0,1.0,@1.38,1.38,DAY,2025-06-23T14:40:25.387Z,2025-06-23T14:40:25.478Z
TSLA250815C00425000,TSLA250815C00425000,SELL,FILLED,2.0,2.0,@13.95,13.95,DAY,2025-06-23T14:36:16.560Z,2025-06-23T14:36:17.045Z
HIMS250627P00042000,HIMS250627P00042000,BUY,FILLED,1.0,1.0,@1.22,1.22,DAY,2025-06-23T14:25:56.300Z,2025-06-23T14:25:56.641Z
MSTR250815P00340000,MSTR250815P00340000,SELL,FILLED,1.0,1.0,@18.85,18.85,DAY,2025-06-23T14:24:45.694Z,2025-06-23T14:24:58.217Z
TDOC250815C00007500,TDOC250815C00007500,BUY,FILLED,8.0,8.0,@0.81,0.81,DAY,2025-06-23T14:19:45.896Z,2025-06-23T14:19:59.595Z
TSLA250815C00425000,TSLA250815C00425000,BUY,FILLED,2.0,2.0,@12.15,12.1,DAY,2025-06-23T14:13:12.534Z,2025-06-23T14:13:12.708Z
XPEV250718P00016000,XPEV250718P00016000,SELL,FILLED,15.0,15.0,@0.17,0.18,DAY,2025-06-23T13:45:47.877Z,2025-06-23T13:45:59.389Z
HIMS250627P00043000,HIMS250627P00043000,SELL,FILLED,2.0,2.0,@1.95,1.96,DAY,2025-06-23T13:35:10.913Z,2025-06-23T13:35:30.646Z
HIMS250627P00043000,HIMS250627P00043000,BUY,FILLED,2.0,2.0,@2.39,2.39,DAY,2025-06-23T13:34:06.592Z,2025-06-23T13:34:24.024Z
USO250625C00087000,USO250625C00087000,SELL,FILLED,4.0,4.0,@0.71,0.71,DAY,2025-06-23T13:31:09.616Z,2025-06-23T13:31:28.828Z
HIMS250815C00075000,HIMS250815C00075000,SELL,FILLED,1.0,1.0,@1.76,1.76,DAY,2025-06-23T13:30:30.487Z,2025-06-23T13:30:30.730Z
OKLO250718P00050000,OKLO250718P00050000,SELL,FILLED,1.0,1.0,@2.64,2.64,DAY,2025-06-20T19:59:06.107Z,2025-06-20T19:59:06.142Z
HIMS250815C00075000,HIMS250815C00075000,BUY,FILLED,1.0,1.0,@6.9,6.9,DAY,2025-06-20T19:57:44.163Z,2025-06-20T19:58:00.527Z
DDOG250815C00145000,DDOG250815C00145000,SELL,FILLED,2.0,2.0,@2.81,2.81,DAY,2025-06-20T19:57:25.318Z,2025-06-20T19:57:25.385Z
USO250625C00087000,USO250625C00087000,BUY,FILLED,4.0,4.0,@1.18,1.18,DAY,2025-06-20T19:55:51.897Z,2025-06-20T19:55:51.928Z
QUBT251017P00017000,QUBT251017P00017000,BUY,FILLED,2.0,2.0,@4.5,4.5,DAY,2025-06-20T18:04:59.069Z,2025-06-20T18:04:59.136Z
GLD250718C00316000,GLD250718C00316000,SELL,FILLED,2.0,2.0,@4.1,4.15,DAY,2025-06-20T17:56:11.664Z,2025-06-20T17:56:11.707Z
DDOG250815C00145000,DDOG250815C00145000,BUY,FILLED,2.0,2.0,@3.5,3.5,DAY,2025-06-20T16:31:22.039Z,2025-06-20T16:37:20.250Z
HIMS250815C00080000,HIMS250815C00080000,SELL,FILLED,2.0,2.0,@4.95,4.95,DAY,2025-06-20T15:56:59.234Z,2025-06-20T15:56:59.337Z
QQQ250623P00517000,QQQ250623P00517000,BUY,FILLED,1.0,1.0,@1.19,1.19,DAY,2025-06-20T14:51:20.954Z,2025-06-20T14:51:20.998Z
GLD250718C00316000,GLD250718C00316000,BUY,FILLED,2.0,2.0,@4.3,4.3,DAY,2025-06-20T13:50:35.311Z,2025-06-20T13:50:35.378Z
MSTR250815P00340000,MSTR250815P00340000,BUY,FILLED,1.0,1.0,@19.95,19.95,DAY,2025-06-20T13:49:25.283Z,2025-06-20T13:49:42.369Z
XPEV250718P00016000,XPEV250718P00016000,BUY,FILLED,15.0,15.0,@0.3,0.3,DAY,2025-06-20T13:46:13.344Z,2025-06-20T13:46:13.386Z
GILD250718C00115000,GILD250718C00115000,SELL,FILLED,2.0,2.0,@1.55,1.55,DAY,2025-06-20T13:44:19.931Z,2025-06-20T13:44:20.042Z
COIN250815C00350000,COIN250815C00350000,SELL,FILLED,1.0,1.0,@12.5,12.59,DAY,2025-06-18T19:07:21.039Z,2025-06-18T19:07:39.408Z
HIMS250815C00080000,HIMS250815C00080000,SELL,FILLED,2.0,2.0,@4.4,4.4,DAY,2025-06-18T19:01:54.722Z,2025-06-18T19:01:54.807Z
OKLO250718P00050000,OKLO250718P00050000,BUY,FILLED,1.0,1.0,@2.2,2.2,DAY,2025-06-18T18:56:39.915Z,2025-06-18T18:56:39.949Z
MSTR250815P00340000,MSTR250815P00340000,BUY,FILLED,1.0,1.0,@20.0,19.95,DAY,2025-06-18T17:40:22.275Z,2025-06-18T17:40:22.313Z
COIN250815C00350000,COIN250815C00350000,SELL,CANCELLED,0.0,1.0,@30.0,,DAY,2025-06-18T17:38:39.872Z,
COIN250815C00350000,COIN250815C00350000,SELL,CANCELLED,0.0,1.0,,,DAY,2025-06-18T17:38:39.872Z,
USO250620C00085000,USO250620C00085000,SELL,FILLED,1.0,1.0,@1.02,1.03,DAY,2025-06-18T17:27:26.718Z,2025-06-18T17:27:26.893Z
COIN250815C00350000,COIN250815C00350000,SELL,FILLED,1.0,1.0,@13.0,13.05,DAY,2025-06-18T17:27:02.364Z,2025-06-18T17:27:02.427Z
COIN250815C00350000,COIN250815C00350000,BUY,FILLED,2.0,2.0,@9.5,9.36,DAY,2025-06-18T15:56:29.822Z,2025-06-18T15:56:30.016Z
MSTR250815P00310000,MSTR250815P00310000,SELL,FILLED,2.0,2.0,@10.55,10.55,DAY,2025-06-18T15:55:36.399Z,2025-06-18T15:55:36.443Z
TSLA250620P00305000,TSLA250620P00305000,SELL,FILLED,1.0,1.0,@2.32,2.37,DAY,2025-06-18T13:32:24.866Z,2025-06-18T13:32:24.945Z
HIMS250815C00080000,HIMS250815C00080000,BUY,FILLED,4.0,4.0,@5.35,5.35,DAY,2025-06-18T13:31:16.162Z,2025-06-18T13:31:30.299Z
USO250620C00085000,USO250620C00085000,SELL,FILLED,2.0,2.0,@1.7,1.7,DAY,2025-06-18T13:30:49.620Z,2025-06-18T13:30:49.656Z
MSTR250815P00310000,MSTR250815P00310000,BUY,FILLED,1.0,1.0,@11.95,11.95,DAY,2025-06-17T19:12:00.941Z,2025-06-17T19:12:01.074Z
TSLA250620P00305000,TSLA250620P00305000,BUY,FILLED,1.0,1.0,@2.47,2.46,DAY,2025-06-17T15:39:24.125Z,2025-06-17T15:39:36.612Z
AMD250815C00155000,AMD250815C00155000,SELL,FILLED,2.0,2.0,@2.73,2.73,DAY,2025-06-17T14:59:39.921Z,2025-06-17T14:59:39.951Z
MSTR250815P00310000,MSTR250815P00310000,BUY,FILLED,1.0,1.0,@11.35,11.35,DAY,2025-06-17T14:35:56.981Z,2025-06-17T14:35:57.094Z
AMD250815C00155000,AMD250815C00155000,BUY,FILLED,2.0,2.0,@3.35,3.35,DAY,2025-06-17T14:32:34.912Z,2025-06-17T14:32:34.954Z
FSLR250718P00125000,FSLR250718P00125000,SELL,FILLED,1.0,1.0,@4.0,4.0,DAY,2025-06-17T14:03:17.667Z,2025-06-17T14:03:17.724Z
GILD250718C00115000,GILD250718C00115000,BUY,FILLED,2.0,2.0,@2.4,2.4,DAY,2025-06-17T13:40:36.126Z,2025-06-17T13:40:36.166Z
CRWV250620C00175000,CRWV250620C00175000,SELL,FILLED,1.0,1.0,@2.18,2.24,DAY,2025-06-17T13:40:18.336Z,2025-06-17T13:40:18.520Z
CRWV250620C00175000,CRWV250620C00175000,BUY,FILLED,1.0,1.0,@2.61,2.61,DAY,2025-06-17T13:33:54.888Z,2025-06-17T13:33:54.981Z
FSLR250718P00125000,FSLR250718P00125000,BUY,FILLED,1.0,1.0,@5.9,5.9,DAY,2025-06-17T13:32:34.415Z,2025-06-17T13:32:53.977Z
FSLR250718P00130000,FSLR250718P00130000,BUY,CANCELLED,0.0,1.0,@5.95,,DAY,2025-06-17T13:30:41.645Z,
NVDA250620C00148000,NVDA250620C00148000,SELL,FILLED,1.0,1.0,@0.96,0.96,DAY,2025-06-16T15:52:19.498Z,2025-06-16T15:52:19.527Z
CVNA250718P00230000,CVNA250718P00230000,SELL,FILLED,2.0,2.0,@3.35,3.35,DAY,2025-06-16T15:52:14.242Z,2025-06-16T15:52:14.289Z
NVDA250620C00148000,NVDA250620C00148000,BUY,FILLED,1.0,1.0,@0.95,0.95,DAY,2025-06-16T15:05:54.856Z,2025-06-16T15:05:54.984Z
XPEV250718P00017000,XPEV250718P00017000,SELL,FILLED,10.0,10.0,@0.5,0.53,DAY,2025-06-16T13:53:54.574Z,2025-06-16T13:53:54.862Z
AAPL250815P00185000,AAPL250815P00185000,SELL,FILLED,4.0,4.0,@4.8,4.85,DAY,2025-06-16T13:31:21.697Z,2025-06-16T13:31:22.018Z
XPEV250718P00017000,XPEV250718P00017000,BUY,FILLED,10.0,10.0,@0.74,0.72,DAY,2025-06-13T19:44:45.317Z,2025-06-13T19:44:45.363Z
XPEV250718P00017000,XPEV250718P00017000,SELL,FILLED,10.0,10.0,@0.72,0.73,DAY,2025-06-13T19:04:36.578Z,2025-06-13T19:04:36.630Z
USO250620C00085000,USO250620C00085000,BUY,FILLED,3.0,3.0,@2.28,2.28,DAY,2025-06-13T19:04:15.490Z,2025-06-13T19:04:15.523Z
CVNA250718P00230000,CVNA250718P00230000,BUY,FILLED,2.0,2.0,@3.3,3.29,DAY,2025-06-13T18:59:00.434Z,2025-06-13T18:59:00.571Z
USO250620C00085000,USO250620C00085000,SELL,FILLED,1.0,1.0,@2.11,2.17,DAY,2025-06-13T18:52:04.883Z,2025-06-13T18:52:05.025Z
QQQ250613P00526000,QQQ250613P00526000,SELL,FILLED,1.0,1.0,@0.8,0.8,DAY,2025-06-13T18:52:00.164Z,2025-06-13T18:52:00.202Z
QQQ250613P00526000,QQQ250613P00526000,SELL,FILLED,1.0,1.0,@1.11,1.11,DAY,2025-06-13T18:39:32.523Z,2025-06-13T18:39:41.968Z
XPEV250718P00017000,XPEV250718P00017000,BUY,FILLED,10.0,10.0,@0.75,0.75,DAY,2025-06-13T18:38:14.890Z,2025-06-13T18:38:14.925Z
USO250620C00085000,USO250620C00085000,BUY,FILLED,1.0,1.0,@1.82,1.82,DAY,2025-06-13T18:30:29.386Z,2025-06-13T18:30:29.775Z
QQQ250613P00526000,QQQ250613P00526000,BUY,FILLED,2.0,2.0,@0.51,0.51,DAY,2025-06-13T18:27:39.538Z,2025-06-13T18:27:39.565Z
GLD250616C00319000,GLD250616C00319000,BUY,FILLED,2.0,2.0,@1.12,1.11,DAY,2025-06-13T18:26:32.633Z,2025-06-13T18:26:32.678Z
GLD250616C00319000,GLD250616C00319000,SELL,FILLED,2.0,2.0,@1.03,1.04,DAY,2025-06-13T18:24:30.839Z,2025-06-13T18:24:31.028Z
GLD250616C00319000,GLD250616C00319000,BUY,FILLED,2.0,2.0,@1.15,1.15,DAY,2025-06-13T18:18:42.018Z,2025-06-13T18:18:42.060Z
AAPL250815P00185000,AAPL250815P00185000,BUY,FILLED,4.0,4.0,@5.55,5.55,DAY,2025-06-13T14:28:06.108Z,2025-06-13T14:28:07.131Z
AAPL250815P00185000,AAPL250815P00185000,SELL,FILLED,4.0,4.0,@5.45,5.45,DAY,2025-06-13T14:27:11.562Z,2025-06-13T14:27:11.597Z
XPEV250718P00017000,XPEV250718P00017000,SELL,FILLED,5.0,5.0,@0.65,0.65,DAY,2025-06-13T14:26:56.791Z,2025-06-13T14:26:56.879Z
XPEV250718P00017000,XPEV250718P00017000,BUY,FILLED,5.0,5.0,@0.66,0.65,DAY,2025-06-13T13:59:10.179Z,2025-06-13T13:59:10.218Z
AAPL250815P00185000,AAPL250815P00185000,SELL,CANCELLED,0.0,4.0,,,DAY,2025-06-13T13:58:17.055Z,
UAL250613P00072000,UAL250613P00072000,SELL,FILLED,2.0,2.0,@0.22,0.23,DAY,2025-06-13T13:54:13.960Z,2025-06-13T13:54:14.009Z
GLD250815C00317000,GLD250815C00317000,SELL,FILLED,2.0,2.0,,10.25,DAY,2025-06-13T13:54:03.259Z,2025-06-13T14:14:21.610Z
OKLO250613P00060000,OKLO250613P00060000,BUY,FILLED,2.0,2.0,@0.2,0.18,DAY,2025-06-13T13:48:00.236Z,2025-06-13T13:48:00.446Z
GLD250613C00319000,GLD250613C00319000,SELL,FILLED,2.0,2.0,@0.45,0.46,DAY,2025-06-13T13:39:20.665Z,2025-06-13T13:39:20.706Z
OKLO250620P00059000,OKLO250620P00059000,SELL,FILLED,3.0,3.0,@1.88,1.88,DAY,2025-06-13T13:37:40.466Z,2025-06-13T13:37:52.378Z
KC250815C00012500,KC250815C00012500,SELL,FILLED,5.0,5.0,@1.55,1.55,DAY,2025-06-13T13:36:36.098Z,2025-06-13T13:39:06.398Z
OKLO250613P00060000,OKLO250613P00060000,BUY,FILLED,2.0,2.0,@0.68,0.68,DAY,2025-06-13T13:35:55.244Z,2025-06-13T13:35:55.306Z
UAL250613P00072000,UAL250613P00072000,BUY,FILLED,2.0,2.0,@0.45,0.45,DAY,2025-06-13T13:35:28.805Z,2025-06-13T13:35:28.843Z
OKLO250613P00061000,OKLO250613P00061000,SELL,FILLED,1.0,1.0,@0.91,1.02,DAY,2025-06-13T13:32:48.051Z,2025-06-13T13:32:48.195Z
GLD250815C00317000,GLD250815C00317000,BUY,FILLED,1.0,1.0,@11.15,11.15,DAY,2025-06-13T13:31:37.329Z,2025-06-13T13:31:37.379Z
GLD250613C00319000,GLD250613C00319000,BUY,FILLED,2.0,2.0,@0.38,0.38,DAY,2025-06-13T13:31:27.954Z,2025-06-13T13:31:27.991Z
OKLO250613P00061000,OKLO250613P00061000,BUY,FILLED,1.0,1.0,@0.6,0.57,DAY,2025-06-12T19:52:35.405Z,2025-06-12T19:52:35.544Z
OKLO250620P00059000,OKLO250620P00059000,BUY,FILLED,3.0,3.0,@1.98,1.91,DAY,2025-06-12T19:51:52.973Z,2025-06-12T19:51:53.191Z
KC250815C00012500,KC250815C00012500,BUY,FILLED,5.0,5.0,@2.15,2.15,DAY,2025-06-12T17:42:05.306Z,2025-06-12T17:42:05.354Z
IBIT250815C00068000,IBIT250815C00068000,SELL,FILLED,7.0,7.0,@2.27,2.27,DAY,2025-06-12T15:50:20.531Z,2025-06-12T15:50:20.588Z
GME250815C00025000,GME250815C00025000,SELL,FILLED,4.0,4.0,@2.35,2.4,DAY,2025-06-12T15:26:20.610Z,2025-06-12T15:26:20.804Z
GME250815C00025000,GME250815C00025000,BUY,FILLED,4.0,4.0,@2.38,2.37,DAY,2025-06-12T14:43:10.834Z,2025-06-12T14:43:10.943Z
AAPL250613P00192500,AAPL250613P00192500,SELL,FILLED,5.0,5.0,@0.18,0.18,DAY,2025-06-12T14:12:12.743Z,2025-06-12T14:12:12.792Z
QQQ250815P00510000,QQQ250815P00510000,SELL,FILLED,1.0,1.0,@9.35,9.35,DAY,2025-06-12T14:12:03.109Z,2025-06-12T14:12:03.198Z
GLD250815C00317000,GLD250815C00317000,BUY,FILLED,1.0,1.0,@8.25,8.25,DAY,2025-06-12T13:56:00.734Z,2025-06-12T15:09:26.531Z
GLD250613C00312500,GLD250613C00312500,SELL,FILLED,2.0,2.0,,1.45,DAY,2025-06-12T13:44:25.899Z,2025-06-12T13:52:32.839Z
GLD250613C00312500,GLD250613C00312500,SELL,CANCELLED,0.0,1.0,@1.8,,DAY,2025-06-12T13:36:32.436Z,
GLD250613C00312500,GLD250613C00312500,SELL,FILLED,1.0,1.0,@1.65,1.65,DAY,2025-06-12T13:35:40.850Z,2025-06-12T13:35:40.896Z
GLD250613C00312500,GLD250613C00312500,BUY,FILLED,3.0,3.0,@0.75,0.74,DAY,2025-06-11T19:45:16.195Z,2025-06-11T19:45:16.329Z
AAPL250613P00192500,AAPL250613P00192500,BUY,FILLED,5.0,5.0,@0.35,0.35,DAY,2025-06-11T19:22:05.698Z,2025-06-11T19:22:05.737Z
AAPL250815P00185000,AAPL250815P00185000,BUY,FILLED,4.0,4.0,@4.8,4.8,DAY,2025-06-11T19:21:53.767Z,2025-06-11T19:21:53.918Z
QQQ250815P00510000,QQQ250815P00510000,SELL,FILLED,1.0,1.0,@9.28,9.28,DAY,2025-06-11T18:25:48.736Z,2025-06-11T18:25:48.792Z
QQQ250815P00510000,QQQ250815P00510000,BUY,FILLED,2.0,2.0,@9.82,9.74,DAY,2025-06-11T18:17:55.921Z,2025-06-11T18:17:55.971Z
MSTR250815C00490000,MSTR250815C00490000,SELL,FILLED,1.0,1.0,@11.85,11.97,DAY,2025-06-11T18:16:27.660Z,2025-06-11T18:16:27.801Z
FUTU250718C00135000,FUTU250718C00135000,SELL,FILLED,5.0,5.0,@2.28,2.35,DAY,2025-06-11T18:15:53.579Z,2025-06-11T18:15:53.720Z
UEC250815C00007000,UEC250815C00007000,SELL,FILLED,20.0,20.0,@0.4,0.4,DAY,2025-06-11T18:15:33.133Z,2025-06-11T18:15:33.293Z
MSTR250815C00490000,MSTR250815C00490000,SELL,FILLED,1.0,1.0,@12.7,12.7,DAY,2025-06-11T16:11:49.095Z,2025-06-11T16:11:49.159Z
IBIT250815C00068000,IBIT250815C00068000,BUY,FILLED,7.0,7.0,@2.99,2.99,DAY,2025-06-11T15:12:06.427Z,2025-06-11T15:12:06.468Z
OKLO250613C00069000,OKLO250613C00069000,SELL,FILLED,1.0,1.0,@2.19,2.19,DAY,2025-06-11T14:48:41.617Z,2025-06-11T14:48:41.656Z
OKLO250613C00069000,OKLO250613C00069000,BUY,FILLED,1.0,1.0,@2.25,2.25,DAY,2025-06-11T14:43:39.880Z,2025-06-11T14:43:40.061Z
FUTU250718C00135000,FUTU250718C00135000,BUY,FILLED,5.0,5.0,@2.2,2.2,DAY,2025-06-11T14:41:36.646Z,2025-06-11T14:41:46.850Z
OKLO250613C00066000,OKLO250613C00066000,SELL,FILLED,1.0,1.0,@2.56,2.56,DAY,2025-06-11T14:30:01.300Z,2025-06-11T14:30:01.416Z
UEC250815C00007000,UEC250815C00007000,BUY,FILLED,20.0,20.0,@0.6,0.6,DAY,2025-06-11T14:25:59.357Z,2025-06-11T14:26:50.427Z
OKLO250613C00066000,OKLO250613C00066000,BUY,FILLED,1.0,1.0,@2.2,2.2,DAY,2025-06-11T14:22:24.828Z,2025-06-11T14:22:33.585Z
UPST250725C00065000,UPST250725C00065000,SELL,FILLED,2.0,2.0,@3.7,3.71,DAY,2025-06-11T13:47:50.050Z,2025-06-11T13:48:10.999Z
SMCI250815C00048000,SMCI250815C00048000,SELL,FILLED,1.0,1.0,@3.75,3.75,DAY,2025-06-11T13:47:08.602Z,2025-06-11T13:47:08.645Z
GOOG250815C00190000,GOOG250815C00190000,SELL,FILLED,3.0,3.0,@6.2,6.2,DAY,2025-06-11T13:47:01.630Z,2025-06-11T13:47:01.670Z
SMH250718C00280000,SMH250718C00280000,SELL,FILLED,3.0,3.0,@3.55,3.6,DAY,2025-06-11T13:46:57.793Z,2025-06-11T13:46:57.882Z
NVDA250815C00165000,NVDA250815C00165000,SELL,FILLED,5.0,5.0,@2.55,2.55,DAY,2025-06-11T13:46:53.700Z,2025-06-11T13:47:05.034Z
CRWV250613C00185000,CRWV250613C00185000,SELL,FILLED,1.0,1.0,@1.25,1.25,DAY,2025-06-11T13:40:34.139Z,2025-06-11T13:40:35.792Z
UPST250725C00065000,UPST250725C00065000,SELL,FILLED,2.0,2.0,@4.2,4.2,DAY,2025-06-11T13:39:14.982Z,2025-06-11T13:42:35.807Z
MP250613P00022500,MP250613P00022500,SELL,FILLED,4.0,4.0,@0.55,0.55,DAY,2025-06-11T13:38:30.737Z,2025-06-11T13:38:31.742Z
MP250613P00022500,MP250613P00022500,BUY,FILLED,4.0,4.0,@0.5,0.46,DAY,2025-06-11T13:36:27.357Z,2025-06-11T13:36:27.546Z
MP250613P00022500,MP250613P00022500,BUY,CANCELLED,0.0,10.0,@0.3,,DAY,2025-06-11T13:34:19.469Z,
CRWV250613C00185000,CRWV250613C00185000,BUY,FILLED,1.0,1.0,@2.04,2.01,DAY,2025-06-11T13:32:05.154Z,2025-06-11T13:32:05.255Z
CDNS250620C00320000,CDNS250620C00320000,SELL,FILLED,1.0,1.0,@1.1,1.1,DAY,2025-06-11T13:30:59.383Z,2025-06-11T13:30:59.534Z
MSTR250815C00490000,MSTR250815C00490000,BUY,FILLED,1.0,1.0,@14.85,14.75,DAY,2025-06-10T19:59:42.056Z,2025-06-10T19:59:42.156Z
UPST250725C00065000,UPST250725C00065000,SELL,CANCELLED,0.0,4.0,@3.5,,DAY,2025-06-10T19:50:35.423Z,
TSLA250613C00342500,TSLA250613C00342500,SELL,FILLED,1.0,1.0,@3.55,3.55,DAY,2025-06-10T19:42:50.040Z,2025-06-10T19:42:56.366Z
TSLA250613C00342500,TSLA250613C00342500,BUY,FILLED,1.0,1.0,@2.92,2.85,DAY,2025-06-10T19:00:06.493Z,2025-06-10T19:00:06.538Z
MP250613P00026000,MP250613P00026000,SELL,FILLED,3.0,3.0,@0.6,0.62,DAY,2025-06-10T18:57:34.136Z,2025-06-10T18:57:34.369Z
GOOG250815C00190000,GOOG250815C00190000,BUY,FILLED,1.0,1.0,@6.65,6.62,DAY,2025-06-10T18:56:59.413Z,2025-06-10T18:56:59.600Z
MSTR250815C00490000,MSTR250815C00490000,BUY,FILLED,1.0,1.0,@14.85,14.85,DAY,2025-06-10T18:52:13.968Z,2025-06-10T18:52:14.051Z
MP250613P00026000,MP250613P00026000,BUY,FILLED,3.0,3.0,@0.6,0.6,DAY,2025-06-10T18:28:59.278Z,2025-06-10T18:28:59.356Z
GOOG250815C00190000,GOOG250815C00190000,SELL,FILLED,1.0,1.0,@6.5,6.5,DAY,2025-06-10T17:41:38.589Z,2025-06-10T17:41:38.642Z
TSLA250613C00342500,TSLA250613C00342500,SELL,FILLED,1.0,1.0,@2.13,2.13,DAY,2025-06-10T17:41:16.365Z,2025-06-10T17:41:16.510Z
TSLA250613C00342500,TSLA250613C00342500,BUY,FILLED,1.0,1.0,@2.54,2.53,DAY,2025-06-10T17:29:00.033Z,2025-06-10T17:29:00.088Z
UPST250725C00065000,UPST250725C00065000,BUY,FILLED,4.0,4.0,@2.99,2.92,DAY,2025-06-10T16:53:12.814Z,2025-06-10T16:53:24.591Z
NVDA250815C00165000,NVDA250815C00165000,BUY,FILLED,5.0,5.0,@2.6,2.6,DAY,2025-06-10T16:36:24.070Z,2025-06-10T16:36:25.400Z
SMH250718C00280000,SMH250718C00280000,BUY,FILLED,3.0,3.0,@3.45,3.45,DAY,2025-06-10T16:35:12.873Z,2025-06-10T16:35:12.918Z
TGT250815C00110000,TGT250815C00110000,SELL,FILLED,2.0,2.0,@2.69,2.93,DAY,2025-06-10T16:18:08.840Z,2025-06-10T16:18:08.881Z
GOOG250815C00190000,GOOG250815C00190000,SELL,FILLED,1.0,1.0,@6.85,6.85,DAY,2025-06-10T15:46:57.048Z,2025-06-10T15:47:08.028Z
TGT250815C00110000,TGT250815C00110000,SELL,FILLED,3.0,3.0,@2.97,2.97,DAY,2025-06-10T15:33:58.973Z,2025-06-10T15:33:59.061Z
SMH250718C00280000,SMH250718C00280000,SELL,FILLED,4.0,4.0,@2.77,2.8,DAY,2025-06-10T15:33:36.012Z,2025-06-10T15:33:36.157Z
TSLA250613C00342500,TSLA250613C00342500,SELL,FILLED,1.0,1.0,@1.91,1.91,DAY,2025-06-10T15:33:28.615Z,2025-06-10T15:34:27.622Z
UPST250919C00070000,UPST250919C00070000,SELL,FILLED,2.0,2.0,@5.3,5.34,DAY,2025-06-10T15:33:25.006Z,2025-06-10T15:33:25.239Z
MRVL250815C00080000,MRVL250815C00080000,SELL,FILLED,4.0,4.0,@2.17,2.17,DAY,2025-06-10T15:33:21.846Z,2025-06-10T15:33:21.917Z
GOOG250613C00185000,GOOG250613C00185000,SELL,FILLED,1.0,1.0,@0.62,0.62,DAY,2025-06-10T15:33:15.131Z,2025-06-10T15:33:15.344Z
HIMS250718C00070000,HIMS250718C00070000,SELL,FILLED,2.0,2.0,@2.15,2.15,DAY,2025-06-10T15:33:10.122Z,2025-06-10T15:33:10.250Z
TSLA250613C00342500,TSLA250613C00342500,BUY,FILLED,1.0,1.0,@2.55,2.53,DAY,2025-06-10T15:23:16.846Z,2025-06-10T15:23:17.025Z
WMT250620P00073330,WMT250620P00073330,SELL,CANCELLED,0.0,100.0,,,DAY,2025-06-10T14:57:58.293Z,
WMT250620P00070000,WMT250620P00070000,BUY,CANCELLED,0.0,100.0,,,DAY,2025-06-10T14:57:58.293Z,
SMCI250815C00048000,SMCI250815C00048000,BUY,FILLED,1.0,1.0,@4.05,4.03,DAY,2025-06-10T14:25:17.924Z,2025-06-10T14:25:18.066Z
MRVL250815C00080000,MRVL250815C00080000,BUY,FILLED,4.0,4.0,@2.58,2.58,DAY,2025-06-10T14:24:39.389Z,2025-06-10T14:24:43.435Z
SLV250919C00035000,SLV250919C00035000,SELL,FILLED,10.0,10.0,@1.46,1.46,DAY,2025-06-10T14:18:34.243Z,2025-06-10T14:18:46.963Z
GOOG250613C00185000,GOOG250613C00185000,BUY,FILLED,1.0,1.0,@1.09,1.09,DAY,2025-06-10T14:13:50.598Z,2025-06-10T14:13:50.647Z
GOOG250613C00182500,GOOG250613C00182500,SELL,FILLED,1.0,1.0,@1.54,1.57,DAY,2025-06-10T14:08:58.647Z,2025-06-10T14:08:58.768Z
TGT250815C00110000,TGT250815C00110000,BUY,FILLED,5.0,5.0,@2.31,2.27,DAY,2025-06-10T14:01:32.682Z,2025-06-10T14:01:32.746Z
QUBT250613C00018000,QUBT250613C00018000,SELL,FILLED,1.0,1.0,@0.8,0.81,DAY,2025-06-10T13:45:49.318Z,2025-06-10T13:45:49.471Z
GOOG250613C00182500,GOOG250613C00182500,BUY,FILLED,1.0,1.0,@1.25,1.25,DAY,2025-06-10T13:45:43.048Z,2025-06-10T13:45:50.041Z
SLV250919C00035000,SLV250919C00035000,SELL,CANCELLED,0.0,10.0,@1.54,,DAY,2025-06-10T13:44:15.696Z,
HIMS250718C00070000,HIMS250718C00070000,BUY,FILLED,2.0,2.0,@2.82,2.82,DAY,2025-06-10T13:42:19.275Z,2025-06-10T13:42:22.968Z
QUBT250613C00018000,QUBT250613C00018000,BUY,FILLED,1.0,1.0,@0.95,0.95,DAY,2025-06-10T13:41:27.564Z,2025-06-10T13:41:27.607Z
HIMS250718C00070000,HIMS250718C00070000,SELL,FILLED,3.0,3.0,@2.36,2.36,DAY,2025-06-10T13:35:22.574Z,2025-06-10T13:35:22.612Z
MRNA250815C00035000,MRNA250815C00035000,SELL,FILLED,7.0,7.0,@1.28,1.28,DAY,2025-06-10T13:32:11.380Z,2025-06-10T13:32:11.425Z
HIMS250718C00070000,HIMS250718C00070000,BUY,FILLED,3.0,3.0,@3.15,3.15,DAY,2025-06-10T13:31:19.746Z,2025-06-10T13:31:19.798Z
CDNS250620C00320000,CDNS250620C00320000,BUY,FILLED,1.0,1.0,@2.55,2.55,DAY,2025-06-09T14:37:43.393Z,2025-06-09T14:37:43.429Z
MRNA250815C00035000,MRNA250815C00035000,SELL,FILLED,5.0,5.0,@1.52,1.52,DAY,2025-06-09T14:23:39.925Z,2025-06-09T14:23:39.956Z
PDD250718C00120000,PDD250718C00120000,SELL,FILLED,5.0,5.0,@1.01,1.03,DAY,2025-06-09T14:11:39.761Z,2025-06-09T14:11:39.989Z
SMH250718C00280000,SMH250718C00280000,BUY,FILLED,2.0,2.0,@2.82,2.81,DAY,2025-06-09T14:10:55.010Z,2025-06-09T14:10:55.045Z
SMH250718C00280000,SMH250718C00280000,BUY,FILLED,2.0,2.0,@2.74,2.74,DAY,2025-06-09T14:08:48.269Z,2025-06-09T14:08:48.404Z
PDD250718C00120000,PDD250718C00120000,BUY,FILLED,5.0,5.0,@1.09,1.09,DAY,2025-06-09T13:48:10.362Z,2025-06-09T13:48:10.419Z
QUBT250613C00015500,QUBT250613C00015500,SELL,FILLED,3.0,3.0,@0.35,0.35,DAY,2025-06-09T13:47:44.814Z,2025-06-09T13:48:20.664Z
GOOG250815C00190000,GOOG250815C00190000,SELL,CANCELLED,0.0,4.0,,,DAY,2025-06-09T13:43:26.981Z,
QUBT250613C00015500,QUBT250613C00015500,BUY,FILLED,3.0,3.0,@0.55,0.5,DAY,2025-06-09T13:42:34.200Z,2025-06-09T13:42:50.952Z
CDNS250815C00335000,CDNS250815C00335000,SELL,FILLED,1.0,1.0,@7.1,7.2,DAY,2025-06-09T13:37:42.698Z,2025-06-09T13:37:57.236Z
U250919C00029000,U250919C00029000,SELL,FILLED,1.0,1.0,@2.56,2.56,DAY,2025-06-09T13:37:16.415Z,2025-06-09T13:37:16.462Z
MRNA250815C00035000,MRNA250815C00035000,SELL,CANCELLED,0.0,5.0,@2.09,,DAY,2025-06-09T13:36:31.115Z,
TSLA250613P00255000,TSLA250613P00255000,SELL,FILLED,1.0,1.0,@2.76,2.9,DAY,2025-06-09T13:34:33.440Z,2025-06-09T13:34:49.061Z
MRNA250815C00035000,MRNA250815C00035000,BUY,FILLED,5.0,5.0,@1.84,1.84,DAY,2025-06-09T13:33:39.603Z,2025-06-09T13:33:39.843Z
TSLA250613P00255000,TSLA250613P00255000,BUY,FILLED,1.0,1.0,@3.5,3.37,DAY,2025-06-09T13:31:46.920Z,2025-06-09T13:31:47.070Z
MRNA250815C00035000,MRNA250815C00035000,BUY,FILLED,7.0,7.0,@1.65,1.65,DAY,2025-06-09T13:31:00.973Z,2025-06-09T13:31:01.025Z
GOOG250815C00190000,GOOG250815C00190000,BUY,FILLED,1.0,1.0,@4.7,4.7,DAY,2025-06-06T18:51:56.135Z,2025-06-06T18:51:56.186Z
U250919C00029000,U250919C00029000,SELL,FILLED,3.0,3.0,@2.68,2.68,DAY,2025-06-06T18:51:50.479Z,2025-06-06T18:51:50.742Z
GOOG250815C00190000,GOOG250815C00190000,BUY,FILLED,1.0,1.0,@4.7,4.69,DAY,2025-06-06T18:51:02.237Z,2025-06-06T18:51:02.269Z
GOOG250815C00190000,GOOG250815C00190000,BUY,FILLED,2.0,2.0,@4.5,4.5,DAY,2025-06-06T15:49:35.816Z,2025-06-06T15:49:35.958Z
CDNS250815C00335000,CDNS250815C00335000,BUY,FILLED,1.0,1.0,@5.8,5.8,DAY,2025-06-06T15:23:42.871Z,2025-06-06T15:23:42.971Z
FSLR250815C00190000,FSLR250815C00190000,SELL,FILLED,1.0,1.0,@10.7,10.7,DAY,2025-06-06T15:15:44.268Z,2025-06-06T15:15:44.302Z
MSTR250606C00382500,MSTR250606C00382500,SELL,FILLED,1.0,1.0,@1.12,1.14,DAY,2025-06-06T15:15:38.323Z,2025-06-06T15:15:38.420Z
MSTR250606C00382500,MSTR250606C00382500,BUY,FILLED,1.0,1.0,@1.35,1.35,DAY,2025-06-06T15:15:14.202Z,2025-06-06T15:15:14.252Z
FSLR250815C00190000,FSLR250815C00190000,SELL,CANCELLED,0.0,1.0,@10.75,,DAY,2025-06-06T15:09:25.645Z,
TSLA250606C00307500,TSLA250606C00307500,SELL,FILLED,1.0,1.0,,2.2,DAY,2025-06-06T15:09:12.872Z,2025-06-06T15:09:12.916Z
TSLA250606C00307500,TSLA250606C00307500,BUY,FILLED,1.0,1.0,@2.25,2.21,DAY,2025-06-06T14:59:23.471Z,2025-06-06T14:59:35.537Z
UPST250606C00054000,UPST250606C00054000,SELL,FILLED,1.0,1.0,@0.48,0.48,DAY,2025-06-06T14:52:48.920Z,2025-06-06T14:53:20.615Z
U250919C00029000,U250919C00029000,BUY,FILLED,4.0,4.0,@2.8,2.8,DAY,2025-06-06T14:52:40.079Z,2025-06-06T14:52:40.174Z
UPST250606C00054000,UPST250606C00054000,BUY,FILLED,1.0,1.0,@0.45,0.45,DAY,2025-06-06T14:42:27.537Z,2025-06-06T14:42:27.575Z
TSLA250606C00305000,TSLA250606C00305000,SELL,FILLED,1.0,1.0,@1.37,1.37,DAY,2025-06-06T14:41:35.703Z,2025-06-06T14:41:36.020Z
TSLA250606C00305000,TSLA250606C00305000,BUY,FILLED,1.0,1.0,@1.35,1.35,DAY,2025-06-06T14:39:21.423Z,2025-06-06T14:39:21.946Z
APLD250606C00015000,APLD250606C00015000,SELL,FILLED,3.0,3.0,@0.21,0.21,DAY,2025-06-06T14:22:47.394Z,2025-06-06T14:22:57.820Z
APLD250606C00015000,APLD250606C00015000,SELL,FILLED,4.0,4.0,@0.28,0.28,DAY,2025-06-06T14:17:20.552Z,2025-06-06T14:17:20.589Z
APLD250606C00015000,APLD250606C00015000,BUY,FILLED,7.0,7.0,@0.15,0.14,DAY,2025-06-06T14:04:26.777Z,2025-06-06T14:04:26.857Z
TSLA250606P00280000,TSLA250606P00280000,SELL,FILLED,2.0,2.0,@1.97,2.04,DAY,2025-06-06T13:57:06.420Z,2025-06-06T13:57:15.934Z
TSLA250606P00280000,TSLA250606P00280000,BUY,FILLED,2.0,2.0,@1.45,1.45,DAY,2025-06-06T13:51:55.495Z,2025-06-06T13:52:00.545Z
SMR250606C00034000,SMR250606C00034000,SELL,FILLED,3.0,3.0,@0.22,0.22,DAY,2025-06-06T13:51:07.127Z,2025-06-06T13:51:31.602Z
SMR250606C00034000,SMR250606C00034000,BUY,FILLED,3.0,3.0,@0.38,0.38,DAY,2025-06-06T13:50:39.253Z,2025-06-06T13:50:39.309Z
UPST250919C00070000,UPST250919C00070000,BUY,FILLED,2.0,2.0,@5.15,5.15,DAY,2025-06-06T13:43:36.544Z,2025-06-06T13:43:36.582Z
UPST250606C00055000,UPST250606C00055000,SELL,FILLED,4.0,4.0,@0.62,0.65,DAY,2025-06-06T13:41:32.259Z,2025-06-06T13:41:32.536Z
APLD250606C00015000,APLD250606C00015000,SELL,FILLED,5.0,5.0,@0.4,0.44,DAY,2025-06-06T13:39:52.181Z,2025-06-06T13:39:52.355Z
SLV250919C00035000,SLV250919C00035000,BUY,FILLED,10.0,10.0,@1.46,1.46,DAY,2025-06-06T13:38:53.660Z,2025-06-06T13:38:53.723Z
PLTR250718P00105000,PLTR250718P00105000,SELL,FILLED,3.0,3.0,@2.84,2.89,DAY,2025-06-06T13:38:03.188Z,2025-06-06T13:38:03.334Z
TSLA250606P00275000,TSLA250606P00275000,SELL,FILLED,2.0,2.0,@0.87,0.89,DAY,2025-06-06T13:37:11.909Z,2025-06-06T13:37:12.067Z
APLD250606C00015000,APLD250606C00015000,BUY,FILLED,5.0,5.0,@0.26,0.25,DAY,2025-06-06T13:36:46.776Z,2025-06-06T13:36:46.921Z
PLTR250606P00118000,PLTR250606P00118000,SELL,FILLED,3.0,3.0,@0.35,0.35,DAY,2025-06-06T13:36:15.879Z,2025-06-06T13:36:15.998Z
MSTR250606P00355000,MSTR250606P00355000,SELL,FILLED,1.0,1.0,@0.29,0.31,DAY,2025-06-06T13:36:06.961Z,2025-06-06T13:36:07.481Z
TSLA250606P00275000,TSLA250606P00275000,BUY,FILLED,2.0,2.0,@1.02,1.02,DAY,2025-06-06T13:35:56.183Z,2025-06-06T13:35:56.227Z
UPST250606C00055000,UPST250606C00055000,BUY,FILLED,4.0,4.0,@0.48,0.48,DAY,2025-06-06T13:33:33.154Z,2025-06-06T13:33:33.191Z
MSTR250815P00325000,MSTR250815P00325000,SELL,FILLED,1.0,1.0,@18.15,18.5,DAY,2025-06-06T13:30:21.137Z,2025-06-06T13:30:21.181Z
PLTR250718P00105000,PLTR250718P00105000,SELL,CANCELLED,0.0,3.0,@1.25,,DAY,2025-06-06T13:30:13.502Z,
TSLA250606C00305000,TSLA250606C00305000,SELL,FILLED,1.0,1.0,@2.15,2.15,DAY,2025-06-05T19:39:50.519Z,2025-06-05T19:39:50.556Z
TSLA250606C00305000,TSLA250606C00305000,BUY,FILLED,1.0,1.0,@2.29,2.28,DAY,2025-06-05T19:37:15.777Z,2025-06-05T19:37:15.830Z
TSLA250718P00280000,TSLA250718P00280000,SELL,FILLED,1.0,1.0,@24.75,24.75,DAY,2025-06-05T19:33:51.668Z,2025-06-05T19:33:51.708Z
TSLA250606C00307500,TSLA250606C00307500,SELL,FILLED,2.0,2.0,@1.53,1.58,DAY,2025-06-05T19:33:42.811Z,2025-06-05T19:33:42.946Z
TSLA250606C00307500,TSLA250606C00307500,BUY,FILLED,1.0,1.0,@1.31,1.3,DAY,2025-06-05T19:28:56.757Z,2025-06-05T19:28:57.160Z
TSLA250606C00307500,TSLA250606C00307500,BUY,FILLED,1.0,1.0,@1.2,1.2,DAY,2025-06-05T19:28:27.948Z,2025-06-05T19:28:27.982Z
MSTR250815P00325000,MSTR250815P00325000,BUY,FILLED,1.0,1.0,@22.25,22.2,DAY,2025-06-05T19:19:34.963Z,2025-06-05T19:19:34.999Z
MSTR250606P00355000,MSTR250606P00355000,BUY,FILLED,1.0,1.0,@2.31,2.31,DAY,2025-06-05T19:19:08.452Z,2025-06-05T19:19:09.868Z
TSLA250718P00280000,TSLA250718P00280000,SELL,FILLED,1.0,1.0,@30.55,30.6,DAY,2025-06-05T19:18:00.363Z,2025-06-05T19:18:00.434Z
TSLA250606P00270000,TSLA250606P00270000,SELL,FILLED,1.0,1.0,@8.4,8.5,DAY,2025-06-05T19:17:19.067Z,2025-06-05T19:17:19.218Z
TSLA250606P00270000,TSLA250606P00270000,BUY,FILLED,1.0,1.0,@1.03,1.02,DAY,2025-06-05T18:40:45.079Z,2025-06-05T18:40:45.114Z
FSLR250815C00190000,FSLR250815C00190000,BUY,FILLED,1.0,1.0,@10.65,10.65,DAY,2025-06-05T18:21:02.273Z,2025-06-05T18:21:02.425Z
PLTR250718P00105000,PLTR250718P00105000,BUY,FILLED,3.0,3.0,@3.9,3.87,DAY,2025-06-05T17:58:06.003Z,2025-06-05T17:58:06.139Z
PLTR250606P00118000,PLTR250606P00118000,BUY,FILLED,3.0,3.0,@1.3,1.26,DAY,2025-06-05T17:52:08.802Z,2025-06-05T17:52:08.846Z
TSLA250718P00280000,TSLA250718P00280000,BUY,FILLED,1.0,1.0,@15.5,15.5,DAY,2025-06-05T17:50:30.261Z,2025-06-05T17:50:30.294Z
FSLR250606C00170000,FSLR250606C00170000,SELL,FILLED,2.0,2.0,@0.62,0.65,DAY,2025-06-05T17:50:06.140Z,2025-06-05T17:50:06.293Z
FSLR250606C00170000,FSLR250606C00170000,BUY,FILLED,2.0,2.0,@1.1,1.07,DAY,2025-06-05T17:44:13.161Z,2025-06-05T17:44:13.306Z
TSLA250718P00280000,TSLA250718P00280000,BUY,FILLED,1.0,1.0,@16.05,15.75,DAY,2025-06-05T17:03:04.347Z,2025-06-05T17:03:04.392Z
GLD250718C00317000,GLD250718C00317000,SELL,FILLED,5.0,5.0,@5.1,5.1,DAY,2025-06-05T15:36:53.568Z,2025-06-05T15:36:53.600Z
TSLA250718P00290000,TSLA250718P00290000,SELL,FILLED,1.0,1.0,@15.05,15.05,DAY,2025-06-05T13:54:30.022Z,2025-06-05T13:54:30.362Z
TSLA250606P00302500,TSLA250606P00302500,SELL,FILLED,1.0,1.0,@1.8,1.83,DAY,2025-06-05T13:53:58.732Z,2025-06-05T13:53:58.768Z
TSLA250606P00302500,TSLA250606P00302500,BUY,FILLED,1.0,1.0,@2.31,2.31,DAY,2025-06-05T13:47:42.811Z,2025-06-05T13:47:42.948Z
TSLA250606P00302500,TSLA250606P00302500,SELL,FILLED,1.0,1.0,@1.55,1.56,DAY,2025-06-05T13:43:38.547Z,2025-06-05T13:43:49.691Z
TSLA250606P00302500,TSLA250606P00302500,BUY,FILLED,1.0,1.0,@1.89,1.81,DAY,2025-06-05T13:41:03.720Z,2025-06-05T13:41:03.758Z
MU250606C00109000,MU250606C00109000,SELL,FILLED,2.0,2.0,@1.11,1.11,DAY,2025-06-05T13:39:46.374Z,2025-06-05T13:39:46.420Z
BABA250606C00124000,BABA250606C00124000,SELL,FILLED,5.0,5.0,@0.29,0.3,DAY,2025-06-05T13:35:28.335Z,2025-06-05T13:35:28.373Z
TSLA250606P00317500,TSLA250606P00317500,SELL,FILLED,1.0,1.0,@5.35,5.35,DAY,2025-06-05T13:33:37.293Z,2025-06-05T13:33:46.734Z
MU250606C00109000,MU250606C00109000,SELL,FILLED,2.0,2.0,@0.96,0.97,DAY,2025-06-05T13:33:06.819Z,2025-06-05T13:33:26.577Z
OKLO250718P00046000,OKLO250718P00046000,SELL,FILLED,2.0,2.0,@5.25,5.25,DAY,2025-06-05T13:32:17.318Z,2025-06-05T13:32:17.352Z
MU250606C00109000,MU250606C00109000,BUY,FILLED,4.0,4.0,@1.41,1.38,DAY,2025-06-05T13:31:50.721Z,2025-06-05T13:32:06.322Z
TSLA250606P00317500,TSLA250606P00317500,SELL,FILLED,1.0,1.0,@3.45,3.7,DAY,2025-06-05T13:30:44.727Z,2025-06-05T13:30:44.770Z
BABA250606C00124000,BABA250606C00124000,BUY,FILLED,5.0,5.0,@0.6,0.6,DAY,2025-06-05T13:30:29.457Z,2025-06-05T13:31:13.254Z
CRWV250606C00182500,CRWV250606C00182500,SELL,FILLED,1.0,1.0,@3.05,3.05,DAY,2025-06-04T19:09:57.541Z,2025-06-04T19:09:57.574Z
CRWV250606C00182500,CRWV250606C00182500,BUY,FILLED,1.0,1.0,@4.45,4.45,DAY,2025-06-04T18:44:23.234Z,2025-06-04T18:44:23.276Z
GLD250604C00311000,GLD250604C00311000,SELL,FILLED,3.0,3.0,@0.49,0.49,DAY,2025-06-04T17:14:40.154Z,2025-06-04T17:14:40.187Z
GLD250604C00311000,GLD250604C00311000,BUY,FILLED,3.0,3.0,@0.56,0.56,DAY,2025-06-04T16:33:12.446Z,2025-06-04T16:35:00.095Z
GLD250718C00317000,GLD250718C00317000,BUY,FILLED,1.0,1.0,@6.05,6.05,DAY,2025-06-04T15:59:20.281Z,2025-06-04T15:59:25.205Z
TSLA250606P00317500,TSLA250606P00317500,BUY,FILLED,2.0,2.0,@1.99,1.99,DAY,2025-06-04T15:49:11.423Z,2025-06-04T15:49:11.457Z
U250606C00029000,U250606C00029000,SELL,FILLED,5.0,5.0,@0.46,0.46,DAY,2025-06-04T15:44:10.887Z,2025-06-04T15:44:10.942Z
U250606C00029000,U250606C00029000,BUY,FILLED,5.0,5.0,@0.4,0.4,DAY,2025-06-04T15:36:44.947Z,2025-06-04T15:36:45.970Z
CRWV250606C00172500,CRWV250606C00172500,SELL,FILLED,1.0,1.0,@3.15,3.15,DAY,2025-06-04T15:02:21.563Z,2025-06-04T15:02:21.617Z
CRWV250606C00172500,CRWV250606C00172500,BUY,FILLED,1.0,1.0,@4.45,4.45,DAY,2025-06-04T15:00:09.411Z,2025-06-04T15:00:09.911Z
TSLA250606P00320000,TSLA250606P00320000,SELL,FILLED,1.0,1.0,@4.2,4.2,DAY,2025-06-04T14:09:07.393Z,2025-06-04T14:09:07.516Z
TSLA250606P00320000,TSLA250606P00320000,BUY,FILLED,1.0,1.0,@3.75,3.75,DAY,2025-06-04T14:07:54.433Z,2025-06-04T14:07:54.464Z
TSLA250718P00290000,TSLA250718P00290000,BUY,FILLED,1.0,1.0,@10.1,10.1,DAY,2025-06-04T13:58:10.751Z,2025-06-04T13:58:19.068Z
U250606C00028000,U250606C00028000,SELL,FILLED,9.0,9.0,@0.44,0.44,DAY,2025-06-04T13:47:25.593Z,2025-06-04T13:47:27.721Z
U250606C00028000,U250606C00028000,BUY,FILLED,9.0,9.0,@0.44,0.44,DAY,2025-06-04T13:44:12.373Z,2025-06-04T13:44:12.409Z
U250606C00028000,U250606C00028000,SELL,FILLED,10.0,10.0,,0.38,DAY,2025-06-04T13:42:17.610Z,2025-06-04T13:42:17.817Z
U250606C00028000,U250606C00028000,BUY,FILLED,10.0,10.0,@0.5,0.5,DAY,2025-06-04T13:37:46.748Z,2025-06-04T13:37:46.790Z
CRWV250606C00177500,CRWV250606C00177500,SELL,FILLED,1.0,1.0,,2.05,DAY,2025-06-04T13:36:19.992Z,2025-06-04T13:36:20.033Z
CRWV250606C00177500,CRWV250606C00177500,BUY,FILLED,1.0,1.0,@3.45,3.4,DAY,2025-06-04T13:35:29.437Z,2025-06-04T13:35:29.481Z
U250606C00027000,U250606C00027000,SELL,FILLED,8.0,8.0,@0.88,0.88,DAY,2025-06-04T13:33:59.328Z,2025-06-04T13:34:25.003Z
U250606C00027000,U250606C00027000,BUY,FILLED,8.0,8.0,@0.82,0.82,DAY,2025-06-04T13:32:36.089Z,2025-06-04T13:32:43.805Z
OKLO250718P00046000,OKLO250718P00046000,BUY,FILLED,2.0,2.0,@5.4,5.35,DAY,2025-06-03T19:22:01.795Z,2025-06-03T19:22:01.828Z
AAPL250718P00175000,AAPL250718P00175000,SELL,FILLED,10.0,10.0,@1.15,1.15,DAY,2025-06-03T19:21:40.835Z,2025-06-03T19:21:40.984Z
NVDA250606C00142000,NVDA250606C00142000,SELL,FILLED,2.0,2.0,@1.58,1.58,DAY,2025-06-03T18:39:15.288Z,2025-06-03T18:39:15.327Z
NVDA250606C00142000,NVDA250606C00142000,BUY,FILLED,2.0,2.0,@1.6,1.6,DAY,2025-06-03T18:27:52.602Z,2025-06-03T18:27:52.637Z
TSLA250606P00337500,TSLA250606P00337500,SELL,FILLED,1.0,1.0,@4.2,4.35,DAY,2025-06-03T18:16:55.996Z,2025-06-03T18:16:56.028Z
NVDA250606P00139000,NVDA250606P00139000,SELL,FILLED,2.0,2.0,@1.32,1.33,DAY,2025-06-03T18:16:33.150Z,2025-06-03T18:16:33.326Z
TSLA250606P00337500,TSLA250606P00337500,BUY,FILLED,1.0,1.0,@4.75,4.55,DAY,2025-06-03T18:16:27.221Z,2025-06-03T18:16:27.276Z
NVDA250606P00139000,NVDA250606P00139000,BUY,FILLED,2.0,2.0,@1.39,1.39,DAY,2025-06-03T18:11:46.256Z,2025-06-03T18:11:53.473Z
NVDA250606P00140000,NVDA250606P00140000,SELL,FILLED,1.0,1.0,@1.61,1.63,DAY,2025-06-03T18:03:49.544Z,2025-06-03T18:04:00.859Z
NVDA250606P00140000,NVDA250606P00140000,BUY,FILLED,1.0,1.0,@1.45,1.45,DAY,2025-06-03T17:59:07.869Z,2025-06-03T17:59:08.727Z
SLV250604C00031500,SLV250604C00031500,SELL,FILLED,20.0,20.0,@0.16,0.16,DAY,2025-06-03T17:57:01.388Z,2025-06-03T17:57:01.605Z
SLV250604C00031500,SLV250604C00031500,BUY,FILLED,20.0,20.0,@0.17,0.17,DAY,2025-06-03T17:54:20.022Z,2025-06-03T17:54:20.150Z
GLD250606C00312000,GLD250606C00312000,SELL,FILLED,3.0,3.0,@1.42,1.42,DAY,2025-06-03T17:46:39.139Z,2025-06-03T17:46:39.205Z
CRWV250606C00160000,CRWV250606C00160000,SELL,FILLED,1.0,1.0,@4.95,4.95,DAY,2025-06-03T17:41:50.986Z,2025-06-03T17:41:53.175Z
CRWV250606C00160000,CRWV250606C00160000,SELL,CANCELLED,0.0,1.0,,,DAY,2025-06-03T17:34:40.589Z,
CRWV250606C00160000,CRWV250606C00160000,SELL,CANCELLED,0.0,1.0,@10.0,,DAY,2025-06-03T17:34:40.589Z,
GLD250606C00312000,GLD250606C00312000,BUY,FILLED,3.0,3.0,@1.51,1.51,DAY,2025-06-03T17:30:19.399Z,2025-06-03T17:30:19.437Z
CRWV250606C00160000,CRWV250606C00160000,BUY,FILLED,1.0,1.0,@3.0,2.99,DAY,2025-06-03T17:17:47.886Z,2025-06-03T17:18:05.328Z
CRWV250606C00155000,CRWV250606C00155000,SELL,FILLED,1.0,1.0,@3.8,3.8,DAY,2025-06-03T17:15:58.628Z,2025-06-03T17:15:58.685Z
CRWV250606C00155000,CRWV250606C00155000,SELL,CANCELLED,0.0,1.0,,,DAY,2025-06-03T17:11:10.921Z,
CRWV250606C00155000,CRWV250606C00155000,SELL,FILLED,1.0,1.0,@3.85,3.85,DAY,2025-06-03T17:10:55.440Z,2025-06-03T17:10:55.588Z
CRWV250606C00155000,CRWV250606C00155000,BUY,FILLED,2.0,2.0,@3.1,3.05,DAY,2025-06-03T16:56:54.652Z,2025-06-03T16:57:12.355Z
GLD250604C00310000,GLD250604C00310000,SELL,FILLED,4.0,4.0,@0.87,0.87,DAY,2025-06-03T16:15:13.632Z,2025-06-03T16:15:13.671Z
GLD250604C00310000,GLD250604C00310000,BUY,FILLED,4.0,4.0,@1.01,1.0,DAY,2025-06-03T16:12:05.114Z,2025-06-03T16:12:05.146Z
OKLO250606P00047000,OKLO250606P00047000,SELL,FILLED,4.0,4.0,@0.99,1.01,DAY,2025-06-03T16:05:19.297Z,2025-06-03T16:05:42.836Z
OKLO250606P00047000,OKLO250606P00047000,BUY,FILLED,4.0,4.0,@1.16,1.16,DAY,2025-06-03T16:02:39.764Z,2025-06-03T16:02:50.011Z
OKLO250606P00050000,OKLO250606P00050000,SELL,FILLED,2.0,2.0,@2.22,2.22,DAY,2025-06-03T15:02:57.304Z,2025-06-03T15:03:11.161Z
OKLO250606P00050000,OKLO250606P00050000,BUY,FILLED,2.0,2.0,@2.42,2.42,DAY,2025-06-03T15:01:39.350Z,2025-06-03T15:01:55.650Z
MSTR250606C00397500,MSTR250606C00397500,SELL,FILLED,1.0,1.0,@4.8,4.8,DAY,2025-06-03T14:56:47.109Z,2025-06-03T14:56:47.156Z
MSTR250606C00397500,MSTR250606C00397500,BUY,FILLED,1.0,1.0,@5.15,5.13,DAY,2025-06-03T14:56:17.834Z,2025-06-03T14:56:17.969Z
OKLO250606C00052000,OKLO250606C00052000,SELL,FILLED,2.0,2.0,@2.35,2.35,DAY,2025-06-03T14:30:11.423Z,2025-06-03T14:30:22.530Z
OKLO250606C00052000,OKLO250606C00052000,BUY,FILLED,2.0,2.0,@2.53,2.53,DAY,2025-06-03T14:29:02.508Z,2025-06-03T14:29:02.587Z
MSTR250606C00390000,MSTR250606C00390000,SELL,FILLED,1.0,1.0,@5.9,5.9,DAY,2025-06-03T14:21:26.786Z,2025-06-03T14:22:08.703Z
MSTR250606C00390000,MSTR250606C00390000,BUY,FILLED,1.0,1.0,@5.7,5.7,DAY,2025-06-03T14:19:02.639Z,2025-06-03T14:19:13.722Z
NVDA250606C00143000,NVDA250606C00143000,SELL,FILLED,3.0,3.0,@1.58,1.58,DAY,2025-06-03T14:16:27.552Z,2025-06-03T14:16:27.595Z
NVDA250606C00143000,NVDA250606C00143000,BUY,FILLED,3.0,3.0,@1.51,1.51,DAY,2025-06-03T14:15:07.906Z,2025-06-03T14:15:07.939Z
BNTX250620P00110000,BNTX250620P00110000,SELL,FILLED,3.0,3.0,@1.85,1.85,DAY,2025-06-03T14:09:55.897Z,2025-06-03T14:09:55.940Z
OKLO250606P00050000,OKLO250606P00050000,SELL,FILLED,2.0,2.0,@1.59,1.59,DAY,2025-06-03T14:09:34.010Z,2025-06-03T14:09:34.047Z
OKLO250606P00050000,OKLO250606P00050000,BUY,FILLED,2.0,2.0,@2.16,2.15,DAY,2025-06-03T14:08:40.544Z,2025-06-03T14:08:40.586Z
BNTX250620P00110000,BNTX250620P00110000,SELL,CANCELLED,0.0,3.0,@2.2,,DAY,2025-06-03T14:07:03.011Z,
BNTX250620P00110000,BNTX250620P00110000,BUY,FILLED,3.0,3.0,@1.9,1.9,DAY,2025-06-03T14:06:13.939Z,2025-06-03T14:06:24.382Z
BNTX250620P00115000,BNTX250620P00115000,BUY,CANCELLED,0.0,1.0,@3.1,,DAY,2025-06-03T14:04:35.883Z,
TSLA250606C00360000,TSLA250606C00360000,SELL,FILLED,1.0,1.0,@4.2,4.2,DAY,2025-06-03T14:04:14.723Z,2025-06-03T14:04:14.754Z
TSLA250606C00360000,TSLA250606C00360000,BUY,FILLED,1.0,1.0,@4.55,4.55,DAY,2025-06-03T14:02:52.935Z,2025-06-03T14:02:53.022Z
BNTX250620P00115000,BNTX250620P00115000,SELL,FILLED,2.0,2.0,@2.85,2.85,DAY,2025-06-03T13:58:34.789Z,2025-06-03T14:03:17.771Z
BNTX250620P00115000,BNTX250620P00115000,BUY,FILLED,2.0,2.0,@2.45,2.45,DAY,2025-06-03T13:56:07.216Z,2025-06-03T13:56:07.295Z
WMT250718C00105000,WMT250718C00105000,SELL,FILLED,8.0,8.0,@1.26,1.26,DAY,2025-06-03T13:50:53.429Z,2025-06-03T13:51:05.925Z
WMT250718C00105000,WMT250718C00105000,BUY,FILLED,8.0,8.0,@1.35,1.34,DAY,2025-06-03T13:46:50.214Z,2025-06-03T13:47:00.745Z
BNTX250620C00125000,BNTX250620C00125000,BUY,CANCELLED,0.0,1.0,@3.0,,DAY,2025-06-03T13:40:51.556Z,
TSLA250606C00352500,TSLA250606C00352500,SELL,FILLED,1.0,1.0,@5.25,5.25,DAY,2025-06-03T13:39:59.542Z,2025-06-03T13:40:04.264Z
TSLA250606C00352500,TSLA250606C00352500,BUY,FILLED,1.0,1.0,@5.25,5.2,DAY,2025-06-03T13:39:04.255Z,2025-06-03T13:39:18.421Z
TSLA250606C00352500,TSLA250606C00352500,SELL,FILLED,1.0,1.0,@5.1,5.1,DAY,2025-06-03T13:38:08.198Z,2025-06-03T13:38:09.441Z
TSLA250606C00352500,TSLA250606C00352500,BUY,FILLED,1.0,1.0,@5.1,5.1,DAY,2025-06-03T13:36:01.794Z,2025-06-03T13:36:04.718Z
OKLO250606C00058000,OKLO250606C00058000,SELL,FILLED,1.0,1.0,,2.42,DAY,2025-06-03T13:33:48.639Z,2025-06-03T13:36:07.944Z
OKLO250606C00058000,OKLO250606C00058000,SELL,FILLED,2.0,2.0,@3.2,3.44,DAY,2025-06-03T13:32:23.324Z,2025-06-03T13:32:23.475Z
OKLO250606C00058000,OKLO250606C00058000,BUY,FILLED,1.0,1.0,@3.5,3.25,DAY,2025-06-03T13:31:20.379Z,2025-06-03T13:31:20.453Z
TSLA250815P00285000,TSLA250815P00285000,SELL,FILLED,1.0,1.0,@12.55,12.55,DAY,2025-06-03T13:31:08.908Z,2025-06-03T13:31:08.947Z
SLV250620C00032000,SLV250620C00032000,SELL,FILLED,12.0,12.0,@0.49,0.49,DAY,2025-06-03T13:31:03.296Z,2025-06-03T13:31:03.331Z
NVDA250718P00115000,NVDA250718P00115000,SELL,FILLED,5.0,5.0,@0.96,0.96,DAY,2025-06-03T13:30:53.511Z,2025-06-03T13:30:53.559Z
OKLO250606C00058000,OKLO250606C00058000,BUY,FILLED,2.0,2.0,@2.58,2.47,DAY,2025-06-03T13:30:44.620Z,2025-06-03T13:30:44.788Z
TSLA250815P00285000,TSLA250815P00285000,BUY,FILLED,1.0,1.0,@15.85,15.8,DAY,2025-06-02T15:12:52.958Z,2025-06-02T15:12:53.006Z
MU250815P00075000,MU250815P00075000,SELL,FILLED,8.0,8.0,@1.84,1.85,DAY,2025-06-02T15:12:23.532Z,2025-06-02T15:12:23.623Z
SLV250620C00032000,SLV250620C00032000,BUY,FILLED,12.0,12.0,@0.43,0.43,DAY,2025-06-02T13:42:58.187Z,2025-06-02T13:42:58.241Z
QQQ250602C00519000,QQQ250602C00519000,SELL,FILLED,2.0,2.0,@2.25,2.28,DAY,2025-06-02T13:32:45.908Z,2025-06-02T13:32:46.016Z
QQQ250602C00519000,QQQ250602C00519000,BUY,FILLED,2.0,2.0,@1.72,1.71,DAY,2025-06-02T13:31:09.094Z,2025-06-02T13:31:18.117Z
GLD250718C00317000,GLD250718C00317000,BUY,FILLED,4.0,4.0,@5.75,5.75,DAY,2025-06-02T13:30:13.764Z,2025-06-02T13:30:13.809Z
QQQ250604P00507000,QQQ250604P00507000,BUY,FILLED,1.0,1.0,@1.97,1.97,DAY,2025-05-30T17:51:47.749Z,2025-05-30T17:51:47.897Z
NVDA250718P00115000,NVDA250718P00115000,BUY,FILLED,5.0,5.0,@1.84,1.84,DAY,2025-05-30T17:49:51.178Z,2025-05-30T17:49:51.247Z
MU250815P00075000,MU250815P00075000,BUY,FILLED,8.0,8.0,@2.26,2.21,DAY,2025-05-30T17:43:50.537Z,2025-05-30T17:43:50.703Z
GLD250620C00314000,GLD250620C00314000,SELL,FILLED,6.0,6.0,@1.61,1.61,DAY,2025-05-30T14:43:59.203Z,2025-05-30T14:43:59.290Z
IONQ250530P00039500,IONQ250530P00039500,SELL,FILLED,3.0,3.0,@0.54,0.54,DAY,2025-05-30T14:01:53.300Z,2025-05-30T14:02:11.031Z
IONQ250530P00039500,IONQ250530P00039500,BUY,FILLED,3.0,3.0,@0.59,0.59,DAY,2025-05-30T13:53:52.965Z,2025-05-30T13:53:53.006Z
AAPL250718P00175000,AAPL250718P00175000,BUY,FILLED,5.0,5.0,@2.12,2.12,DAY,2025-05-30T13:47:20.531Z,2025-05-30T13:47:20.565Z
AAPL250530P00192500,AAPL250530P00192500,SELL,FILLED,20.0,20.0,@0.05,0.05,DAY,2025-05-30T13:46:13.799Z,2025-05-30T13:46:13.968Z
U250530C00027000,U250530C00027000,SELL,FILLED,10.0,10.0,@0.05,0.06,DAY,2025-05-30T13:45:56.219Z,2025-05-30T13:45:56.298Z
TGT250530P00091000,TGT250530P00091000,SELL,FILLED,20.0,20.0,@0.01,0.01,DAY,2025-05-30T13:45:51.665Z,2025-05-30T13:45:51.734Z
U250530C00027000,U250530C00027000,BUY,FILLED,10.0,10.0,@0.19,0.19,DAY,2025-05-30T13:33:17.638Z,2025-05-30T13:33:18.393Z
TGT250530P00091000,TGT250530P00091000,BUY,FILLED,20.0,20.0,@0.1,0.07,DAY,2025-05-30T13:31:36.227Z,2025-05-30T13:31:36.440Z
AAPL250530P00192500,AAPL250530P00192500,BUY,FILLED,20.0,20.0,@0.08,0.08,DAY,2025-05-30T13:31:02.051Z,2025-05-30T13:31:02.210Z
IONQ250530P00034500,IONQ250530P00034500,BUY,FILLED,10.0,10.0,@0.2,0.2,DAY,2025-05-30T13:30:19.988Z,2025-05-30T13:30:20.027Z
AAPL250718P00175000,AAPL250718P00175000,SELL,FILLED,5.0,5.0,@1.98,1.98,DAY,2025-05-29T18:42:22.389Z,2025-05-29T18:42:22.441Z
AAPL250718P00175000,AAPL250718P00175000,BUY,FILLED,10.0,10.0,@2.06,2.06,DAY,2025-05-29T18:32:03.256Z,2025-05-29T18:32:03.341Z
QCOM250718P00135000,QCOM250718P00135000,SELL,FILLED,5.0,5.0,@2.63,2.63,DAY,2025-05-29T17:00:41.429Z,2025-05-29T17:00:41.481Z
QCOM250718P00135000,QCOM250718P00135000,BUY,FILLED,5.0,5.0,@2.94,2.94,DAY,2025-05-29T16:08:25.630Z,2025-05-29T16:08:25.683Z
NVDA250530C00142000,NVDA250530C00142000,SELL,FILLED,3.0,3.0,@1.63,1.63,DAY,2025-05-29T15:04:17.311Z,2025-05-29T15:04:18.357Z
NVDA250530C00142000,NVDA250530C00142000,BUY,FILLED,3.0,3.0,@1.69,1.66,DAY,2025-05-29T14:54:47.255Z,2025-05-29T14:54:47.299Z
NVDA250530C00142000,NVDA250530C00142000,SELL,FILLED,3.0,3.0,@1.32,1.33,DAY,2025-05-29T14:38:18.274Z,2025-05-29T14:38:18.407Z
NVDA250530C00142000,NVDA250530C00142000,BUY,FILLED,3.0,3.0,@1.29,1.29,DAY,2025-05-29T14:27:43.806Z,2025-05-29T14:27:44.030Z
GME250530C00032000,GME250530C00032000,SELL,FILLED,5.0,5.0,@0.37,0.38,DAY,2025-05-29T14:21:00.904Z,2025-05-29T14:21:00.947Z
GME250530C00032000,GME250530C00032000,BUY,FILLED,5.0,5.0,@0.46,0.44,DAY,2025-05-29T14:16:56.525Z,2025-05-29T14:16:56.660Z
FUTU250530C00120000,FUTU250530C00120000,SELL,FILLED,5.0,5.0,@0.8,0.88,DAY,2025-05-29T14:09:52.127Z,2025-05-29T14:09:52.387Z
QCOM250718P00140000,QCOM250718P00140000,SELL,FILLED,4.0,4.0,@3.7,3.7,DAY,2025-05-29T13:40:35.729Z,2025-05-29T13:40:35.781Z
AAPL250530P00190000,AAPL250530P00190000,SELL,FILLED,3.0,3.0,@0.09,0.09,DAY,2025-05-29T13:32:47.180Z,2025-05-29T13:32:47.240Z
FUTU250530C00120000,FUTU250530C00120000,BUY,FILLED,2.0,2.0,@1.68,1.68,DAY,2025-05-29T13:31:16.459Z,2025-05-29T13:31:33.089Z
FUTU250530C00120000,FUTU250530C00120000,BUY,FILLED,3.0,3.0,@1.2,1.2,DAY,2025-05-29T13:30:59.623Z,2025-05-29T13:30:59.657Z
AAPL250718P00180000,AAPL250718P00180000,SELL,FILLED,2.0,2.0,@2.05,2.08,DAY,2025-05-29T13:30:21.150Z,2025-05-29T13:30:21.402Z
AAPL250718P00180000,AAPL250718P00180000,BUY,FILLED,2.0,2.0,@2.48,2.46,DAY,2025-05-28T19:53:36.151Z,2025-05-28T19:53:36.333Z
AAPL250530P00190000,AAPL250530P00190000,BUY,FILLED,3.0,3.0,@0.16,0.16,DAY,2025-05-28T19:53:24.883Z,2025-05-28T19:53:24.928Z
CDNS250620P00280000,CDNS250620P00280000,SELL,FILLED,1.0,1.0,@9.8,9.8,DAY,2025-05-28T19:48:37.788Z,2025-05-28T19:48:37.950Z
QCOM250718P00140000,QCOM250718P00140000,BUY,FILLED,4.0,4.0,@4.1,4.07,DAY,2025-05-28T19:35:20.249Z,2025-05-28T19:35:20.402Z
MSTR250815P00290000,MSTR250815P00290000,SELL,FILLED,1.0,1.0,@15.65,15.65,DAY,2025-05-28T19:30:13.880Z,2025-05-28T19:30:13.914Z
CDNS250620P00280000,CDNS250620P00280000,BUY,FILLED,1.0,1.0,@7.0,6.9,DAY,2025-05-28T19:29:53.136Z,2025-05-28T19:30:05.780Z
NVDA250530P00131000,NVDA250530P00131000,BUY,FILLED,5.0,5.0,@0.31,0.31,DAY,2025-05-28T19:28:24.448Z,2025-05-28T19:28:37.706Z
NVDA250530P00130000,NVDA250530P00130000,SELL,FILLED,5.0,5.0,@0.31,0.31,DAY,2025-05-28T19:28:24.448Z,2025-05-28T19:28:37.706Z
CDNS250620P00290000,CDNS250620P00290000,BUY,CANCELLED,0.0,1.0,@7.3,,DAY,2025-05-28T19:20:21.643Z,
RKLB250606C00031000,RKLB250606C00031000,SELL,FILLED,5.0,5.0,@1.0,1.0,DAY,2025-05-28T15:04:17.433Z,2025-05-28T15:04:17.494Z
RKLB250606C00031000,RKLB250606C00031000,BUY,FILLED,5.0,5.0,@1.09,1.07,DAY,2025-05-28T15:00:55.762Z,2025-05-28T15:00:55.801Z
U250530C00024000,U250530C00024000,SELL,FILLED,2.0,2.0,@0.55,0.55,DAY,2025-05-28T15:00:05.322Z,2025-05-28T15:00:05.386Z
U250530C00024000,U250530C00024000,SELL,FILLED,2.0,2.0,@0.6,0.61,DAY,2025-05-28T14:43:41.362Z,2025-05-28T14:43:41.544Z
U250530C00024000,U250530C00024000,BUY,FILLED,4.0,4.0,@0.66,0.66,DAY,2025-05-28T14:43:11.392Z,2025-05-28T14:43:11.454Z
IBIT250530C00062000,IBIT250530C00062000,SELL,FILLED,8.0,8.0,@0.59,0.59,DAY,2025-05-28T14:31:20.685Z,2025-05-28T14:31:20.728Z
MSTR250815P00290000,MSTR250815P00290000,BUY,FILLED,1.0,1.0,@17.15,17.15,DAY,2025-05-28T14:29:27.024Z,2025-05-28T14:29:44.525Z
IBIT250530C00062000,IBIT250530C00062000,BUY,FILLED,8.0,8.0,@0.62,0.62,DAY,2025-05-28T14:23:59.208Z,2025-05-28T14:23:59.237Z
NVDA250530C00142000,NVDA250530C00142000,SELL,FILLED,2.0,2.0,@2.23,2.25,DAY,2025-05-28T14:19:55.421Z,2025-05-28T14:19:55.551Z
U250530C00024000,U250530C00024000,SELL,FILLED,4.0,4.0,@0.41,0.41,DAY,2025-05-28T14:18:42.605Z,2025-05-28T14:18:42.651Z
BOX250620C00036000,BOX250620C00036000,SELL,FILLED,3.0,3.0,@1.4,1.42,DAY,2025-05-28T14:13:19.069Z,2025-05-28T14:13:19.116Z
U250530C00024000,U250530C00024000,BUY,FILLED,4.0,4.0,@0.33,0.33,DAY,2025-05-28T13:59:10.172Z,2025-05-28T13:59:23.061Z
U250606C00023000,U250606C00023000,SELL,FILLED,6.0,6.0,@1.18,1.19,DAY,2025-05-28T13:49:28.070Z,2025-05-28T13:49:28.126Z
BOX250620C00036000,BOX250620C00036000,BUY,FILLED,3.0,3.0,@1.15,1.15,DAY,2025-05-28T13:48:09.539Z,2025-05-28T13:48:15.211Z
U250606C00023000,U250606C00023000,BUY,FILLED,6.0,6.0,@0.82,0.82,DAY,2025-05-28T13:31:56.585Z,2025-05-28T13:31:56.635Z
IONQ250530C00047500,IONQ250530C00047500,SELL,FILLED,1.0,1.0,@1.88,1.88,DAY,2025-05-27T18:40:53.025Z,2025-05-27T18:40:53.058Z
IONQ250530C00047500,IONQ250530C00047500,BUY,FILLED,1.0,1.0,@2.11,2.11,DAY,2025-05-27T18:20:00.198Z,2025-05-27T18:20:00.274Z
NVDA250530C00142000,NVDA250530C00142000,BUY,FILLED,1.0,1.0,@2.18,2.18,DAY,2025-05-27T17:06:43.764Z,2025-05-27T17:06:43.795Z
MSTR250530P00335000,MSTR250530P00335000,SELL,FILLED,1.0,1.0,@1.91,1.95,DAY,2025-05-27T15:16:11.846Z,2025-05-27T15:16:11.981Z
NVDA250530C00142000,NVDA250530C00142000,BUY,FILLED,1.0,1.0,@2.0,2.0,DAY,2025-05-27T15:11:52.421Z,2025-05-27T15:11:52.459Z
RKLB250530C00030000,RKLB250530C00030000,SELL,FILLED,2.0,2.0,@0.36,0.36,DAY,2025-05-27T14:32:20.342Z,2025-05-27T14:32:20.376Z
PDD250530C00105000,PDD250530C00105000,SELL,FILLED,2.0,2.0,@0.89,0.9,DAY,2025-05-27T14:28:42.717Z,2025-05-27T14:28:42.848Z
MSTR250530P00335000,MSTR250530P00335000,BUY,FILLED,1.0,1.0,@2.35,2.34,DAY,2025-05-27T14:27:28.688Z,2025-05-27T14:27:28.824Z
PDD250530C00105000,PDD250530C00105000,BUY,FILLED,2.0,2.0,@0.9,0.84,DAY,2025-05-27T14:24:21.444Z,2025-05-27T14:24:45.933Z
GLD250528C00315000,GLD250528C00315000,BUY,FILLED,10.0,10.0,@0.03,0.03,DAY,2025-05-27T14:14:45.922Z,2025-05-27T14:14:45.980Z
RKLB250530C00030000,RKLB250530C00030000,BUY,FILLED,2.0,2.0,@0.48,0.48,DAY,2025-05-27T14:14:12.512Z,2025-05-27T14:14:12.547Z
RKLB250530C00030000,RKLB250530C00030000,SELL,FILLED,10.0,10.0,@0.37,0.37,DAY,2025-05-27T14:06:27.149Z,2025-05-27T14:06:27.183Z
RKLB250530C00030000,RKLB250530C00030000,SELL,FILLED,10.0,10.0,@0.43,0.45,DAY,2025-05-27T14:01:34.749Z,2025-05-27T14:01:34.896Z
RKLB250530C00030000,RKLB250530C00030000,BUY,FILLED,20.0,20.0,@0.24,0.23,DAY,2025-05-27T13:55:37.960Z,2025-05-27T13:55:47.109Z
RKLB250530C00028500,RKLB250530C00028500,SELL,FILLED,15.0,15.0,@0.48,0.48,DAY,2025-05-27T13:53:56.162Z,2025-05-27T13:54:51.694Z
GME250530C00036000,GME250530C00036000,SELL,FILLED,2.0,2.0,@1.45,1.45,DAY,2025-05-27T13:49:56.635Z,2025-05-27T13:49:56.790Z
GLD250620C00314000,GLD250620C00314000,BUY,FILLED,2.0,2.0,@3.15,3.1,DAY,2025-05-27T13:46:53.073Z,2025-05-27T13:46:53.104Z
GME250718C00039000,GME250718C00039000,SELL,FILLED,4.0,4.0,@4.4,4.56,DAY,2025-05-27T13:44:44.705Z,2025-05-27T13:44:44.932Z
GME250530C00036000,GME250530C00036000,BUY,FILLED,2.0,2.0,@2.0,2.0,DAY,2025-05-27T13:33:50.856Z,2025-05-27T13:33:59.127Z
QQQ250527P00505000,QQQ250527P00505000,SELL,FILLED,1.0,1.0,@0.05,0.05,DAY,2025-05-27T13:33:19.920Z,2025-05-27T13:33:19.956Z
RKLB250530C00028500,RKLB250530C00028500,BUY,FILLED,5.0,5.0,@0.41,0.41,DAY,2025-05-27T13:32:50.249Z,2025-05-27T13:33:09.987Z
RKLB250530C00028500,RKLB250530C00028500,BUY,CANCELLED,0.0,10.0,@0.23,,DAY,2025-05-27T13:31:54.294Z,
RKLB250530C00028500,RKLB250530C00028500,BUY,FILLED,10.0,10.0,@0.42,0.42,DAY,2025-05-27T13:31:19.973Z,2025-05-27T13:31:20.019Z
GLD250620C00314000,GLD250620C00314000,SELL,FILLED,4.0,4.0,@2.96,2.97,DAY,2025-05-27T13:30:39.946Z,2025-05-27T13:30:40.120Z
MU250530P00087000,MU250530P00087000,SELL,FILLED,12.0,12.0,@0.32,0.32,DAY,2025-05-27T13:30:17.079Z,2025-05-27T13:30:27.182Z
AAPL250620P00195000,AAPL250620P00195000,SELL,FILLED,3.0,3.0,@5.1,5.1,DAY,2025-05-27T13:30:06.832Z,2025-05-27T13:30:07.008Z
AAPL250620P00195000,AAPL250620P00195000,SELL,CANCELLED,0.0,3.0,@5.0,,DAY,2025-05-27T13:22:20.923Z,
QQQ250527P00505000,QQQ250527P00505000,BUY,FILLED,1.0,1.0,@1.54,1.52,DAY,2025-05-23T19:52:51.940Z,2025-05-23T19:52:52.071Z
QQQ250523P00509000,QQQ250523P00509000,SELL,FILLED,1.0,1.0,@0.39,0.4,DAY,2025-05-23T19:52:00.872Z,2025-05-23T19:52:01.004Z
QQQ250523P00509000,QQQ250523P00509000,SELL,FILLED,2.0,2.0,@0.31,0.31,DAY,2025-05-23T19:46:37.320Z,2025-05-23T19:46:37.404Z
GLD250528C00315000,GLD250528C00315000,BUY,FILLED,2.0,2.0,@0.95,0.95,DAY,2025-05-23T19:03:41.301Z,2025-05-23T19:03:41.334Z
GME250718C00039000,GME250718C00039000,BUY,FILLED,4.0,4.0,@3.15,3.15,DAY,2025-05-23T18:57:00.879Z,2025-05-23T18:57:01.043Z
QQQ250523P00509000,QQQ250523P00509000,BUY,FILLED,3.0,3.0,@0.56,0.56,DAY,2025-05-23T18:28:56.529Z,2025-05-23T18:28:57.320Z
QQQ250523P00509000,QQQ250523P00509000,SELL,FILLED,3.0,3.0,@0.39,0.39,DAY,2025-05-23T18:26:30.857Z,2025-05-23T18:26:40.144Z
AAPL250620P00195000,AAPL250620P00195000,BUY,FILLED,1.0,1.0,@7.2,7.15,DAY,2025-05-23T18:22:52.409Z,2025-05-23T18:22:52.521Z
QQQ250523P00509000,QQQ250523P00509000,BUY,FILLED,3.0,3.0,@0.64,0.58,DAY,2025-05-23T18:21:16.827Z,2025-05-23T18:21:16.964Z
QQQ250523C00513000,QQQ250523C00513000,SELL,FILLED,3.0,3.0,@0.58,0.58,DAY,2025-05-23T17:30:23.006Z,2025-05-23T17:30:23.055Z
QQQ250523C00513000,QQQ250523C00513000,BUY,FILLED,3.0,3.0,@0.54,0.54,DAY,2025-05-23T17:23:53.682Z,2025-05-23T17:23:57.325Z
MU250523P00088000,MU250523P00088000,SELL,FILLED,10.0,10.0,@0.01,0.01,DAY,2025-05-23T17:23:19.559Z,2025-05-23T17:23:19.688Z
QQQ250523C00510000,QQQ250523C00510000,SELL,FILLED,2.0,2.0,@1.72,1.74,DAY,2025-05-23T17:16:12.968Z,2025-05-23T17:16:13.009Z
AAPL250620P00195000,AAPL250620P00195000,SELL,FILLED,2.0,2.0,@6.45,6.48,DAY,2025-05-23T16:55:31.748Z,2025-05-23T16:55:31.885Z
QQQ250523C00510000,QQQ250523C00510000,BUY,FILLED,2.0,2.0,@1.26,1.26,DAY,2025-05-23T16:49:32.959Z,2025-05-23T16:49:38.288Z
ROST250718P00120000,ROST250718P00120000,SELL,FILLED,10.0,10.0,@1.2,1.28,DAY,2025-05-23T16:25:29.971Z,2025-05-23T16:25:30.111Z
AAPL250620P00195000,AAPL250620P00195000,BUY,FILLED,1.0,1.0,@6.6,6.6,DAY,2025-05-23T15:55:30.980Z,2025-05-23T15:55:31.021Z
GLD250523C00310000,GLD250523C00310000,SELL,FILLED,2.0,2.0,@0.47,0.47,DAY,2025-05-23T15:03:39.648Z,2025-05-23T15:03:39.693Z
AAPL250620P00195000,AAPL250620P00195000,SELL,FILLED,2.0,2.0,@6.05,6.05,DAY,2025-05-23T14:24:57.736Z,2025-05-23T14:24:57.793Z
MU250530P00087000,MU250530P00087000,BUY,FILLED,12.0,12.0,@1.41,1.41,DAY,2025-05-23T14:20:56.771Z,2025-05-23T14:20:57.395Z
QQQ250523C00512000,QQQ250523C00512000,SELL,FILLED,4.0,4.0,@0.69,0.73,DAY,2025-05-23T14:20:27.894Z,2025-05-23T14:20:28.148Z
OKLO250523C00045500,OKLO250523C00045500,SELL,FILLED,1.0,1.0,@4.6,4.61,DAY,2025-05-23T14:16:36.455Z,2025-05-23T14:16:36.630Z
QQQ250523C00512000,QQQ250523C00512000,BUY,FILLED,4.0,4.0,@1.12,1.08,DAY,2025-05-23T14:12:36.767Z,2025-05-23T14:12:50.426Z
MU250530P00087000,MU250530P00087000,SELL,FILLED,16.0,16.0,@1.19,1.19,DAY,2025-05-23T14:11:55.752Z,2025-05-23T14:11:55.807Z
MU250530P00087000,MU250530P00087000,BUY,FILLED,8.0,8.0,@1.35,1.32,DAY,2025-05-23T13:46:37.484Z,2025-05-23T13:46:37.671Z
AAPL250523C00197500,AAPL250523C00197500,SELL,FILLED,3.0,3.0,@0.68,0.68,DAY,2025-05-23T13:46:07.195Z,2025-05-23T13:46:11.409Z
ROST250523P00133000,ROST250523P00133000,SELL,FILLED,2.0,2.0,@2.55,2.55,DAY,2025-05-23T13:45:28.553Z,2025-05-23T13:45:53.771Z
MU250530P00087000,MU250530P00087000,BUY,FILLED,4.0,4.0,@1.25,1.23,DAY,2025-05-23T13:45:06.426Z,2025-05-23T13:45:07.202Z
ROST250718P00120000,ROST250718P00120000,BUY,FILLED,10.0,10.0,@1.75,1.75,DAY,2025-05-23T13:44:20.141Z,2025-05-23T15:18:31.528Z
OKLO250523C00045500,OKLO250523C00045500,SELL,FILLED,1.0,1.0,@1.39,1.39,DAY,2025-05-23T13:40:37.271Z,2025-05-23T13:40:37.320Z
ROST250523P00133000,ROST250523P00133000,BUY,FILLED,2.0,2.0,@2.9,2.13,DAY,2025-05-23T13:38:40.929Z,2025-05-23T13:38:56.611Z
MU250530P00087000,MU250530P00087000,BUY,FILLED,4.0,4.0,@1.2,1.2,DAY,2025-05-23T13:37:50.034Z,2025-05-23T13:37:50.089Z
INTC250523P00020500,INTC250523P00020500,SELL,FILLED,5.0,5.0,@0.41,0.41,DAY,2025-05-23T13:34:54.626Z,2025-05-23T13:34:54.681Z
AAPL250523C00197500,AAPL250523C00197500,BUY,FILLED,3.0,3.0,@1.31,1.31,DAY,2025-05-23T13:33:59.611Z,2025-05-23T13:33:59.653Z
OKLO250523C00045500,OKLO250523C00045500,BUY,FILLED,2.0,2.0,@1.77,1.77,DAY,2025-05-23T13:33:25.070Z,2025-05-23T13:34:42.138Z
TSLA250523P00332500,TSLA250523P00332500,SELL,FILLED,1.0,1.0,@3.1,3.1,DAY,2025-05-23T13:32:23.975Z,2025-05-23T13:32:24.046Z
INTC250523P00020500,INTC250523P00020500,SELL,FILLED,5.0,5.0,@0.51,0.51,DAY,2025-05-23T13:31:25.388Z,2025-05-23T13:31:25.437Z
MU250523P00088000,MU250523P00088000,BUY,FILLED,10.0,10.0,@0.23,0.2,DAY,2025-05-23T13:30:58.171Z,2025-05-23T13:31:06.715Z
TSLA250523P00332500,TSLA250523P00332500,BUY,FILLED,1.0,1.0,@1.27,1.24,DAY,2025-05-22T19:58:53.749Z,2025-05-22T19:58:53.904Z
IBIT250523P00063000,IBIT250523P00063000,SELL,FILLED,3.0,3.0,@0.44,0.45,DAY,2025-05-22T18:18:50.475Z,2025-05-22T18:18:50.518Z
UAL250718P00065000,UAL250718P00065000,SELL,FILLED,3.0,3.0,@2.36,2.37,DAY,2025-05-22T18:06:24.417Z,2025-05-22T18:06:24.468Z
IBIT250523P00063000,IBIT250523P00063000,BUY,FILLED,3.0,3.0,@0.53,0.53,DAY,2025-05-22T17:53:55.212Z,2025-05-22T17:53:55.284Z
IBIT250523C00064000,IBIT250523C00064000,SELL,FILLED,2.0,2.0,@0.55,0.55,DAY,2025-05-22T17:40:43.544Z,2025-05-22T17:40:43.720Z
IBIT250523C00064000,IBIT250523C00064000,SELL,FILLED,3.0,3.0,@0.57,0.57,DAY,2025-05-22T17:37:19.455Z,2025-05-22T17:37:19.509Z
IBIT250523C00064000,IBIT250523C00064000,BUY,FILLED,5.0,5.0,@0.52,0.52,DAY,2025-05-22T17:18:59.070Z,2025-05-22T17:18:59.105Z
IBIT250523P00063000,IBIT250523P00063000,SELL,FILLED,4.0,4.0,@0.51,0.51,DAY,2025-05-22T16:24:01.305Z,2025-05-22T16:24:01.386Z
IBIT250523P00063000,IBIT250523P00063000,BUY,FILLED,4.0,4.0,@0.58,0.58,DAY,2025-05-22T16:21:05.354Z,2025-05-22T16:21:05.420Z
IBIT250523C00064000,IBIT250523C00064000,SELL,FILLED,5.0,5.0,@0.52,0.53,DAY,2025-05-22T15:46:24.241Z,2025-05-22T15:46:24.271Z
SLV250718C00031000,SLV250718C00031000,SELL,FILLED,15.0,15.0,@0.95,0.95,DAY,2025-05-22T15:41:18.501Z,2025-05-22T15:41:18.555Z
IONQ250523C00043500,IONQ250523C00043500,SELL,FILLED,1.0,1.0,@1.96,1.96,DAY,2025-05-22T15:33:36.206Z,2025-05-22T15:34:14.904Z
IBIT250523C00064000,IBIT250523C00064000,BUY,FILLED,5.0,5.0,@0.5,0.49,DAY,2025-05-22T15:24:34.560Z,2025-05-22T15:24:34.612Z
IONQ250523C00043500,IONQ250523C00043500,BUY,FILLED,1.0,1.0,@1.69,1.69,DAY,2025-05-22T15:23:09.886Z,2025-05-22T15:23:09.918Z
FSLR250620P00145000,FSLR250620P00145000,SELL,FILLED,1.0,1.0,@5.2,5.2,DAY,2025-05-22T15:07:54.864Z,2025-05-22T15:07:54.905Z
IBIT250523C00064000,IBIT250523C00064000,SELL,FILLED,5.0,5.0,@0.45,0.45,DAY,2025-05-22T15:07:48.347Z,2025-05-22T15:07:48.451Z
IBIT250523C00064000,IBIT250523C00064000,BUY,FILLED,5.0,5.0,@0.39,0.39,DAY,2025-05-22T14:58:25.728Z,2025-05-22T14:58:25.952Z
QQQ250523C00518000,QQQ250523C00518000,SELL,FILLED,2.0,2.0,@2.53,2.55,DAY,2025-05-22T14:00:23.692Z,2025-05-22T14:00:23.734Z
QQQ250523C00518000,QQQ250523C00518000,BUY,FILLED,2.0,2.0,@2.2,2.2,DAY,2025-05-22T13:53:26.476Z,2025-05-22T13:53:26.528Z
INTC250523P00020500,INTC250523P00020500,BUY,FILLED,10.0,10.0,@0.25,0.25,DAY,2025-05-21T19:28:19.070Z,2025-05-21T19:28:19.102Z
GLD250523C00310000,GLD250523C00310000,BUY,FILLED,2.0,2.0,@1.1,1.08,DAY,2025-05-21T19:18:41.662Z,2025-05-21T19:18:41.875Z
FSLR250620P00145000,FSLR250620P00145000,BUY,FILLED,1.0,1.0,@4.7,4.7,DAY,2025-05-21T19:04:55.596Z,2025-05-21T19:17:08.588Z
UAL250718P00065000,UAL250718P00065000,BUY,FILLED,3.0,3.0,@2.98,2.98,DAY,2025-05-21T17:22:44.872Z,2025-05-21T17:22:45.011Z
MSTR250523C00432500,MSTR250523C00432500,SELL,FILLED,1.0,1.0,@2.24,2.25,DAY,2025-05-21T17:21:36.668Z,2025-05-21T17:21:36.700Z
AAPL250620P00195000,AAPL250620P00195000,BUY,FILLED,5.0,5.0,@4.0,3.86,DAY,2025-05-21T17:03:29.764Z,2025-05-21T17:03:29.913Z
MSTR250718C00520000,MSTR250718C00520000,SELL,FILLED,2.0,2.0,@18.95,18.95,DAY,2025-05-21T17:02:55.902Z,2025-05-21T17:02:56.027Z
MSTR250718C00520000,MSTR250718C00520000,BUY,FILLED,1.0,1.0,@20.35,20.35,DAY,2025-05-21T15:34:03.942Z,2025-05-21T15:34:03.992Z
UAL250718P00070000,UAL250718P00070000,SELL,FILLED,4.0,4.0,@4.1,4.13,DAY,2025-05-21T15:33:48.675Z,2025-05-21T15:33:48.713Z
AAPL250718P00180000,AAPL250718P00180000,SELL,FILLED,5.0,5.0,@1.96,1.96,DAY,2025-05-21T15:30:46.815Z,2025-05-21T15:30:46.867Z
MSTR250718C00520000,MSTR250718C00520000,BUY,FILLED,1.0,1.0,@20.45,20.45,DAY,2025-05-21T15:30:36.292Z,2025-05-21T15:30:36.327Z
MSTR250523C00432500,MSTR250523C00432500,BUY,FILLED,1.0,1.0,@4.3,4.28,DAY,2025-05-21T15:30:19.334Z,2025-05-21T15:30:19.510Z
SLV250521C00030000,SLV250521C00030000,SELL,FILLED,5.0,5.0,@0.41,0.42,DAY,2025-05-21T15:12:08.624Z,2025-05-21T15:12:08.756Z
UAL250718P00070000,UAL250718P00070000,BUY,FILLED,2.0,2.0,@4.5,4.5,DAY,2025-05-21T14:33:54.026Z,2025-05-21T14:33:54.076Z
SLV250521C00030000,SLV250521C00030000,BUY,FILLED,5.0,5.0,@0.29,0.28,DAY,2025-05-21T14:28:11.621Z,2025-05-21T14:28:11.661Z
MSTR250523C00430000,MSTR250523C00430000,SELL,FILLED,1.0,1.0,@4.3,4.39,DAY,2025-05-21T13:57:42.415Z,2025-05-21T13:57:53.424Z
GLD250523C00314000,GLD250523C00314000,SELL,FILLED,5.0,5.0,@0.18,0.18,DAY,2025-05-21T13:52:43.891Z,2025-05-21T13:52:44.013Z
U250523C00023500,U250523C00023500,SELL,FILLED,5.0,5.0,@0.15,0.16,DAY,2025-05-21T13:48:08.427Z,2025-05-21T13:48:08.463Z
MSTR250523C00430000,MSTR250523C00430000,BUY,FILLED,1.0,1.0,@4.8,4.8,DAY,2025-05-21T13:46:54.040Z,2025-05-21T13:46:54.088Z
GLD250523C00314000,GLD250523C00314000,BUY,FILLED,5.0,5.0,@0.33,0.33,DAY,2025-05-20T19:53:04.041Z,2025-05-20T19:53:04.106Z
AAPL250718P00180000,AAPL250718P00180000,BUY,FILLED,5.0,5.0,@2.1,2.1,DAY,2025-05-20T18:27:07.851Z,2025-05-20T18:27:07.880Z
U250718C00027000,U250718C00027000,SELL,FILLED,8.0,8.0,@0.84,0.85,DAY,2025-05-20T17:27:44.689Z,2025-05-20T17:27:44.833Z
U250718C00027000,U250718C00027000,BUY,FILLED,8.0,8.0,@0.98,0.98,DAY,2025-05-20T16:59:02.300Z,2025-05-20T16:59:02.332Z
U250523C00023500,U250523C00023500,BUY,FILLED,5.0,5.0,@0.46,0.46,DAY,2025-05-20T16:58:33.531Z,2025-05-20T16:58:33.559Z
GLD250620C00314000,GLD250620C00314000,BUY,FILLED,4.0,4.0,@3.25,3.25,DAY,2025-05-20T15:50:31.450Z,2025-05-20T15:50:31.509Z
GLD250620C00314000,GLD250620C00314000,BUY,FILLED,4.0,4.0,@3.25,3.23,DAY,2025-05-20T15:33:46.299Z,2025-05-20T15:33:46.336Z
SLV250718C00031000,SLV250718C00031000,BUY,FILLED,15.0,15.0,@0.86,0.86,DAY,2025-05-20T14:40:37.440Z,2025-05-20T14:40:37.527Z
UNH250523C00320000,UNH250523C00320000,SELL,FILLED,1.0,1.0,@4.15,4.21,DAY,2025-05-19T14:41:33.828Z,2025-05-19T14:41:33.962Z
TSLA250523P00320000,TSLA250523P00320000,SELL,FILLED,1.0,1.0,@2.82,2.83,DAY,2025-05-19T14:41:25.165Z,2025-05-19T14:41:25.263Z
U250523C00025000,U250523C00025000,SELL,FILLED,10.0,10.0,@0.21,0.23,DAY,2025-05-19T13:32:24.363Z,2025-05-19T13:32:24.527Z
TSLA250523P00320000,TSLA250523P00320000,BUY,FILLED,1.0,1.0,@4.75,4.75,DAY,2025-05-19T13:32:11.478Z,2025-05-19T13:32:11.613Z
UNH250523C00320000,UNH250523C00320000,SELL,FILLED,1.0,1.0,@4.9,4.9,DAY,2025-05-19T13:31:31.617Z,2025-05-19T13:31:31.652Z
GME250718C00035000,GME250718C00035000,SELL,FILLED,5.0,5.0,@1.6,1.6,DAY,2025-05-19T13:31:16.732Z,2025-05-19T13:31:16.780Z
U250718C00026000,U250718C00026000,SELL,FILLED,8.0,8.0,@1.08,1.08,DAY,2025-05-19T13:30:53.727Z,2025-05-19T13:30:53.763Z
RKLB250620C00027000,RKLB250620C00027000,SELL,FILLED,8.0,8.0,@1.17,1.17,DAY,2025-05-19T13:30:35.662Z,2025-05-19T13:30:35.743Z
U250620C00028000,U250620C00028000,SELL,FILLED,40.0,40.0,@0.41,0.41,DAY,2025-05-19T13:30:24.921Z,2025-05-19T13:30:24.956Z
U250523C00025000,U250523C00025000,BUY,FILLED,10.0,10.0,@0.48,0.48,DAY,2025-05-16T19:54:13.124Z,2025-05-16T19:54:13.284Z
U250718C00026000,U250718C00026000,BUY,FILLED,8.0,8.0,@1.43,1.37,DAY,2025-05-16T19:52:15.928Z,2025-05-16T19:52:16.065Z
GME250718C00035000,GME250718C00035000,BUY,FILLED,5.0,5.0,@1.99,1.97,DAY,2025-05-16T19:49:47.041Z,2025-05-16T19:49:47.139Z
U250620C00028000,U250620C00028000,BUY,FILLED,10.0,10.0,@0.61,0.6,DAY,2025-05-16T19:43:45.303Z,2025-05-16T19:43:55.609Z
RKT250718C00014000,RKT250718C00014000,SELL,FILLED,5.0,5.0,@0.8,0.81,DAY,2025-05-16T19:42:35.763Z,2025-05-16T19:42:35.796Z
COIN250718C00320000,COIN250718C00320000,SELL,FILLED,1.0,1.0,@11.1,11.15,DAY,2025-05-16T19:42:22.387Z,2025-05-16T19:42:22.503Z
U250620C00028000,U250620C00028000,BUY,FILLED,30.0,30.0,@0.56,0.55,DAY,2025-05-16T19:42:06.817Z,2025-05-16T19:42:07.071Z
UNH250523C00320000,UNH250523C00320000,BUY,FILLED,2.0,2.0,@4.4,4.4,DAY,2025-05-16T19:26:59.862Z,2025-05-16T19:27:08.315Z
UAL250718P00070000,UAL250718P00070000,SELL,FILLED,3.0,3.0,@3.2,3.2,DAY,2025-05-16T18:27:03.521Z,2025-05-16T18:27:03.556Z
COIN250718C00320000,COIN250718C00320000,SELL,FILLED,1.0,1.0,@12.9,12.95,DAY,2025-05-16T17:10:28.044Z,2025-05-16T17:10:28.078Z
COIN250516C00270000,COIN250516C00270000,SELL,FILLED,1.0,1.0,@0.82,0.82,DAY,2025-05-16T14:42:41.783Z,2025-05-16T14:42:57.062Z
TLT250718C00089000,TLT250718C00089000,SELL,FILLED,14.0,14.0,@1.23,1.23,DAY,2025-05-16T14:41:59.974Z,2025-05-16T14:42:00.006Z
COIN250516C00270000,COIN250516C00270000,BUY,FILLED,1.0,1.0,@2.42,2.42,DAY,2025-05-16T14:26:23.763Z,2025-05-16T14:26:36.189Z
COIN250718C00320000,COIN250718C00320000,BUY,FILLED,2.0,2.0,@10.6,10.55,DAY,2025-05-16T14:02:46.258Z,2025-05-16T14:02:46.340Z
RKT250718C00014000,RKT250718C00014000,BUY,FILLED,5.0,5.0,@1.2,1.2,DAY,2025-05-16T13:46:19.359Z,2025-05-16T13:46:19.459Z
COIN250620P00210000,COIN250620P00210000,SELL,FILLED,2.0,2.0,@3.65,3.65,DAY,2025-05-16T13:44:24.614Z,2025-05-16T13:44:24.672Z
COIN250620P00210000,COIN250620P00210000,SELL,FILLED,2.0,2.0,@4.1,4.1,DAY,2025-05-16T13:34:22.926Z,2025-05-16T13:34:22.968Z
TLT250718C00089000,TLT250718C00089000,BUY,FILLED,14.0,14.0,@1.45,1.45,DAY,2025-05-16T13:31:46.821Z,2025-05-16T13:31:46.861Z
UAL250718P00070000,UAL250718P00070000,BUY,FILLED,5.0,5.0,@3.7,3.7,DAY,2025-05-16T13:30:53.515Z,2025-05-16T13:31:00.374Z
COIN250620P00210000,COIN250620P00210000,BUY,FILLED,2.0,2.0,@5.95,5.85,DAY,2025-05-15T19:32:30.333Z,2025-05-15T19:32:30.420Z
RKLB250620C00027000,RKLB250620C00027000,BUY,FILLED,8.0,8.0,@1.54,1.53,DAY,2025-05-15T17:57:05.614Z,2025-05-15T17:57:05.666Z
COIN250620P00210000,COIN250620P00210000,BUY,FILLED,2.0,2.0,@5.85,5.75,DAY,2025-05-15T17:55:49.394Z,2025-05-15T17:55:49.530Z
TLT250620P00080000,TLT250620P00080000,SELL,FILLED,20.0,20.0,@0.28,0.28,DAY,2025-05-15T15:31:27.614Z,2025-05-15T15:31:27.660Z
COIN250620P00220000,COIN250620P00220000,SELL,FILLED,2.0,2.0,@6.85,6.85,DAY,2025-05-15T15:20:31.620Z,2025-05-15T15:20:31.652Z
COIN250516P00237500,COIN250516P00237500,SELL,FILLED,1.0,1.0,@1.18,1.18,DAY,2025-05-15T15:20:19.870Z,2025-05-15T15:20:20.007Z
COIN250516P00237500,COIN250516P00237500,SELL,FILLED,1.0,1.0,@2.17,2.18,DAY,2025-05-15T14:36:45.751Z,2025-05-15T14:36:45.791Z
QQQ250515P00513000,QQQ250515P00513000,SELL,FILLED,5.0,5.0,@0.41,0.41,DAY,2025-05-15T14:22:32.875Z,2025-05-15T14:22:32.933Z
QQQ250515P00513000,QQQ250515P00513000,BUY,FILLED,5.0,5.0,@0.82,0.82,DAY,2025-05-15T13:40:52.695Z,2025-05-15T13:40:52.972Z
GME250718C00033000,GME250718C00033000,SELL,FILLED,4.0,4.0,@2.01,2.01,DAY,2025-05-15T13:37:44.677Z,2025-05-15T13:37:44.746Z
GME250718C00033000,GME250718C00033000,SELL,FILLED,4.0,4.0,@2.0,2.0,DAY,2025-05-15T13:36:49.585Z,2025-05-15T13:36:49.634Z
RKLB250516C00025000,RKLB250516C00025000,SELL,FILLED,4.0,4.0,@0.15,0.16,DAY,2025-05-15T13:36:36.313Z,2025-05-15T13:36:36.386Z
GME250516C00030000,GME250516C00030000,SELL,FILLED,5.0,5.0,@0.14,0.14,DAY,2025-05-15T13:36:26.649Z,2025-05-15T13:36:26.760Z
COIN250516P00237500,COIN250516P00237500,BUY,FILLED,2.0,2.0,@0.99,0.97,DAY,2025-05-15T13:34:10.949Z,2025-05-15T13:34:11.079Z
COIN250620P00220000,COIN250620P00220000,BUY,FILLED,2.0,2.0,@5.55,5.55,DAY,2025-05-15T13:31:50.445Z,2025-05-15T13:31:58.608Z
RKLB250718C00027000,RKLB250718C00027000,SELL,FILLED,14.0,14.0,@1.57,1.57,DAY,2025-05-15T13:30:43.281Z,2025-05-15T13:30:43.323Z
U250620C00025000,U250620C00025000,SELL,FILLED,15.0,15.0,@0.31,0.33,DAY,2025-05-15T13:30:31.151Z,2025-05-15T13:30:31.196Z
SMCI250815C00050000,SMCI250815C00050000,SELL,FILLED,1.0,1.0,@6.3,6.3,DAY,2025-05-14T19:31:50.176Z,2025-05-14T19:31:50.204Z
RKLB250718C00027000,RKLB250718C00027000,BUY,FILLED,10.0,10.0,@2.23,2.23,DAY,2025-05-14T19:31:35.942Z,2025-05-14T19:31:35.989Z
RKLB250718C00027000,RKLB250718C00027000,SELL,FILLED,6.0,6.0,@2.18,2.18,DAY,2025-05-14T19:30:24.594Z,2025-05-14T19:30:24.769Z
RKLB250516C00025000,RKLB250516C00025000,SELL,FILLED,4.0,4.0,@0.53,0.53,DAY,2025-05-14T19:30:16.285Z,2025-05-14T19:30:16.387Z
ASTS250620C00030000,ASTS250620C00030000,SELL,FILLED,2.0,2.0,@1.77,1.8,DAY,2025-05-14T19:10:58.806Z,2025-05-14T19:10:58.990Z
TLT250620P00080000,TLT250620P00080000,BUY,FILLED,20.0,20.0,@0.37,0.36,DAY,2025-05-14T19:05:38.520Z,2025-05-14T19:05:38.662Z
TLT250516P00084500,TLT250516P00084500,BUY,FILLED,2.0,2.0,@0.18,0.18,DAY,2025-05-14T19:05:13.688Z,2025-05-14T19:05:13.719Z
RKLB250516C00025000,RKLB250516C00025000,BUY,FILLED,8.0,8.0,@0.27,0.27,DAY,2025-05-14T15:39:44.827Z,2025-05-14T15:39:44.859Z
SMCI250815C00050000,SMCI250815C00050000,BUY,FILLED,1.0,1.0,@6.05,6.05,DAY,2025-05-14T14:43:11.490Z,2025-05-14T14:43:11.526Z
GME250718C00033000,GME250718C00033000,BUY,FILLED,3.0,3.0,@2.67,2.67,DAY,2025-05-14T14:23:51.687Z,2025-05-14T14:23:51.718Z
MSTR250718C00530000,MSTR250718C00530000,SELL,FILLED,1.0,1.0,@25.1,25.2,DAY,2025-05-14T13:54:21.619Z,2025-05-14T13:54:21.740Z
NVDA250718C00150000,NVDA250718C00150000,SELL,FILLED,4.0,4.0,@4.7,4.71,DAY,2025-05-14T13:45:57.480Z,2025-05-14T13:45:57.509Z
OKLO250516C00038000,OKLO250516C00038000,SELL,FILLED,1.0,1.0,@2.05,2.05,DAY,2025-05-14T13:44:49.714Z,2025-05-14T13:44:51.471Z
TLT250606P00085500,TLT250606P00085500,SELL,FILLED,5.0,5.0,@1.19,1.19,DAY,2025-05-14T13:44:10.844Z,2025-05-14T13:44:10.930Z
OKLO250516C00038000,OKLO250516C00038000,SELL,FILLED,1.0,1.0,@1.94,1.94,DAY,2025-05-14T13:43:58.563Z,2025-05-14T13:43:58.798Z
RKLB250718C00027000,RKLB250718C00027000,BUY,FILLED,10.0,10.0,@1.39,1.37,DAY,2025-05-14T13:43:44.456Z,2025-05-14T13:43:44.637Z
OKLO250516C00038000,OKLO250516C00038000,BUY,FILLED,2.0,2.0,@1.29,1.29,DAY,2025-05-14T13:34:00.757Z,2025-05-14T13:34:00.818Z
NVDA250718C00150000,NVDA250718C00150000,BUY,FILLED,4.0,4.0,@4.65,4.65,DAY,2025-05-14T13:33:23.972Z,2025-05-14T13:33:24.044Z
TSLA250516P00260000,TSLA250516P00260000,SELL,FILLED,8.0,8.0,@0.06,0.06,DAY,2025-05-13T19:47:18.374Z,2025-05-13T19:47:18.412Z
BABA250718C00150000,BABA250718C00150000,SELL,FILLED,1.0,1.0,@3.9,3.9,DAY,2025-05-13T19:47:11.786Z,2025-05-13T19:47:11.821Z
GME250718C00033000,GME250718C00033000,BUY,FILLED,5.0,5.0,@2.37,2.33,DAY,2025-05-13T19:46:57.357Z,2025-05-13T19:46:57.489Z
GME250516C00030000,GME250516C00030000,BUY,FILLED,5.0,5.0,@0.24,0.24,DAY,2025-05-13T19:46:39.722Z,2025-05-13T19:46:39.845Z
U250620C00025000,U250620C00025000,BUY,FILLED,15.0,15.0,@0.61,0.61,DAY,2025-05-13T16:04:34.986Z,2025-05-13T16:04:35.021Z
MSTR250718C00530000,MSTR250718C00530000,BUY,FILLED,1.0,1.0,@21.15,21.15,DAY,2025-05-13T15:45:56.477Z,2025-05-13T15:45:56.554Z
ASTS250620C00030000,ASTS250620C00030000,BUY,FILLED,2.0,2.0,@2.5,2.44,DAY,2025-05-13T13:34:11.880Z,2025-05-13T13:34:12.019Z
MSTR250620P00350000,MSTR250620P00350000,SELL,FILLED,1.0,1.0,@13.0,13.0,DAY,2025-05-13T13:30:47.884Z,2025-05-13T13:30:47.932Z
MSTR250620P00350000,MSTR250620P00350000,BUY,FILLED,1.0,1.0,@14.55,14.55,DAY,2025-05-12T19:36:12.575Z,2025-05-12T19:36:12.622Z
TLT250606P00085500,TLT250606P00085500,BUY,FILLED,5.0,5.0,@0.96,0.96,DAY,2025-05-12T19:20:39.631Z,2025-05-12T19:20:39.660Z
BABA250718C00150000,BABA250718C00150000,BUY,FILLED,1.0,1.0,@4.45,4.45,DAY,2025-05-12T13:45:38.630Z,2025-05-12T13:45:38.682Z
TSLA250516C00312500,TSLA250516C00312500,SELL,FILLED,1.0,1.0,@10.2,10.2,DAY,2025-05-12T13:42:01.965Z,2025-05-12T13:42:01.999Z
USO250516C00068000,USO250516C00068000,SELL,FILLED,5.0,5.0,@1.65,1.65,DAY,2025-05-12T13:41:56.105Z,2025-05-12T13:42:18.686Z
TSLA250516C00312500,TSLA250516C00312500,BUY,FILLED,1.0,1.0,@4.75,4.75,DAY,2025-05-09T18:55:55.570Z,2025-05-09T18:55:55.601Z
USO250516C00068000,USO250516C00068000,BUY,FILLED,5.0,5.0,@0.78,0.78,DAY,2025-05-09T18:45:15.127Z,2025-05-09T18:45:15.187Z
TSLA250516P00260000,TSLA250516P00260000,BUY,FILLED,3.0,3.0,@1.0,1.0,DAY,2025-05-09T18:22:17.322Z,2025-05-09T18:22:26.718Z
TSLA250516P00260000,TSLA250516P00260000,BUY,FILLED,2.0,2.0,@1.1,1.09,DAY,2025-05-09T14:41:23.204Z,2025-05-09T14:41:23.284Z
MSTR250620C00445000,MSTR250620C00445000,SELL,FILLED,1.0,1.0,@30.95,30.95,DAY,2025-05-08T17:02:23.068Z,2025-05-08T17:02:23.275Z
GLD250620C00324000,GLD250620C00324000,SELL,FILLED,3.0,3.0,@3.2,3.2,DAY,2025-05-08T15:54:31.862Z,2025-05-08T15:54:47.474Z
TSLA250620P00260000,TSLA250620P00260000,SELL,FILLED,1.0,1.0,@10.8,10.8,DAY,2025-05-08T15:54:25.500Z,2025-05-08T15:54:25.649Z
AAPL250620P00175000,AAPL250620P00175000,SELL,FILLED,5.0,5.0,@1.81,1.81,DAY,2025-05-08T15:45:05.686Z,2025-05-08T15:45:05.742Z
MSTR250620C00445000,MSTR250620C00445000,BUY,FILLED,1.0,1.0,@25.0,24.7,DAY,2025-05-08T13:32:58.793Z,2025-05-08T13:32:58.846Z
NVDA250620C00122000,NVDA250620C00122000,SELL,FILLED,3.0,3.0,@5.95,5.95,DAY,2025-05-07T19:56:34.040Z,2025-05-07T19:56:34.076Z
NVDA250620C00122000,NVDA250620C00122000,BUY,FILLED,3.0,3.0,@5.8,5.8,DAY,2025-05-07T19:53:12.497Z,2025-05-07T19:53:12.547Z
NVDA250620C00122000,NVDA250620C00122000,SELL,FILLED,3.0,3.0,@5.2,5.2,DAY,2025-05-07T19:51:11.577Z,2025-05-07T19:51:11.653Z
AAPL250620P00175000,AAPL250620P00175000,SELL,FILLED,5.0,5.0,@2.68,2.68,DAY,2025-05-07T19:48:40.494Z,2025-05-07T19:48:40.530Z
TSLA250620P00260000,TSLA250620P00260000,SELL,FILLED,1.0,1.0,@14.35,14.35,DAY,2025-05-07T19:45:22.034Z,2025-05-07T19:45:22.071Z
GLD250509C00311000,GLD250509C00311000,SELL,FILLED,1.0,1.0,@2.52,2.52,DAY,2025-05-07T19:45:02.036Z,2025-05-07T19:45:02.077Z
SLV250620C00032000,SLV250620C00032000,SELL,FILLED,20.0,20.0,@0.38,0.38,DAY,2025-05-07T19:44:51.236Z,2025-05-07T19:44:51.289Z
QQQ250507C00486000,QQQ250507C00486000,SELL,FILLED,1.0,1.0,@0.3,0.31,DAY,2025-05-07T19:44:40.091Z,2025-05-07T19:44:40.164Z
QQQ250509P00473000,QQQ250509P00473000,SELL,FILLED,1.0,1.0,@0.98,0.98,DAY,2025-05-07T19:44:34.814Z,2025-05-07T19:44:34.961Z
NVDA250620C00122000,NVDA250620C00122000,BUY,FILLED,3.0,3.0,@6.25,6.05,DAY,2025-05-07T19:44:20.625Z,2025-05-07T19:44:20.660Z
QCOM250620P00120000,QCOM250620P00120000,SELL,FILLED,6.0,6.0,@0.92,0.98,DAY,2025-05-07T19:43:37.691Z,2025-05-07T19:43:37.728Z
QQQ250509P00473000,QQQ250509P00473000,BUY,FILLED,1.0,1.0,@2.79,2.79,DAY,2025-05-07T18:06:45.519Z,2025-05-07T18:06:56.201Z
QQQ250507C00486000,QQQ250507C00486000,BUY,FILLED,1.0,1.0,@1.1,1.08,DAY,2025-05-07T14:19:04.580Z,2025-05-07T14:19:04.617Z
TSLA250620P00260000,TSLA250620P00260000,BUY,FILLED,1.0,1.0,@16.7,16.7,DAY,2025-05-06T17:00:12.985Z,2025-05-06T17:00:13.038Z
GLD250509C00311000,GLD250509C00311000,SELL,FILLED,1.0,1.0,@5.25,5.25,DAY,2025-05-06T16:55:48.011Z,2025-05-06T16:55:48.062Z
USO250620P00060000,USO250620P00060000,SELL,FILLED,3.0,3.0,@1.5,1.5,DAY,2025-05-06T14:00:11.690Z,2025-05-06T14:00:11.819Z
KODK250516C00007500,KODK250516C00007500,SELL,FILLED,5.0,5.0,@0.05,0.06,DAY,2025-05-06T13:31:59.692Z,2025-05-06T13:31:59.722Z
SLV250620C00032000,SLV250620C00032000,BUY,FILLED,20.0,20.0,@0.62,0.62,DAY,2025-05-06T13:31:34.428Z,2025-05-06T13:31:34.566Z
GLD250620C00324000,GLD250620C00324000,BUY,FILLED,3.0,3.0,@5.8,5.8,DAY,2025-05-06T13:31:13.641Z,2025-05-06T13:31:13.678Z
WMT250620P00073330,WMT250620P00073330,BUY,CANCELLED,0.0,100.0,@0.01,,DAY,2025-05-05T19:53:28.341Z,
WMT250620P00070000,WMT250620P00070000,SELL,CANCELLED,0.0,100.0,@0.01,,DAY,2025-05-05T19:53:28.341Z,
KODK250516C00007500,KODK250516C00007500,BUY,FILLED,5.0,5.0,@0.2,0.15,DAY,2025-05-05T19:50:17.058Z,2025-05-05T19:50:17.196Z
TSLA250516P00260000,TSLA250516P00260000,BUY,FILLED,3.0,3.0,@5.75,5.75,DAY,2025-05-05T15:25:20.773Z,2025-05-05T15:25:20.820Z
AAPL250620P00175000,AAPL250620P00175000,BUY,FILLED,5.0,5.0,@1.95,1.94,DAY,2025-05-05T13:36:45.951Z,2025-05-05T13:36:46.087Z
TIGR250620C00010000,TIGR250620C00010000,SELL,FILLED,30.0,30.0,@0.51,0.51,DAY,2025-05-05T13:36:17.595Z,2025-05-05T13:36:17.658Z
AAPL250620P00175000,AAPL250620P00175000,BUY,FILLED,5.0,5.0,@1.82,1.81,DAY,2025-05-05T13:33:10.295Z,2025-05-05T13:33:10.437Z
GLD250509C00311000,GLD250509C00311000,BUY,FILLED,2.0,2.0,@1.68,1.68,DAY,2025-05-05T13:30:50.602Z,2025-05-05T13:30:50.637Z
GLD250505C00309000,GLD250505C00309000,BUY,FILLED,5.0,5.0,@0.2,0.2,DAY,2025-05-05T13:30:35.304Z,2025-05-05T13:30:35.470Z
SPY250508C00570000,SPY250508C00570000,SELL,FILLED,1.0,1.0,@3.57,3.57,DAY,2025-05-02T14:55:35.694Z,2025-05-02T14:55:40.499Z
SPY250508C00570000,SPY250508C00570000,BUY,FILLED,1.0,1.0,@3.57,3.56,DAY,2025-05-02T14:24:59.831Z,2025-05-02T14:24:59.968Z
MSFT250502P00415000,MSFT250502P00415000,SELL,FILLED,5.0,5.0,@0.03,0.03,DAY,2025-05-02T14:19:14.000Z,2025-05-02T14:19:14.149Z
AAPL250502P00202500,AAPL250502P00202500,SELL,FILLED,1.0,1.0,@0.38,0.38,DAY,2025-05-02T14:19:08.355Z,2025-05-02T14:19:08.393Z
C250502P00068000,C250502P00068000,SELL,FILLED,12.0,12.0,@0.03,0.03,DAY,2025-05-02T13:33:26.874Z,2025-05-02T13:33:26.975Z
AAPL250502P00202500,AAPL250502P00202500,BUY,FILLED,1.0,1.0,@1.57,1.57,DAY,2025-05-02T13:32:00.975Z,2025-05-02T13:32:04.854Z
ENVX250620P00006000,ENVX250620P00006000,SELL,FILLED,15.0,15.0,@0.49,0.56,DAY,2025-05-02T13:31:12.620Z,2025-05-02T13:31:12.659Z
MSFT250502P00415000,MSFT250502P00415000,BUY,FILLED,5.0,5.0,@0.58,0.58,DAY,2025-05-01T19:55:12.882Z,2025-05-01T19:55:25.937Z
QCOM250620P00120000,QCOM250620P00120000,BUY,FILLED,3.0,3.0,@2.22,2.2,DAY,2025-05-01T19:54:00.690Z,2025-05-01T19:54:00.727Z
QCOM250620P00120000,QCOM250620P00120000,BUY,FILLED,3.0,3.0,@2.08,2.08,DAY,2025-05-01T19:30:31.422Z,2025-05-01T19:30:31.468Z
C250502P00068000,C250502P00068000,BUY,FILLED,12.0,12.0,@0.41,0.41,DAY,2025-05-01T19:25:54.615Z,2025-05-01T19:25:54.663Z
MSFT250502P00395000,MSFT250502P00395000,SELL,FILLED,30.0,30.0,@0.06,0.06,DAY,2025-05-01T19:21:26.377Z,2025-05-01T19:21:26.541Z
TSLA250620P00260000,TSLA250620P00260000,SELL,FILLED,1.0,1.0,@14.8,14.8,DAY,2025-05-01T19:21:12.137Z,2025-05-01T19:21:12.185Z
QCOM250620P00120000,QCOM250620P00120000,SELL,FILLED,5.0,5.0,@2.03,2.03,DAY,2025-05-01T19:20:42.002Z,2025-05-01T19:20:42.030Z
QCOM250620P00120000,QCOM250620P00120000,BUY,FILLED,5.0,5.0,@2.15,2.14,DAY,2025-05-01T17:45:33.163Z,2025-05-01T17:45:33.214Z
ENVX250620P00006000,ENVX250620P00006000,BUY,FILLED,5.0,5.0,@0.76,0.76,DAY,2025-05-01T17:31:42.535Z,2025-05-01T17:31:42.570Z
MSFT250502P00395000,MSFT250502P00395000,BUY,FILLED,30.0,30.0,@0.08,0.07,DAY,2025-05-01T15:57:35.773Z,2025-05-01T15:57:35.806Z
TSLA250620P00260000,TSLA250620P00260000,BUY,FILLED,1.0,1.0,@15.2,15.2,DAY,2025-05-01T15:56:59.172Z,2025-05-01T15:57:54.059Z
MSFT250620P00390000,MSFT250620P00390000,BUY,CANCELLED,0.0,3.0,@3.75,,DAY,2025-05-01T15:54:05.958Z,
QQQ250501C00487000,QQQ250501C00487000,SELL,FILLED,2.0,2.0,@1.66,1.67,DAY,2025-05-01T15:23:17.278Z,2025-05-01T15:23:17.323Z
TSLA250620P00260000,TSLA250620P00260000,SELL,FILLED,1.0,1.0,@13.6,13.61,DAY,2025-05-01T15:01:22.758Z,2025-05-01T15:01:22.897Z
QQQ250501C00487000,QQQ250501C00487000,BUY,FILLED,2.0,2.0,@1.24,1.24,DAY,2025-05-01T14:43:11.935Z,2025-05-01T14:43:15.115Z
ENVX250620P00006000,ENVX250620P00006000,BUY,FILLED,10.0,10.0,@0.57,0.57,DAY,2025-05-01T14:12:59.790Z,2025-05-01T14:12:59.829Z
QCOM250502C00140000,QCOM250502C00140000,SELL,FILLED,2.0,2.0,@0.68,0.75,DAY,2025-05-01T13:54:39.005Z,2025-05-01T13:54:39.144Z
QCOM250502C00140000,QCOM250502C00140000,BUY,FILLED,2.0,2.0,@1.26,1.26,DAY,2025-05-01T13:47:10.526Z,2025-05-01T13:47:11.616Z
QQQ250501P00480000,QQQ250501P00480000,SELL,FILLED,1.0,1.0,@1.45,1.45,DAY,2025-05-01T13:46:47.803Z,2025-05-01T13:46:48.091Z
WMT250502P00090000,WMT250502P00090000,SELL,FILLED,40.0,40.0,@0.01,0.01,DAY,2025-05-01T13:35:21.787Z,2025-05-01T13:35:21.829Z
FSLR250502P00118000,FSLR250502P00118000,SELL,FILLED,2.0,2.0,@0.07,0.1,DAY,2025-05-01T13:35:14.896Z,2025-05-01T13:35:15.220Z
GLD250507C00311000,GLD250507C00311000,SELL,FILLED,2.0,2.0,@0.38,0.38,DAY,2025-05-01T13:35:09.489Z,2025-05-01T13:35:09.696Z
USO250620P00060000,USO250620P00060000,BUY,FILLED,3.0,3.0,@2.99,2.98,DAY,2025-05-01T13:34:52.493Z,2025-05-01T13:34:52.530Z
QQQ250501P00480000,QQQ250501P00480000,BUY,FILLED,1.0,1.0,@1.95,1.89,DAY,2025-05-01T13:32:04.839Z,2025-05-01T13:32:04.883Z
MU250620P00060000,MU250620P00060000,SELL,FILLED,15.0,15.0,@0.77,0.77,DAY,2025-05-01T13:30:37.936Z,2025-05-01T13:30:37.984Z
BABA250620C00130000,BABA250620C00130000,SELL,FILLED,2.0,2.0,@4.1,4.1,DAY,2025-04-30T14:09:46.474Z,2025-04-30T14:09:46.527Z
GLD250507C00311000,GLD250507C00311000,BUY,FILLED,2.0,2.0,@2.25,2.21,DAY,2025-04-30T13:40:10.190Z,2025-04-30T13:40:10.358Z
GLD250430C00308000,GLD250430C00308000,BUY,FILLED,3.0,3.0,@0.46,0.46,DAY,2025-04-30T13:39:58.399Z,2025-04-30T13:39:58.435Z
WMT250502P00090000,WMT250502P00090000,BUY,FILLED,15.0,15.0,@0.09,0.09,DAY,2025-04-30T13:32:13.745Z,2025-04-30T13:32:13.859Z
FSLR250502P00118000,FSLR250502P00118000,BUY,FILLED,2.0,2.0,@2.0,1.95,DAY,2025-04-30T13:31:15.058Z,2025-04-30T13:31:15.221Z
MU250620P00060000,MU250620P00060000,BUY,FILLED,15.0,15.0,@1.39,1.39,DAY,2025-04-30T13:30:29.948Z,2025-04-30T13:30:29.997Z
QQQ250429C00474000,QQQ250429C00474000,SELL,FILLED,2.0,2.0,,2.02,DAY,2025-04-28T19:25:24.212Z,2025-04-28T19:25:24.554Z
QQQ250429C00474000,QQQ250429C00474000,BUY,FILLED,2.0,2.0,@1.88,1.88,DAY,2025-04-28T19:16:44.446Z,2025-04-28T19:16:44.592Z
WMT250502P00090000,WMT250502P00090000,BUY,FILLED,25.0,25.0,@0.19,0.19,DAY,2025-04-28T18:52:36.381Z,2025-04-28T18:52:36.480Z
TIGR250620C00010000,TIGR250620C00010000,BUY,FILLED,30.0,30.0,@0.39,0.39,DAY,2025-04-28T18:09:17.817Z,2025-04-28T18:22:42.808Z
EXPD250620P00105000,EXPD250620P00105000,BUY,CANCELLED,0.0,1.0,@2.5,,DAY,2025-04-28T14:23:39.834Z,
TSLA250620P00260000,TSLA250620P00260000,BUY,FILLED,2.0,2.0,@16.7,16.59,DAY,2025-04-25T18:05:05.347Z,2025-04-25T18:05:05.482Z
MSTR250620C00440000,MSTR250620C00440000,SELL,FILLED,1.0,1.0,@20.4,20.4,DAY,2025-04-25T17:52:16.570Z,2025-04-25T17:52:17.241Z
MSTR250620C00440000,MSTR250620C00440000,SELL,FILLED,1.0,1.0,@20.45,20.62,DAY,2025-04-25T17:44:09.862Z,2025-04-25T17:44:10.012Z
MSTR250620C00440000,MSTR250620C00440000,BUY,FILLED,1.0,1.0,@22.3,22.3,DAY,2025-04-25T17:22:07.749Z,2025-04-25T17:22:07.842Z
MSTR250425P00367500,MSTR250425P00367500,SELL,FILLED,2.0,2.0,@1.3,1.31,DAY,2025-04-25T17:20:16.547Z,2025-04-25T17:20:16.580Z
TSLA250620P00200000,TSLA250620P00200000,SELL,FILLED,3.0,3.0,@3.65,3.65,DAY,2025-04-25T17:08:13.591Z,2025-04-25T17:08:13.659Z
MSTR250620C00440000,MSTR250620C00440000,BUY,FILLED,1.0,1.0,@22.05,22.05,DAY,2025-04-25T17:07:02.543Z,2025-04-25T17:07:02.591Z
MSTR250425P00367500,MSTR250425P00367500,BUY,FILLED,2.0,2.0,@1.71,1.7,DAY,2025-04-25T17:01:28.295Z,2025-04-25T17:01:28.326Z
INTC250620C00021000,INTC250620C00021000,SELL,FILLED,10.0,10.0,,1.12,DAY,2025-04-25T15:51:40.340Z,2025-04-25T15:51:40.395Z
MSTR250425P00362500,MSTR250425P00362500,SELL,FILLED,4.0,4.0,,1.11,DAY,2025-04-25T15:51:33.512Z,2025-04-25T15:51:33.629Z
MSTR250425P00362500,MSTR250425P00362500,BUY,FILLED,4.0,4.0,@1.94,1.94,DAY,2025-04-25T15:39:43.230Z,2025-04-25T15:39:56.720Z
BABA250620C00130000,BABA250620C00130000,BUY,FILLED,2.0,2.0,@5.15,5.15,DAY,2025-04-25T14:04:55.768Z,2025-04-25T14:04:55.799Z
INTC250620C00021000,INTC250620C00021000,BUY,FILLED,10.0,10.0,@1.1,1.09,DAY,2025-04-25T13:56:49.692Z,2025-04-25T13:56:49.723Z
FSLR250425P00128000,FSLR250425P00128000,SELL,FILLED,5.0,5.0,@0.05,0.08,DAY,2025-04-25T13:39:34.553Z,2025-04-25T13:39:34.877Z
BABA250620C00130000,BABA250620C00130000,SELL,FILLED,5.0,5.0,@4.65,4.65,DAY,2025-04-25T13:31:41.886Z,2025-04-25T13:31:41.982Z
GLD250425C00312000,GLD250425C00312000,SELL,FILLED,5.0,5.0,@0.01,0.01,DAY,2025-04-25T13:31:22.044Z,2025-04-25T13:31:34.669Z
GLD250620C00317000,GLD250620C00317000,SELL,FILLED,6.0,6.0,@4.6,4.6,DAY,2025-04-25T13:30:45.824Z,2025-04-25T13:30:45.868Z
GLD250425C00312000,GLD250425C00312000,BUY,FILLED,5.0,5.0,@0.55,0.54,DAY,2025-04-24T17:54:14.521Z,2025-04-24T17:54:14.560Z
GLD250620C00317000,GLD250620C00317000,BUY,FILLED,3.0,3.0,@7.1,7.1,DAY,2025-04-24T16:05:20.944Z,2025-04-24T16:05:20.998Z
GLD250620C00317000,GLD250620C00317000,BUY,FILLED,3.0,3.0,@6.85,6.85,DAY,2025-04-24T15:51:35.896Z,2025-04-24T15:51:46.313Z
AAPL250620P00180000,AAPL250620P00180000,SELL,FILLED,5.0,5.0,@3.25,3.25,DAY,2025-04-24T14:12:21.682Z,2025-04-24T14:12:21.728Z
AAPL250620P00180000,AAPL250620P00180000,BUY,FILLED,5.0,5.0,@3.9,3.89,DAY,2025-04-24T13:37:27.977Z,2025-04-24T13:37:28.145Z
FSLR250425P00128000,FSLR250425P00128000,SELL,FILLED,5.0,5.0,@1.35,1.35,DAY,2025-04-23T19:47:38.609Z,2025-04-23T19:47:38.660Z
QQQ250425P00443000,QQQ250425P00443000,BUY,FILLED,3.0,3.0,@2.11,2.06,DAY,2025-04-23T19:46:23.171Z,2025-04-23T19:46:47.884Z
FSLR250425P00128000,FSLR250425P00128000,BUY,FILLED,5.0,5.0,@1.38,1.38,DAY,2025-04-23T18:47:23.636Z,2025-04-23T18:47:26.483Z
FSLR250425P00128000,FSLR250425P00128000,BUY,FILLED,5.0,5.0,@1.4,1.4,DAY,2025-04-23T18:46:22.952Z,2025-04-23T18:47:02.547Z
TSLA250620P00200000,TSLA250620P00200000,BUY,FILLED,1.0,1.0,@6.9,6.9,DAY,2025-04-23T18:28:39.920Z,2025-04-23T18:28:40.007Z
TSLA250425P00237500,TSLA250425P00237500,SELL,FILLED,3.0,3.0,@1.21,1.21,DAY,2025-04-23T17:57:31.027Z,2025-04-23T17:57:59.941Z
FSLR250425P00128000,FSLR250425P00128000,SELL,FILLED,10.0,10.0,,1.08,DAY,2025-04-23T17:56:45.285Z,2025-04-23T17:56:45.352Z
FSLR250425P00128000,FSLR250425P00128000,BUY,FILLED,5.0,5.0,@1.46,1.46,DAY,2025-04-23T16:25:35.011Z,2025-04-23T16:25:37.524Z
FSLR250425P00128000,FSLR250425P00128000,BUY,FILLED,5.0,5.0,@1.59,1.59,DAY,2025-04-23T16:25:14.591Z,2025-04-23T16:25:14.619Z
IBIT250620C00055000,IBIT250620C00055000,SELL,FILLED,5.0,5.0,,3.64,DAY,2025-04-23T16:17:29.046Z,2025-04-23T16:17:29.128Z
TSLA250620P00200000,TSLA250620P00200000,BUY,FILLED,2.0,2.0,@7.55,7.55,DAY,2025-04-23T16:10:39.708Z,2025-04-23T16:10:39.894Z
FSLR250425P00130000,FSLR250425P00130000,SELL,FILLED,4.0,4.0,,1.46,DAY,2025-04-23T15:41:23.903Z,2025-04-23T15:41:23.949Z
FSLR250425P00130000,FSLR250425P00130000,BUY,FILLED,4.0,4.0,@1.6,1.6,DAY,2025-04-23T15:33:11.006Z,2025-04-23T15:33:11.042Z
TSLA250425P00237500,TSLA250425P00237500,BUY,FILLED,3.0,3.0,,2.2,DAY,2025-04-23T15:32:00.672Z,2025-04-23T15:32:00.853Z
TSLA250620C00315000,TSLA250620C00315000,SELL,FILLED,2.0,2.0,,8.2,DAY,2025-04-23T15:30:10.550Z,2025-04-23T15:30:10.578Z
TSLA250620C00315000,TSLA250620C00315000,BUY,FILLED,2.0,2.0,,8.85,DAY,2025-04-23T15:17:40.020Z,2025-04-23T15:17:40.085Z
TSLA250620P00200000,TSLA250620P00200000,SELL,FILLED,2.0,2.0,,6.65,DAY,2025-04-23T15:16:37.884Z,2025-04-23T15:16:37.936Z
QQQ250423P00456000,QQQ250423P00456000,SELL,FILLED,2.0,2.0,@1.04,1.05,DAY,2025-04-23T14:25:30.822Z,2025-04-23T14:25:30.983Z
QQQ250423P00456000,QQQ250423P00456000,SELL,FILLED,3.0,3.0,@1.67,1.68,DAY,2025-04-23T14:21:43.327Z,2025-04-23T14:21:58.160Z
GLD250516P00296000,GLD250516P00296000,SELL,FILLED,3.0,3.0,@3.75,3.8,DAY,2025-04-23T14:20:59.369Z,2025-04-23T14:20:59.406Z
QQQ250423P00456000,QQQ250423P00456000,BUY,FILLED,1.0,1.0,@1.58,1.56,DAY,2025-04-23T14:17:09.085Z,2025-04-23T14:17:09.140Z
BABA250425C00126000,BABA250425C00126000,SELL,FILLED,4.0,4.0,@0.99,1.0,DAY,2025-04-23T14:12:48.416Z,2025-04-23T14:12:48.495Z
GLD250516P00296000,GLD250516P00296000,BUY,FILLED,3.0,3.0,@4.35,4.35,DAY,2025-04-23T14:12:29.241Z,2025-04-23T14:12:29.280Z
UUUU250620C00005000,UUUU250620C00005000,SELL,FILLED,20.0,20.0,@0.3,0.3,DAY,2025-04-23T14:11:16.818Z,2025-04-23T14:11:16.869Z
QQQ250423P00456000,QQQ250423P00456000,BUY,FILLED,4.0,4.0,@1.44,1.44,DAY,2025-04-23T14:07:33.092Z,2025-04-23T14:07:37.571Z
TSLA250620P00200000,TSLA250620P00200000,BUY,FILLED,2.0,2.0,@8.05,8.05,DAY,2025-04-23T13:49:09.541Z,2025-04-23T13:49:09.638Z
TSLA250425C00260000,TSLA250425C00260000,SELL,FILLED,3.0,3.0,,3.1,DAY,2025-04-23T13:43:43.178Z,2025-04-23T13:43:43.213Z
BABA250425C00126000,BABA250425C00126000,BUY,FILLED,4.0,4.0,@1.44,1.38,DAY,2025-04-23T13:43:04.407Z,2025-04-23T13:43:04.444Z
TSLA250425C00260000,TSLA250425C00260000,SELL,CANCELLED,0.0,3.0,@3.4,,DAY,2025-04-23T13:42:09.141Z,
BABA250620C00130000,BABA250620C00130000,SELL,FILLED,5.0,5.0,@5.75,5.82,DAY,2025-04-23T13:41:00.663Z,2025-04-23T13:41:00.702Z
TSLA250425C00260000,TSLA250425C00260000,BUY,FILLED,1.0,1.0,@3.7,3.7,DAY,2025-04-23T13:39:02.231Z,2025-04-23T13:39:03.117Z
TSLA250425C00260000,TSLA250425C00260000,BUY,FILLED,2.0,2.0,@3.85,3.85,DAY,2025-04-23T13:38:27.340Z,2025-04-23T13:38:36.317Z
TSLA250425C00242500,TSLA250425C00242500,SELL,FILLED,5.0,5.0,@1.35,1.51,DAY,2025-04-23T13:34:42.918Z,2025-04-23T13:35:48.354Z
TSLA250425C00245000,TSLA250425C00245000,BUY,FILLED,5.0,5.0,@1.35,1.51,DAY,2025-04-23T13:34:42.918Z,2025-04-23T13:35:48.354Z
TSLA250425C00262500,TSLA250425C00262500,SELL,FILLED,2.0,2.0,@3.0,3.0,DAY,2025-04-23T13:32:47.050Z,2025-04-23T13:32:47.148Z
TSLA250516P00205000,TSLA250516P00205000,SELL,FILLED,5.0,5.0,@3.9,3.9,DAY,2025-04-23T13:32:00.749Z,2025-04-23T13:32:00.792Z
TSLA250502P00150000,TSLA250502P00150000,SELL,FILLED,10.0,10.0,@0.19,0.19,DAY,2025-04-23T13:31:49.473Z,2025-04-23T13:31:49.512Z
TSLA250425P00210000,TSLA250425P00210000,SELL,FILLED,1.0,1.0,@0.37,0.37,DAY,2025-04-23T13:31:41.579Z,2025-04-23T13:31:41.633Z
OKLO250620P00017500,OKLO250620P00017500,SELL,FILLED,11.0,11.0,@1.14,1.16,DAY,2025-04-23T13:31:18.313Z,2025-04-23T13:31:18.621Z
TSLA250425C00262500,TSLA250425C00262500,BUY,FILLED,2.0,2.0,@4.25,4.05,DAY,2025-04-23T13:30:50.750Z,2025-04-23T13:30:50.800Z
IBIT250620C00055000,IBIT250620C00055000,SELL,FILLED,5.0,5.0,@3.3,3.3,DAY,2025-04-22T19:48:15.779Z,2025-04-22T19:48:15.837Z
TSLA250425C00242500,TSLA250425C00242500,BUY,FILLED,5.0,5.0,@1.1,1.07,DAY,2025-04-22T19:32:34.299Z,2025-04-22T19:33:05.372Z
TSLA250425C00245000,TSLA250425C00245000,SELL,FILLED,5.0,5.0,@1.1,1.07,DAY,2025-04-22T19:32:34.299Z,2025-04-22T19:33:05.372Z
QQQ250422P00439000,QQQ250422P00439000,SELL,FILLED,3.0,3.0,@0.42,0.42,DAY,2025-04-22T18:07:08.945Z,2025-04-22T18:07:18.583Z
QQQ250422P00439000,QQQ250422P00439000,BUY,FILLED,3.0,3.0,@1.02,1.01,DAY,2025-04-22T17:52:11.809Z,2025-04-22T17:52:11.889Z
BABA250620C00130000,BABA250620C00130000,BUY,FILLED,2.0,2.0,@4.2,4.15,DAY,2025-04-22T17:42:29.782Z,2025-04-22T17:42:29.920Z
GLD250620C00285000,GLD250620C00285000,SELL,FILLED,1.0,1.0,@32.65,32.65,DAY,2025-04-22T16:17:57.557Z,2025-04-22T16:17:57.592Z
UUUU250620C00005000,UUUU250620C00005000,BUY,FILLED,20.0,20.0,@0.45,0.45,DAY,2025-04-22T14:56:39.643Z,2025-04-22T14:56:39.678Z
QQQ250423P00437000,QQQ250423P00437000,SELL,FILLED,5.0,5.0,,1.89,DAY,2025-04-22T14:53:45.649Z,2025-04-22T14:53:45.692Z
QQQ250423P00437000,QQQ250423P00437000,BUY,FILLED,3.0,3.0,@2.09,2.07,DAY,2025-04-22T14:52:21.376Z,2025-04-22T14:52:21.433Z
QQQ250423P00437000,QQQ250423P00437000,SELL,FILLED,3.0,3.0,@1.96,1.97,DAY,2025-04-22T14:40:55.974Z,2025-04-22T14:40:56.102Z
QQQ250423P00437000,QQQ250423P00437000,BUY,FILLED,2.0,2.0,@2.52,2.48,DAY,2025-04-22T14:30:54.088Z,2025-04-22T14:31:13.892Z
QQQ250423P00437000,QQQ250423P00437000,BUY,FILLED,3.0,3.0,@2.53,2.53,DAY,2025-04-22T14:15:33.512Z,2025-04-22T14:15:50.689Z
GLD250423C00321000,GLD250423C00321000,SELL,FILLED,5.0,5.0,@0.83,0.86,DAY,2025-04-22T14:03:25.712Z,2025-04-22T14:03:25.902Z
FSLR250425C00135000,FSLR250425C00135000,SELL,FILLED,1.0,1.0,@6.0,6.0,DAY,2025-04-22T14:03:03.021Z,2025-04-22T14:03:03.076Z
FSLR250425C00135000,FSLR250425C00135000,SELL,FILLED,1.0,1.0,@6.0,6.0,DAY,2025-04-22T14:02:52.762Z,2025-04-22T14:02:52.792Z
FSLR250425C00135000,FSLR250425C00135000,SELL,FILLED,2.0,2.0,@3.5,3.65,DAY,2025-04-22T13:38:18.675Z,2025-04-22T13:38:18.719Z
GLD250423C00321000,GLD250423C00321000,BUY,FILLED,5.0,5.0,@1.15,1.1,DAY,2025-04-22T13:31:34.082Z,2025-04-22T13:31:34.247Z
FSLR250425C00135000,FSLR250425C00135000,BUY,FILLED,4.0,4.0,@2.37,2.37,DAY,2025-04-22T13:30:22.604Z,2025-04-22T13:30:45.859Z
OKLO250425P00019000,OKLO250425P00019000,BUY,FILLED,5.0,5.0,@0.52,0.52,DAY,2025-04-21T19:59:38.582Z,2025-04-21T19:59:38.617Z
OKLO250620P00017500,OKLO250620P00017500,BUY,FILLED,3.0,3.0,@2.12,2.11,DAY,2025-04-21T19:59:14.022Z,2025-04-21T19:59:14.089Z
OKLO250620P00017500,OKLO250620P00017500,BUY,FILLED,8.0,8.0,@2.12,2.1,DAY,2025-04-21T19:58:56.840Z,2025-04-21T19:58:56.992Z
TSLA250502P00150000,TSLA250502P00150000,SELL,FILLED,20.0,20.0,@0.93,0.95,DAY,2025-04-21T19:54:22.973Z,2025-04-21T19:54:23.000Z
GLD250620C00285000,GLD250620C00285000,SELL,FILLED,1.0,1.0,@33.15,33.15,DAY,2025-04-21T17:13:31.379Z,2025-04-21T17:13:31.409Z
GLD250421C00313000,GLD250421C00313000,SELL,FILLED,2.0,2.0,@1.52,1.52,DAY,2025-04-21T17:13:20.838Z,2025-04-21T17:13:20.897Z
GLD250421C00313000,GLD250421C00313000,SELL,FILLED,1.0,1.0,@1.92,2.03,DAY,2025-04-21T14:48:04.833Z,2025-04-21T14:48:04.979Z
GLD250421C00313000,GLD250421C00313000,SELL,FILLED,1.0,1.0,@3.0,3.0,DAY,2025-04-21T14:31:56.299Z,2025-04-21T14:31:56.337Z
IONQ250516P00023000,IONQ250516P00023000,SELL,FILLED,5.0,5.0,@2.03,2.03,DAY,2025-04-21T14:31:43.846Z,2025-04-21T14:31:43.899Z
IBIT250620C00055000,IBIT250620C00055000,BUY,FILLED,10.0,10.0,@2.84,2.82,DAY,2025-04-21T14:31:28.270Z,2025-04-21T14:31:28.312Z
BABA250620C00130000,BABA250620C00130000,BUY,FILLED,8.0,8.0,@2.52,2.5,DAY,2025-04-21T13:51:24.729Z,2025-04-21T13:51:24.768Z
IONQ250516P00023000,IONQ250516P00023000,BUY,FILLED,5.0,5.0,@2.22,2.22,DAY,2025-04-21T13:39:31.839Z,2025-04-21T13:41:53.767Z
TSLA250425P00210000,TSLA250425P00210000,BUY,FILLED,1.0,1.0,@5.7,5.7,DAY,2025-04-21T13:37:19.432Z,2025-04-21T13:37:19.463Z
GLD250421C00313000,GLD250421C00313000,SELL,FILLED,3.0,3.0,@1.85,1.99,DAY,2025-04-21T13:35:25.614Z,2025-04-21T13:35:25.757Z
QQQ250422C00456000,QQQ250422C00456000,SELL,FILLED,7.0,7.0,@0.27,0.27,DAY,2025-04-21T13:33:33.014Z,2025-04-21T13:33:33.177Z
GLD250421C00313000,GLD250421C00313000,SELL,FILLED,3.0,3.0,@2.52,2.52,DAY,2025-04-21T13:32:59.463Z,2025-04-21T13:32:59.780Z
WMT250620P00073330,WMT250620P00073330,SELL,CANCELLED,0.0,50.0,@0.41,,DAY,2025-04-21T13:32:14.602Z,
WMT250620P00070000,WMT250620P00070000,BUY,CANCELLED,0.0,50.0,@0.41,,DAY,2025-04-21T13:32:14.602Z,
MP250516P00024000,MP250516P00024000,SELL,FILLED,8.0,8.0,@1.2,1.2,DAY,2025-04-17T18:46:01.298Z,2025-04-17T18:46:01.334Z
GLD250421C00313000,GLD250421C00313000,BUY,FILLED,5.0,5.0,@0.45,0.44,DAY,2025-04-17T18:08:45.766Z,2025-04-17T18:08:45.900Z
MP250516P00024000,MP250516P00024000,BUY,FILLED,3.0,3.0,@2.25,2.25,DAY,2025-04-17T17:02:42.183Z,2025-04-17T17:02:42.257Z
MP250516P00024000,MP250516P00024000,BUY,FILLED,5.0,5.0,@1.65,1.65,DAY,2025-04-17T17:00:32.491Z,2025-04-17T17:00:37.604Z
MP250620C00031000,MP250620C00031000,SELL,FILLED,5.0,5.0,@1.75,1.85,DAY,2025-04-17T16:59:18.155Z,2025-04-17T16:59:18.307Z
QQQ250422C00456000,QQQ250422C00456000,BUY,FILLED,7.0,7.0,@2.26,2.22,DAY,2025-04-17T13:54:41.429Z,2025-04-17T13:54:41.469Z
TSLA250516P00205000,TSLA250516P00205000,BUY,FILLED,1.0,1.0,@7.35,7.3,DAY,2025-04-17T13:34:14.320Z,2025-04-17T13:34:14.365Z
QQQ250417C00443000,QQQ250417C00443000,SELL,FILLED,5.0,5.0,@4.85,4.85,DAY,2025-04-17T13:32:54.732Z,2025-04-17T13:32:54.923Z
INTC250516P00016000,INTC250516P00016000,SELL,FILLED,20.0,20.0,@0.44,0.44,DAY,2025-04-16T19:52:27.825Z,2025-04-16T19:52:27.853Z
LULU250620P00220000,LULU250620P00220000,SELL,FILLED,2.0,2.0,@11.45,11.52,DAY,2025-04-16T19:52:19.313Z,2025-04-16T19:52:19.544Z
QQQ250417C00443000,QQQ250417C00443000,BUY,FILLED,1.0,1.0,@3.8,3.79,DAY,2025-04-16T19:49:40.214Z,2025-04-16T19:49:40.305Z
NVDA250620P00096000,NVDA250620P00096000,SELL,FILLED,2.0,2.0,@6.75,6.75,DAY,2025-04-16T19:48:34.148Z,2025-04-16T19:48:34.173Z
QQQ250417C00443000,QQQ250417C00443000,SELL,FILLED,1.0,1.0,@3.62,3.62,DAY,2025-04-16T19:46:47.551Z,2025-04-16T19:46:48.466Z
NVDA250620P00096000,NVDA250620P00096000,SELL,FILLED,2.0,2.0,@6.7,6.7,DAY,2025-04-16T19:46:35.479Z,2025-04-16T19:46:35.624Z
QQQ250417C00443000,QQQ250417C00443000,BUY,FILLED,5.0,5.0,@3.68,3.68,DAY,2025-04-16T19:46:18.033Z,2025-04-16T19:46:32.935Z
QQQ250417P00435000,QQQ250417P00435000,SELL,FILLED,2.0,2.0,,2.91,DAY,2025-04-16T19:34:55.256Z,2025-04-16T19:34:55.394Z
QQQ250417P00435000,QQQ250417P00435000,BUY,FILLED,2.0,2.0,@2.95,2.95,DAY,2025-04-16T19:05:23.442Z,2025-04-16T19:05:23.602Z
QQQ250417P00439000,QQQ250417P00439000,SELL,FILLED,3.0,3.0,@2.4,2.45,DAY,2025-04-16T18:26:56.248Z,2025-04-16T18:26:56.283Z
QQQ250417P00439000,QQQ250417P00439000,BUY,FILLED,3.0,3.0,@2.08,2.08,DAY,2025-04-16T17:41:00.276Z,2025-04-16T17:41:03.363Z
TSLA250502P00150000,TSLA250502P00150000,BUY,FILLED,15.0,15.0,@0.85,0.85,DAY,2025-04-16T16:42:08.810Z,2025-04-16T16:42:22.469Z
NVDA250620P00096000,NVDA250620P00096000,BUY,FILLED,2.0,2.0,@6.25,6.25,DAY,2025-04-16T16:14:30.858Z,2025-04-16T16:14:46.191Z
GLD250421C00313000,GLD250421C00313000,BUY,FILLED,5.0,5.0,@1.33,1.33,DAY,2025-04-16T16:14:08.888Z,2025-04-16T16:14:08.927Z
QQQ250417P00439000,QQQ250417P00439000,SELL,FILLED,4.0,4.0,,0.98,DAY,2025-04-16T15:22:06.320Z,2025-04-16T15:22:06.437Z
MP250620C00031000,MP250620C00031000,BUY,FILLED,5.0,5.0,@2.6,2.55,DAY,2025-04-16T14:59:57.010Z,2025-04-16T14:59:57.076Z
QQQ250417P00439000,QQQ250417P00439000,BUY,FILLED,4.0,4.0,@1.52,1.52,DAY,2025-04-16T13:52:37.944Z,2025-04-16T13:52:38.006Z
NVDA250620P00096000,NVDA250620P00096000,BUY,FILLED,2.0,2.0,@5.75,5.75,DAY,2025-04-16T13:49:48.875Z,2025-04-16T13:50:02.342Z
TSLA250516P00205000,TSLA250516P00205000,BUY,FILLED,1.0,1.0,@6.85,6.85,DAY,2025-04-16T13:45:25.613Z,2025-04-16T13:45:25.670Z
TSLA250502P00150000,TSLA250502P00150000,BUY,FILLED,15.0,15.0,@0.78,0.77,DAY,2025-04-16T13:43:45.173Z,2025-04-16T13:43:45.228Z
BA250620P00140000,BA250620P00140000,SELL,FILLED,3.0,3.0,@5.05,5.1,DAY,2025-04-15T18:13:05.898Z,2025-04-15T18:13:05.939Z
LULU250620P00220000,LULU250620P00220000,BUY,FILLED,2.0,2.0,@10.25,10.25,DAY,2025-04-15T18:12:49.498Z,2025-04-15T18:12:49.535Z
XPEV250620C00022000,XPEV250620C00022000,SELL,FILLED,8.0,8.0,,1.57,DAY,2025-04-15T17:01:58.452Z,2025-04-15T17:01:58.546Z
BA250620P00140000,BA250620P00140000,BUY,FILLED,3.0,3.0,@5.5,5.5,DAY,2025-04-15T13:49:09.766Z,2025-04-15T13:49:09.824Z
TSLA250516P00205000,TSLA250516P00205000,BUY,FILLED,1.0,1.0,@8.8,8.65,DAY,2025-04-14T15:49:08.336Z,2025-04-14T15:49:08.485Z
GLD250620C00285000,GLD250620C00285000,SELL,FILLED,3.0,3.0,@17.45,17.45,DAY,2025-04-14T15:20:55.027Z,2025-04-14T15:20:55.066Z
NOC250417C00550000,NOC250417C00550000,SELL,FILLED,3.0,3.0,@2.3,2.3,DAY,2025-04-14T13:51:29.221Z,2025-04-14T13:51:29.277Z
NOC250417C00550000,NOC250417C00550000,SELL,CANCELLED,0.0,3.0,@0.3,,DAY,2025-04-14T13:45:39.819Z,
GLD250620C00285000,GLD250620C00285000,BUY,FILLED,1.0,1.0,@18.0,17.95,DAY,2025-04-14T13:45:21.334Z,2025-04-14T13:45:21.465Z
AAPL250417C00220000,AAPL250417C00220000,SELL,FILLED,4.0,4.0,@1.24,1.29,DAY,2025-04-14T13:33:17.929Z,2025-04-14T13:33:18.119Z
AAPL250417C00220000,AAPL250417C00220000,BUY,FILLED,4.0,4.0,@1.89,1.86,DAY,2025-04-14T13:30:58.555Z,2025-04-14T13:31:13.617Z
QQQ250411C00457000,QQQ250411C00457000,SELL,FILLED,3.0,3.0,@0.27,0.27,DAY,2025-04-11T19:32:15.169Z,2025-04-11T19:32:15.319Z
BABA250411C00108000,BABA250411C00108000,SELL,FILLED,8.0,8.0,@0.25,0.25,DAY,2025-04-11T19:32:08.311Z,2025-04-11T19:32:08.353Z
GLD250620C00285000,GLD250620C00285000,SELL,FILLED,1.0,1.0,@20.25,20.25,DAY,2025-04-11T19:19:23.077Z,2025-04-11T19:19:23.128Z
GLD250516C00298000,GLD250516C00298000,SELL,FILLED,3.0,3.0,@9.65,9.65,DAY,2025-04-11T19:19:05.497Z,2025-04-11T19:19:05.587Z
NOC250417C00550000,NOC250417C00550000,BUY,FILLED,2.0,2.0,@4.5,4.3,DAY,2025-04-11T18:08:37.143Z,2025-04-11T18:08:37.213Z
QQQ250411C00457000,QQQ250411C00457000,BUY,FILLED,3.0,3.0,@1.86,1.86,DAY,2025-04-11T17:57:58.771Z,2025-04-11T17:57:58.843Z
INTC250516P00016000,INTC250516P00016000,BUY,FILLED,10.0,10.0,@0.79,0.79,DAY,2025-04-11T17:35:02.495Z,2025-04-11T17:35:02.560Z
TSLA250516P00205000,TSLA250516P00205000,BUY,FILLED,2.0,2.0,@10.95,10.95,DAY,2025-04-11T17:34:28.141Z,2025-04-11T17:34:28.187Z
QQQ250411C00457000,QQQ250411C00457000,SELL,FILLED,6.0,6.0,@0.66,0.66,DAY,2025-04-11T17:33:35.310Z,2025-04-11T17:33:35.374Z
BABA250620C00120000,BABA250620C00120000,SELL,FILLED,2.0,2.0,@5.2,5.2,DAY,2025-04-11T17:33:07.195Z,2025-04-11T17:33:07.237Z
NOC250417C00550000,NOC250417C00550000,BUY,FILLED,3.0,3.0,@3.7,3.7,DAY,2025-04-11T17:27:42.323Z,2025-04-11T17:27:42.352Z
BABA250411C00108000,BABA250411C00108000,BUY,FILLED,1.0,1.0,@0.4,0.4,DAY,2025-04-11T16:56:32.135Z,2025-04-11T16:56:32.183Z
BABA250411C00108000,BABA250411C00108000,BUY,FILLED,5.0,5.0,@0.39,0.37,DAY,2025-04-11T16:56:24.794Z,2025-04-11T16:56:24.844Z
MU250411P00065000,MU250411P00065000,SELL,FILLED,20.0,20.0,@0.07,0.07,DAY,2025-04-11T16:55:49.217Z,2025-04-11T16:55:49.254Z
QQQ250411C00457000,QQQ250411C00457000,BUY,FILLED,2.0,2.0,@1.64,1.64,DAY,2025-04-11T16:55:03.143Z,2025-04-11T16:55:03.184Z
TSLA250516P00200000,TSLA250516P00200000,SELL,FILLED,2.0,2.0,@8.3,8.31,DAY,2025-04-11T16:54:46.970Z,2025-04-11T16:54:47.146Z
TSLA250516P00200000,TSLA250516P00200000,SELL,FILLED,4.0,4.0,@8.8,8.85,DAY,2025-04-11T16:46:15.310Z,2025-04-11T16:46:15.349Z
QQQ250411C00457000,QQQ250411C00457000,BUY,FILLED,4.0,4.0,@1.54,1.54,DAY,2025-04-11T16:43:32.967Z,2025-04-11T16:43:46.325Z
MU250411P00065000,MU250411P00065000,BUY,FILLED,20.0,20.0,@0.49,0.49,DAY,2025-04-11T15:05:19.004Z,2025-04-11T15:05:19.160Z
MU250411P00065000,MU250411P00065000,SELL,FILLED,20.0,20.0,@0.36,0.36,DAY,2025-04-11T14:39:56.523Z,2025-04-11T14:39:56.556Z
MU250411P00065000,MU250411P00065000,BUY,FILLED,10.0,10.0,@0.54,0.54,DAY,2025-04-11T14:25:24.482Z,2025-04-11T14:25:24.835Z
MU250411P00065000,MU250411P00065000,BUY,FILLED,10.0,10.0,@0.55,0.55,DAY,2025-04-11T14:21:43.582Z,2025-04-11T14:21:43.929Z
TSLA250516P00200000,TSLA250516P00200000,BUY,FILLED,1.0,1.0,@10.15,10.15,DAY,2025-04-11T14:03:33.714Z,2025-04-11T14:03:33.807Z
QCOM250411P00130000,QCOM250411P00130000,SELL,FILLED,10.0,10.0,@1.21,1.21,DAY,2025-04-11T13:40:10.036Z,2025-04-11T13:40:10.424Z
XPEV250620C00022000,XPEV250620C00022000,BUY,FILLED,8.0,8.0,@1.93,1.91,DAY,2025-04-11T13:38:01.239Z,2025-04-11T13:38:01.417Z
INTC250411P00018000,INTC250411P00018000,SELL,FILLED,50.0,50.0,@0.28,0.28,DAY,2025-04-11T13:36:29.867Z,2025-04-11T13:36:30.612Z
INTC250516P00016000,INTC250516P00016000,BUY,FILLED,10.0,10.0,@0.89,0.86,DAY,2025-04-11T13:31:10.472Z,2025-04-11T13:31:10.763Z
INTC250411P00018000,INTC250411P00018000,BUY,FILLED,50.0,50.0,@0.19,0.19,DAY,2025-04-11T13:30:55.228Z,2025-04-11T13:31:21.620Z
QCOM250411P00130000,QCOM250411P00130000,SELL,CANCELLED,0.0,10.0,@1.56,,DAY,2025-04-10T19:53:48.050Z,
BABA250620C00120000,BABA250620C00120000,BUY,FILLED,2.0,2.0,@5.85,5.85,DAY,2025-04-10T19:21:16.216Z,2025-04-10T19:23:25.362Z
BABA250411C00108000,BABA250411C00108000,BUY,FILLED,2.0,2.0,@2.26,2.26,DAY,2025-04-10T19:21:02.893Z,2025-04-10T19:21:21.880Z
QCOM250411P00130000,QCOM250411P00130000,BUY,FILLED,5.0,5.0,@1.6,1.42,DAY,2025-04-10T19:10:02.975Z,2025-04-10T19:10:12.254Z
QQQ250411C00461000,QQQ250411C00461000,SELL,FILLED,6.0,6.0,@1.72,1.73,DAY,2025-04-10T19:09:01.167Z,2025-04-10T19:09:01.327Z
QCOM250411P00130000,QCOM250411P00130000,BUY,FILLED,10.0,10.0,@1.27,1.27,DAY,2025-04-10T18:52:54.916Z,2025-04-10T18:53:01.695Z
TSLA250516P00200000,TSLA250516P00200000,BUY,FILLED,2.0,2.0,@9.0,9.0,DAY,2025-04-10T18:08:46.052Z,2025-04-10T18:08:57.402Z
QQQ250411C00461000,QQQ250411C00461000,BUY,FILLED,2.0,2.0,@2.02,2.01,DAY,2025-04-10T18:02:37.161Z,2025-04-10T18:02:49.613Z
QCOM250411P00130000,QCOM250411P00130000,SELL,FILLED,8.0,8.0,,2.09,DAY,2025-04-10T17:33:31.431Z,2025-04-10T17:33:31.882Z
QCOM250411P00130000,QCOM250411P00130000,BUY,FILLED,8.0,8.0,@2.56,2.56,DAY,2025-04-10T17:11:12.172Z,2025-04-10T17:11:26.239Z
QQQ250411C00461000,QQQ250411C00461000,SELL,FILLED,4.0,4.0,,1.29,DAY,2025-04-10T17:10:57.976Z,2025-04-10T17:10:58.110Z
TSLA250516P00200000,TSLA250516P00200000,BUY,FILLED,3.0,3.0,@10.75,10.7,DAY,2025-04-10T17:09:51.348Z,2025-04-10T17:09:51.526Z
QQQ250411C00461000,QQQ250411C00461000,BUY,FILLED,4.0,4.0,@1.62,1.62,DAY,2025-04-10T17:05:17.646Z,2025-04-10T17:05:26.937Z
TSLA250516P00215000,TSLA250516P00215000,SELL,FILLED,2.0,2.0,@13.35,13.35,DAY,2025-04-10T17:02:48.636Z,2025-04-10T17:02:58.594Z
QCOM250411P00130000,QCOM250411P00130000,SELL,FILLED,12.0,12.0,@1.65,1.65,DAY,2025-04-10T17:02:43.791Z,2025-04-10T17:02:47.007Z
QQQ250411C00461000,QQQ250411C00461000,BUY,FILLED,4.0,4.0,@1.64,1.59,DAY,2025-04-10T16:59:08.832Z,2025-04-10T16:59:08.868Z
TSLA250516P00215000,TSLA250516P00215000,BUY,FILLED,1.0,1.0,@15.3,15.3,DAY,2025-04-10T16:55:50.467Z,2025-04-10T16:55:52.519Z
TSLA250516P00215000,TSLA250516P00215000,SELL,FILLED,2.0,2.0,@15.6,15.6,DAY,2025-04-10T16:49:09.332Z,2025-04-10T16:49:38.008Z
TSLA250516P00215000,TSLA250516P00215000,BUY,FILLED,2.0,2.0,@16.45,16.45,DAY,2025-04-10T16:47:07.094Z,2025-04-10T16:47:16.738Z
TSLA250516P00215000,TSLA250516P00215000,SELL,FILLED,1.0,1.0,@14.85,14.85,DAY,2025-04-10T16:37:39.573Z,2025-04-10T16:37:39.612Z
MU250516P00055000,MU250516P00055000,SELL,FILLED,15.0,15.0,@2.28,2.29,DAY,2025-04-10T16:37:21.995Z,2025-04-10T16:37:22.166Z
UVXY250411C00080000,UVXY250411C00080000,BUY,FILLED,100.0,100.0,@0.15,0.15,DAY,2025-04-10T16:22:32.320Z,2025-04-10T16:22:32.467Z
QCOM250411P00130000,QCOM250411P00130000,BUY,FILLED,6.0,6.0,@2.55,2.55,DAY,2025-04-10T16:06:14.548Z,2025-04-10T16:06:31.906Z
QCOM250411P00130000,QCOM250411P00130000,BUY,FILLED,6.0,6.0,@1.77,1.77,DAY,2025-04-10T15:45:14.712Z,2025-04-10T15:45:28.802Z
GME250516C00029000,GME250516C00029000,SELL,FILLED,10.0,10.0,@1.41,1.41,DAY,2025-04-10T15:35:43.204Z,2025-04-10T15:35:43.252Z
GME250516C00029000,GME250516C00029000,BUY,FILLED,10.0,10.0,@1.81,1.76,DAY,2025-04-10T15:01:03.075Z,2025-04-10T15:01:03.112Z
GLD250516C00298000,GLD250516C00298000,BUY,FILLED,3.0,3.0,@5.55,5.55,DAY,2025-04-10T14:38:48.424Z,2025-04-10T14:38:48.460Z
MU250516P00055000,MU250516P00055000,BUY,FILLED,15.0,15.0,@1.41,1.41,DAY,2025-04-10T13:50:59.121Z,2025-04-10T13:50:59.185Z
TSLA250516P00215000,TSLA250516P00215000,BUY,FILLED,2.0,2.0,@11.1,11.05,DAY,2025-04-10T13:41:21.206Z,2025-04-10T13:41:21.267Z
MSTR250411C00305000,MSTR250411C00305000,SELL,FILLED,2.0,2.0,@2.75,2.79,DAY,2025-04-10T13:40:21.052Z,2025-04-10T13:40:21.254Z
TSLA250417C00267500,TSLA250417C00267500,SELL,FILLED,2.0,2.0,@9.9,10.0,DAY,2025-04-10T13:40:13.565Z,2025-04-10T13:40:13.703Z
INTC250620C00024000,INTC250620C00024000,SELL,FILLED,10.0,10.0,@0.96,0.96,DAY,2025-04-10T13:40:07.215Z,2025-04-10T13:40:07.268Z
TSLA250417C00267500,TSLA250417C00267500,SELL,FILLED,1.0,1.0,@15.0,15.18,DAY,2025-04-09T19:40:42.872Z,2025-04-09T19:40:43.054Z
TSLA250417C00267500,TSLA250417C00267500,SELL,FILLED,2.0,2.0,@15.1,15.14,DAY,2025-04-09T19:40:29.256Z,2025-04-09T19:40:29.288Z
MSTR250411C00305000,MSTR250411C00305000,BUY,FILLED,2.0,2.0,@7.05,6.85,DAY,2025-04-09T18:12:44.671Z,2025-04-09T18:12:44.807Z
QQQ250409C00452000,QQQ250409C00452000,SELL,FILLED,2.0,2.0,@5.91,5.91,DAY,2025-04-09T18:07:51.593Z,2025-04-09T18:07:51.720Z
INTC250620C00024000,INTC250620C00024000,BUY,FILLED,10.0,10.0,@1.32,1.32,DAY,2025-04-09T17:32:51.377Z,2025-04-09T17:32:51.475Z
WMT250620P00073330,WMT250620P00073330,SELL,CANCELLED,0.0,100.0,@0.3,,DAY,2025-04-09T17:30:19.932Z,
WMT250620P00070000,WMT250620P00070000,BUY,CANCELLED,0.0,100.0,@0.3,,DAY,2025-04-09T17:30:19.932Z,
QQQ250409C00452000,QQQ250409C00452000,BUY,FILLED,2.0,2.0,@3.51,3.51,DAY,2025-04-09T17:26:30.958Z,2025-04-09T17:26:42.759Z
TSLA250417C00267500,TSLA250417C00267500,BUY,FILLED,2.0,2.0,@7.0,7.0,DAY,2025-04-09T17:24:41.553Z,2025-04-09T17:24:42.356Z
RKT250411P00011200,RKT250411P00011200,SELL,FILLED,50.0,50.0,@0.1,0.1,DAY,2025-04-09T17:23:41.918Z,2025-04-09T17:23:57.144Z
RKT250516P00013000,RKT250516P00013000,SELL,FILLED,15.0,15.0,@1.8,1.8,DAY,2025-04-09T17:23:18.362Z,2025-04-09T17:23:18.602Z
TSLA250516P00180000,TSLA250516P00180000,SELL,FILLED,2.0,2.0,@6.95,6.95,DAY,2025-04-09T17:22:52.092Z,2025-04-09T17:22:52.226Z
TSLA250417C00267500,TSLA250417C00267500,BUY,FILLED,3.0,3.0,@6.3,6.3,DAY,2025-04-09T17:22:02.735Z,2025-04-09T17:22:02.766Z
TLT250409P00085000,TLT250409P00085000,SELL,FILLED,20.0,20.0,@0.07,0.07,DAY,2025-04-09T17:04:30.282Z,2025-04-09T17:05:58.841Z
QCOM250411P00120000,QCOM250411P00120000,SELL,FILLED,10.0,10.0,@1.22,1.32,DAY,2025-04-09T17:04:11.351Z,2025-04-09T17:04:55.805Z
TLT250409P00085000,TLT250409P00085000,BUY,FILLED,20.0,20.0,@0.48,0.48,DAY,2025-04-09T17:00:15.295Z,2025-04-09T17:00:15.342Z
RKT250411P00011200,RKT250411P00011200,BUY,FILLED,50.0,50.0,@0.15,0.15,DAY,2025-04-09T15:37:02.771Z,2025-04-09T15:37:02.812Z
QCOM250411P00120000,QCOM250411P00120000,SELL,FILLED,10.0,10.0,@2.27,2.35,DAY,2025-04-09T15:07:17.725Z,2025-04-09T15:07:17.782Z
TSLA250516P00180000,TSLA250516P00180000,SELL,FILLED,2.0,2.0,@11.15,11.15,DAY,2025-04-09T15:02:08.726Z,2025-04-09T15:02:08.774Z
QCOM250411P00120000,QCOM250411P00120000,BUY,FILLED,2.0,2.0,@2.96,2.95,DAY,2025-04-09T15:00:07.803Z,2025-04-09T15:00:07.858Z
QCOM250411P00120000,QCOM250411P00120000,BUY,FILLED,8.0,8.0,@2.79,2.79,DAY,2025-04-09T14:59:47.028Z,2025-04-09T14:59:47.103Z
TSLA250516P00180000,TSLA250516P00180000,BUY,FILLED,1.0,1.0,@11.0,11.0,DAY,2025-04-09T14:55:54.840Z,2025-04-09T14:55:54.891Z
GLD250620C00285000,GLD250620C00285000,SELL,FILLED,1.0,1.0,@10.5,10.5,DAY,2025-04-09T14:54:58.612Z,2025-04-09T14:54:58.702Z
GLD250409C00286000,GLD250409C00286000,SELL,FILLED,10.0,10.0,@0.33,0.34,DAY,2025-04-09T14:54:50.688Z,2025-04-09T14:54:50.959Z
TSLA250516P00180000,TSLA250516P00180000,BUY,FILLED,3.0,3.0,@11.05,11.05,DAY,2025-04-09T14:54:07.020Z,2025-04-09T14:54:07.069Z
QQQ250409C00430000,QQQ250409C00430000,SELL,FILLED,4.0,4.0,@1.8,1.8,DAY,2025-04-09T14:13:30.122Z,2025-04-09T14:13:30.986Z
QCOM250411P00120000,QCOM250411P00120000,BUY,FILLED,5.0,5.0,@2.63,2.6,DAY,2025-04-09T14:11:21.156Z,2025-04-09T14:11:21.316Z
AAPL250516P00150000,AAPL250516P00150000,SELL,FILLED,12.0,12.0,@4.55,4.55,DAY,2025-04-09T13:55:50.274Z,2025-04-09T13:55:50.372Z
QCOM250411P00120000,QCOM250411P00120000,SELL,FILLED,20.0,20.0,@1.94,1.95,DAY,2025-04-09T13:55:43.142Z,2025-04-09T13:55:43.200Z
INTC250516P00015000,INTC250516P00015000,SELL,FILLED,30.0,30.0,@0.68,0.68,DAY,2025-04-09T13:52:58.641Z,2025-04-09T13:52:58.676Z
INTC250411P00015000,INTC250411P00015000,SELL,FILLED,200.0,200.0,@0.03,0.03,DAY,2025-04-09T13:52:47.226Z,2025-04-09T13:52:47.319Z
QQQ250409C00430000,QQQ250409C00430000,BUY,FILLED,4.0,4.0,@3.48,3.43,DAY,2025-04-09T13:42:09.233Z,2025-04-09T13:42:09.326Z
GLD250620C00285000,GLD250620C00285000,BUY,FILLED,2.0,2.0,@10.7,10.7,DAY,2025-04-09T13:35:57.186Z,2025-04-09T13:35:57.229Z
USO250516C00072000,USO250516C00072000,SELL,FILLED,15.0,15.0,@0.21,0.21,DAY,2025-04-09T13:33:00.219Z,2025-04-09T13:33:00.286Z
GLD250409C00286000,GLD250409C00286000,BUY,FILLED,10.0,10.0,@0.5,0.5,DAY,2025-04-09T13:31:32.119Z,2025-04-09T13:31:32.229Z
QQQ250417P00370000,QQQ250417P00370000,SELL,FILLED,5.0,5.0,@3.72,3.72,DAY,2025-04-08T18:58:37.963Z,2025-04-08T18:58:38.000Z
INTC250411P00015000,INTC250411P00015000,BUY,FILLED,200.0,200.0,@0.05,0.05,DAY,2025-04-08T18:58:05.335Z,2025-04-08T18:58:05.465Z
INTC250516P00015000,INTC250516P00015000,BUY,FILLED,30.0,30.0,@0.62,0.62,DAY,2025-04-08T18:52:39.706Z,2025-04-08T18:52:39.746Z
QQQ250408P00426000,QQQ250408P00426000,SELL,FILLED,2.0,2.0,,3.45,DAY,2025-04-08T17:40:46.433Z,2025-04-08T17:40:46.465Z
AAPL250516P00150000,AAPL250516P00150000,BUY,FILLED,4.0,4.0,@4.55,4.48,DAY,2025-04-08T17:12:16.305Z,2025-04-08T17:12:33.463Z
USO250516C00072000,USO250516C00072000,SELL,FILLED,15.0,15.0,@1.13,1.14,DAY,2025-04-08T17:10:45.149Z,2025-04-08T17:10:55.614Z
GME250516C00027000,GME250516C00027000,SELL,FILLED,25.0,25.0,,1.15,DAY,2025-04-08T17:10:32.049Z,2025-04-08T17:10:32.083Z
QQQ250408P00426000,QQQ250408P00426000,SELL,FILLED,1.0,1.0,@3.22,3.26,DAY,2025-04-08T17:06:37.994Z,2025-04-08T17:06:38.136Z
AAPL250516P00150000,AAPL250516P00150000,BUY,FILLED,8.0,8.0,@3.8,3.75,DAY,2025-04-08T16:39:51.233Z,2025-04-08T16:39:51.268Z
GME250516C00027000,GME250516C00027000,SELL,CANCELLED,0.0,25.0,@1.42,,DAY,2025-04-08T16:38:02.395Z,
QQQ250408P00426000,QQQ250408P00426000,BUY,FILLED,3.0,3.0,@1.77,1.77,DAY,2025-04-08T16:23:47.468Z,2025-04-08T16:23:47.517Z
QCOM250411P00120000,QCOM250411P00120000,BUY,FILLED,10.0,10.0,@0.9,0.9,DAY,2025-04-08T16:19:02.882Z,2025-04-08T16:20:20.468Z
QQQ250408C00432000,QQQ250408C00432000,SELL,FILLED,1.0,1.0,@5.05,5.06,DAY,2025-04-08T15:29:39.311Z,2025-04-08T15:29:39.484Z
QQQ250408P00413000,QQQ250408P00413000,SELL,FILLED,2.0,2.0,@0.15,0.15,DAY,2025-04-08T14:37:15.375Z,2025-04-08T14:37:15.408Z
RKT250516P00013000,RKT250516P00013000,BUY,FILLED,15.0,15.0,@1.25,1.2,DAY,2025-04-08T13:47:05.833Z,2025-04-08T13:47:39.832Z
QQQ250408C00432000,QQQ250408C00432000,SELL,FILLED,1.0,1.0,@7.83,8.19,DAY,2025-04-08T13:39:32.334Z,2025-04-08T13:39:32.414Z
QQQ250417P00370000,QQQ250417P00370000,BUY,FILLED,5.0,5.0,@3.25,3.23,DAY,2025-04-07T17:38:57.857Z,2025-04-07T17:38:57.891Z
GLD250620C00285000,GLD250620C00285000,SELL,FILLED,4.0,4.0,@4.75,4.76,DAY,2025-04-07T17:33:32.701Z,2025-04-07T17:33:32.877Z
GME250516C00027000,GME250516C00027000,SELL,FILLED,25.0,25.0,@1.85,1.85,DAY,2025-04-07T17:32:36.226Z,2025-04-07T17:32:36.337Z
QQQ250408C00432000,QQQ250408C00432000,BUY,FILLED,2.0,2.0,@5.31,5.31,DAY,2025-04-07T17:24:01.150Z,2025-04-07T17:24:02.180Z
USO250516C00072000,USO250516C00072000,BUY,FILLED,30.0,30.0,@1.68,1.58,DAY,2025-04-07T16:37:12.982Z,2025-04-07T16:37:13.126Z
QCOM250411P00120000,QCOM250411P00120000,BUY,FILLED,5.0,5.0,@3.3,3.3,DAY,2025-04-07T15:58:25.166Z,2025-04-07T15:58:25.477Z
AAPL250411P00150000,AAPL250411P00150000,SELL,FILLED,20.0,20.0,@1.38,1.38,DAY,2025-04-07T15:37:46.894Z,2025-04-07T15:37:47.061Z
QCOM250411P00120000,QCOM250411P00120000,BUY,FILLED,10.0,10.0,@3.55,3.43,DAY,2025-04-07T15:37:33.017Z,2025-04-07T15:37:33.146Z
AAPL250411P00150000,AAPL250411P00150000,BUY,FILLED,20.0,20.0,@1.66,1.64,DAY,2025-04-07T15:35:00.550Z,2025-04-07T15:35:00.579Z
BABA250411C00116000,BABA250411C00116000,SELL,FILLED,8.0,8.0,@1.8,1.8,DAY,2025-04-07T15:24:37.039Z,2025-04-07T15:24:37.285Z
QQQ250408P00413000,QQQ250408P00413000,BUY,FILLED,2.0,2.0,@9.06,8.92,DAY,2025-04-07T14:37:18.098Z,2025-04-07T14:37:18.353Z
TSLA250411C00245000,TSLA250411C00245000,SELL,FILLED,4.0,4.0,@7.35,7.37,DAY,2025-04-07T14:28:54.797Z,2025-04-07T14:28:54.827Z
TSLA250411C00245000,TSLA250411C00245000,BUY,FILLED,1.0,1.0,@12.4,12.05,DAY,2025-04-07T14:19:49.199Z,2025-04-07T14:19:49.296Z
AAPL250411P00170000,AAPL250411P00170000,SELL,FILLED,5.0,5.0,@2.34,2.35,DAY,2025-04-07T14:13:16.720Z,2025-04-07T14:13:16.762Z
MSTR250620C00350000,MSTR250620C00350000,SELL,FILLED,2.0,2.0,@23.3,23.3,DAY,2025-04-07T14:07:36.192Z,2025-04-07T14:07:36.237Z
BABA250411C00116000,BABA250411C00116000,BUY,FILLED,8.0,8.0,@2.68,2.65,DAY,2025-04-07T14:06:59.668Z,2025-04-07T14:06:59.721Z
TSLA250411C00245000,TSLA250411C00245000,BUY,FILLED,3.0,3.0,@7.6,7.6,DAY,2025-04-07T14:04:29.468Z,2025-04-07T14:04:29.859Z
IBIT250411P00044500,IBIT250411P00044500,SELL,FILLED,10.0,10.0,@1.6,1.6,DAY,2025-04-07T14:03:18.186Z,2025-04-07T14:03:18.268Z
QQQ250407P00422000,QQQ250407P00422000,SELL,FILLED,1.0,1.0,@9.44,9.49,DAY,2025-04-07T14:03:09.305Z,2025-04-07T14:03:09.439Z
MSTR250620C00350000,MSTR250620C00350000,BUY,FILLED,1.0,1.0,@24.05,23.67,DAY,2025-04-07T13:59:02.565Z,2025-04-07T13:59:02.701Z
QQQ250407P00422000,QQQ250407P00422000,SELL,FILLED,1.0,1.0,@9.2,9.2,DAY,2025-04-07T13:58:30.330Z,2025-04-07T13:58:42.975Z
APP250411P00200000,APP250411P00200000,SELL,FILLED,1.0,1.0,@10.6,10.6,DAY,2025-04-07T13:52:09.096Z,2025-04-07T13:52:09.257Z
IBIT250411P00044500,IBIT250411P00044500,SELL,FILLED,15.0,15.0,@1.88,1.88,DAY,2025-04-07T13:51:57.114Z,2025-04-07T13:51:57.268Z
QQQ250407P00422000,QQQ250407P00422000,SELL,FILLED,2.0,2.0,@13.34,13.44,DAY,2025-04-07T13:51:42.792Z,2025-04-07T13:51:43.099Z
AAPL250411P00170000,AAPL250411P00170000,SELL,FILLED,10.0,10.0,@4.15,4.21,DAY,2025-04-07T13:51:34.231Z,2025-04-07T13:51:34.336Z
TSLA250516P00170000,TSLA250516P00170000,SELL,FILLED,4.0,4.0,@9.8,9.87,DAY,2025-04-07T13:51:23.451Z,2025-04-07T13:51:23.494Z
TSLA250516P00170000,TSLA250516P00170000,BUY,FILLED,1.0,1.0,@12.3,12.3,DAY,2025-04-07T13:44:53.150Z,2025-04-07T13:44:53.182Z
MSTR250620C00350000,MSTR250620C00350000,SELL,FILLED,1.0,1.0,@18.6,18.65,DAY,2025-04-07T13:43:34.532Z,2025-04-07T13:43:34.695Z
TSLA250516P00170000,TSLA250516P00170000,BUY,FILLED,3.0,3.0,@11.75,11.75,DAY,2025-04-07T13:42:14.530Z,2025-04-07T13:42:14.627Z
APP250411P00200000,APP250411P00200000,SELL,FILLED,1.0,1.0,@14.9,15.0,DAY,2025-04-07T13:40:52.487Z,2025-04-07T13:40:52.742Z
QQQ250407P00422000,QQQ250407P00422000,SELL,FILLED,1.0,1.0,@17.09,17.09,DAY,2025-04-07T13:40:39.901Z,2025-04-07T13:40:39.990Z
GLD250620C00285000,GLD250620C00285000,BUY,FILLED,3.0,3.0,@6.85,6.85,DAY,2025-04-07T13:40:07.039Z,2025-04-07T13:40:07.071Z
GLD250620C00285000,GLD250620C00285000,BUY,FILLED,5.0,5.0,@6.75,6.67,DAY,2025-04-07T13:39:16.291Z,2025-04-07T13:39:16.570Z
IBIT250404P00046500,IBIT250404P00046500,SELL,FILLED,25.0,25.0,@0.01,0.01,DAY,2025-04-04T19:21:50.380Z,2025-04-04T19:21:50.489Z
QQQ250404P00419000,QQQ250404P00419000,SELL,FILLED,12.0,12.0,@0.23,0.23,DAY,2025-04-04T19:11:49.908Z,2025-04-04T19:11:50.007Z
QQQ250407P00422000,QQQ250407P00422000,BUY,FILLED,1.0,1.0,@5.79,5.73,DAY,2025-04-04T19:11:39.672Z,2025-04-04T19:11:39.708Z
QQQ250404P00419000,QQQ250404P00419000,BUY,FILLED,4.0,4.0,@0.51,0.5,DAY,2025-04-04T18:42:10.891Z,2025-04-04T18:42:31.546Z
MSTR250620C00350000,MSTR250620C00350000,BUY,FILLED,2.0,2.0,@25.7,25.3,DAY,2025-04-04T17:17:39.048Z,2025-04-04T17:17:39.181Z
IBIT250404P00046500,IBIT250404P00046500,SELL,FILLED,25.0,25.0,@0.15,0.15,DAY,2025-04-04T17:16:56.585Z,2025-04-04T17:16:56.626Z
APP250411P00200000,APP250411P00200000,SELL,FILLED,2.0,2.0,@12.4,13.06,DAY,2025-04-04T17:05:22.206Z,2025-04-04T17:05:22.392Z
IBIT250411P00044500,IBIT250411P00044500,BUY,FILLED,25.0,25.0,@0.72,0.72,DAY,2025-04-04T17:00:48.573Z,2025-04-04T17:00:48.691Z
IBIT250404P00046500,IBIT250404P00046500,BUY,FILLED,50.0,50.0,@0.14,0.13,DAY,2025-04-04T17:00:28.222Z,2025-04-04T17:00:28.313Z
IBIT250411C00048500,IBIT250411C00048500,SELL,FILLED,21.0,21.0,@1.01,1.01,DAY,2025-04-04T16:59:10.732Z,2025-04-04T16:59:10.757Z
QQQ250407P00422000,QQQ250407P00422000,SELL,FILLED,4.0,4.0,@4.0,4.05,DAY,2025-04-04T16:42:47.859Z,2025-04-04T16:42:48.018Z
QQQ250408C00450000,QQQ250408C00450000,SELL,FILLED,8.0,8.0,@1.8,1.8,DAY,2025-04-04T16:42:22.865Z,2025-04-04T16:42:22.903Z
QQQ250407P00422000,QQQ250407P00422000,BUY,FILLED,8.0,8.0,@3.94,3.94,DAY,2025-04-04T16:42:04.968Z,2025-04-04T16:42:05.199Z
AAPL250411P00170000,AAPL250411P00170000,SELL,FILLED,10.0,10.0,@1.31,1.31,DAY,2025-04-04T16:35:16.327Z,2025-04-04T16:35:16.695Z
AAPL250411P00170000,AAPL250411P00170000,BUY,FILLED,25.0,25.0,@1.34,1.34,DAY,2025-04-04T16:34:55.250Z,2025-04-04T16:34:55.301Z
AAPL250516P00150000,AAPL250516P00150000,SELL,FILLED,5.0,5.0,@1.48,1.52,DAY,2025-04-04T15:12:22.883Z,2025-04-04T15:12:23.015Z
MU250516P00075000,MU250516P00075000,SELL,FILLED,1.0,1.0,@11.6,11.65,DAY,2025-04-04T15:02:10.712Z,2025-04-04T15:02:10.842Z
GME250516C00027000,GME250516C00027000,BUY,FILLED,50.0,50.0,@1.1,1.1,DAY,2025-04-04T15:01:25.997Z,2025-04-04T15:01:26.035Z
APP250404P00220000,APP250404P00220000,SELL,FILLED,1.0,1.0,@6.2,6.2,DAY,2025-04-04T14:55:40.429Z,2025-04-04T14:55:40.465Z
MU250516P00075000,MU250516P00075000,SELL,FILLED,4.0,4.0,@12.45,12.47,DAY,2025-04-04T14:54:36.739Z,2025-04-04T14:54:36.766Z
AAPL250516P00150000,AAPL250516P00150000,SELL,FILLED,20.0,20.0,@2.08,2.08,DAY,2025-04-04T14:54:17.127Z,2025-04-04T14:54:17.269Z
APP250404P00220000,APP250404P00220000,SELL,FILLED,3.0,3.0,@6.9,6.9,DAY,2025-04-04T14:53:54.610Z,2025-04-04T14:53:54.662Z
NVDA250417P00090000,NVDA250417P00090000,SELL,FILLED,5.0,5.0,@4.3,4.3,DAY,2025-04-04T14:53:45.908Z,2025-04-04T14:53:45.950Z
MU250404P00065000,MU250404P00065000,SELL,FILLED,12.0,12.0,@1.13,1.13,DAY,2025-04-04T14:53:38.395Z,2025-04-04T14:53:38.466Z
QQQ250404P00419000,QQQ250404P00419000,BUY,FILLED,8.0,8.0,@1.92,1.91,DAY,2025-04-04T14:50:53.273Z,2025-04-04T14:51:08.829Z
MU250404P00065000,MU250404P00065000,BUY,FILLED,12.0,12.0,@0.87,0.86,DAY,2025-04-04T14:38:03.809Z,2025-04-04T14:38:04.001Z
BABA250516C00150000,BABA250516C00150000,SELL,FILLED,5.0,5.0,@0.92,0.92,DAY,2025-04-04T14:24:32.949Z,2025-04-04T14:24:33.031Z
IBIT250411C00048500,IBIT250411C00048500,BUY,FILLED,21.0,21.0,@0.95,0.94,DAY,2025-04-04T14:24:09.268Z,2025-04-04T14:24:09.357Z
QQQ250408C00450000,QQQ250408C00450000,BUY,FILLED,8.0,8.0,@2.6,2.6,DAY,2025-04-04T14:23:13.871Z,2025-04-04T14:23:13.913Z
APP250404P00220000,APP250404P00220000,SELL,FILLED,4.0,4.0,@2.4,2.4,DAY,2025-04-04T14:22:25.102Z,2025-04-04T14:22:25.138Z
AAPL250516P00150000,AAPL250516P00150000,BUY,FILLED,25.0,25.0,@1.58,1.58,DAY,2025-04-04T14:18:09.088Z,2025-04-04T14:18:09.318Z
APP250411P00200000,APP250411P00200000,BUY,FILLED,4.0,4.0,@7.2,7.04,DAY,2025-04-04T14:04:20.768Z,2025-04-04T14:04:39.299Z
QQQ250407P00456000,QQQ250407P00456000,SELL,FILLED,1.0,1.0,@18.03,18.03,DAY,2025-04-04T13:53:34.584Z,2025-04-04T13:53:34.620Z
AAPL250411P00190000,AAPL250411P00190000,SELL,FILLED,15.0,15.0,@2.9,2.9,DAY,2025-04-04T13:53:11.996Z,2025-04-04T13:53:14.039Z
NVDA250417P00090000,NVDA250417P00090000,SELL,FILLED,10.0,10.0,@2.63,2.68,DAY,2025-04-04T13:52:34.092Z,2025-04-04T13:52:34.169Z
MU250516P00075000,MU250516P00075000,SELL,FILLED,5.0,5.0,@10.1,10.1,DAY,2025-04-04T13:49:04.810Z,2025-04-04T13:49:04.859Z
QQQ250407P00456000,QQQ250407P00456000,SELL,FILLED,1.0,1.0,@18.38,18.63,DAY,2025-04-04T13:48:34.213Z,2025-04-04T13:48:34.267Z
AAPL250404P00197500,AAPL250404P00197500,SELL,FILLED,3.0,3.0,@1.81,1.85,DAY,2025-04-04T13:48:27.004Z,2025-04-04T13:48:27.040Z
MSTR250404P00255000,MSTR250404P00255000,SELL,FILLED,8.0,8.0,@0.75,0.83,DAY,2025-04-04T13:48:11.436Z,2025-04-04T13:48:11.561Z
AAPL250411P00190000,AAPL250411P00190000,BUY,FILLED,10.0,10.0,@3.65,3.5,DAY,2025-04-04T13:38:51.505Z,2025-04-04T13:38:51.543Z
APP250404P00220000,APP250404P00220000,BUY,FILLED,8.0,8.0,@1.8,1.8,DAY,2025-04-04T13:38:03.919Z,2025-04-04T13:38:04.081Z
AAPL250411P00190000,AAPL250411P00190000,SELL,FILLED,5.0,5.0,@4.1,4.1,DAY,2025-04-04T13:34:18.215Z,2025-04-04T13:34:18.839Z
QQQ250407P00456000,QQQ250407P00456000,SELL,FILLED,1.0,1.0,@18.17,18.17,DAY,2025-04-04T13:33:55.866Z,2025-04-04T13:33:55.937Z
NVDA250417P00090000,NVDA250417P00090000,SELL,FILLED,15.0,15.0,@2.26,2.26,DAY,2025-04-04T13:33:27.372Z,2025-04-04T13:33:28.980Z
AAPL250404P00197500,AAPL250404P00197500,SELL,FILLED,7.0,7.0,@3.55,3.55,DAY,2025-04-04T13:32:26.124Z,2025-04-04T13:32:26.230Z
MU250516P00075000,MU250516P00075000,SELL,FILLED,10.0,10.0,@5.9,5.9,DAY,2025-04-03T19:53:23.919Z,2025-04-03T19:53:23.958Z
AAPL250404P00197500,AAPL250404P00197500,BUY,FILLED,5.0,5.0,@0.96,0.95,DAY,2025-04-03T18:27:44.225Z,2025-04-03T18:27:44.272Z
BA250404C00182500,BA250404C00182500,SELL,FILLED,5.0,5.0,@0.01,0.01,DAY,2025-04-03T18:10:14.845Z,2025-04-03T18:10:14.895Z
AAPL250411P00190000,AAPL250411P00190000,BUY,FILLED,10.0,10.0,@1.58,1.56,DAY,2025-04-03T18:08:11.861Z,2025-04-03T18:08:11.916Z
AAPL250404P00197500,AAPL250404P00197500,BUY,FILLED,5.0,5.0,@0.95,0.95,DAY,2025-04-03T18:08:00.836Z,2025-04-03T18:08:00.875Z
MSTR250404P00255000,MSTR250404P00255000,BUY,FILLED,8.0,8.0,@1.6,1.58,DAY,2025-04-03T18:04:15.812Z,2025-04-03T18:04:15.952Z
QQQ250407P00456000,QQQ250407P00456000,SELL,FILLED,2.0,2.0,@7.07,7.07,DAY,2025-04-03T15:15:46.325Z,2025-04-03T15:15:54.134Z
WMT250620P00073330,WMT250620P00073330,BUY,FILLED,24.0,24.0,@0.28,0.27,DAY,2025-04-03T15:09:10.711Z,2025-04-03T15:09:10.950Z
WMT250620P00070000,WMT250620P00070000,SELL,FILLED,24.0,24.0,@0.28,0.27,DAY,2025-04-03T15:09:10.711Z,2025-04-03T15:09:10.950Z
WMT250620P00073330,WMT250620P00073330,BUY,CANCELLED,0.0,24.0,@0.24,,DAY,2025-04-03T14:54:19.886Z,
WMT250620P00070000,WMT250620P00070000,SELL,CANCELLED,0.0,24.0,@0.24,,DAY,2025-04-03T14:54:19.886Z,
BABA250516C00150000,BABA250516C00150000,BUY,FILLED,5.0,5.0,@2.7,2.7,DAY,2025-04-03T14:24:02.100Z,2025-04-03T14:24:02.165Z
NVDA250417P00090000,NVDA250417P00090000,BUY,FILLED,30.0,30.0,@0.61,0.6,DAY,2025-04-03T14:09:41.296Z,2025-04-03T14:09:41.414Z
TIGR250404P00008500,TIGR250404P00008500,SELL,FILLED,12.0,12.0,@0.5,0.5,DAY,2025-04-03T13:51:02.453Z,2025-04-03T13:51:02.643Z
GLD250620C00287000,GLD250620C00287000,SELL,FILLED,1.0,1.0,@7.2,7.2,DAY,2025-04-03T13:37:20.341Z,2025-04-03T13:37:20.393Z
MU250516P00075000,MU250516P00075000,BUY,FILLED,10.0,10.0,@2.96,2.96,DAY,2025-04-03T13:37:11.365Z,2025-04-03T13:37:11.400Z
QQQ250403C00481000,QQQ250403C00481000,SELL,FILLED,5.0,5.0,@0.04,0.04,DAY,2025-04-03T13:36:53.376Z,2025-04-03T13:36:53.439Z
MU250516P00075000,MU250516P00075000,BUY,FILLED,10.0,10.0,@2.92,2.89,DAY,2025-04-03T13:36:09.186Z,2025-04-03T13:36:09.229Z
QQQ250407P00456000,QQQ250407P00456000,SELL,FILLED,5.0,5.0,@5.05,5.08,DAY,2025-04-03T13:32:59.293Z,2025-04-03T13:33:12.050Z
TIGR250404P00008500,TIGR250404P00008500,SELL,FILLED,13.0,13.0,@0.39,0.4,DAY,2025-04-03T13:32:51.610Z,2025-04-03T13:33:18.055Z
TIGR250417C00009500,TIGR250417C00009500,SELL,FILLED,50.0,50.0,@0.1,0.11,DAY,2025-04-03T13:31:54.250Z,2025-04-03T13:31:54.381Z
TSLA250620C00340000,TSLA250620C00340000,SELL,FILLED,3.0,3.0,@13.1,13.35,DAY,2025-04-03T13:31:42.398Z,2025-04-03T13:31:42.446Z
MSTR250516C00375000,MSTR250516C00375000,SELL,FILLED,2.0,2.0,@10.45,10.45,DAY,2025-04-03T13:31:29.077Z,2025-04-03T13:31:29.118Z
QQQ250403C00481000,QQQ250403C00481000,BUY,FILLED,5.0,5.0,@1.93,1.92,DAY,2025-04-02T18:37:18.944Z,2025-04-02T18:37:19.076Z
QQQ250407P00456000,QQQ250407P00456000,BUY,FILLED,4.0,4.0,@1.76,1.73,DAY,2025-04-02T18:30:12.930Z,2025-04-02T18:30:12.966Z
QQQ250403C00479000,QQQ250403C00479000,SELL,FILLED,3.0,3.0,@2.16,2.19,DAY,2025-04-02T18:29:52.269Z,2025-04-02T18:29:52.430Z
TIGR250404P00008500,TIGR250404P00008500,BUY,FILLED,25.0,25.0,@0.22,0.21,DAY,2025-04-02T18:12:47.126Z,2025-04-02T18:12:47.270Z
TIGR250417C00009500,TIGR250417C00009500,BUY,FILLED,50.0,50.0,@0.21,0.2,DAY,2025-04-02T18:12:27.625Z,2025-04-02T18:12:27.682Z
MSTR250516C00375000,MSTR250516C00375000,BUY,FILLED,1.0,1.0,@15.75,15.75,DAY,2025-04-02T17:12:13.970Z,2025-04-02T17:12:14.004Z
QQQ250403C00479000,QQQ250403C00479000,SELL,FILLED,3.0,3.0,@3.46,3.46,DAY,2025-04-02T16:25:54.639Z,2025-04-02T16:26:03.302Z
MSTR250516C00375000,MSTR250516C00375000,BUY,FILLED,1.0,1.0,@16.1,16.05,DAY,2025-04-02T16:25:22.339Z,2025-04-02T16:25:22.372Z
TSLA250620C00340000,TSLA250620C00340000,BUY,FILLED,1.0,1.0,@15.35,15.35,DAY,2025-04-02T16:00:28.051Z,2025-04-02T16:00:28.081Z
MU250516P00080000,MU250516P00080000,SELL,FILLED,4.0,4.0,@2.33,2.33,DAY,2025-04-02T15:45:58.064Z,2025-04-02T15:45:58.099Z
TSLA250620C00340000,TSLA250620C00340000,BUY,FILLED,2.0,2.0,@15.6,15.55,DAY,2025-04-02T15:43:33.793Z,2025-04-02T15:43:33.847Z
QQQ250403C00479000,QQQ250403C00479000,BUY,FILLED,1.0,1.0,@2.09,2.07,DAY,2025-04-02T13:46:53.927Z,2025-04-02T13:46:53.990Z
TSLA250417P00242500,TSLA250417P00242500,SELL,FILLED,3.0,3.0,@8.3,8.35,DAY,2025-04-02T13:46:40.957Z,2025-04-02T13:46:40.987Z
TSLA250417P00242500,TSLA250417P00242500,BUY,FILLED,3.0,3.0,@9.15,9.15,DAY,2025-04-02T13:44:18.071Z,2025-04-02T13:44:18.105Z
MU250411P00082000,MU250411P00082000,SELL,FILLED,5.0,5.0,@1.08,1.08,DAY,2025-04-02T13:41:48.036Z,2025-04-02T13:41:48.083Z
QQQ250403C00479000,QQQ250403C00479000,BUY,FILLED,5.0,5.0,@1.91,1.91,DAY,2025-04-02T13:41:35.807Z,2025-04-02T13:41:35.855Z
MU250516P00080000,MU250516P00080000,SELL,FILLED,12.0,12.0,@2.74,2.74,DAY,2025-04-02T13:41:05.450Z,2025-04-02T13:41:14.214Z
TSLA250417P00237500,TSLA250417P00237500,SELL,FILLED,3.0,3.0,@5.15,5.19,DAY,2025-04-01T19:45:24.029Z,2025-04-01T19:45:24.170Z
QQQ250407P00456000,QQQ250407P00456000,BUY,FILLED,6.0,6.0,@2.83,2.83,DAY,2025-04-01T18:08:20.876Z,2025-04-01T18:08:25.270Z
QQQ250407P00456000,QQQ250407P00456000,SELL,FILLED,8.0,8.0,@2.11,2.11,DAY,2025-04-01T17:50:41.375Z,2025-04-01T17:50:41.506Z
CRWV250516P00035000,CRWV250516P00035000,SELL,FILLED,1.0,1.0,@3.8,3.9,DAY,2025-04-01T17:42:47.248Z,2025-04-01T17:42:47.295Z
TSLA250417P00237500,TSLA250417P00237500,BUY,FILLED,3.0,3.0,@4.85,4.85,DAY,2025-04-01T16:32:06.696Z,2025-04-01T16:32:06.756Z
QQQ250407P00456000,QQQ250407P00456000,BUY,FILLED,8.0,8.0,@2.2,2.16,DAY,2025-04-01T16:28:25.999Z,2025-04-01T16:28:26.032Z
QQQ250401C00471000,QQQ250401C00471000,SELL,FILLED,1.0,1.0,@2.0,2.0,DAY,2025-04-01T16:26:53.857Z,2025-04-01T16:27:02.927Z
GLD250620C00287000,GLD250620C00287000,SELL,FILLED,1.0,1.0,@9.25,9.32,DAY,2025-04-01T16:24:19.543Z,2025-04-01T16:24:19.678Z
QQQ250401C00471000,QQQ250401C00471000,SELL,FILLED,1.0,1.0,@1.9,1.9,DAY,2025-04-01T15:38:10.003Z,2025-04-01T15:38:10.173Z
QQQ250401C00471000,QQQ250401C00471000,SELL,FILLED,2.0,2.0,@2.45,2.47,DAY,2025-04-01T15:16:58.331Z,2025-04-01T15:16:58.358Z
MSTR250516P00255000,MSTR250516P00255000,SELL,FILLED,1.0,1.0,@15.9,15.9,DAY,2025-04-01T15:15:20.237Z,2025-04-01T15:15:21.461Z
MSTR250516P00255000,MSTR250516P00255000,SELL,FILLED,1.0,1.0,@15.85,15.85,DAY,2025-04-01T15:15:06.509Z,2025-04-01T15:15:06.555Z
QQQ250401C00471000,QQQ250401C00471000,BUY,FILLED,2.0,2.0,@0.77,0.73,DAY,2025-04-01T14:39:49.712Z,2025-04-01T14:39:49.855Z
MSTR250516P00255000,MSTR250516P00255000,SELL,FILLED,1.0,1.0,@18.4,18.4,DAY,2025-04-01T14:39:18.884Z,2025-04-01T14:39:20.460Z
QQQ250408P00444000,QQQ250408P00444000,SELL,FILLED,10.0,10.0,@1.42,1.42,DAY,2025-04-01T14:38:57.518Z,2025-04-01T14:38:57.708Z
GLD250620C00287000,GLD250620C00287000,SELL,FILLED,2.0,2.0,@10.1,10.1,DAY,2025-04-01T14:22:54.811Z,2025-04-01T14:22:54.847Z
MSTR250516P00255000,MSTR250516P00255000,BUY,FILLED,1.0,1.0,@21.1,21.05,DAY,2025-04-01T14:20:10.606Z,2025-04-01T14:20:10.638Z
MU250411P00082000,MU250411P00082000,BUY,FILLED,5.0,5.0,@1.44,1.44,DAY,2025-04-01T14:07:54.374Z,2025-04-01T14:07:55.964Z
CRWV250516P00035000,CRWV250516P00035000,BUY,FILLED,1.0,1.0,@5.8,5.8,DAY,2025-04-01T14:03:22.398Z,2025-04-01T14:03:22.438Z
MSTR250516P00255000,MSTR250516P00255000,BUY,FILLED,1.0,1.0,@18.55,18.5,DAY,2025-04-01T13:43:00.238Z,2025-04-01T13:43:00.273Z
MU250516P00080000,MU250516P00080000,BUY,FILLED,8.0,8.0,@2.83,2.83,DAY,2025-04-01T13:39:22.490Z,2025-04-01T13:39:24.835Z
MSTR250516P00255000,MSTR250516P00255000,BUY,FILLED,1.0,1.0,@19.3,19.14,DAY,2025-03-31T19:31:39.681Z,2025-03-31T19:31:39.822Z
QQQ250408P00444000,QQQ250408P00444000,BUY,FILLED,4.0,4.0,@1.57,1.55,DAY,2025-03-31T19:30:43.811Z,2025-03-31T19:30:43.959Z
QQQ250401C00471000,QQQ250401C00471000,BUY,FILLED,2.0,2.0,@1.66,1.66,DAY,2025-03-31T18:49:26.407Z,2025-03-31T18:49:46.622Z
QQQ250331C00466000,QQQ250331C00466000,SELL,FILLED,1.0,1.0,@1.53,1.57,DAY,2025-03-31T18:49:08.311Z,2025-03-31T18:49:08.354Z
QQQ250331C00466000,QQQ250331C00466000,SELL,FILLED,1.0,1.0,@1.53,1.53,DAY,2025-03-31T18:48:45.547Z,2025-03-31T18:48:45.580Z
QQQ250408P00444000,QQQ250408P00444000,BUY,FILLED,4.0,4.0,@1.6,1.59,DAY,2025-03-31T18:21:51.526Z,2025-03-31T18:21:51.607Z
QQQ250331C00466000,QQQ250331C00466000,SELL,FILLED,2.0,2.0,@1.23,1.27,DAY,2025-03-31T18:15:03.558Z,2025-03-31T18:15:21.064Z
MU250516P00080000,MU250516P00080000,SELL,FILLED,8.0,8.0,@3.2,3.24,DAY,2025-03-31T17:26:54.316Z,2025-03-31T17:26:54.451Z
COIN250417P00185000,COIN250417P00185000,SELL,FILLED,1.0,1.0,@18.55,18.55,DAY,2025-03-31T17:26:12.234Z,2025-03-31T17:26:12.285Z
TSLA250417P00250000,TSLA250417P00250000,SELL,FILLED,1.0,1.0,@14.25,14.25,DAY,2025-03-31T17:26:06.471Z,2025-03-31T17:26:06.524Z
QQQ250331C00466000,QQQ250331C00466000,SELL,FILLED,4.0,4.0,@0.98,0.98,DAY,2025-03-31T17:11:21.281Z,2025-03-31T17:11:21.424Z
QQQ250408P00444000,QQQ250408P00444000,BUY,FILLED,2.0,2.0,@2.02,2.01,DAY,2025-03-31T16:06:45.927Z,2025-03-31T16:06:46.217Z
GLD250620C00287000,GLD250620C00287000,SELL,FILLED,4.0,4.0,@9.9,9.95,DAY,2025-03-31T14:45:26.164Z,2025-03-31T14:45:26.247Z
COIN250417P00165000,COIN250417P00165000,SELL,FILLED,2.0,2.0,@9.55,9.55,DAY,2025-03-31T14:45:07.348Z,2025-03-31T14:45:07.395Z
TSLA250417P00250000,TSLA250417P00250000,SELL,FILLED,1.0,1.0,@18.5,18.65,DAY,2025-03-31T14:44:59.928Z,2025-03-31T14:44:59.966Z
MU250404P00088000,MU250404P00088000,SELL,FILLED,3.0,3.0,@3.85,3.85,DAY,2025-03-31T14:44:50.018Z,2025-03-31T14:44:51.479Z
WMT250417P00080000,WMT250417P00080000,SELL,FILLED,15.0,15.0,@0.34,0.34,DAY,2025-03-31T14:09:21.156Z,2025-03-31T14:09:21.287Z
QQQ250331C00466000,QQQ250331C00466000,BUY,FILLED,8.0,8.0,@0.64,0.64,DAY,2025-03-31T14:05:38.857Z,2025-03-31T14:05:38.964Z
COIN250417P00185000,COIN250417P00185000,SELL,FILLED,1.0,1.0,@21.25,21.25,DAY,2025-03-31T14:01:32.526Z,2025-03-31T14:01:32.648Z
MU250404P00088000,MU250404P00088000,SELL,FILLED,2.0,2.0,@3.8,3.81,DAY,2025-03-31T13:37:16.279Z,2025-03-31T13:37:16.364Z
BA250404C00182500,BA250404C00182500,BUY,FILLED,5.0,5.0,@0.83,0.81,DAY,2025-03-28T19:59:28.599Z,2025-03-28T19:59:28.840Z
TSLA250328P00262500,TSLA250328P00262500,SELL,FILLED,1.0,1.0,@0.74,0.74,DAY,2025-03-28T18:58:05.874Z,2025-03-28T18:58:06.091Z
COIN250417P00165000,COIN250417P00165000,BUY,FILLED,2.0,2.0,@7.2,7.15,DAY,2025-03-28T17:17:20.717Z,2025-03-28T17:17:20.747Z
TSLA250417P00250000,TSLA250417P00250000,BUY,FILLED,1.0,1.0,@11.7,11.7,DAY,2025-03-28T14:59:30.441Z,2025-03-28T14:59:30.586Z
TSLA250417P00250000,TSLA250417P00250000,SELL,FILLED,1.0,1.0,@11.65,11.65,DAY,2025-03-28T14:45:33.937Z,2025-03-28T14:45:34.003Z
TSLA250328P00262500,TSLA250328P00262500,SELL,FILLED,1.0,1.0,@2.45,2.5,DAY,2025-03-28T14:45:08.270Z,2025-03-28T14:45:08.323Z
TSLA250328P00262500,TSLA250328P00262500,SELL,FILLED,2.0,2.0,@4.0,4.0,DAY,2025-03-28T14:35:22.726Z,2025-03-28T14:35:22.800Z
GLD250331C00281000,GLD250331C00281000,SELL,FILLED,2.0,2.0,@3.2,3.25,DAY,2025-03-28T14:28:55.640Z,2025-03-28T14:28:55.693Z
BA250328C00180000,BA250328C00180000,BUY,FILLED,8.0,8.0,@0.4,0.4,DAY,2025-03-28T13:32:05.087Z,2025-03-28T13:32:05.133Z
TSLA250417P00250000,TSLA250417P00250000,BUY,FILLED,2.0,2.0,@6.25,6.12,DAY,2025-03-27T15:36:39.917Z,2025-03-27T15:36:40.050Z
TSLA250328P00262500,TSLA250328P00262500,BUY,FILLED,3.0,3.0,@0.49,0.49,DAY,2025-03-27T15:36:04.234Z,2025-03-27T15:36:12.488Z
TSLA250417P00252500,TSLA250417P00252500,SELL,FILLED,2.0,2.0,@6.15,6.15,DAY,2025-03-27T14:39:39.870Z,2025-03-27T14:39:39.914Z
GLD250620C00287000,GLD250620C00287000,BUY,FILLED,3.0,3.0,@6.15,6.15,DAY,2025-03-27T14:07:45.474Z,2025-03-27T14:07:45.525Z
GLD250331C00281000,GLD250331C00281000,BUY,FILLED,1.0,1.0,@0.92,0.92,DAY,2025-03-27T13:54:15.378Z,2025-03-27T13:54:15.412Z
TSLA250328P00262500,TSLA250328P00262500,BUY,FILLED,1.0,1.0,@1.95,1.94,DAY,2025-03-27T13:49:05.700Z,2025-03-27T13:49:05.761Z
COIN250417P00185000,COIN250417P00185000,BUY,FILLED,1.0,1.0,@7.9,7.9,DAY,2025-03-26T19:52:22.058Z,2025-03-26T19:52:22.108Z
COIN250417P00185000,COIN250417P00185000,BUY,FILLED,1.0,1.0,@8.6,8.6,DAY,2025-03-26T19:01:51.508Z,2025-03-26T19:01:51.556Z
MSTR250516C00400000,MSTR250516C00400000,SELL,FILLED,1.0,1.0,@16.75,16.8,DAY,2025-03-26T17:39:07.370Z,2025-03-26T17:39:07.403Z
TSLA250417P00252500,TSLA250417P00252500,BUY,FILLED,2.0,2.0,@8.8,8.73,DAY,2025-03-26T14:27:57.569Z,2025-03-26T14:27:57.618Z
MSTR250516C00400000,MSTR250516C00400000,SELL,FILLED,1.0,1.0,@17.75,17.75,DAY,2025-03-26T14:24:32.110Z,2025-03-26T14:24:33.836Z
MSTR250516C00400000,MSTR250516C00400000,SELL,FILLED,1.0,1.0,@20.8,20.9,DAY,2025-03-25T18:07:37.513Z,2025-03-25T18:07:37.603Z
MU250404P00088000,MU250404P00088000,BUY,FILLED,5.0,5.0,@0.97,0.95,DAY,2025-03-25T18:06:16.203Z,2025-03-25T18:06:26.973Z
WMT250417P00080000,WMT250417P00080000,BUY,FILLED,15.0,15.0,@0.5,0.5,DAY,2025-03-25T17:22:54.429Z,2025-03-25T17:23:01.787Z
USO250516C00080000,USO250516C00080000,SELL,FILLED,8.0,8.0,@1.09,1.09,DAY,2025-03-25T17:21:31.974Z,2025-03-25T17:21:32.190Z
GLD250620C00287000,GLD250620C00287000,BUY,FILLED,2.0,2.0,@5.8,5.76,DAY,2025-03-25T14:27:41.438Z,2025-03-25T14:27:41.573Z
GLD250331C00281000,GLD250331C00281000,BUY,FILLED,1.0,1.0,@1.1,1.1,DAY,2025-03-25T13:51:11.113Z,2025-03-25T13:51:11.291Z
MU250516P00080000,MU250516P00080000,BUY,FILLED,8.0,8.0,@1.27,1.27,DAY,2025-03-25T13:49:13.051Z,2025-03-25T13:49:13.227Z
MU250516P00080000,MU250516P00080000,BUY,FILLED,8.0,8.0,@1.26,1.26,DAY,2025-03-25T13:48:27.027Z,2025-03-25T13:48:42.897Z
BABA250516P00125000,BABA250516P00125000,SELL,FILLED,2.0,2.0,@3.95,3.95,DAY,2025-03-25T13:45:19.303Z,2025-03-25T13:45:19.345Z
WMT250404C00088000,WMT250404C00088000,SELL,FILLED,16.0,16.0,@0.61,0.61,DAY,2025-03-25T13:41:44.774Z,2025-03-25T13:41:44.838Z
WMT250404C00088000,WMT250404C00088000,BUY,FILLED,2.0,2.0,@0.98,0.98,DAY,2025-03-24T18:44:52.150Z,2025-03-24T18:44:52.210Z
WMT250404C00088000,WMT250404C00088000,BUY,FILLED,6.0,6.0,@0.98,0.97,DAY,2025-03-24T18:43:42.559Z,2025-03-24T18:44:00.909Z
WMT250404C00088000,WMT250404C00088000,BUY,FILLED,8.0,8.0,@0.94,0.93,DAY,2025-03-24T18:40:46.741Z,2025-03-24T18:40:46.941Z
BABA250516P00125000,BABA250516P00125000,SELL,FILLED,3.0,3.0,@4.1,4.1,DAY,2025-03-24T18:10:12.913Z,2025-03-24T18:10:12.962Z
USO250516C00080000,USO250516C00080000,BUY,FILLED,8.0,8.0,@1.33,1.32,DAY,2025-03-24T15:47:42.149Z,2025-03-24T15:47:42.245Z
MU250516P00090000,MU250516P00090000,SELL,FILLED,5.0,5.0,@3.0,3.0,DAY,2025-03-24T13:48:53.527Z,2025-03-24T13:48:53.573Z
WMT250620P00080000,WMT250620P00080000,SELL,FILLED,10.0,10.0,@1.41,1.41,DAY,2025-03-24T13:48:43.369Z,2025-03-24T13:48:43.418Z
MSTR250516C00400000,MSTR250516C00400000,BUY,FILLED,2.0,2.0,@15.55,15.44,DAY,2025-03-24T13:48:30.533Z,2025-03-24T13:48:30.684Z
QUBT250321P00007500,QUBT250321P00007500,SELL,FILLED,4.0,4.0,@0.25,0.32,DAY,2025-03-21T16:17:30.948Z,2025-03-21T16:17:31.149Z
GLD250620C00287000,GLD250620C00287000,BUY,FILLED,3.0,3.0,@5.6,5.6,DAY,2025-03-21T16:12:39.845Z,2025-03-21T16:12:39.892Z
TSLA250516P00195000,TSLA250516P00195000,SELL,FILLED,2.0,2.0,@8.35,8.35,DAY,2025-03-21T15:18:19.733Z,2025-03-21T15:18:19.781Z
GLD250321P00275000,GLD250321P00275000,SELL,FILLED,8.0,8.0,@0.09,0.09,DAY,2025-03-21T14:31:46.188Z,2025-03-21T14:31:46.244Z
MU250516P00090000,MU250516P00090000,BUY,FILLED,2.0,2.0,@4.1,4.1,DAY,2025-03-21T13:55:04.854Z,2025-03-21T13:55:04.900Z
GLD250516C00279000,GLD250516C00279000,SELL,FILLED,2.0,2.0,@6.6,6.63,DAY,2025-03-21T13:54:22.982Z,2025-03-21T13:54:23.140Z
GLD250516C00279000,GLD250516C00279000,SELL,FILLED,3.0,3.0,@8.5,8.5,DAY,2025-03-20T19:31:29.951Z,2025-03-20T19:31:30.002Z
TSLA250516P00195000,TSLA250516P00195000,BUY,FILLED,2.0,2.0,@10.55,10.55,DAY,2025-03-20T15:33:42.793Z,2025-03-20T15:33:42.874Z
QUBT250321P00007500,QUBT250321P00007500,BUY,FILLED,4.0,4.0,@0.55,0.55,DAY,2025-03-20T15:15:08.087Z,2025-03-20T15:15:08.135Z
BABA250516P00125000,BABA250516P00125000,BUY,FILLED,2.0,2.0,@4.05,4.05,DAY,2025-03-20T15:12:34.833Z,2025-03-20T15:12:34.866Z
GLD250516C00279000,GLD250516C00279000,SELL,FILLED,4.0,4.0,@8.3,8.35,DAY,2025-03-20T15:07:26.809Z,2025-03-20T15:07:27.025Z
MSTR250516C00400000,MSTR250516C00400000,SELL,FILLED,2.0,2.0,@14.9,14.95,DAY,2025-03-20T15:06:31.575Z,2025-03-20T15:06:31.626Z
BABA250516P00125000,BABA250516P00125000,BUY,FILLED,3.0,3.0,@3.9,3.9,DAY,2025-03-20T15:02:41.002Z,2025-03-20T15:02:41.042Z
BABA250516C00170000,BABA250516C00170000,SELL,FILLED,2.0,2.0,@2.25,2.25,DAY,2025-03-20T13:48:53.192Z,2025-03-20T13:48:53.266Z
MSTR250516C00400000,MSTR250516C00400000,BUY,FILLED,1.0,1.0,@15.75,15.75,DAY,2025-03-19T18:15:50.474Z,2025-03-19T18:15:50.519Z
MU250516P00090000,MU250516P00090000,BUY,FILLED,3.0,3.0,@3.9,3.9,DAY,2025-03-19T17:36:47.052Z,2025-03-19T17:36:47.091Z
U250516C00025000,U250516C00025000,SELL,FILLED,16.0,16.0,@1.15,1.15,DAY,2025-03-19T17:33:44.977Z,2025-03-19T17:33:59.758Z
GLD250321P00275000,GLD250321P00275000,BUY,FILLED,8.0,8.0,@0.3,0.3,DAY,2025-03-19T17:23:56.439Z,2025-03-19T17:23:56.495Z
WMT250620P00080000,WMT250620P00080000,BUY,FILLED,5.0,5.0,@2.2,2.2,DAY,2025-03-19T17:21:55.280Z,2025-03-19T17:21:55.328Z
BABA250516C00180000,BABA250516C00180000,SELL,FILLED,8.0,8.0,@2.0,2.01,DAY,2025-03-19T17:19:57.708Z,2025-03-19T17:19:57.760Z
BABA250516C00180000,BABA250516C00180000,BUY,FILLED,8.0,8.0,@2.42,2.42,DAY,2025-03-19T14:04:54.148Z,2025-03-19T14:04:54.187Z
MSTR250516C00400000,MSTR250516C00400000,BUY,FILLED,1.0,1.0,@14.15,14.15,DAY,2025-03-19T13:51:56.468Z,2025-03-19T13:51:56.515Z
BABA250516C00170000,BABA250516C00170000,SELL,FILLED,4.0,4.0,@3.25,3.25,DAY,2025-03-19T13:51:21.041Z,2025-03-19T13:51:21.071Z
MSTR250516C00400000,MSTR250516C00400000,BUY,FILLED,1.0,1.0,@13.9,13.9,DAY,2025-03-19T13:50:33.407Z,2025-03-19T13:50:33.542Z
TIGR250417C00010000,TIGR250417C00010000,SELL,FILLED,8.0,8.0,@0.8,0.82,DAY,2025-03-19T13:46:51.816Z,2025-03-19T13:46:51.957Z
JD250620C00050000,JD250620C00050000,SELL,FILLED,5.0,5.0,@2.24,2.24,DAY,2025-03-19T13:46:35.675Z,2025-03-19T13:46:35.731Z
BABA250516C00170000,BABA250516C00170000,SELL,FILLED,6.0,6.0,@3.4,3.4,DAY,2025-03-19T13:43:04.890Z,2025-03-19T13:43:04.922Z
TSLA250516P00185000,TSLA250516P00185000,SELL,FILLED,2.0,2.0,@8.0,8.05,DAY,2025-03-19T13:36:39.147Z,2025-03-19T13:36:39.256Z
WMT250620P00080000,WMT250620P00080000,BUY,FILLED,5.0,5.0,@2.34,2.34,DAY,2025-03-18T19:38:40.856Z,2025-03-18T19:38:40.958Z
BABA250516C00170000,BABA250516C00170000,BUY,FILLED,1.0,1.0,@3.8,3.75,DAY,2025-03-18T19:20:50.198Z,2025-03-18T19:20:50.351Z
GLD250319C00278000,GLD250319C00278000,SELL,FILLED,1.0,1.0,@2.45,2.48,DAY,2025-03-18T18:55:40.247Z,2025-03-18T18:55:40.387Z
MSTR250620C00470000,MSTR250620C00470000,SELL,FILLED,1.0,1.0,@13.8,13.8,DAY,2025-03-18T16:00:05.271Z,2025-03-18T16:00:05.518Z
U250516C00025000,U250516C00025000,BUY,FILLED,8.0,8.0,@1.2,1.2,DAY,2025-03-18T15:53:01.166Z,2025-03-18T15:53:01.365Z
U250516C00025000,U250516C00025000,BUY,FILLED,8.0,8.0,@1.2,1.2,DAY,2025-03-18T15:52:46.321Z,2025-03-18T15:52:46.358Z
MSTR250620C00470000,MSTR250620C00470000,SELL,FILLED,1.0,1.0,@13.7,13.7,DAY,2025-03-18T15:51:50.888Z,2025-03-18T15:51:50.943Z
GLD250319C00278000,GLD250319C00278000,SELL,FILLED,1.0,1.0,@2.11,2.11,DAY,2025-03-18T15:32:25.881Z,2025-03-18T15:32:25.913Z
TIGR250417C00010000,TIGR250417C00010000,BUY,FILLED,8.0,8.0,@0.63,0.62,DAY,2025-03-18T14:58:05.709Z,2025-03-18T14:58:25.550Z
TSLA250516P00185000,TSLA250516P00185000,BUY,FILLED,2.0,2.0,@10.55,10.52,DAY,2025-03-18T14:19:01.672Z,2025-03-18T14:19:01.841Z
EH250417C00030000,EH250417C00030000,SELL,FILLED,5.0,5.0,@1.15,1.15,DAY,2025-03-18T14:18:32.759Z,2025-03-18T14:18:32.816Z
GLD250319C00278000,GLD250319C00278000,SELL,FILLED,1.0,1.0,@1.83,1.84,DAY,2025-03-18T14:13:21.137Z,2025-03-18T14:13:21.169Z
MSTR250620C00480000,MSTR250620C00480000,SELL,FILLED,2.0,2.0,@11.5,11.5,DAY,2025-03-18T14:12:50.741Z,2025-03-18T14:12:50.782Z
GLD250319C00278000,GLD250319C00278000,BUY,FILLED,3.0,3.0,@0.94,0.94,DAY,2025-03-17T15:53:39.986Z,2025-03-17T15:53:40.075Z
GLD250516C00279000,GLD250516C00279000,BUY,FILLED,4.0,4.0,@6.75,6.75,DAY,2025-03-17T15:11:39.464Z,2025-03-17T15:11:39.512Z
AEM250516C00120000,AEM250516C00120000,SELL,FILLED,18.0,18.0,@1.45,1.45,DAY,2025-03-17T15:11:28.775Z,2025-03-17T15:11:28.828Z
JD250620C00050000,JD250620C00050000,BUY,FILLED,5.0,5.0,@2.98,2.98,DAY,2025-03-17T14:47:49.554Z,2025-03-17T18:43:10.908Z
MSTR250620C00480000,MSTR250620C00480000,BUY,FILLED,2.0,2.0,@13.5,13.5,DAY,2025-03-17T14:25:59.269Z,2025-03-17T14:25:59.356Z
MSTR250620C00470000,MSTR250620C00470000,SELL,FILLED,2.0,2.0,@13.9,13.95,DAY,2025-03-17T14:13:04.987Z,2025-03-17T14:13:05.141Z
EH250417C00030000,EH250417C00030000,SELL,FILLED,15.0,15.0,@1.15,1.16,DAY,2025-03-17T14:05:43.935Z,2025-03-17T14:05:44.068Z
TSLA250321P00210000,TSLA250321P00210000,SELL,FILLED,2.0,2.0,@0.91,0.91,DAY,2025-03-17T13:54:28.847Z,2025-03-17T13:54:28.903Z
BABA250516C00170000,BABA250516C00170000,BUY,FILLED,3.0,3.0,@3.35,3.35,DAY,2025-03-17T13:32:36.174Z,2025-03-17T13:32:36.224Z
TSLA250321P00230000,TSLA250321P00230000,SELL,FILLED,1.0,1.0,@4.9,4.98,DAY,2025-03-17T13:31:54.761Z,2025-03-17T13:31:54.954Z
TSLA250321P00230000,TSLA250321P00230000,BUY,FILLED,1.0,1.0,@3.5,3.5,DAY,2025-03-14T19:42:06.138Z,2025-03-14T19:42:06.689Z
TSLA250321P00210000,TSLA250321P00210000,BUY,FILLED,2.0,2.0,@1.09,1.09,DAY,2025-03-14T19:41:57.254Z,2025-03-14T19:42:11.065Z
MSTR250620C00470000,MSTR250620C00470000,BUY,FILLED,1.0,1.0,@15.1,15.1,DAY,2025-03-14T15:19:31.793Z,2025-03-14T15:19:31.865Z
SLV250516C00033000,SLV250516C00033000,SELL,FILLED,30.0,30.0,@0.63,0.63,DAY,2025-03-14T15:19:17.358Z,2025-03-14T15:19:17.490Z
MSTR250620C00470000,MSTR250620C00470000,BUY,FILLED,1.0,1.0,@14.95,14.83,DAY,2025-03-14T15:18:48.038Z,2025-03-14T15:18:48.176Z
MSTR250620C00470000,MSTR250620C00470000,BUY,FILLED,2.0,2.0,@12.7,12.7,DAY,2025-03-14T14:05:08.335Z,2025-03-14T14:05:08.390Z
QQQ250314C00478000,QQQ250314C00478000,SELL,FILLED,2.0,2.0,@1.62,1.63,DAY,2025-03-14T13:58:05.721Z,2025-03-14T13:58:05.762Z
QQQ250314C00478000,QQQ250314C00478000,SELL,FILLED,2.0,2.0,@1.91,1.94,DAY,2025-03-14T13:47:13.109Z,2025-03-14T13:47:13.316Z
BABA250516C00170000,BABA250516C00170000,BUY,FILLED,3.0,3.0,@3.7,3.65,DAY,2025-03-14T13:33:37.854Z,2025-03-14T13:33:37.933Z
BABA250516C00170000,BABA250516C00170000,BUY,FILLED,1.0,1.0,@3.35,3.35,DAY,2025-03-13T19:17:51.661Z,2025-03-13T19:17:51.711Z
BABA250516C00170000,BABA250516C00170000,BUY,FILLED,4.0,4.0,@3.35,3.35,DAY,2025-03-13T19:15:37.689Z,2025-03-13T19:15:37.742Z
TSLA250516P00190000,TSLA250516P00190000,SELL,FILLED,2.0,2.0,@9.5,9.5,DAY,2025-03-13T18:25:35.731Z,2025-03-13T18:25:35.784Z
WMT250620P00073330,WMT250620P00073330,SELL,FILLED,25.0,25.0,@0.46,0.46,DAY,2025-03-13T17:33:04.183Z,2025-03-13T17:33:04.225Z
WMT250620P00070000,WMT250620P00070000,BUY,FILLED,25.0,25.0,@0.46,0.46,DAY,2025-03-13T17:33:04.183Z,2025-03-13T17:33:04.225Z
QQQ250314C00478000,QQQ250314C00478000,BUY,FILLED,4.0,4.0,@1.12,1.12,DAY,2025-03-13T16:57:21.451Z,2025-03-13T16:57:28.324Z
GLD250516C00279000,GLD250516C00279000,BUY,CANCELLED,0.0,3.0,@4.95,,DAY,2025-03-13T14:41:41.907Z,
SLV250516C00033000,SLV250516C00033000,BUY,FILLED,30.0,30.0,@0.59,0.58,DAY,2025-03-13T14:37:31.238Z,2025-03-13T14:37:31.394Z
EH250417C00030000,EH250417C00030000,BUY,FILLED,10.0,10.0,@0.85,0.85,DAY,2025-03-13T14:17:55.495Z,2025-03-13T14:22:26.867Z
GLD250516C00279000,GLD250516C00279000,BUY,FILLED,3.0,3.0,@5.15,5.15,DAY,2025-03-13T14:16:14.758Z,2025-03-13T14:16:14.834Z
AEM250516C00110000,AEM250516C00110000,SELL,FILLED,5.0,5.0,@3.4,3.4,DAY,2025-03-13T14:16:05.899Z,2025-03-13T14:16:29.060Z
AEM250516C00110000,AEM250516C00110000,SELL,FILLED,3.0,3.0,@3.4,3.4,DAY,2025-03-13T14:15:04.831Z,2025-03-13T14:15:04.886Z
GLD250516C00279000,GLD250516C00279000,BUY,FILLED,2.0,2.0,@5.1,5.1,DAY,2025-03-13T14:14:42.473Z,2025-03-13T14:14:42.515Z
TSLA250516P00190000,TSLA250516P00190000,BUY,FILLED,2.0,2.0,@10.65,10.65,DAY,2025-03-13T14:10:41.182Z,2025-03-13T14:10:42.483Z
QUBT250321C00007000,QUBT250321C00007000,SELL,FILLED,25.0,25.0,@0.2,0.2,DAY,2025-03-13T14:10:14.248Z,2025-03-13T14:37:48.156Z
TSLA250516C00275000,TSLA250516C00275000,SELL,FILLED,1.0,1.0,@15.5,15.55,DAY,2025-03-13T13:54:39.417Z,2025-03-13T13:54:39.454Z
TMUS250516P00230000,TMUS250516P00230000,SELL,FILLED,3.0,3.0,@3.25,3.25,DAY,2025-03-13T13:48:02.055Z,2025-03-13T13:48:02.140Z
TSLA250516C00280000,TSLA250516C00280000,SELL,FILLED,1.0,1.0,@14.95,14.95,DAY,2025-03-13T13:47:50.025Z,2025-03-13T13:47:50.555Z
AEM250516C00120000,AEM250516C00120000,BUY,FILLED,8.0,8.0,@1.35,1.3,DAY,2025-03-12T16:51:44.768Z,2025-03-12T16:51:44.827Z
QUBT250321C00007000,QUBT250321C00007000,BUY,FILLED,25.0,25.0,@0.2,0.2,DAY,2025-03-12T16:38:40.720Z,2025-03-12T16:38:40.848Z
TSLA250516C00280000,TSLA250516C00280000,BUY,FILLED,1.0,1.0,@19.4,19.4,DAY,2025-03-12T16:21:18.524Z,2025-03-12T16:21:18.564Z
TSLA250516C00275000,TSLA250516C00275000,SELL,FILLED,1.0,1.0,@18.4,18.45,DAY,2025-03-12T15:08:39.844Z,2025-03-12T15:08:39.975Z
TSLA250314C00240000,TSLA250314C00240000,SELL,FILLED,1.0,1.0,@11.15,11.15,DAY,2025-03-12T14:52:09.724Z,2025-03-12T14:52:09.773Z
TSLA250314C00240000,TSLA250314C00240000,SELL,FILLED,1.0,1.0,@11.55,11.8,DAY,2025-03-12T13:33:36.331Z,2025-03-12T13:33:36.384Z
EH250417C00030000,EH250417C00030000,BUY,FILLED,10.0,10.0,@1.45,1.45,DAY,2025-03-12T13:30:46.101Z,2025-03-12T13:31:55.267Z
TMUS250516P00230000,TMUS250516P00230000,BUY,FILLED,3.0,3.0,@4.35,4.35,DAY,2025-03-11T16:49:38.836Z,2025-03-11T16:54:49.016Z
TSLA250516C00275000,TSLA250516C00275000,BUY,FILLED,1.0,1.0,@15.1,15.1,DAY,2025-03-11T15:13:50.118Z,2025-03-11T15:13:50.180Z
QQQ250331P00461000,QQQ250331P00461000,SELL,FILLED,1.0,1.0,@0.32,0.32,DAY,2025-03-11T15:13:21.740Z,2025-03-11T16:07:27.019Z
QQQ250331P00460000,QQQ250331P00460000,BUY,FILLED,1.0,1.0,@0.32,0.32,DAY,2025-03-11T15:13:21.740Z,2025-03-11T16:07:27.019Z
TSLA250516C00275000,TSLA250516C00275000,BUY,FILLED,1.0,1.0,@15.25,15.25,DAY,2025-03-11T15:09:59.310Z,2025-03-11T15:12:47.253Z
AEM250516C00120000,AEM250516C00120000,BUY,FILLED,10.0,10.0,@1.45,1.41,DAY,2025-03-11T14:10:13.577Z,2025-03-11T14:10:13.842Z
AEM250516C00110000,AEM250516C00110000,BUY,FILLED,3.0,3.0,@3.1,3.1,DAY,2025-03-11T13:34:57.066Z,2025-03-11T13:35:12.132Z
AEM250516C00110000,AEM250516C00110000,BUY,FILLED,5.0,5.0,@3.2,3.2,DAY,2025-03-11T13:34:24.820Z,2025-03-11T13:34:25.135Z
MSTR250417P00175000,MSTR250417P00175000,SELL,FILLED,1.0,1.0,@9.0,9.0,DAY,2025-03-11T13:30:57.450Z,2025-03-11T13:30:57.491Z
ASML250417P00560000,ASML250417P00560000,SELL,FILLED,2.0,2.0,@7.9,7.9,DAY,2025-03-10T19:28:35.989Z,2025-03-10T19:28:36.089Z
TSLA250314C00240000,TSLA250314C00240000,BUY,FILLED,2.0,2.0,@5.1,5.08,DAY,2025-03-10T19:28:04.444Z,2025-03-10T19:28:04.476Z
WMT250620P00073330,WMT250620P00073330,SELL,CANCELLED,0.0,20.0,@0.35,,DAY,2025-03-10T19:26:57.120Z,
WMT250620P00070000,WMT250620P00070000,BUY,CANCELLED,0.0,20.0,@0.35,,DAY,2025-03-10T19:26:57.120Z,
QQQ250331P00461000,QQQ250331P00461000,SELL,CANCELLED,0.0,1.0,@0.32,,DAY,2025-03-10T19:18:59.482Z,
QQQ250331P00460000,QQQ250331P00460000,BUY,CANCELLED,0.0,1.0,@0.32,,DAY,2025-03-10T19:18:59.482Z,
QQQ250331P00461000,QQQ250331P00461000,SELL,FILLED,49.0,49.0,@0.3,0.3,DAY,2025-03-10T19:18:03.468Z,2025-03-10T19:18:44.889Z
QQQ250331P00460000,QQQ250331P00460000,BUY,FILLED,49.0,49.0,@0.3,0.3,DAY,2025-03-10T19:18:03.468Z,2025-03-10T19:18:44.889Z
MSTR250417P00175000,MSTR250417P00175000,BUY,FILLED,1.0,1.0,@11.35,11.35,DAY,2025-03-10T17:47:50.506Z,2025-03-10T17:47:50.555Z
WMT250620P00085000,WMT250620P00085000,SELL,FILLED,4.0,4.0,@3.4,3.4,DAY,2025-03-10T15:46:44.387Z,2025-03-10T15:46:44.436Z
WMT250620P00085000,WMT250620P00085000,SELL,FILLED,4.0,4.0,@3.4,3.4,DAY,2025-03-10T15:08:44.090Z,2025-03-10T15:08:44.140Z
ASML250417P00560000,ASML250417P00560000,BUY,FILLED,2.0,2.0,@7.0,7.0,DAY,2025-03-10T14:45:26.739Z,2025-03-10T15:24:07.095Z
AEM250516C00105000,AEM250516C00105000,SELL,FILLED,7.0,7.0,@3.3,3.37,DAY,2025-03-10T14:07:20.513Z,2025-03-10T14:07:20.652Z
MSTR250516C00420000,MSTR250516C00420000,SELL,FILLED,1.0,1.0,@11.65,11.9,DAY,2025-03-10T14:04:47.339Z,2025-03-10T14:04:47.434Z
MSTR250516C00420000,MSTR250516C00420000,BUY,FILLED,1.0,1.0,@20.2,19.85,DAY,2025-03-07T20:14:28.775Z,2025-03-07T20:14:28.869Z
MU250620P00080000,MU250620P00080000,SELL,FILLED,2.0,2.0,@4.7,4.7,DAY,2025-03-07T20:13:55.061Z,2025-03-07T20:13:55.108Z
AEM250516C00105000,AEM250516C00105000,BUY,FILLED,2.0,2.0,@4.1,4.05,DAY,2025-03-07T19:22:47.028Z,2025-03-07T19:22:47.162Z
WMT250620P00085000,WMT250620P00085000,SELL,FILLED,7.0,7.0,@2.11,2.11,DAY,2025-03-07T19:16:27.244Z,2025-03-07T19:16:27.287Z
MU250620P00080000,MU250620P00080000,BUY,FILLED,2.0,2.0,@5.25,5.24,DAY,2025-03-07T18:32:23.825Z,2025-03-07T18:32:23.983Z
WMT250620P00085000,WMT250620P00085000,SELL,FILLED,15.0,15.0,@2.6,2.62,DAY,2025-03-07T17:31:59.592Z,2025-03-07T17:31:59.658Z
FUTU250516C00120000,FUTU250516C00120000,SELL,FILLED,3.0,3.0,@11.3,11.44,DAY,2025-03-07T16:35:40.259Z,2025-03-07T16:35:40.293Z
MSTR250307P00270000,MSTR250307P00270000,SELL,FILLED,1.0,1.0,@7.3,7.3,DAY,2025-03-05T14:55:12.728Z,2025-03-05T14:55:12.911Z
FUTU250516C00120000,FUTU250516C00120000,BUY,FILLED,1.0,1.0,@13.1,13.1,DAY,2025-03-05T14:55:02.653Z,2025-03-05T14:55:02.911Z
TSLA250307P00252500,TSLA250307P00252500,SELL,FILLED,5.0,5.0,@2.64,2.69,DAY,2025-03-05T14:52:13.803Z,2025-03-05T14:52:13.839Z
MSTR250307P00270000,MSTR250307P00270000,BUY,FILLED,1.0,1.0,@7.9,7.9,DAY,2025-03-05T14:50:02.318Z,2025-03-05T14:50:04.525Z
TSLA250307P00252500,TSLA250307P00252500,BUY,FILLED,5.0,5.0,@2.03,2.03,DAY,2025-03-04T20:34:55.066Z,2025-03-04T20:34:55.387Z
WMT250620P00085000,WMT250620P00085000,BUY,FILLED,10.0,10.0,@1.47,1.47,DAY,2025-03-04T20:32:06.468Z,2025-03-04T20:32:06.558Z
FUTU250516C00120000,FUTU250516C00120000,BUY,FILLED,2.0,2.0,@10.3,10.3,DAY,2025-03-04T19:37:47.207Z,2025-03-04T19:37:47.244Z
MSTR250516P00200000,MSTR250516P00200000,SELL,FILLED,2.0,2.0,@12.45,12.45,DAY,2025-03-04T19:07:37.295Z,2025-03-04T19:07:37.329Z
MSTR250516P00200000,MSTR250516P00200000,SELL,FILLED,1.0,1.0,@13.85,13.85,DAY,2025-03-04T18:47:14.044Z,2025-03-04T18:47:14.075Z
TSLA250307P00255000,TSLA250307P00255000,SELL,FILLED,4.0,4.0,@2.91,2.93,DAY,2025-03-04T18:15:04.197Z,2025-03-04T18:15:04.236Z
QQQ250331P00461000,QQQ250331P00461000,BUY,FILLED,50.0,50.0,@0.2,0.2,DAY,2025-03-04T14:32:37.935Z,2025-03-04T15:27:10.516Z
QQQ250331P00460000,QQQ250331P00460000,SELL,FILLED,50.0,50.0,@0.2,0.2,DAY,2025-03-04T14:32:37.935Z,2025-03-04T15:27:10.516Z
TSLA250307P00255000,TSLA250307P00255000,BUY,FILLED,4.0,4.0,@2.62,2.62,DAY,2025-03-03T20:10:46.646Z,2025-03-03T20:10:52.425Z
WMT250620P00085000,WMT250620P00085000,BUY,FILLED,10.0,10.0,@1.28,1.26,DAY,2025-03-03T20:03:55.225Z,2025-03-03T20:03:55.262Z
WMT250620P00085000,WMT250620P00085000,BUY,FILLED,10.0,10.0,@1.11,1.11,DAY,2025-03-03T19:11:37.419Z,2025-03-03T19:11:37.482Z
MSTR250516P00200000,MSTR250516P00200000,BUY,FILLED,1.0,1.0,@16.7,16.7,DAY,2025-03-03T18:32:48.805Z,2025-03-03T18:32:48.836Z
MSTR250516P00200000,MSTR250516P00200000,BUY,FILLED,2.0,2.0,@15.0,14.79,DAY,2025-03-03T18:18:32.252Z,2025-03-03T18:18:32.387Z
JD250516C00048000,JD250516C00048000,SELL,FILLED,3.0,3.0,@1.81,1.83,DAY,2025-03-03T18:12:09.251Z,2025-03-03T18:12:09.379Z
TSLA250417C00320000,TSLA250417C00320000,SELL,FILLED,1.0,1.0,@14.3,14.3,DAY,2025-03-03T18:07:33.066Z,2025-03-03T18:07:33.117Z
AEM250516C00105000,AEM250516C00105000,BUY,FILLED,5.0,5.0,@3.7,3.69,DAY,2025-03-03T15:19:57.495Z,2025-03-03T15:19:57.622Z
TSLA250417C00320000,TSLA250417C00320000,BUY,FILLED,1.0,1.0,@15.8,15.8,DAY,2025-02-28T20:07:19.544Z,2025-02-28T20:07:19.631Z
TSLA250417C00320000,TSLA250417C00320000,SELL,FILLED,1.0,1.0,@13.45,13.45,DAY,2025-02-28T18:14:24.116Z,2025-02-28T18:14:24.150Z
TSLA250417C00320000,TSLA250417C00320000,BUY,FILLED,1.0,1.0,@15.1,15.05,DAY,2025-02-28T17:44:58.510Z,2025-02-28T17:44:58.642Z
MSTR250417P00250000,MSTR250417P00250000,SELL,FILLED,1.0,1.0,@29.15,29.2,DAY,2025-02-28T15:21:46.376Z,2025-02-28T15:21:46.456Z
NVDA250307P00121000,NVDA250307P00121000,SELL,FILLED,4.0,4.0,@5.45,5.61,DAY,2025-02-28T14:44:09.850Z,2025-02-28T14:44:10.004Z
MSTR250417P00210000,MSTR250417P00210000,SELL,FILLED,1.0,1.0,@17.2,17.25,DAY,2025-02-28T14:44:01.361Z,2025-02-28T14:44:01.438Z
MSTR250417P00210000,MSTR250417P00210000,SELL,FILLED,1.0,1.0,@17.55,18.04,DAY,2025-02-28T14:37:29.955Z,2025-02-28T14:37:30.093Z
JD250516C00048000,JD250516C00048000,SELL,FILLED,6.0,6.0,@2.03,2.03,DAY,2025-02-28T14:35:31.894Z,2025-02-28T14:35:32.075Z
YINN250417C00040000,YINN250417C00040000,SELL,FILLED,1.0,1.0,@4.95,4.95,DAY,2025-02-28T14:30:54.796Z,2025-02-28T14:30:54.839Z
MSTR250417P00210000,MSTR250417P00210000,BUY,FILLED,2.0,2.0,@11.85,11.77,DAY,2025-02-27T17:45:04.545Z,2025-02-27T17:45:04.675Z
MSTR250417P00220000,MSTR250417P00220000,SELL,FILLED,2.0,2.0,@14.1,14.15,DAY,2025-02-27T17:34:46.671Z,2025-02-27T17:34:46.731Z
JD250516C00048000,JD250516C00048000,BUY,FILLED,1.0,1.0,@2.89,2.89,DAY,2025-02-27T16:31:55.515Z,2025-02-27T16:31:55.547Z
JD250516C00048000,JD250516C00048000,BUY,FILLED,2.0,2.0,@2.94,2.92,DAY,2025-02-27T16:31:42.691Z,2025-02-27T16:31:42.722Z
NVDA250307P00121000,NVDA250307P00121000,BUY,FILLED,4.0,4.0,@2.51,2.51,DAY,2025-02-27T15:01:44.435Z,2025-02-27T15:01:44.842Z
JD250516C00048000,JD250516C00048000,SELL,FILLED,6.0,6.0,@2.27,2.28,DAY,2025-02-27T15:00:21.986Z,2025-02-27T15:00:22.042Z
MSTR250417P00220000,MSTR250417P00220000,BUY,FILLED,2.0,2.0,@14.7,14.7,DAY,2025-02-26T18:06:48.879Z,2025-02-26T18:06:48.911Z
JD250516C00048000,JD250516C00048000,BUY,FILLED,2.0,2.0,@2.73,2.71,DAY,2025-02-26T14:39:45.417Z,2025-02-26T14:39:45.468Z
JD250516C00048000,JD250516C00048000,BUY,FILLED,10.0,10.0,@2.68,2.68,DAY,2025-02-26T14:39:28.564Z,2025-02-26T14:39:28.616Z
MSTR250417P00250000,MSTR250417P00250000,SELL,FILLED,1.0,1.0,@29.6,29.6,DAY,2025-02-25T19:58:28.657Z,2025-02-25T19:58:28.710Z
MSTR250417P00250000,MSTR250417P00250000,SELL,FILLED,1.0,1.0,@26.3,26.3,DAY,2025-02-25T14:50:44.375Z,2025-02-25T14:50:44.421Z
MSTR250417P00250000,MSTR250417P00250000,BUY,FILLED,1.0,1.0,@13.75,13.75,DAY,2025-02-24T14:45:22.100Z,2025-02-24T14:45:22.136Z
MSTR250417P00250000,MSTR250417P00250000,BUY,FILLED,1.0,1.0,@13.95,13.9,DAY,2025-02-24T14:34:39.922Z,2025-02-24T14:34:39.980Z
BILI250417C00027000,BILI250417C00027000,SELL,FILLED,15.0,15.0,@0.76,0.76,DAY,2025-02-24T14:33:54.563Z,2025-02-24T14:33:54.610Z
MSTR250417P00250000,MSTR250417P00250000,BUY,FILLED,1.0,1.0,@13.55,13.37,DAY,2025-02-24T14:32:36.113Z,2025-02-24T14:32:36.285Z
YINN250417C00040000,YINN250417C00040000,SELL,FILLED,1.0,1.0,@8.95,8.95,DAY,2025-02-21T20:30:18.209Z,2025-02-21T20:30:18.242Z
FUTU250321C00130000,FUTU250321C00130000,SELL,FILLED,2.0,2.0,@7.85,7.85,DAY,2025-02-21T20:30:11.925Z,2025-02-21T20:30:11.960Z
NIO250417C00006000,NIO250417C00006000,SELL,FILLED,40.0,40.0,@0.19,0.19,DAY,2025-02-21T20:30:01.812Z,2025-02-21T20:30:01.959Z
XPEV250417C00020000,XPEV250417C00020000,SELL,FILLED,5.0,5.0,@1.53,1.53,DAY,2025-02-21T20:29:51.001Z,2025-02-21T20:29:51.049Z
BILI250417C00027000,BILI250417C00027000,BUY,FILLED,5.0,5.0,@1.94,1.94,DAY,2025-02-21T16:15:52.080Z,2025-02-21T16:15:52.112Z
BILI250417C00027000,BILI250417C00027000,BUY,FILLED,5.0,5.0,@1.95,1.95,DAY,2025-02-21T16:15:04.613Z,2025-02-21T16:15:04.673Z
XPEV250417C00020000,XPEV250417C00020000,SELL,FILLED,5.0,5.0,@1.62,1.64,DAY,2025-02-21T14:33:43.803Z,2025-02-21T14:33:43.936Z
NIO250417C00006000,NIO250417C00006000,BUY,FILLED,40.0,40.0,@0.23,0.23,DAY,2025-02-21T14:33:16.107Z,2025-02-21T14:33:16.188Z
YINN250417C00040000,YINN250417C00040000,SELL,FILLED,3.0,3.0,@6.95,6.95,DAY,2025-02-20T16:52:57.126Z,2025-02-20T16:52:57.161Z
FUTU250321C00130000,FUTU250321C00130000,BUY,FILLED,1.0,1.0,@10.95,10.95,DAY,2025-02-20T14:36:31.047Z,2025-02-20T14:36:46.858Z
BILI250417C00027000,BILI250417C00027000,BUY,FILLED,5.0,5.0,@1.96,1.96,DAY,2025-02-20T14:31:06.018Z,2025-02-20T14:35:53.419Z
ACHR250417C00013000,ACHR250417C00013000,SELL,FILLED,10.0,10.0,@0.96,0.96,DAY,2025-02-19T15:17:54.478Z,2025-02-19T15:17:54.516Z
WMT250620P00073330,WMT250620P00073330,SELL,CANCELLED,0.0,100.0,@0.11,,DAY,2025-02-18T15:05:09.068Z,
WMT250620P00070000,WMT250620P00070000,BUY,CANCELLED,0.0,100.0,@0.11,,DAY,2025-02-18T15:05:09.068Z,
WMT250620P00073330,WMT250620P00073330,BUY,FILLED,100.0,100.0,@0.13,0.13,DAY,2025-02-18T14:59:00.065Z,2025-02-18T14:59:00.110Z
WMT250620P00070000,WMT250620P00070000,SELL,FILLED,100.0,100.0,@0.13,0.13,DAY,2025-02-18T14:59:00.065Z,2025-02-18T14:59:00.110Z
ACHR250417C00013000,ACHR250417C00013000,BUY,FILLED,10.0,10.0,@1.41,1.41,DAY,2025-02-18T14:46:27.292Z,2025-02-18T14:54:39.462Z
JD250321C00045000,JD250321C00045000,SELL,FILLED,10.0,10.0,@1.19,1.19,DAY,2025-02-18T14:44:43.664Z,2025-02-18T14:44:43.694Z
FUTU250321C00130000,FUTU250321C00130000,SELL,FILLED,1.0,1.0,@8.55,8.73,DAY,2025-02-14T19:32:23.628Z,2025-02-14T19:32:23.764Z
FUTU250321C00130000,FUTU250321C00130000,SELL,FILLED,1.0,1.0,@8.5,8.5,DAY,2025-02-14T19:29:17.036Z,2025-02-14T19:29:17.067Z
FUTU250321C00130000,FUTU250321C00130000,SELL,FILLED,1.0,1.0,@9.1,9.1,DAY,2025-02-14T15:01:24.683Z,2025-02-14T15:01:24.892Z
FUTU250321C00130000,FUTU250321C00130000,BUY,FILLED,1.0,1.0,@7.35,7.35,DAY,2025-02-13T18:12:21.217Z,2025-02-13T18:12:21.251Z
FUTU250321C00130000,FUTU250321C00130000,BUY,FILLED,1.0,1.0,@7.35,7.2,DAY,2025-02-13T18:12:17.709Z,2025-02-13T18:12:17.840Z
XPEV250417C00020000,XPEV250417C00020000,BUY,FILLED,10.0,10.0,@0.8,0.8,DAY,2025-02-12T16:58:59.207Z,2025-02-12T16:58:59.290Z
YINN250417C00040000,YINN250417C00040000,SELL,FILLED,2.0,2.0,@4.95,5.0,DAY,2025-02-12T16:58:24.486Z,2025-02-12T16:58:24.634Z
YINN250417C00040000,YINN250417C00040000,SELL,FILLED,3.0,3.0,@4.95,4.95,DAY,2025-02-12T16:58:10.592Z,2025-02-12T16:58:10.640Z
FUTU250321C00130000,FUTU250321C00130000,BUY,FILLED,2.0,2.0,@5.3,5.3,DAY,2025-02-12T14:50:44.137Z,2025-02-12T14:50:44.366Z
JD250321C00045000,JD250321C00045000,SELL,FILLED,11.0,11.0,@1.26,1.26,DAY,2025-02-12T14:49:39.033Z,2025-02-12T14:49:39.065Z
JD250321C00045000,JD250321C00045000,BUY,FILLED,11.0,11.0,@1.37,1.37,DAY,2025-02-12T14:35:53.115Z,2025-02-12T14:35:53.144Z
JD250321C00045000,JD250321C00045000,SELL,FILLED,11.0,11.0,@1.2,1.21,DAY,2025-02-12T14:31:38.540Z,2025-02-12T14:31:38.585Z
JD250321C00045000,JD250321C00045000,BUY,FILLED,6.0,6.0,@1.54,1.54,DAY,2025-02-07T20:07:32.215Z,2025-02-07T20:07:32.244Z
JD250221C00041000,JD250221C00041000,SELL,FILLED,10.0,10.0,@1.1,1.1,DAY,2025-02-07T20:07:23.633Z,2025-02-07T20:07:23.661Z
JD250321C00045000,JD250321C00045000,BUY,FILLED,15.0,15.0,@1.86,1.86,DAY,2025-01-31T19:35:16.097Z,2025-01-31T19:35:16.132Z
JD250221C00041000,JD250221C00041000,SELL,FILLED,15.0,15.0,@1.7,1.71,DAY,2025-01-31T18:29:09.813Z,2025-01-31T18:29:09.861Z
JD250221C00041000,JD250221C00041000,BUY,FILLED,8.0,8.0,@1.45,1.45,DAY,2025-01-17T20:04:35.963Z,2025-01-17T20:04:36.013Z
MARA250117C00030000,MARA250117C00030000,BUY,FILLED,6.0,6.0,@0.1,0.1,DAY,2025-01-03T18:45:42.144Z,2025-01-03T18:45:42.228Z
