Name,Symbol,InstrumentType,Side,Action,PositionIntent,Status,Filled,Total Qty,Price,Avg Price,Time-in-Force,Placed Time,Filled Time
SMST,SMST,EQUITY,BUY,BUY,,CANCELLED,0.0,40.0,@96.07,,DAY,2026-06-26T20:11:31.456Z,
SMST,SMST,EQUITY,BUY,BUY,,CANCELLED,0.0,40.0,@96.1,,DAY,2026-06-26T20:10:00.693Z,
MSFT,MSFT,EQUITY,SELL,SELL,,FILLED,13.0,13.0,@372.0,372.0,DAY,2026-06-26T20:04:14.230Z,2026-06-26T20:04:14.269Z
SNOW,SNOW,EQUITY,SELL,SELL,,FILLED,25.0,25.0,@247.53,247.57,DAY,2026-06-26T20:04:08.718Z,2026-06-26T20:04:08.755Z
BE260702P00240000,BE260702P00240000,OPTION,BUY,BTO,BUY_TO_OPEN,FILLED,1.0,1.0,@12.0,11.17,DAY,2026-06-26T19:51:38.314Z,2026-06-26T19:51:45.956Z
GLD260706C00379000,GLD260706C00379000,OPTION,BUY,BTO,BUY_TO_OPEN,FILLED,3.0,3.0,@3.4,3.32,DAY,2026-06-26T19:14:10.244Z,2026-06-26T19:14:21.283Z
BE260702P00240000,BE260702P00240000,OPTION,SELL,STC,SELL_TO_CLOSE,FILLED,2.0,2.0,@4.65,4.65,DAY,2026-06-26T19:14:01.194Z,2026-06-26T19:14:25.631Z
MSTR260702P00067000,MSTR260702P00067000,OPTION,SELL,STC,SELL_TO_CLOSE,FILLED,6.0,6.0,@0.73,0.76,DAY,2026-06-26T19:09:05.593Z,2026-06-26T19:09:22.039Z
UMC260717P00020000,UMC260717P00020000,OPTION,BUY,BTO,BUY_TO_OPEN,FILLED,20.0,20.0,@0.4,0.4,DAY,2026-06-26T19:00:21.160Z,2026-06-26T19:00:52.361Z
AMKR260717P00065000,AMKR260717P00065000,OPTION,BUY,BTO,BUY_TO_OPEN,FILLED,3.0,3.0,@1.9,1.9,DAY,2026-06-26T18:58:41.901Z,2026-06-26T18:58:55.826Z
MSTR260702P00067000,MSTR260702P00067000,OPTION,SELL,STC,SELL_TO_CLOSE,FILLED,7.0,7.0,@0.8,0.81,DAY,2026-06-26T18:51:29.565Z,2026-06-26T18:51:29.807Z
MU260702P00900000,MU260702P00900000,OPTION,SELL,STC,SELL_TO_CLOSE,FILLED,2.0,2.0,@5.35,5.35,DAY,2026-06-26T18:47:26.098Z,2026-06-26T18:47:33.947Z
MSTR260702P00067000,MSTR260702P00067000,OPTION,BUY,BTO,BUY_TO_OPEN,FILLED,15.0,15.0,@0.78,0.78,DAY,2026-06-26T18:47:20.746Z,2026-06-26T18:47:20.803Z
MU260702P00900000,MU260702P00900000,OPTION,BUY,BTO,BUY_TO_OPEN,FILLED,2.0,2.0,@5.25,5.25,DAY,2026-06-26T18:31:19.505Z,2026-06-26T18:31:27.126Z
GLD260706C00379000,GLD260706C00379000,OPTION,SELL,STC,SELL_TO_CLOSE,FILLED,3.0,3.0,@3.55,3.55,DAY,2026-06-26T17:53:48.328Z,2026-06-26T17:53:56.268Z
GTLB,GTLB,EQUITY,SELL,SELL,,FILLED,200.0,200.0,@28.55,28.55,DAY,2026-06-26T17:26:35.787Z,2026-06-26T17:26:42.074Z
WTIU,WTIU,EQUITY,BUY,BUY,,FILLED,400.0,400.0,,13.41,DAY,2026-06-26T17:26:02.627Z,2026-06-26T17:26:17.482Z
WTIU,WTIU,EQUITY,SELL,SELL,,FILLED,400.0,400.0,@13.34,13.36,DAY,2026-06-26T17:12:14.993Z,2026-06-26T17:12:15.040Z
BE260702P00240000,BE260702P00240000,OPTION,BUY,BTO,BUY_TO_OPEN,FILLED,2.0,2.0,@5.8,5.8,DAY,2026-06-26T16:02:39.566Z,2026-06-26T16:02:39.611Z
SNOW260710C00260000,SNOW260710C00260000,OPTION,BUY,BTO,BUY_TO_OPEN,FILLED,3.0,3.0,@3.25,3.25,DAY,2026-06-26T15:34:24.902Z,2026-06-26T15:34:40.827Z
CRWV260710P00080000,CRWV260710P00080000,OPTION,BUY,BTO,BUY_TO_OPEN,FILLED,4.0,4.0,@1.51,1.51,DAY,2026-06-26T15:13:28.069Z,2026-06-26T15:13:28.232Z
SNOW260626C00240000,SNOW260626C00240000,OPTION,SELL,STC,SELL_TO_CLOSE,FILLED,3.0,3.0,@0.33,0.33,DAY,2026-06-26T15:05:33.745Z,2026-06-26T15:05:39.454Z
MSFT260626C00375000,MSFT260626C00375000,OPTION,SELL,STC,SELL_TO_CLOSE,FILLED,5.0,5.0,@0.34,0.34,DAY,2026-06-26T15:05:10.260Z,2026-06-26T15:05:10.307Z
MSFT260706C00380000,MSFT260706C00380000,OPTION,SELL,STC,SELL_TO_CLOSE,FILLED,4.0,4.0,@3.9,3.9,DAY,2026-06-26T15:05:05.230Z,2026-06-26T15:05:18.208Z
SNOW260626C00240000,SNOW260626C00240000,OPTION,BUY,BTO,BUY_TO_OPEN,FILLED,3.0,3.0,@0.44,0.42,DAY,2026-06-26T14:57:31.033Z,2026-06-26T14:57:31.083Z
IBIT260706P00030000,IBIT260706P00030000,OPTION,SELL,STC,SELL_TO_CLOSE,FILLED,50.0,50.0,@0.16,0.16,DAY,2026-06-26T14:51:42.538Z,2026-06-26T14:51:42.634Z
MSFT260626C00375000,MSFT260626C00375000,OPTION,SELL,STC,SELL_TO_CLOSE,FILLED,5.0,5.0,@0.33,0.33,DAY,2026-06-26T14:49:53.556Z,2026-06-26T14:49:53.708Z
INTC260626P00125000,INTC260626P00125000,OPTION,SELL,STC,SELL_TO_CLOSE,FILLED,5.0,5.0,@0.26,0.29,DAY,2026-06-26T14:49:28.430Z,2026-06-26T14:49:28.593Z
MSFT260626C00375000,MSFT260626C00375000,OPTION,BUY,BTO,BUY_TO_OPEN,FILLED,10.0,10.0,@0.44,0.43,DAY,2026-06-26T14:49:23.118Z,2026-06-26T14:49:23.309Z
MSTR260710P00090000,MSTR260710P00090000,OPTION,SELL,STC,SELL_TO_CLOSE,FILLED,1.0,1.0,@9.45,9.45,DAY,2026-06-26T14:43:56.751Z,2026-06-26T14:44:24.671Z
INTC260626P00125000,INTC260626P00125000,OPTION,BUY,BTO,BUY_TO_OPEN,FILLED,5.0,5.0,@0.42,0.38,DAY,2026-06-26T14:35:32.722Z,2026-06-26T14:35:32.762Z
SNOW,SNOW,EQUITY,BUY,BUY,,FILLED,25.0,25.0,,232.92,DAY,2026-06-26T14:34:07.420Z,1782484470245
SNOW,SNOW,EQUITY,SELL,SELL,,CANCELLED,0.0,25.0,,,GTC,2026-06-26T14:34:07.420Z,
CRWV260710P00080000,CRWV260710P00080000,OPTION,BUY,BTO,BUY_TO_OPEN,FILLED,8.0,8.0,@1.38,1.38,DAY,2026-06-26T14:32:14.745Z,2026-06-26T14:32:29.337Z
IREN260702P00043500,IREN260702P00043500,OPTION,SELL,STC,SELL_TO_CLOSE,FILLED,5.0,5.0,@1.36,1.36,DAY,2026-06-26T14:13:31.591Z,2026-06-26T14:13:31.647Z
IREN260702P00043500,IREN260702P00043500,OPTION,BUY,BTO,BUY_TO_OPEN,FILLED,5.0,5.0,@1.56,1.56,DAY,2026-06-26T14:11:30.262Z,2026-06-26T14:11:41.187Z
GLD260706C00379000,GLD260706C00379000,OPTION,BUY,BTO,BUY_TO_OPEN,FILLED,3.0,3.0,@3.95,3.62,DAY,2026-06-26T14:00:25.592Z,2026-06-26T14:00:25.837Z
IBIT260706P00030000,IBIT260706P00030000,OPTION,SELL,STC,SELL_TO_CLOSE,CANCELLED,0.0,50.0,@0.19,,DAY,2026-06-26T13:59:01.687Z,
MU260626P01085000,MU260626P01085000,OPTION,SELL,STC,SELL_TO_CLOSE,FILLED,1.0,1.0,@1.13,1.13,DAY,2026-06-26T13:57:46.996Z,2026-06-26T13:58:11.131Z
INTC260626P00122000,INTC260626P00122000,OPTION,SELL,STC,SELL_TO_CLOSE,FILLED,5.0,5.0,@0.27,0.27,DAY,2026-06-26T13:57:41.106Z,2026-06-26T13:57:41.260Z
MSTR260710P00090000,MSTR260710P00090000,OPTION,SELL,STC,SELL_TO_CLOSE,FILLED,1.0,1.0,@9.65,9.73,DAY,2026-06-26T13:47:29.656Z,2026-06-26T13:47:29.819Z
INTC260626P00122000,INTC260626P00122000,OPTION,SELL,STC,SELL_TO_CLOSE,FILLED,5.0,5.0,@0.66,0.66,DAY,2026-06-26T13:40:33.768Z,2026-06-26T13:40:33.864Z
IREN260702P00046000,IREN260702P00046000,OPTION,SELL,STC,SELL_TO_CLOSE,FILLED,8.0,8.0,@2.5,2.66,DAY,2026-06-26T13:36:14.094Z,2026-06-26T13:36:14.220Z
IBIT260717P00030000,IBIT260717P00030000,OPTION,SELL,STC,SELL_TO_CLOSE,FILLED,10.0,10.0,@0.54,0.54,DAY,2026-06-26T13:33:36.211Z,2026-06-26T13:33:51.489Z
SPCX260626P00146000,SPCX260626P00146000,OPTION,SELL,STC,SELL_TO_CLOSE,FILLED,2.0,2.0,@1.15,1.15,DAY,2026-06-26T13:33:27.945Z,2026-06-26T13:33:28.033Z
INTC260626P00122000,INTC260626P00122000,OPTION,BUY,BTO,BUY_TO_OPEN,FILLED,10.0,10.0,@0.76,0.76,DAY,2026-06-26T13:33:22.289Z,2026-06-26T13:33:22.329Z
SPCX260626P00146000,SPCX260626P00146000,OPTION,BUY,BTO,BUY_TO_OPEN,FILLED,2.0,2.0,@1.0,1.0,DAY,2026-06-26T13:30:42.793Z,2026-06-26T13:30:42.935Z
GTLB,GTLB,EQUITY,SELL,SELL,,CANCELLED,0.0,200.0,@27.27,,DAY,2026-06-26T02:46:25.958Z,
IREN,IREN,EQUITY,SELL,SELL,,FILLED,100.0,100.0,@47.42,47.44,DAY,2026-06-25T19:43:15.323Z,2026-06-25T19:43:15.363Z
QQQ260625P00713000,QQQ260625P00713000,OPTION,SELL,STC,SELL_TO_CLOSE,FILLED,3.0,3.0,@0.56,0.57,DAY,2026-06-25T19:26:19.642Z,2026-06-25T19:26:19.862Z
QQQ260625P00713000,QQQ260625P00713000,OPTION,SELL,STC,SELL_TO_CLOSE,FILLED,3.0,3.0,,0.81,DAY,2026-06-25T19:16:09.684Z,2026-06-25T19:16:09.728Z
IBIT260717P00030000,IBIT260717P00030000,OPTION,BUY,BTO,BUY_TO_OPEN,FILLED,10.0,10.0,@0.48,0.48,DAY,2026-06-25T19:13:22.336Z,2026-06-25T19:13:22.549Z
QQQ260625C00720000,QQQ260625C00720000,OPTION,SELL,STC,SELL_TO_CLOSE,FILLED,5.0,5.0,@0.19,0.2,DAY,2026-06-25T19:02:12.661Z,2026-06-25T19:02:12.868Z
QQQ260625C00720000,QQQ260625C00720000,OPTION,BUY,BTO,BUY_TO_OPEN,FILLED,5.0,5.0,@0.29,0.29,DAY,2026-06-25T19:00:37.759Z,2026-06-25T19:00:37.918Z
QQQ260625P00713000,QQQ260625P00713000,OPTION,BUY,BTO,BUY_TO_OPEN,FILLED,6.0,6.0,@0.43,0.42,DAY,2026-06-25T19:00:06.996Z,2026-06-25T19:00:19.500Z
IBIT260706P00030000,IBIT260706P00030000,OPTION,BUY,BTO,BUY_TO_OPEN,FILLED,25.0,25.0,@0.23,0.23,DAY,2026-06-25T18:46:44.932Z,2026-06-25T18:46:44.970Z
MSFT260717C00380000,MSFT260717C00380000,OPTION,BUY,BTO,BUY_TO_OPEN,FILLED,1.0,1.0,@4.55,4.51,DAY,2026-06-25T18:35:41.586Z,2026-06-25T18:35:41.732Z
MSTR260710P00090000,MSTR260710P00090000,OPTION,SELL,STC,SELL_TO_CLOSE,FILLED,1.0,1.0,@8.5,8.71,DAY,2026-06-25T18:10:44.075Z,2026-06-25T18:10:44.212Z
MSFT260706C00380000,MSFT260706C00380000,OPTION,SELL,STC,SELL_TO_CLOSE,FILLED,5.0,5.0,@1.09,1.09,DAY,2026-06-25T17:54:47.641Z,2026-06-25T17:54:52.378Z
MSFT260706C00380000,MSFT260706C00380000,OPTION,BUY,BTO,BUY_TO_OPEN,FILLED,10.0,10.0,@1.1,1.1,DAY,2026-06-25T16:55:03.648Z,2026-06-25T16:55:03.812Z
MSTR260626P00075000,MSTR260626P00075000,OPTION,SELL,STC,SELL_TO_CLOSE,FILLED,15.0,15.0,@0.4,0.41,DAY,2026-06-25T16:54:27.005Z,2026-06-25T16:54:42.335Z
MSFT,MSFT,EQUITY,SELL,SELL,,FILLED,1.0,1.0,@351.54,351.54,DAY,2026-06-25T16:53:46.000Z,2026-06-25T16:53:46.093Z
MSFT,MSFT,EQUITY,SELL,SELL,,FILLED,3.0,3.0,@351.62,351.62,DAY,2026-06-25T16:53:37.836Z,2026-06-25T16:53:37.875Z
PLTR260626P00105000,PLTR260626P00105000,OPTION,SELL,STC,SELL_TO_CLOSE,FILLED,3.0,3.0,@0.69,0.69,DAY,2026-06-25T16:39:19.414Z,2026-06-25T16:39:19.787Z
MSTR260626P00075000,MSTR260626P00075000,OPTION,BUY,BTO,BUY_TO_OPEN,FILLED,15.0,15.0,@0.36,0.36,DAY,2026-06-25T16:39:08.728Z,2026-06-25T16:39:08.809Z
SHNY,SHNY,EQUITY,BUY,BUY,,FILLED,777.0,777.0,@8.07,8.07,DAY,2026-06-25T15:46:20.040Z,2026-06-25T15:46:36.197Z
WTIU,WTIU,EQUITY,BUY,BUY,,FILLED,400.0,400.0,@13.55,13.53,DAY,2026-06-25T15:13:19.543Z,2026-06-25T15:13:32.338Z
PLTR260626P00105000,PLTR260626P00105000,OPTION,BUY,BTO,BUY_TO_OPEN,FILLED,3.0,3.0,@1.03,1.03,DAY,2026-06-25T15:09:22.646Z,2026-06-25T15:09:37.811Z
BIDU260710P00100000,BIDU260710P00100000,OPTION,SELL,STC,SELL_TO_CLOSE,FILLED,2.0,2.0,@2.05,2.05,DAY,2026-06-25T14:58:01.070Z,2026-06-25T14:58:01.107Z
MSFT,MSFT,EQUITY,BUY,BUY,,FILLED,17.0,17.0,@357.2,357.2,DAY,2026-06-25T14:43:29.102Z,2026-06-25T14:43:29.894Z
BE,BE,EQUITY,BUY,BUY,,CANCELLED,0.0,20.0,,,DAY,2026-06-25T14:42:25.110Z,
BE,BE,EQUITY,SHORT,SHORT,,FILLED,20.0,20.0,@321.16,321.16,DAY,2026-06-25T14:41:59.153Z,2026-06-25T14:41:59.192Z
GTLB,GTLB,EQUITY,BUY,BUY,,FILLED,200.0,200.0,@28.69,28.69,DAY,2026-06-25T14:39:07.556Z,2026-06-25T14:39:17.426Z
MU260626P01085000,MU260626P01085000,OPTION,BUY,BTO,BUY_TO_OPEN,FILLED,1.0,1.0,@13.0,13.0,DAY,2026-06-25T14:16:13.607Z,2026-06-25T14:16:32.246Z
MU260626P01085000,MU260626P01085000,OPTION,SELL,STC,SELL_TO_CLOSE,FILLED,1.0,1.0,@7.75,7.75,DAY,2026-06-25T14:11:01.250Z,2026-06-25T14:11:01.376Z
INTC,INTC,EQUITY,SELL,SELL,,FILLED,50.0,50.0,@126.37,126.59,DAY,2026-06-25T13:59:17.840Z,2026-06-25T13:59:17.913Z
SMH260626P00625000,SMH260626P00625000,OPTION,SELL,STC,SELL_TO_CLOSE,FILLED,1.0,1.0,@16.3,16.3,DAY,2026-06-25T13:57:10.137Z,2026-06-25T13:57:10.224Z
BA260626C00225000,BA260626C00225000,OPTION,SELL,STC,SELL_TO_CLOSE,FILLED,1.0,1.0,@0.59,0.59,DAY,2026-06-25T13:53:27.358Z,2026-06-25T13:53:32.232Z
GOOG260626P00330000,GOOG260626P00330000,OPTION,SELL,STC,SELL_TO_CLOSE,FILLED,3.0,3.0,@1.01,1.01,DAY,2026-06-25T13:53:07.474Z,2026-06-25T13:53:21.685Z
SMH260626P00600000,SMH260626P00600000,OPTION,SELL,STC,SELL_TO_CLOSE,FILLED,1.0,1.0,@4.65,4.66,DAY,2026-06-25T13:53:02.812Z,2026-06-25T13:53:02.994Z
MU260626P01085000,MU260626P01085000,OPTION,BUY,BTO,BUY_TO_OPEN,FILLED,1.0,1.0,@11.45,11.45,DAY,2026-06-25T13:52:55.312Z,2026-06-25T13:52:55.357Z
SMH260626P00600000,SMH260626P00600000,OPTION,BUY,BTO,BUY_TO_OPEN,FILLED,1.0,1.0,@3.65,3.65,DAY,2026-06-25T13:49:19.187Z,2026-06-25T13:49:19.292Z
INTC,INTC,EQUITY,SELL,SELL,,FILLED,50.0,50.0,@132.79,132.79,DAY,2026-06-25T13:48:56.791Z,2026-06-25T13:49:04.429Z
PLTR260626P00106000,PLTR260626P00106000,OPTION,SELL,STC,SELL_TO_CLOSE,FILLED,3.0,3.0,@0.92,0.93,DAY,2026-06-25T13:44:14.607Z,2026-06-25T13:44:14.657Z
IREN260702P00046000,IREN260702P00046000,OPTION,BUY,BTO,BUY_TO_OPEN,FILLED,8.0,8.0,@1.75,1.75,DAY,2026-06-25T13:43:33.419Z,2026-06-25T13:43:33.500Z
GOOG260626P00330000,GOOG260626P00330000,OPTION,BUY,BTO,BUY_TO_OPEN,FILLED,3.0,3.0,@1.2,1.2,DAY,2026-06-25T13:41:42.283Z,2026-06-25T13:42:00.196Z
SMH260626P00625000,SMH260626P00625000,OPTION,BUY,BTO,BUY_TO_OPEN,FILLED,1.0,1.0,@4.15,4.15,DAY,2026-06-25T13:40:29.390Z,2026-06-25T13:40:29.560Z
IBIT260706P00030000,IBIT260706P00030000,OPTION,BUY,BTO,BUY_TO_OPEN,FILLED,25.0,25.0,@0.23,0.22,DAY,2026-06-25T13:39:55.765Z,2026-06-25T13:47:51.693Z
INTC260717C00170000,INTC260717C00170000,OPTION,SELL,STC,SELL_TO_CLOSE,FILLED,3.0,3.0,@3.45,3.45,DAY,2026-06-25T13:39:01.640Z,2026-06-25T13:39:02.222Z
MU260626C01325000,MU260626C01325000,OPTION,SELL,STC,SELL_TO_CLOSE,FILLED,1.0,1.0,@10.35,10.76,DAY,2026-06-25T13:38:16.866Z,2026-06-25T13:38:17.009Z
BIDU260710P00100000,BIDU260710P00100000,OPTION,BUY,BTO,BUY_TO_OPEN,FILLED,2.0,2.0,@1.98,1.98,DAY,2026-06-25T13:35:11.204Z,2026-06-25T13:39:14.045Z
PLTR260626P00106000,PLTR260626P00106000,OPTION,BUY,BTO,BUY_TO_OPEN,FILLED,3.0,3.0,@0.78,0.78,DAY,2026-06-25T13:34:49.752Z,2026-06-25T13:34:49.792Z
INTC260717C00170000,INTC260717C00170000,OPTION,BUY,BTO,BUY_TO_OPEN,FILLED,3.0,3.0,@3.85,3.85,DAY,2026-06-25T13:34:00.206Z,2026-06-25T13:34:01.151Z
MU260626C01325000,MU260626C01325000,OPTION,BUY,BTO,BUY_TO_OPEN,FILLED,1.0,1.0,@12.6,11.35,DAY,2026-06-25T13:33:25.580Z,2026-06-25T13:33:25.676Z
GLD260706P00340000,GLD260706P00340000,OPTION,SELL,STC,SELL_TO_CLOSE,FILLED,6.0,6.0,@0.74,0.74,DAY,2026-06-25T13:30:17.666Z,2026-06-25T13:30:23.373Z
IBIT260706P00030000,IBIT260706P00030000,OPTION,SELL,STC,SELL_TO_CLOSE,FILLED,50.0,50.0,@0.14,0.14,DAY,2026-06-25T13:30:13.283Z,2026-06-25T13:30:33.146Z
IREN260702P00046000,IREN260702P00046000,OPTION,SELL,STC,SELL_TO_CLOSE,FILLED,8.0,8.0,@1.2,1.2,DAY,2026-06-25T13:30:07.107Z,2026-06-25T13:30:07.429Z
QCOM,QCOM,EQUITY,SELL,SELL,,FILLED,25.0,25.0,@219.35,219.47,DAY,2026-06-24T21:17:24.421Z,2026-06-24T21:17:24.464Z
QCOM,QCOM,EQUITY,BUY,BUY,,FILLED,25.0,25.0,@229.14,228.08,DAY,2026-06-24T20:51:29.611Z,2026-06-24T20:51:29.664Z
INTC,INTC,EQUITY,BUY,BUY,,FILLED,100.0,100.0,@136.2,136.19,DAY,2026-06-24T20:25:29.585Z,2026-06-24T20:25:29.625Z
PLTR260710P00100000,PLTR260710P00100000,OPTION,SELL,STC,SELL_TO_CLOSE,FILLED,5.0,5.0,@0.75,0.75,DAY,2026-06-24T19:53:48.879Z,2026-06-24T19:53:49.096Z
BA260626C00225000,BA260626C00225000,OPTION,SELL,STC,SELL_TO_CLOSE,FILLED,4.0,4.0,@1.13,1.13,DAY,2026-06-24T19:08:33.079Z,2026-06-24T19:09:55.776Z
MSTR260710P00090000,MSTR260710P00090000,OPTION,SELL,STC,SELL_TO_CLOSE,FILLED,2.0,2.0,@5.2,5.2,DAY,2026-06-24T18:17:30.669Z,2026-06-24T18:17:30.703Z
BA260626C00225000,BA260626C00225000,OPTION,BUY,BTO,BUY_TO_OPEN,FILLED,5.0,5.0,@0.98,0.98,DAY,2026-06-24T18:13:14.369Z,2026-06-24T18:13:14.416Z
PLTR260710P00100000,PLTR260710P00100000,OPTION,SELL,STC,SELL_TO_CLOSE,FILLED,5.0,5.0,@0.92,0.93,DAY,2026-06-24T18:07:06.111Z,2026-06-24T18:07:06.326Z
Q260717P00145000,Q260717P00145000,OPTION,SELL,STC,SELL_TO_CLOSE,FILLED,1.0,1.0,@4.6,5.1,DAY,2026-06-24T18:06:58.841Z,2026-06-24T18:06:58.879Z
GLD260706P00340000,GLD260706P00340000,OPTION,SELL,STC,SELL_TO_CLOSE,FILLED,2.0,2.0,@1.73,1.73,DAY,2026-06-24T18:06:54.774Z,2026-06-24T18:06:54.803Z
IREN260626P00054000,IREN260626P00054000,OPTION,SELL,STC,SELL_TO_CLOSE,FILLED,1.0,1.0,@4.5,4.55,DAY,2026-06-24T18:06:48.032Z,2026-06-24T18:06:48.376Z
GLD260706P00340000,GLD260706P00340000,OPTION,BUY,BTO,BUY_TO_OPEN,FILLED,8.0,8.0,@1.26,1.26,DAY,2026-06-24T15:26:29.754Z,2026-06-24T15:26:31.280Z
Q260717P00145000,Q260717P00145000,OPTION,BUY,BTO,BUY_TO_OPEN,FILLED,1.0,1.0,@4.7,4.7,DAY,2026-06-24T15:22:31.968Z,2026-06-24T15:22:32.061Z
GLD260630P00362000,GLD260630P00362000,OPTION,SELL,STC,SELL_TO_CLOSE,FILLED,1.0,1.0,@3.15,3.15,DAY,2026-06-24T15:19:35.069Z,2026-06-24T15:19:35.162Z
IREN260626P00054000,IREN260626P00054000,OPTION,SELL,STC,SELL_TO_CLOSE,FILLED,2.0,2.0,@3.1,3.1,DAY,2026-06-24T15:15:12.960Z,2026-06-24T15:15:22.136Z
IREN260702P00046000,IREN260702P00046000,OPTION,BUY,BTO,BUY_TO_OPEN,FILLED,8.0,8.0,@1.21,1.21,DAY,2026-06-24T15:15:06.056Z,2026-06-24T15:15:06.175Z
GLD260630P00362000,GLD260630P00362000,OPTION,BUY,BTO,BUY_TO_OPEN,FILLED,1.0,1.0,@3.2,3.06,DAY,2026-06-24T14:52:15.251Z,2026-06-24T14:52:15.386Z
IBIT260706P00030000,IBIT260706P00030000,OPTION,SELL,STC,SELL_TO_CLOSE,FILLED,50.0,50.0,@0.15,0.15,DAY,2026-06-24T14:38:54.802Z,2026-06-24T14:39:04.815Z
INTC260702P00120000,INTC260702P00120000,OPTION,SELL,STC,SELL_TO_CLOSE,FILLED,2.0,2.0,@2.36,2.36,DAY,2026-06-24T14:32:50.023Z,2026-06-24T14:32:50.562Z
QCOM260702P00185000,QCOM260702P00185000,OPTION,SELL,STC,SELL_TO_CLOSE,FILLED,1.0,1.0,@6.1,6.1,DAY,2026-06-24T14:32:44.325Z,2026-06-24T14:33:01.101Z
PLTR260710P00100000,PLTR260710P00100000,OPTION,SELL,STC,SELL_TO_CLOSE,FILLED,10.0,10.0,@0.53,0.53,DAY,2026-06-24T14:21:04.035Z,2026-06-24T14:21:04.071Z
IBIT260706P00030000,IBIT260706P00030000,OPTION,BUY,BTO,BUY_TO_OPEN,FILLED,50.0,50.0,@0.19,0.18,DAY,2026-06-24T14:20:46.757Z,2026-06-24T14:20:46.822Z
IBIT260706P00030000,IBIT260706P00030000,OPTION,BUY,BTO,BUY_TO_OPEN,FILLED,50.0,50.0,@0.17,0.17,DAY,2026-06-24T14:18:53.472Z,2026-06-24T14:19:03.026Z
QCOM260702P00185000,QCOM260702P00185000,OPTION,SELL,STC,SELL_TO_CLOSE,FILLED,1.0,1.0,@6.75,6.75,DAY,2026-06-24T14:08:05.512Z,2026-06-24T14:08:05.707Z
INTC260702P00120000,INTC260702P00120000,OPTION,SELL,STC,SELL_TO_CLOSE,FILLED,1.0,1.0,@2.78,2.78,DAY,2026-06-24T14:07:57.726Z,2026-06-24T14:08:06.064Z
GLD260630C00380000,GLD260630C00380000,OPTION,SELL,STC,SELL_TO_CLOSE,FILLED,5.0,5.0,@1.31,1.31,DAY,2026-06-24T13:56:27.884Z,2026-06-24T13:56:28.236Z
GLD260630C00380000,GLD260630C00380000,OPTION,BUY,BTO,BUY_TO_OPEN,FILLED,5.0,5.0,@1.16,1.16,DAY,2026-06-24T13:43:25.482Z,2026-06-24T13:43:25.527Z
GLD260624P00360000,GLD260624P00360000,OPTION,SELL,STC,SELL_TO_CLOSE,FILLED,5.0,5.0,@0.09,0.09,DAY,2026-06-24T13:42:39.493Z,2026-06-24T13:42:39.561Z
SLV260717P00050000,SLV260717P00050000,OPTION,SELL,STC,SELL_TO_CLOSE,FILLED,13.0,13.0,@1.42,1.42,DAY,2026-06-24T13:42:35.622Z,2026-06-24T13:42:35.661Z
QQQ260624C00723000,QQQ260624C00723000,OPTION,SELL,STC,SELL_TO_CLOSE,FILLED,1.0,1.0,@1.34,1.35,DAY,2026-06-24T13:32:19.580Z,2026-06-24T13:32:19.761Z
GLD260624P00360000,GLD260624P00360000,OPTION,BUY,BTO,BUY_TO_OPEN,FILLED,5.0,5.0,@0.65,0.6,DAY,2026-06-24T13:30:41.397Z,2026-06-24T13:31:37.815Z
QQQ260624C00723000,QQQ260624C00723000,OPTION,BUY,BTO,BUY_TO_OPEN,FILLED,1.0,1.0,@2.42,2.41,DAY,2026-06-23T19:55:36.088Z,2026-06-23T19:55:36.135Z
INTC260702P00120000,INTC260702P00120000,OPTION,BUY,BTO,BUY_TO_OPEN,FILLED,1.0,1.0,@3.25,3.25,DAY,2026-06-23T19:55:00.220Z,2026-06-23T19:55:00.314Z
TSLA260624P00377500,TSLA260624P00377500,OPTION,SELL,STC,SELL_TO_CLOSE,FILLED,1.0,1.0,@1.7,1.7,DAY,2026-06-23T16:15:17.416Z,2026-06-23T16:15:17.548Z
SLV260717P00050000,SLV260717P00050000,OPTION,BUY,BTO,BUY_TO_OPEN,FILLED,13.0,13.0,@0.82,0.79,DAY,2026-06-23T15:51:01.036Z,2026-06-23T15:51:01.223Z
TSLA260624P00377500,TSLA260624P00377500,OPTION,BUY,BTO,BUY_TO_OPEN,FILLED,1.0,1.0,@2.08,2.03,DAY,2026-06-23T15:07:26.269Z,2026-06-23T15:07:26.360Z
INTC260626P00130000,INTC260626P00130000,OPTION,SELL,STC,SELL_TO_CLOSE,FILLED,1.0,1.0,@3.15,3.16,DAY,2026-06-23T14:45:12.118Z,2026-06-23T14:45:24.461Z
INTC260702P00120000,INTC260702P00120000,OPTION,SELL,STC,SELL_TO_CLOSE,FILLED,3.0,3.0,@2.52,2.52,DAY,2026-06-23T14:44:59.797Z,2026-06-23T14:44:59.874Z
PLTR260710P00100000,PLTR260710P00100000,OPTION,SELL,STC,SELL_TO_CLOSE,CANCELLED,0.0,10.0,@0.52,,DAY,2026-06-23T14:44:51.183Z,
QCOM260702P00185000,QCOM260702P00185000,OPTION,BUY,BTO,BUY_TO_OPEN,FILLED,2.0,2.0,@5.65,5.65,DAY,2026-06-23T14:44:26.290Z,2026-06-23T14:44:33.520Z
INTC260626P00130000,INTC260626P00130000,OPTION,SELL,STC,SELL_TO_CLOSE,FILLED,1.0,1.0,@3.1,3.13,DAY,2026-06-23T14:41:44.032Z,2026-06-23T14:41:44.246Z
INTC260702P00120000,INTC260702P00120000,OPTION,BUY,BTO,BUY_TO_OPEN,FILLED,5.0,5.0,@2.54,2.54,DAY,2026-06-23T14:41:37.151Z,2026-06-23T14:41:37.188Z
INTC260626P00130000,INTC260626P00130000,OPTION,BUY,BTO,BUY_TO_OPEN,FILLED,2.0,2.0,@3.25,3.18,DAY,2026-06-23T14:26:29.714Z,2026-06-23T14:26:29.967Z
QQQ260702P00700000,QQQ260702P00700000,OPTION,SELL,STC,SELL_TO_CLOSE,FILLED,2.0,2.0,@7.33,7.33,DAY,2026-06-23T13:49:33.564Z,2026-06-23T13:49:33.613Z
QQQ260702P00700000,QQQ260702P00700000,OPTION,SELL,STC,SELL_TO_CLOSE,FILLED,3.0,3.0,,8.37,DAY,2026-06-23T13:32:14.631Z,2026-06-23T13:32:14.974Z
MSTR260710P00090000,MSTR260710P00090000,OPTION,BUY,BTO,BUY_TO_OPEN,FILLED,5.0,5.0,@1.86,1.84,DAY,2026-06-22T19:21:15.164Z,2026-06-22T19:21:15.390Z
PLTR260710P00100000,PLTR260710P00100000,OPTION,BUY,BTO,BUY_TO_OPEN,FILLED,20.0,20.0,@0.55,0.54,DAY,2026-06-22T19:16:27.910Z,2026-06-22T19:16:28.049Z
IREN260702P00055000,IREN260702P00055000,OPTION,SELL,STC,SELL_TO_CLOSE,FILLED,3.0,3.0,@3.05,3.05,DAY,2026-06-22T16:49:51.426Z,2026-06-22T16:49:51.586Z
SMH260626P00560000,SMH260626P00560000,OPTION,SELL,STC,SELL_TO_CLOSE,FILLED,2.0,2.0,@1.19,1.19,DAY,2026-06-22T16:49:35.064Z,2026-06-22T16:50:02.947Z
CRWV260702P00100000,CRWV260702P00100000,OPTION,SELL,STC,SELL_TO_CLOSE,FILLED,2.0,2.0,@3.7,3.72,DAY,2026-06-22T16:49:27.777Z,2026-06-22T16:50:10.849Z
QQQ260702P00700000,QQQ260702P00700000,OPTION,BUY,BTO,BUY_TO_OPEN,FILLED,5.0,5.0,@3.73,3.7,DAY,2026-06-22T16:43:53.824Z,2026-06-22T16:43:53.859Z
IREN,IREN,EQUITY,SELL,SELL,,FILLED,100.0,100.0,@56.98,56.98,DAY,2026-06-22T16:42:13.015Z,2026-06-22T16:42:22.759Z
INTC,INTC,EQUITY,SELL,SELL,,FILLED,45.0,45.0,@139.25,139.31,DAY,2026-06-22T16:41:47.834Z,2026-06-22T16:41:47.868Z
CRWV260702P00100000,CRWV260702P00100000,OPTION,BUY,BTO,BUY_TO_OPEN,FILLED,2.0,2.0,@3.0,3.0,DAY,2026-06-22T15:00:03.015Z,2026-06-22T15:00:03.123Z
IREN260702P00055000,IREN260702P00055000,OPTION,BUY,BTO,BUY_TO_OPEN,FILLED,3.0,3.0,@2.79,2.79,DAY,2026-06-22T14:56:32.144Z,2026-06-22T14:56:32.195Z
IREN,IREN,EQUITY,SELL,SELL,,FILLED,100.0,100.0,@58.0,58.0,DAY,2026-06-22T14:55:54.489Z,2026-06-22T14:55:54.753Z
INTC260717C00160000,INTC260717C00160000,OPTION,SELL,STC,SELL_TO_CLOSE,FILLED,2.0,2.0,@6.2,6.2,DAY,2026-06-22T14:43:44.534Z,2026-06-22T14:43:48.838Z
INTC260626C00155000,INTC260626C00155000,OPTION,SELL,STC,SELL_TO_CLOSE,FILLED,5.0,5.0,@1.46,1.46,DAY,2026-06-22T13:43:08.727Z,2026-06-22T13:43:17.897Z
MSTR260626P00105000,MSTR260626P00105000,OPTION,SELL,STC,SELL_TO_CLOSE,FILLED,5.0,5.0,@0.96,0.96,DAY,2026-06-22T13:41:45.474Z,2026-06-22T13:41:48.346Z
INTC260717C00160000,INTC260717C00160000,OPTION,BUY,BTO,BUY_TO_OPEN,FILLED,1.0,1.0,@7.15,7.15,DAY,2026-06-22T13:36:03.666Z,2026-06-22T13:36:03.928Z
INTC260717C00165000,INTC260717C00165000,OPTION,SELL,STC,SELL_TO_CLOSE,FILLED,2.0,2.0,@5.15,5.15,DAY,2026-06-22T13:34:05.742Z,2026-06-22T13:34:05.885Z
INTC260717C00165000,INTC260717C00165000,OPTION,BUY,BTO,BUY_TO_OPEN,FILLED,2.0,2.0,@5.8,5.8,DAY,2026-06-22T13:31:03.452Z,2026-06-22T13:31:04.209Z
INTC260626C00155000,INTC260626C00155000,OPTION,BUY,BTO,BUY_TO_OPEN,FILLED,5.0,5.0,@2.22,2.22,DAY,2026-06-22T13:30:37.934Z,2026-06-22T13:30:50.585Z
INTC260717C00160000,INTC260717C00160000,OPTION,SELL,STC,SELL_TO_CLOSE,FILLED,2.0,2.0,@4.85,4.85,DAY,2026-06-18T19:52:05.367Z,2026-06-18T19:52:05.412Z
GLD260630P00365000,GLD260630P00365000,OPTION,SELL,STC,SELL_TO_CLOSE,FILLED,10.0,10.0,@1.34,1.34,DAY,2026-06-18T19:42:18.663Z,2026-06-18T19:42:18.696Z
IBIT260717P00030000,IBIT260717P00030000,OPTION,SELL,STC,SELL_TO_CLOSE,FILLED,30.0,30.0,@0.32,0.32,DAY,2026-06-18T19:42:10.472Z,2026-06-18T19:42:10.532Z
INTC260717C00160000,INTC260717C00160000,OPTION,BUY,BTO,BUY_TO_OPEN,FILLED,2.0,2.0,@5.15,5.15,DAY,2026-06-18T19:14:03.332Z,2026-06-18T19:14:03.381Z
INTC260717C00160000,INTC260717C00160000,OPTION,SELL,STC,SELL_TO_CLOSE,FILLED,2.0,2.0,@5.3,5.3,DAY,2026-06-18T18:47:37.379Z,2026-06-18T18:47:37.613Z
MRVL260618P00312500,MRVL260618P00312500,OPTION,SELL,STC,SELL_TO_CLOSE,FILLED,1.0,1.0,@1.53,1.53,DAY,2026-06-18T17:04:52.220Z,2026-06-18T17:05:00.896Z
INTC260717C00160000,INTC260717C00160000,OPTION,BUY,BTO,BUY_TO_OPEN,FILLED,3.0,3.0,@5.25,5.25,DAY,2026-06-18T17:04:14.383Z,2026-06-18T17:04:14.473Z
MRVL260618P00312500,MRVL260618P00312500,OPTION,BUY,BTO,BUY_TO_OPEN,FILLED,1.0,1.0,@1.95,1.86,DAY,2026-06-18T16:40:51.674Z,2026-06-18T16:40:51.809Z
SMH260626P00560000,SMH260626P00560000,OPTION,SELL,STC,SELL_TO_CLOSE,FILLED,3.0,3.0,@1.88,1.88,DAY,2026-06-18T16:32:45.865Z,2026-06-18T16:32:46.021Z
IBIT260717P00030000,IBIT260717P00030000,OPTION,BUY,BTO,BUY_TO_OPEN,FILLED,30.0,30.0,@0.34,0.33,DAY,2026-06-18T16:32:24.642Z,2026-06-18T16:32:39.755Z
GLD260630P00365000,GLD260630P00365000,OPTION,BUY,BTO,BUY_TO_OPEN,FILLED,10.0,10.0,@1.16,1.16,DAY,2026-06-18T16:22:48.408Z,2026-06-18T16:22:56.724Z
MSTR260626P00105000,MSTR260626P00105000,OPTION,BUY,BTO,BUY_TO_OPEN,FILLED,5.0,5.0,@2.96,2.96,DAY,2026-06-18T16:17:14.110Z,2026-06-18T16:17:14.142Z
SMH260626P00560000,SMH260626P00560000,OPTION,BUY,BTO,BUY_TO_OPEN,FILLED,5.0,5.0,@1.93,1.93,DAY,2026-06-18T16:12:30.942Z,2026-06-18T16:12:30.983Z
MSTR260626P00105000,MSTR260626P00105000,OPTION,SELL,STC,SELL_TO_CLOSE,FILLED,5.0,5.0,@2.91,2.91,DAY,2026-06-18T16:03:18.531Z,2026-06-18T16:03:34.012Z
IBIT260717P00030000,IBIT260717P00030000,OPTION,SELL,STC,SELL_TO_CLOSE,FILLED,30.0,30.0,@0.33,0.33,DAY,2026-06-18T16:03:13.731Z,2026-06-18T16:03:13.876Z
USO260626P00110000,USO260626P00110000,OPTION,SELL,STC,SELL_TO_CLOSE,FILLED,5.0,5.0,@2.6,2.6,DAY,2026-06-18T15:45:52.113Z,2026-06-18T15:46:02.476Z
IREN260626P00054000,IREN260626P00054000,OPTION,BUY,BTO,BUY_TO_OPEN,FILLED,3.0,3.0,@1.24,1.19,DAY,2026-06-18T15:21:37.014Z,2026-06-18T15:21:37.173Z
QQQ260618P00735000,QQQ260618P00735000,OPTION,BUY,BTO,BUY_TO_OPEN,FILLED,3.0,3.0,@1.02,1.02,DAY,2026-06-18T15:21:00.366Z,2026-06-18T15:21:06.374Z
INTC260717C00150000,INTC260717C00150000,OPTION,SELL,STC,SELL_TO_CLOSE,FILLED,1.0,1.0,@7.1,7.1,DAY,2026-06-18T15:20:30.177Z,2026-06-18T15:20:38.826Z
MRVL260702C00375000,MRVL260702C00375000,OPTION,SELL,STC,SELL_TO_CLOSE,FILLED,1.0,1.0,@10.95,10.95,DAY,2026-06-18T15:20:22.892Z,2026-06-18T15:20:22.977Z
MRVL260618C00337500,MRVL260618C00337500,OPTION,SELL,STC,SELL_TO_CLOSE,FILLED,1.0,1.0,@1.42,1.58,DAY,2026-06-18T15:19:18.447Z,2026-06-18T15:19:18.583Z
INTC260717C00150000,INTC260717C00150000,OPTION,SELL,STC,SELL_TO_CLOSE,FILLED,2.0,2.0,@6.85,6.85,DAY,2026-06-18T15:19:09.917Z,2026-06-18T15:19:12.639Z
MRVL260618C00337500,MRVL260618C00337500,OPTION,BUY,BTO,BUY_TO_OPEN,FILLED,1.0,1.0,@2.61,2.59,DAY,2026-06-18T15:14:04.235Z,2026-06-18T15:14:04.279Z
INTC260717C00150000,INTC260717C00150000,OPTION,BUY,BTO,BUY_TO_OPEN,FILLED,2.0,2.0,@6.8,6.8,DAY,2026-06-18T15:10:24.417Z,2026-06-18T15:10:24.985Z
MRVL260702C00375000,MRVL260702C00375000,OPTION,SELL,STC,SELL_TO_CLOSE,FILLED,1.0,1.0,@11.25,11.25,DAY,2026-06-18T15:06:14.807Z,2026-06-18T15:06:14.865Z
INTC,INTC,EQUITY,BUY,BUY,,FILLED,45.0,45.0,,130.52,DAY,2026-06-18T14:55:37.042Z,2026-06-18T14:55:45.852Z
MSTR,MSTR,EQUITY,SHORT,SHORT,,FILLED,50.0,50.0,@113.8,113.8,DAY,2026-06-18T14:55:20.104Z,2026-06-18T14:56:04.047Z
MRVL260702C00375000,MRVL260702C00375000,OPTION,BUY,BTO,BUY_TO_OPEN,FILLED,1.0,1.0,@10.0,10.0,DAY,2026-06-18T14:29:53.085Z,2026-06-18T14:29:53.121Z
MRVL260702C00375000,MRVL260702C00375000,OPTION,BUY,BTO,BUY_TO_OPEN,FILLED,1.0,1.0,@10.35,10.35,DAY,2026-06-18T14:27:26.627Z,2026-06-18T14:27:34.780Z
PLTR260618P00124000,PLTR260618P00124000,OPTION,SELL,STC,SELL_TO_CLOSE,FILLED,5.0,5.0,@0.16,0.16,DAY,2026-06-18T14:18:03.763Z,2026-06-18T14:18:03.848Z
INTC260717C00150000,INTC260717C00150000,OPTION,SELL,STC,SELL_TO_CLOSE,FILLED,2.0,2.0,@5.95,5.95,DAY,2026-06-18T14:09:39.278Z,2026-06-18T14:09:39.336Z
IBIT260717P00030000,IBIT260717P00030000,OPTION,BUY,BTO,BUY_TO_OPEN,FILLED,30.0,30.0,@0.23,0.23,DAY,2026-06-18T14:09:06.447Z,2026-06-18T14:09:23.646Z
INTC260717C00150000,INTC260717C00150000,OPTION,BUY,BTO,BUY_TO_OPEN,FILLED,3.0,3.0,@6.65,6.65,DAY,2026-06-18T14:03:44.171Z,2026-06-18T14:03:44.242Z
MSTR260626P00105000,MSTR260626P00105000,OPTION,BUY,BTO,BUY_TO_OPEN,FILLED,5.0,5.0,@2.24,2.24,DAY,2026-06-18T14:02:58.135Z,2026-06-18T14:02:58.242Z
PLTR260618P00124000,PLTR260618P00124000,OPTION,BUY,BTO,BUY_TO_OPEN,FILLED,5.0,5.0,@0.57,0.57,DAY,2026-06-18T14:00:48.735Z,2026-06-18T14:00:48.769Z
INTC260717C00150000,INTC260717C00150000,OPTION,SELL,STC,SELL_TO_CLOSE,FILLED,2.0,2.0,@6.0,6.05,DAY,2026-06-18T13:58:06.550Z,2026-06-18T13:58:06.858Z
INTC260717C00150000,INTC260717C00150000,OPTION,SELL,STC,SELL_TO_CLOSE,FILLED,3.0,3.0,@6.2,6.2,DAY,2026-06-18T13:56:42.615Z,2026-06-18T13:56:54.833Z
INTC260717C00180000,INTC260717C00180000,OPTION,SELL,STC,SELL_TO_CLOSE,FILLED,3.0,3.0,@2.06,2.06,DAY,2026-06-18T13:50:19.698Z,2026-06-18T13:50:19.740Z
INTC260618C00134000,INTC260618C00134000,OPTION,SELL,STC,SELL_TO_CLOSE,FILLED,1.0,1.0,@1.3,1.33,DAY,2026-06-18T13:48:18.091Z,2026-06-18T13:48:18.227Z
GLD260618P00385000,GLD260618P00385000,OPTION,SELL,STC,SELL_TO_CLOSE,FILLED,2.0,2.0,@0.1,0.12,DAY,2026-06-18T13:39:58.808Z,2026-06-18T13:39:59.022Z
INTC260717C00180000,INTC260717C00180000,OPTION,BUY,BTO,BUY_TO_OPEN,FILLED,3.0,3.0,@3.1,2.97,DAY,2026-06-18T13:34:22.022Z,2026-06-18T13:34:22.135Z
INTC260717C00150000,INTC260717C00150000,OPTION,BUY,BTO,BUY_TO_OPEN,FILLED,5.0,5.0,@6.85,6.85,DAY,2026-06-18T13:31:20.138Z,2026-06-18T13:31:20.271Z
INTC260618C00134000,INTC260618C00134000,OPTION,BUY,BTO,BUY_TO_OPEN,FILLED,1.0,1.0,@2.01,2.01,DAY,2026-06-18T13:31:06.164Z,2026-06-18T13:31:06.250Z
IREN260618C00059000,IREN260618C00059000,OPTION,BUY,BTC,BUY_TO_CLOSE,FILLED,3.0,3.0,,2.91,DAY,2026-06-18T13:30:52.975Z,2026-06-18T13:30:53.049Z
IREN260618C00059000,IREN260618C00059000,OPTION,SELL,STO,SELL_TO_OPEN,FILLED,3.0,3.0,@1.21,1.25,DAY,2026-06-17T19:38:39.753Z,2026-06-17T19:38:39.925Z
INTC,INTC,EQUITY,SELL,SELL,,FILLED,50.0,50.0,@122.26,122.33,DAY,2026-06-17T19:26:29.039Z,2026-06-17T19:26:29.123Z
CRWV260626C00130000,CRWV260626C00130000,OPTION,SELL,STC,SELL_TO_CLOSE,FILLED,3.0,3.0,@2.67,2.67,DAY,2026-06-17T19:18:13.092Z,2026-06-17T19:18:17.822Z
GLD260821C00395000,GLD260821C00395000,OPTION,SELL,STC,SELL_TO_CLOSE,FILLED,1.0,1.0,@13.95,13.95,DAY,2026-06-17T19:18:04.379Z,2026-06-17T19:18:04.562Z
GLD260618P00385000,GLD260618P00385000,OPTION,BUY,BTO,BUY_TO_OPEN,FILLED,2.0,2.0,@1.74,1.74,DAY,2026-06-17T19:17:50.264Z,2026-06-17T19:18:29.909Z
GLD260821C00395000,GLD260821C00395000,OPTION,SELL,STC,SELL_TO_CLOSE,FILLED,1.0,1.0,@14.45,14.45,DAY,2026-06-17T19:15:58.340Z,2026-06-17T19:15:58.419Z
GLD260626C00410000,GLD260626C00410000,OPTION,SELL,STC,SELL_TO_CLOSE,FILLED,5.0,5.0,@0.94,0.94,DAY,2026-06-17T19:10:35.354Z,2026-06-17T19:10:48.678Z
QQQ260617P00719000,QQQ260617P00719000,OPTION,SELL,STC,SELL_TO_CLOSE,FILLED,2.0,2.0,@0.11,0.11,DAY,2026-06-17T18:59:26.247Z,2026-06-17T18:59:26.380Z
GLD260626C00410000,GLD260626C00410000,OPTION,BUY,BTO,BUY_TO_OPEN,FILLED,5.0,5.0,@1.88,1.88,DAY,2026-06-17T18:44:54.948Z,2026-06-17T18:45:01.435Z
CRWV260626C00130000,CRWV260626C00130000,OPTION,BUY,BTO,BUY_TO_OPEN,FILLED,3.0,3.0,@3.6,3.6,DAY,2026-06-17T18:43:54.318Z,2026-06-17T18:43:54.374Z
GLD260821C00395000,GLD260821C00395000,OPTION,BUY,BTO,BUY_TO_OPEN,FILLED,2.0,2.0,@17.1,17.1,DAY,2026-06-17T18:42:00.841Z,2026-06-17T18:42:16.560Z
GLD260618P00385000,GLD260618P00385000,OPTION,SELL,STC,SELL_TO_CLOSE,FILLED,3.0,3.0,@0.96,0.96,DAY,2026-06-17T18:27:15.396Z,2026-06-17T18:27:15.441Z
GLD260618P00385000,GLD260618P00385000,OPTION,BUY,BTO,BUY_TO_OPEN,FILLED,3.0,3.0,@1.22,1.22,DAY,2026-06-17T18:13:33.958Z,2026-06-17T18:13:34.062Z
GLD260821C00380000,GLD260821C00380000,OPTION,SELL,STC,SELL_TO_CLOSE,FILLED,1.0,1.0,@24.4,24.4,DAY,2026-06-17T18:12:28.737Z,2026-06-17T18:12:44.556Z
GLD260821C00395000,GLD260821C00395000,OPTION,SELL,STC,SELL_TO_CLOSE,FILLED,1.0,1.0,@16.75,16.75,DAY,2026-06-17T18:07:23.991Z,2026-06-17T18:07:24.057Z
GLD260617C00405000,GLD260617C00405000,OPTION,SELL,STC,SELL_TO_CLOSE,FILLED,10.0,10.0,@0.37,0.37,DAY,2026-06-17T14:31:01.097Z,2026-06-17T14:31:04.174Z
CRWV260618C00126000,CRWV260618C00126000,OPTION,SELL,STC,SELL_TO_CLOSE,FILLED,3.0,3.0,@0.9,0.9,DAY,2026-06-17T13:47:18.697Z,2026-06-17T13:47:37.186Z
GLD260617C00405000,GLD260617C00405000,OPTION,BUY,BTO,BUY_TO_OPEN,FILLED,20.0,20.0,@0.16,0.16,DAY,2026-06-17T13:45:24.685Z,2026-06-17T13:45:24.731Z
CRWV260618C00126000,CRWV260618C00126000,OPTION,BUY,BTO,BUY_TO_OPEN,FILLED,3.0,3.0,@1.6,1.6,DAY,2026-06-17T13:42:05.288Z,2026-06-17T13:42:05.524Z
CRWV260618C00126000,CRWV260618C00126000,OPTION,SELL,STC,SELL_TO_CLOSE,FILLED,3.0,3.0,@1.5,1.5,DAY,2026-06-17T13:36:04.747Z,2026-06-17T13:36:05.011Z
QCOM260702P00195000,QCOM260702P00195000,OPTION,SELL,STC,SELL_TO_CLOSE,FILLED,1.0,1.0,@4.2,4.2,DAY,2026-06-17T13:34:41.385Z,2026-06-17T13:34:41.525Z
CRWV260618C00126000,CRWV260618C00126000,OPTION,BUY,BTO,BUY_TO_OPEN,FILLED,3.0,3.0,@1.71,1.63,DAY,2026-06-17T13:34:27.745Z,2026-06-17T13:34:27.893Z
QCOM260702P00195000,QCOM260702P00195000,OPTION,SELL,STC,SELL_TO_CLOSE,FILLED,1.0,1.0,@5.7,5.7,DAY,2026-06-16T19:27:52.168Z,2026-06-16T19:27:57.323Z
QQQ260626P00700000,QQQ260626P00700000,OPTION,SELL,STC,SELL_TO_CLOSE,FILLED,2.0,2.0,@3.34,3.34,DAY,2026-06-16T19:26:41.085Z,2026-06-16T19:26:41.227Z
QQQ260617P00719000,QQQ260617P00719000,OPTION,BUY,BTO,BUY_TO_OPEN,FILLED,2.0,2.0,@1.57,1.57,DAY,2026-06-16T19:16:15.055Z,2026-06-16T19:16:15.189Z
QQQ260626P00700000,QQQ260626P00700000,OPTION,SELL,STC,SELL_TO_CLOSE,FILLED,1.0,1.0,@3.6,3.6,DAY,2026-06-16T19:15:43.388Z,2026-06-16T19:15:45.254Z
CVX260717P00165000,CVX260717P00165000,OPTION,SELL,STC,SELL_TO_CLOSE,FILLED,10.0,10.0,@0.89,0.89,DAY,2026-06-16T17:38:20.170Z,2026-06-16T17:38:24.253Z
QQQ260626P00700000,QQQ260626P00700000,OPTION,BUY,BTO,BUY_TO_OPEN,FILLED,3.0,3.0,@3.23,3.23,DAY,2026-06-16T17:38:02.136Z,2026-06-16T17:38:02.294Z
INTC,INTC,EQUITY,SELL,SELL,,CANCELLED,0.0,50.0,@119.73,,DAY,2026-06-16T17:36:29.987Z,
SPCX260717C00320000,SPCX260717C00320000,OPTION,SELL,STC,SELL_TO_CLOSE,FILLED,1.0,1.0,@8.4,8.4,DAY,2026-06-16T17:26:31.847Z,2026-06-16T17:26:31.983Z
QCOM260702P00195000,QCOM260702P00195000,OPTION,BUY,BTO,BUY_TO_OPEN,FILLED,2.0,2.0,@5.5,5.5,DAY,2026-06-16T16:53:05.536Z,2026-06-16T16:53:30.641Z
CVX260717P00165000,CVX260717P00165000,OPTION,SELL,STC,SELL_TO_CLOSE,CANCELLED,0.0,10.0,@0.9,,DAY,2026-06-16T16:19:18.315Z,
USO260626P00110000,USO260626P00110000,OPTION,BUY,BTO,BUY_TO_OPEN,FILLED,5.0,5.0,@2.34,2.34,DAY,2026-06-16T16:19:07.883Z,2026-06-16T16:19:07.925Z
INTC260618P00117000,INTC260618P00117000,OPTION,SELL,STC,SELL_TO_CLOSE,FILLED,1.0,1.0,@2.2,2.2,DAY,2026-06-16T16:12:55.179Z,2026-06-16T16:12:55.324Z
MU260618P00955000,MU260618P00955000,OPTION,SELL,STC,SELL_TO_CLOSE,FILLED,1.0,1.0,@8.75,8.75,DAY,2026-06-16T16:04:10.208Z,2026-06-16T16:04:10.248Z
MU260618P00955000,MU260618P00955000,OPTION,BUY,BTO,BUY_TO_OPEN,FILLED,1.0,1.0,@10.5,10.1,DAY,2026-06-16T15:57:43.418Z,2026-06-16T15:57:43.451Z
SPCX260717C00320000,SPCX260717C00320000,OPTION,BUY,BTO,BUY_TO_OPEN,FILLED,1.0,1.0,@10.1,10.05,DAY,2026-06-16T15:29:32.909Z,2026-06-16T15:29:33.055Z
QQQ260618P00730000,QQQ260618P00730000,OPTION,SELL,STC,SELL_TO_CLOSE,FILLED,2.0,2.0,@3.55,3.58,DAY,2026-06-16T15:00:58.037Z,2026-06-16T15:00:58.093Z
INTC260618P00117000,INTC260618P00117000,OPTION,BUY,BTO,BUY_TO_OPEN,FILLED,1.0,1.0,@2.17,2.17,DAY,2026-06-16T14:35:33.246Z,2026-06-16T14:35:33.367Z
MU260618C01200000,MU260618C01200000,OPTION,SELL,STC,SELL_TO_CLOSE,FILLED,1.0,1.0,@5.65,5.93,DAY,2026-06-16T14:27:56.978Z,2026-06-16T14:27:57.119Z
AMKR260717C00110000,AMKR260717C00110000,OPTION,SELL,STC,SELL_TO_CLOSE,FILLED,1.0,1.0,@5.0,5.11,DAY,2026-06-16T14:27:37.361Z,2026-06-16T14:27:42.339Z
QQQ260618P00730000,QQQ260618P00730000,OPTION,BUY,BTO,BUY_TO_OPEN,FILLED,2.0,2.0,@3.1,3.1,DAY,2026-06-16T14:26:46.408Z,2026-06-16T14:27:18.455Z
INTC260702C00135000,INTC260702C00135000,OPTION,SELL,STC,SELL_TO_CLOSE,FILLED,3.0,3.0,@4.75,4.75,DAY,2026-06-16T14:22:42.519Z,2026-06-16T14:22:46.452Z
INTC260618C00135000,INTC260618C00135000,OPTION,SELL,STC,SELL_TO_CLOSE,FILLED,3.0,3.0,@1.05,1.05,DAY,2026-06-16T14:13:21.029Z,2026-06-16T14:13:21.125Z
INTC260702C00135000,INTC260702C00135000,OPTION,BUY,BTO,BUY_TO_OPEN,FILLED,3.0,3.0,@5.55,5.55,DAY,2026-06-16T14:13:06.746Z,2026-06-16T14:13:36.011Z
AMKR260717C00110000,AMKR260717C00110000,OPTION,BUY,BTO,BUY_TO_OPEN,FILLED,1.0,1.0,@4.6,4.6,DAY,2026-06-16T13:57:13.581Z,2026-06-16T13:57:22.433Z
AMKR260618C00110000,AMKR260618C00110000,OPTION,SELL,STC,SELL_TO_CLOSE,FILLED,75.0,75.0,@0.15,0.17,DAY,2026-06-16T13:56:23.076Z,2026-06-16T13:56:46.645Z
CRWV260618C00117000,CRWV260618C00117000,OPTION,SELL,STC,SELL_TO_CLOSE,FILLED,2.0,2.0,@3.55,3.55,DAY,2026-06-16T13:55:05.487Z,2026-06-16T13:55:05.744Z
MU260618C01200000,MU260618C01200000,OPTION,SELL,STC,SELL_TO_CLOSE,CANCELLED,0.0,1.0,,,DAY,2026-06-16T13:37:46.604Z,
MU260618C01200000,MU260618C01200000,OPTION,BUY,BTO,BUY_TO_OPEN,FILLED,1.0,1.0,@10.8,10.25,DAY,2026-06-16T13:36:26.378Z,2026-06-16T13:36:26.513Z
COLA,COLA,EQUITY,SELL,SELL,,FILLED,500.0,500.0,@10.63,10.65,DAY,2026-06-16T13:36:11.435Z,2026-06-16T13:36:11.537Z
CRWV260618C00117000,CRWV260618C00117000,OPTION,BUY,BTO,BUY_TO_OPEN,FILLED,2.0,2.0,@2.0,2.0,DAY,2026-06-16T13:33:31.518Z,2026-06-16T13:33:31.623Z
AMKR260717C00100000,AMKR260717C00100000,OPTION,BUY,BTO,BUY_TO_OPEN,CANCELLED,0.0,1.0,@6.5,,DAY,2026-06-16T13:32:42.688Z,
MRAM260717C00040000,MRAM260717C00040000,OPTION,SELL,STC,SELL_TO_CLOSE,FILLED,6.0,6.0,@1.85,1.85,DAY,2026-06-15T19:58:10.189Z,2026-06-15T19:58:17.950Z
TSLA260626C00420000,TSLA260626C00420000,OPTION,SELL,STC,SELL_TO_CLOSE,FILLED,1.0,1.0,@8.65,8.65,DAY,2026-06-15T19:19:46.348Z,2026-06-15T19:19:46.497Z
CTSH,CTSH,EQUITY,BUY,BUY,,FILLED,100.0,100.0,@51.06,51.06,DAY,2026-06-15T16:15:12.425Z,2026-06-15T16:39:40.644Z
MRAM260717C00040000,MRAM260717C00040000,OPTION,BUY,BTO,BUY_TO_OPEN,FILLED,3.0,3.0,@2.15,2.15,DAY,2026-06-15T15:26:20.644Z,2026-06-15T16:39:48.767Z
USO260618P00116000,USO260618P00116000,OPTION,SELL,STC,SELL_TO_CLOSE,FILLED,3.0,3.0,@0.65,0.65,DAY,2026-06-15T15:13:34.346Z,2026-06-15T15:13:39.441Z
CVX260717P00165000,CVX260717P00165000,OPTION,BUY,BTO,BUY_TO_OPEN,FILLED,10.0,10.0,@1.0,0.98,DAY,2026-06-15T15:13:20.143Z,2026-06-15T15:13:20.455Z
USO260618P00116000,USO260618P00116000,OPTION,BUY,BTO,BUY_TO_OPEN,FILLED,3.0,3.0,@0.89,0.89,DAY,2026-06-15T13:46:28.641Z,2026-06-15T13:46:28.683Z
MRAM260717C00040000,MRAM260717C00040000,OPTION,BUY,BTO,BUY_TO_OPEN,FILLED,3.0,3.0,@1.55,1.46,DAY,2026-06-15T13:44:30.933Z,2026-06-15T13:44:31.115Z
SE,SE,EQUITY,BUY,BUY,,FILLED,60.0,60.0,@87.34,87.34,DAY,2026-06-15T13:43:55.168Z,2026-06-15T13:43:55.235Z
GLD260821C00395000,GLD260821C00395000,OPTION,BUY,BTO,BUY_TO_OPEN,FILLED,1.0,1.0,@20.0,20.0,DAY,2026-06-15T13:37:20.515Z,2026-06-15T13:37:26.509Z
USO260618C00140000,USO260618C00140000,OPTION,SELL,STC,SELL_TO_CLOSE,FILLED,10.0,10.0,@0.05,0.12,DAY,2026-06-15T13:30:47.019Z,2026-06-15T13:30:47.371Z
QQQ260618P00695000,QQQ260618P00695000,OPTION,SELL,STC,SELL_TO_CLOSE,FILLED,4.0,4.0,@0.54,0.54,DAY,2026-06-15T13:30:40.620Z,2026-06-15T13:30:40.661Z
INTC260618C00135000,INTC260618C00135000,OPTION,BUY,BTO,BUY_TO_OPEN,FILLED,3.0,3.0,@3.3,3.3,DAY,2026-06-15T13:30:26.543Z,2026-06-15T13:30:26.584Z
TSLA260626C00420000,TSLA260626C00420000,OPTION,BUY,BTO,BUY_TO_OPEN,FILLED,1.0,1.0,@10.05,10.0,DAY,2026-06-12T19:58:58.966Z,2026-06-12T19:58:59.099Z
INTC260626C00140000,INTC260626C00140000,OPTION,SELL,STC,SELL_TO_CLOSE,FILLED,3.0,3.0,,3.85,DAY,2026-06-12T19:51:55.548Z,2026-06-12T19:51:55.581Z
INTC260626C00140000,INTC260626C00140000,OPTION,SELL,STC,SELL_TO_CLOSE,CANCELLED,0.0,3.0,@3.9,,DAY,2026-06-12T19:51:16.170Z,
QQQ260618P00695000,QQQ260618P00695000,OPTION,BUY,BTO,BUY_TO_OPEN,FILLED,2.0,2.0,@2.58,2.58,DAY,2026-06-12T19:51:01.262Z,2026-06-12T19:51:04.671Z
QQQ260618P00695000,QQQ260618P00695000,OPTION,BUY,BTO,BUY_TO_OPEN,FILLED,2.0,2.0,@2.57,2.57,DAY,2026-06-12T19:49:25.094Z,2026-06-12T19:49:25.266Z
QQQ260612C00728000,QQQ260612C00728000,OPTION,SELL,STC,SELL_TO_CLOSE,FILLED,20.0,20.0,@0.01,0.02,DAY,2026-06-12T19:48:42.016Z,2026-06-12T19:48:42.157Z
QQQ260612C00728000,QQQ260612C00728000,OPTION,BUY,BTO,BUY_TO_OPEN,FILLED,20.0,20.0,@0.14,0.14,DAY,2026-06-12T18:43:43.621Z,2026-06-12T18:43:43.787Z
IBIT260618C00040000,IBIT260618C00040000,OPTION,SELL,STC,SELL_TO_CLOSE,FILLED,100.0,100.0,@0.03,0.03,DAY,2026-06-12T17:54:19.514Z,2026-06-12T17:54:19.565Z
RKLB260612P00102000,RKLB260612P00102000,OPTION,SELL,STC,SELL_TO_CLOSE,FILLED,1.0,1.0,@0.26,0.27,DAY,2026-06-12T17:54:10.024Z,2026-06-12T17:54:27.111Z
TSLA260612C00407500,TSLA260612C00407500,OPTION,SELL,STC,SELL_TO_CLOSE,FILLED,2.0,2.0,@0.8,0.81,DAY,2026-06-12T17:53:54.391Z,2026-06-12T17:53:54.529Z
AMKR260618C00110000,AMKR260618C00110000,OPTION,BUY,BTO,BUY_TO_OPEN,FILLED,75.0,75.0,@0.2,0.15,DAY,2026-06-12T17:53:27.233Z,2026-06-12T17:53:41.842Z
CRWV260612C00106000,CRWV260612C00106000,OPTION,SELL,STC,SELL_TO_CLOSE,FILLED,4.0,4.0,@0.3,0.33,DAY,2026-06-12T17:31:12.170Z,2026-06-12T17:31:12.321Z
RKLB260618P00085000,RKLB260618P00085000,OPTION,SELL,STC,SELL_TO_CLOSE,FILLED,5.0,5.0,@0.66,0.66,DAY,2026-06-12T17:31:03.702Z,2026-06-12T17:31:24.451Z
INTC260626C00140000,INTC260626C00140000,OPTION,BUY,BTO,BUY_TO_OPEN,FILLED,3.0,3.0,@4.65,4.59,DAY,2026-06-12T17:30:45.656Z,2026-06-12T17:30:45.700Z
TSLA260612C00407500,TSLA260612C00407500,OPTION,BUY,BTO,BUY_TO_OPEN,FILLED,2.0,2.0,@1.31,1.29,DAY,2026-06-12T17:29:38.497Z,2026-06-12T17:29:38.531Z
MU260612C01025000,MU260612C01025000,OPTION,SELL,STC,SELL_TO_CLOSE,FILLED,2.0,2.0,@1.46,1.54,DAY,2026-06-12T17:29:24.395Z,2026-06-12T17:29:24.608Z
MU260612C01025000,MU260612C01025000,OPTION,BUY,BTO,BUY_TO_OPEN,FILLED,2.0,2.0,@2.25,2.18,DAY,2026-06-12T17:10:32.110Z,2026-06-12T17:10:32.164Z
TSLA260612C00405000,TSLA260612C00405000,OPTION,SELL,STC,SELL_TO_CLOSE,FILLED,2.0,2.0,,2.57,DAY,2026-06-12T17:10:14.620Z,2026-06-12T17:10:14.862Z
TSLA260612C00405000,TSLA260612C00405000,OPTION,SELL,STC,SELL_TO_CLOSE,FILLED,2.0,2.0,@3.25,3.25,DAY,2026-06-12T17:08:57.507Z,2026-06-12T17:09:02.577Z
TSLA260612C00405000,TSLA260612C00405000,OPTION,BUY,BTO,BUY_TO_OPEN,FILLED,2.0,2.0,@2.1,2.1,DAY,2026-06-12T17:06:55.178Z,2026-06-12T17:07:00.289Z
TSLA260612C00405000,TSLA260612C00405000,OPTION,BUY,BTO,BUY_TO_OPEN,FILLED,2.0,2.0,@1.15,1.14,DAY,2026-06-12T16:39:20.928Z,2026-06-12T16:39:21.177Z
CRWV260612C00106000,CRWV260612C00106000,OPTION,BUY,BTO,BUY_TO_OPEN,FILLED,4.0,4.0,@0.57,0.57,DAY,2026-06-12T16:23:22.198Z,2026-06-12T16:23:22.279Z
RKLB260618P00085000,RKLB260618P00085000,OPTION,BUY,BTO,BUY_TO_OPEN,FILLED,5.0,5.0,@1.1,1.05,DAY,2026-06-12T16:21:59.303Z,2026-06-12T16:21:59.464Z
RKLB260612P00102000,RKLB260612P00102000,OPTION,BUY,BTO,BUY_TO_OPEN,FILLED,1.0,1.0,@1.58,1.58,DAY,2026-06-12T16:21:15.124Z,2026-06-12T16:21:15.160Z
SPCX,SPCX,EQUITY,SELL,SELL,,FILLED,20.0,20.0,,155.7,DAY,2026-06-12T16:04:05.916Z,2026-06-12T16:04:05.962Z
SPCX,SPCX,EQUITY,BUY,BUY,,FILLED,20.0,20.0,,167.26,DAY,2026-06-12T15:55:41.074Z,2026-06-12T15:55:41.265Z
SPCX,SPCX,EQUITY,BUY,BUY,,CANCELLED,0.0,15.0,@164.0,,DAY,2026-06-12T15:54:12.178Z,
SPCX,SPCX,EQUITY,SELL,SELL,,FILLED,20.0,20.0,@157.55,158.86,DAY,2026-06-12T15:51:13.963Z,2026-06-12T15:51:14.019Z
SPCX,SPCX,EQUITY,BUY,BUY,,FILLED,20.0,20.0,@159.69,159.69,DAY,2026-06-12T15:49:35.657Z,2026-06-12T15:49:35.705Z
IBIT260612P00026000,IBIT260612P00026000,OPTION,SELL,STC,SELL_TO_CLOSE,CANCELLED,0.0,50.0,@0.01,,DAY,2026-06-12T15:49:09.775Z,
QQQ260612P00696000,QQQ260612P00696000,OPTION,SELL,STC,SELL_TO_CLOSE,FILLED,6.0,6.0,@0.16,0.17,DAY,2026-06-12T15:49:00.638Z,2026-06-12T15:49:00.896Z
INTC260626C00130000,INTC260626C00130000,OPTION,SELL,STC,SELL_TO_CLOSE,FILLED,3.0,3.0,@5.2,5.2,DAY,2026-06-12T15:48:47.453Z,2026-06-12T15:48:47.489Z
IREN260612C00062000,IREN260612C00062000,OPTION,SELL,STC,SELL_TO_CLOSE,FILLED,15.0,15.0,@0.52,0.56,DAY,2026-06-12T15:16:53.054Z,2026-06-12T15:16:53.220Z
IBIT260618C00040000,IBIT260618C00040000,OPTION,BUY,BTO,BUY_TO_OPEN,FILLED,100.0,100.0,@0.05,0.05,DAY,2026-06-12T15:16:26.616Z,2026-06-12T15:16:26.785Z
USO260618C00140000,USO260618C00140000,OPTION,BUY,BTO,BUY_TO_OPEN,FILLED,10.0,10.0,@0.94,0.93,DAY,2026-06-12T14:42:51.237Z,2026-06-12T14:42:51.285Z
AMZN,AMZN,EQUITY,SELL,SELL,,FILLED,40.0,40.0,@235.81,235.81,DAY,2026-06-12T14:42:19.826Z,2026-06-12T14:42:20.617Z
IREN260612C00062000,IREN260612C00062000,OPTION,BUY,BTO,BUY_TO_OPEN,FILLED,15.0,15.0,@0.36,0.34,DAY,2026-06-12T13:50:48.704Z,2026-06-12T13:50:48.942Z
QQQ260612P00696000,QQQ260612P00696000,OPTION,BUY,BTO,BUY_TO_OPEN,FILLED,2.0,2.0,@0.74,0.74,DAY,2026-06-12T13:45:10.230Z,2026-06-12T13:45:10.542Z
TSLA260612C00412500,TSLA260612C00412500,OPTION,SELL,STC,SELL_TO_CLOSE,FILLED,5.0,5.0,@1.42,1.42,DAY,2026-06-12T13:44:56.579Z,2026-06-12T13:45:01.048Z
TSLA260615C00425000,TSLA260615C00425000,OPTION,SELL,STC,SELL_TO_CLOSE,FILLED,2.0,2.0,@2.13,2.13,DAY,2026-06-12T13:42:05.092Z,2026-06-12T13:42:06.185Z
TSLA260615C00425000,TSLA260615C00425000,OPTION,SELL,STC,SELL_TO_CLOSE,CANCELLED,0.0,2.0,@2.49,,DAY,2026-06-12T13:38:31.315Z,
TSLA260615C00425000,TSLA260615C00425000,OPTION,BUY,BTO,BUY_TO_OPEN,FILLED,2.0,2.0,@2.65,2.65,DAY,2026-06-12T13:37:50.187Z,2026-06-12T13:37:50.425Z
MU260626C01370000,MU260626C01370000,OPTION,SELL,STC,SELL_TO_CLOSE,FILLED,1.0,1.0,@9.35,9.51,DAY,2026-06-12T13:34:10.183Z,2026-06-12T13:34:10.463Z
TSLA260612C00412500,TSLA260612C00412500,OPTION,BUY,BTO,BUY_TO_OPEN,FILLED,5.0,5.0,@2.06,2.06,DAY,2026-06-12T13:31:03.549Z,2026-06-12T13:31:04.310Z
INTC260626C00130000,INTC260626C00130000,OPTION,BUY,BTO,BUY_TO_OPEN,FILLED,3.0,3.0,@4.0,4.0,DAY,2026-06-11T19:58:30.444Z,2026-06-11T19:58:30.494Z
MU260626C01370000,MU260626C01370000,OPTION,BUY,BTO,BUY_TO_OPEN,FILLED,1.0,1.0,@12.5,12.5,DAY,2026-06-11T19:58:16.903Z,2026-06-11T19:58:24.404Z
INTC260626C00130000,INTC260626C00130000,OPTION,SELL,STC,SELL_TO_CLOSE,FILLED,3.0,3.0,@4.25,4.25,DAY,2026-06-11T19:54:06.499Z,2026-06-11T19:54:06.668Z
MU260626C01370000,MU260626C01370000,OPTION,SELL,STC,SELL_TO_CLOSE,FILLED,1.0,1.0,@12.2,12.2,DAY,2026-06-11T19:53:53.160Z,2026-06-11T19:53:53.204Z
GLD260821C00380000,GLD260821C00380000,OPTION,BUY,BTO,BUY_TO_OPEN,FILLED,1.0,1.0,@22.05,22.05,DAY,2026-06-11T19:45:06.973Z,2026-06-11T19:45:07.020Z
INTC260626C00130000,INTC260626C00130000,OPTION,BUY,BTO,BUY_TO_OPEN,FILLED,3.0,3.0,@4.45,4.45,DAY,2026-06-11T19:38:33.278Z,2026-06-11T19:38:33.404Z
QQQ260612P00696000,QQQ260612P00696000,OPTION,BUY,BTO,BUY_TO_OPEN,FILLED,3.0,3.0,@0.94,0.94,DAY,2026-06-11T19:32:51.989Z,2026-06-11T19:32:52.123Z
AMZN,AMZN,EQUITY,BUY,BUY,,FILLED,40.0,40.0,@240.85,240.85,DAY,2026-06-11T19:29:23.556Z,2026-06-11T19:29:36.965Z
MU260626C01370000,MU260626C01370000,OPTION,SELL,STC,SELL_TO_CLOSE,FILLED,1.0,1.0,@10.7,10.7,DAY,2026-06-11T19:19:23.793Z,2026-06-11T19:19:28.261Z
MU260626C01370000,MU260626C01370000,OPTION,BUY,BTO,BUY_TO_OPEN,FILLED,2.0,2.0,@10.7,10.7,DAY,2026-06-11T19:18:47.113Z,2026-06-11T19:18:47.258Z
MU260626C01370000,MU260626C01370000,OPTION,SELL,STC,SELL_TO_CLOSE,FILLED,1.0,1.0,@9.5,9.5,DAY,2026-06-11T18:55:43.366Z,2026-06-11T18:55:52.989Z
MU260626C01370000,MU260626C01370000,OPTION,BUY,BTO,BUY_TO_OPEN,FILLED,1.0,1.0,@10.5,9.96,DAY,2026-06-11T18:50:41.739Z,2026-06-11T18:50:41.886Z
QQQ260612P00696000,QQQ260612P00696000,OPTION,BUY,BTO,BUY_TO_OPEN,FILLED,1.0,1.0,@2.22,2.22,DAY,2026-06-11T18:22:55.795Z,2026-06-11T18:22:55.887Z
WTIU,WTIU,EQUITY,SELL,SELL,,FILLED,300.0,300.0,@16.47,16.48,DAY,2026-06-11T17:33:11.782Z,2026-06-11T17:33:11.836Z
META260622P00540000,META260622P00540000,OPTION,SELL,STC,SELL_TO_CLOSE,FILLED,2.0,2.0,@3.8,3.8,DAY,2026-06-11T17:31:12.423Z,2026-06-11T17:31:12.470Z
GLD260618P00389000,GLD260618P00389000,OPTION,SELL,STC,SELL_TO_CLOSE,FILLED,1.0,1.0,@13.0,13.0,DAY,2026-06-11T17:30:41.314Z,2026-06-11T17:30:47.848Z
MSTR260626P00110000,MSTR260626P00110000,OPTION,SELL,STC,SELL_TO_CLOSE,FILLED,2.0,2.0,@4.55,4.55,DAY,2026-06-11T17:30:24.315Z,2026-06-11T17:30:24.407Z
QQQ260618P00673000,QQQ260618P00673000,OPTION,SELL,STC,SELL_TO_CLOSE,FILLED,2.0,2.0,@3.51,3.56,DAY,2026-06-11T17:29:54.339Z,2026-06-11T17:29:59.610Z
META260622P00540000,META260622P00540000,OPTION,SELL,STC,SELL_TO_CLOSE,CANCELLED,0.0,2.0,@3.75,,DAY,2026-06-11T17:29:44.847Z,
META260622P00540000,META260622P00540000,OPTION,BUY,BTO,BUY_TO_OPEN,FILLED,2.0,2.0,@5.9,5.9,DAY,2026-06-11T17:04:33.829Z,2026-06-11T17:04:33.920Z
MSTR260626P00110000,MSTR260626P00110000,OPTION,BUY,BTO,BUY_TO_OPEN,FILLED,2.0,2.0,@5.35,5.17,DAY,2026-06-11T17:01:19.129Z,2026-06-11T17:01:19.356Z
IREN260618C00042000,IREN260618C00042000,OPTION,BUY,BTC,BUY_TO_CLOSE,FILLED,3.0,3.0,@13.15,13.15,DAY,2026-06-11T16:06:51.606Z,2026-06-11T16:06:51.792Z
QQQ260618P00687000,QQQ260618P00687000,OPTION,SELL,STC,SELL_TO_CLOSE,FILLED,1.0,1.0,@9.04,9.07,DAY,2026-06-11T15:08:12.180Z,2026-06-11T15:08:12.356Z
QQQ260618P00673000,QQQ260618P00673000,OPTION,SELL,STC,SELL_TO_CLOSE,CANCELLED,0.0,2.0,@6.44,,DAY,2026-06-11T15:08:06.813Z,
IREN260618C00042000,IREN260618C00042000,OPTION,SELL,STO,SELL_TO_OPEN,FILLED,3.0,3.0,@11.55,11.55,DAY,2026-06-11T15:02:00.211Z,2026-06-11T15:02:11.858Z
QQQ260618P00687000,QQQ260618P00687000,OPTION,BUY,BTO,BUY_TO_OPEN,FILLED,1.0,1.0,@10.73,10.73,DAY,2026-06-11T15:01:29.523Z,2026-06-11T15:01:30.723Z
QQQ260618P00673000,QQQ260618P00673000,OPTION,BUY,BTO,BUY_TO_OPEN,FILLED,1.0,1.0,@6.05,6.01,DAY,2026-06-11T14:56:51.353Z,2026-06-11T14:56:51.503Z
QQQ260618P00673000,QQQ260618P00673000,OPTION,BUY,BTO,BUY_TO_OPEN,FILLED,1.0,1.0,@5.59,5.57,DAY,2026-06-11T14:55:30.758Z,2026-06-11T14:55:30.983Z
QQQ260612P00660000,QQQ260612P00660000,OPTION,SELL,STC,SELL_TO_CLOSE,FILLED,15.0,15.0,@0.36,0.38,DAY,2026-06-11T14:48:49.187Z,2026-06-11T14:49:07.374Z
INTC260626C00145000,INTC260626C00145000,OPTION,SELL,STC,SELL_TO_CLOSE,FILLED,5.0,5.0,@1.45,1.48,DAY,2026-06-11T14:39:53.937Z,2026-06-11T14:39:54.116Z
INTC,INTC,EQUITY,BUY,BUY,,FILLED,50.0,50.0,,119.13,DAY,2026-06-11T14:04:32.725Z,2026-06-11T14:04:43.396Z
IREN260618C00042000,IREN260618C00042000,OPTION,BUY,BTC,BUY_TO_CLOSE,FILLED,3.0,3.0,@12.5,12.5,DAY,2026-06-11T14:03:38.619Z,2026-06-11T14:03:38.661Z
SE260618P00082500,SE260618P00082500,OPTION,SELL,STC,SELL_TO_CLOSE,FILLED,5.0,5.0,@2.34,2.34,DAY,2026-06-11T14:03:00.545Z,2026-06-11T14:03:09.345Z
INTC260626C00145000,INTC260626C00145000,OPTION,BUY,BTO,BUY_TO_OPEN,FILLED,5.0,5.0,@2.2,2.17,DAY,2026-06-11T14:02:35.523Z,2026-06-11T14:02:43.755Z
ORCL,ORCL,EQUITY,BUY,BUY,,FILLED,30.0,30.0,@180.87,180.87,DAY,2026-06-11T14:01:21.607Z,2026-06-11T14:01:22.022Z
QQQ260612P00660000,QQQ260612P00660000,OPTION,BUY,BTO,BUY_TO_OPEN,FILLED,5.0,5.0,@0.34,0.34,DAY,2026-06-11T14:00:07.309Z,2026-06-11T14:00:07.516Z
QQQ260612C00722000,QQQ260612C00722000,OPTION,SELL,STC,SELL_TO_CLOSE,FILLED,4.0,4.0,@0.84,0.84,DAY,2026-06-11T13:59:52.859Z,2026-06-11T13:59:56.055Z
INTC260626C00145000,INTC260626C00145000,OPTION,SELL,STC,SELL_TO_CLOSE,FILLED,5.0,5.0,@1.92,1.92,DAY,2026-06-11T13:59:47.389Z,2026-06-11T13:59:50.591Z
INTC260626C00145000,INTC260626C00145000,OPTION,BUY,BTO,BUY_TO_OPEN,FILLED,5.0,5.0,@2.02,2.02,DAY,2026-06-11T13:53:53.906Z,2026-06-11T13:54:07.212Z
GLD260618P00389000,GLD260618P00389000,OPTION,SELL,STC,SELL_TO_CLOSE,FILLED,1.0,1.0,@15.0,15.0,DAY,2026-06-11T13:50:17.866Z,2026-06-11T13:50:26.904Z
GLD260618P00389000,GLD260618P00389000,OPTION,SELL,STC,SELL_TO_CLOSE,FILLED,1.0,1.0,@15.35,15.35,DAY,2026-06-11T13:49:27.285Z,2026-06-11T13:49:30.605Z
CRWV260626P00080000,CRWV260626P00080000,OPTION,SELL,STC,SELL_TO_CLOSE,FILLED,5.0,5.0,@2.26,2.26,DAY,2026-06-11T13:44:55.753Z,2026-06-11T13:44:55.811Z
WTIU,WTIU,EQUITY,BUY,BUY,,FILLED,300.0,300.0,@17.48,17.43,DAY,2026-06-11T13:44:06.849Z,2026-06-11T13:44:07.006Z
ORCL,ORCL,EQUITY,SHORT,SHORT,,FILLED,30.0,30.0,@177.0,177.0,DAY,2026-06-11T13:31:51.382Z,2026-06-11T13:31:51.436Z
GLD260618P00360000,GLD260618P00360000,OPTION,SELL,STC,SELL_TO_CLOSE,FILLED,2.0,2.0,@2.4,2.4,DAY,2026-06-11T13:30:31.393Z,2026-06-11T13:30:31.506Z
WTIU,WTIU,EQUITY,SELL,SELL,,FILLED,200.0,200.0,@16.85,16.85,DAY,2026-06-11T10:22:40.008Z,2026-06-11T10:22:40.105Z
WOLF,WOLF,EQUITY,BUY,BUY,,FILLED,50.0,50.0,@44.15,44.15,DAY,2026-06-11T01:09:51.653Z,2026-06-11T01:11:11.451Z
WTIU,WTIU,EQUITY,BUY,BUY,,FILLED,200.0,200.0,@17.56,17.56,DAY,2026-06-10T20:54:44.165Z,2026-06-10T20:54:44.201Z
MUR260717C00042500,MUR260717C00042500,OPTION,SELL,STC,SELL_TO_CLOSE,FILLED,3.0,3.0,@1.55,1.55,DAY,2026-06-10T19:49:08.283Z,2026-06-10T19:49:13.782Z
GLD260618P00360000,GLD260618P00360000,OPTION,BUY,BTO,BUY_TO_OPEN,FILLED,2.0,2.0,@2.5,2.44,DAY,2026-06-10T19:12:19.699Z,2026-06-10T19:12:19.746Z
QQQ260610C00706000,QQQ260610C00706000,OPTION,SELL,STC,SELL_TO_CLOSE,FILLED,1.0,1.0,@0.24,0.24,DAY,2026-06-10T18:21:12.977Z,2026-06-10T18:21:13.102Z
QQQ260612P00660000,QQQ260612P00660000,OPTION,BUY,BTO,BUY_TO_OPEN,FILLED,5.0,5.0,@1.0,1.0,DAY,2026-06-10T17:32:16.939Z,2026-06-10T17:32:18.527Z
TSLA260612P00365000,TSLA260612P00365000,OPTION,SELL,STC,SELL_TO_CLOSE,FILLED,3.0,3.0,@1.93,1.94,DAY,2026-06-10T17:31:45.208Z,2026-06-10T17:31:45.419Z
QQQ260612P00660000,QQQ260612P00660000,OPTION,BUY,BTO,BUY_TO_OPEN,FILLED,5.0,5.0,@0.94,0.94,DAY,2026-06-10T17:31:32.346Z,2026-06-10T17:31:32.443Z
TSLA260612P00365000,TSLA260612P00365000,OPTION,BUY,BTO,BUY_TO_OPEN,FILLED,3.0,3.0,@2.12,2.1,DAY,2026-06-10T17:12:15.603Z,2026-06-10T17:12:15.744Z
QQQ260612C00722000,QQQ260612C00722000,OPTION,BUY,BTO,BUY_TO_OPEN,FILLED,3.0,3.0,@1.08,1.08,DAY,2026-06-10T17:09:15.558Z,2026-06-10T17:09:16.141Z
GLD260618P00360000,GLD260618P00360000,OPTION,SELL,STC,SELL_TO_CLOSE,FILLED,3.0,3.0,@1.75,1.75,DAY,2026-06-10T17:08:53.711Z,2026-06-10T17:08:53.754Z
TSLA260612P00365000,TSLA260612P00365000,OPTION,SELL,STC,SELL_TO_CLOSE,FILLED,3.0,3.0,@1.92,1.92,DAY,2026-06-10T17:08:20.419Z,2026-06-10T17:08:24.372Z
CRWV260626P00080000,CRWV260626P00080000,OPTION,BUY,BTO,BUY_TO_OPEN,FILLED,5.0,5.0,@1.95,1.95,DAY,2026-06-10T16:50:40.960Z,2026-06-10T16:50:43.337Z
QQQ260615P00692000,QQQ260615P00692000,OPTION,SELL,STC,SELL_TO_CLOSE,FILLED,2.0,2.0,@6.88,6.88,DAY,2026-06-10T15:24:29.703Z,2026-06-10T15:24:29.740Z
GLD260618P00360000,GLD260618P00360000,OPTION,BUY,BTO,BUY_TO_OPEN,FILLED,3.0,3.0,@2.11,2.11,DAY,2026-06-10T15:18:34.179Z,2026-06-10T15:18:34.240Z
GLD260612P00373000,GLD260612P00373000,OPTION,SELL,STC,SELL_TO_CLOSE,FILLED,2.0,2.0,@2.53,2.53,DAY,2026-06-10T15:12:47.614Z,2026-06-10T15:12:47.668Z
TSLA260612P00365000,TSLA260612P00365000,OPTION,BUY,BTO,BUY_TO_OPEN,FILLED,3.0,3.0,@2.19,2.15,DAY,2026-06-10T15:12:33.401Z,2026-06-10T15:12:33.578Z
WOLF,WOLF,EQUITY,BUY,BUY,,CANCELLED,0.0,50.0,@37.0,,GTC,2026-06-10T15:07:47.499Z,
WOLF,WOLF,EQUITY,BUY,BUY,,CANCELLED,0.0,50.0,,,GTC,2026-06-10T15:07:47.499Z,
WOLF,WOLF,EQUITY,SHORT,SHORT,,FILLED,50.0,50.0,@43.52,43.62,DAY,2026-06-10T15:06:59.940Z,2026-06-10T15:07:19.161Z
IREN260618C00042000,IREN260618C00042000,OPTION,SELL,STO,SELL_TO_OPEN,FILLED,2.0,2.0,@12.25,12.25,DAY,2026-06-10T15:01:09.081Z,2026-06-10T15:01:09.131Z
GLD260612P00373000,GLD260612P00373000,OPTION,BUY,BTO,BUY_TO_OPEN,FILLED,2.0,2.0,@2.79,2.77,DAY,2026-06-10T14:57:33.273Z,2026-06-10T14:57:33.509Z
QQQ260615P00692000,QQQ260615P00692000,OPTION,BUY,BTO,BUY_TO_OPEN,FILLED,2.0,2.0,@5.41,5.28,DAY,2026-06-10T14:49:41.964Z,2026-06-10T14:49:42.071Z
IREN260618C00042000,IREN260618C00042000,OPTION,BUY,BTC,BUY_TO_CLOSE,FILLED,1.0,1.0,@14.6,14.6,DAY,2026-06-10T14:39:25.397Z,2026-06-10T14:39:25.597Z
MUR260717C00042500,MUR260717C00042500,OPTION,BUY,BTO,BUY_TO_OPEN,FILLED,3.0,3.0,@1.7,1.7,DAY,2026-06-10T14:38:27.287Z,2026-06-10T14:38:27.359Z
PLTR260618P00120000,PLTR260618P00120000,OPTION,SELL,STC,SELL_TO_CLOSE,FILLED,10.0,10.0,@0.83,0.83,DAY,2026-06-10T13:58:32.095Z,2026-06-10T13:58:32.136Z
AAPL260612P00277500,AAPL260612P00277500,OPTION,SELL,STC,SELL_TO_CLOSE,FILLED,10.0,10.0,@0.29,0.29,DAY,2026-06-10T13:58:23.703Z,2026-06-10T13:58:27.129Z
GLD260618P00389000,GLD260618P00389000,OPTION,SELL,STC,SELL_TO_CLOSE,FILLED,2.0,2.0,@9.25,9.25,DAY,2026-06-10T13:50:51.688Z,2026-06-10T13:50:51.742Z
AAPL260612P00277500,AAPL260612P00277500,OPTION,SELL,STC,SELL_TO_CLOSE,CANCELLED,0.0,10.0,@0.38,,DAY,2026-06-10T13:43:48.211Z,
HOOD260612C00094000,HOOD260612C00094000,OPTION,SELL,STC,SELL_TO_CLOSE,FILLED,2.0,2.0,@1.21,1.22,DAY,2026-06-10T13:42:10.783Z,2026-06-10T13:42:10.920Z
AAPL260612P00277500,AAPL260612P00277500,OPTION,BUY,BTO,BUY_TO_OPEN,FILLED,10.0,10.0,@0.59,0.59,DAY,2026-06-10T13:41:59.988Z,2026-06-10T13:42:00.026Z
HOOD260612C00094000,HOOD260612C00094000,OPTION,BUY,BTO,BUY_TO_OPEN,FILLED,2.0,2.0,@1.18,1.18,DAY,2026-06-10T13:38:50.980Z,2026-06-10T13:38:51.019Z
GLD260610P00380000,GLD260610P00380000,OPTION,SELL,STC,SELL_TO_CLOSE,FILLED,3.0,3.0,@0.89,0.89,DAY,2026-06-10T13:37:22.184Z,2026-06-10T13:37:22.397Z
GLD260610P00380000,GLD260610P00380000,OPTION,SELL,STC,SELL_TO_CLOSE,FILLED,5.0,5.0,@1.46,1.46,DAY,2026-06-10T13:34:33.167Z,2026-06-10T13:34:33.221Z
QQQ260610C00706000,QQQ260610C00706000,OPTION,BUY,BTO,BUY_TO_OPEN,FILLED,1.0,1.0,@5.08,5.08,DAY,2026-06-09T19:51:08.428Z,2026-06-09T19:51:25.701Z
QQQ260610P00697000,QQQ260610P00697000,OPTION,SELL,STC,SELL_TO_CLOSE,FILLED,1.0,1.0,@3.03,3.05,DAY,2026-06-09T19:50:44.511Z,2026-06-09T19:50:44.550Z
QQQ260610C00706000,QQQ260610C00706000,OPTION,SELL,STC,SELL_TO_CLOSE,FILLED,1.0,1.0,@4.01,4.01,DAY,2026-06-09T19:49:37.404Z,2026-06-09T19:49:43.807Z
QQQ260610P00697000,QQQ260610P00697000,OPTION,BUY,BTO,BUY_TO_OPEN,FILLED,1.0,1.0,@4.01,4.01,DAY,2026-06-09T19:40:38.247Z,2026-06-09T19:40:38.302Z
QQQ260612C00722000,QQQ260612C00722000,OPTION,BUY,BTO,BUY_TO_OPEN,FILLED,1.0,1.0,@2.21,2.16,DAY,2026-06-09T19:28:24.977Z,2026-06-09T19:28:25.353Z
XLE260717C00057000,XLE260717C00057000,OPTION,SELL,STC,SELL_TO_CLOSE,FILLED,3.0,3.0,@2.02,2.02,DAY,2026-06-09T19:13:57.654Z,2026-06-09T19:13:57.694Z
QQQ260610C00706000,QQQ260610C00706000,OPTION,BUY,BTO,BUY_TO_OPEN,FILLED,1.0,1.0,@4.09,4.07,DAY,2026-06-09T17:37:59.024Z,2026-06-09T17:37:59.161Z
IREN260612P00057000,IREN260612P00057000,OPTION,SELL,STC,SELL_TO_CLOSE,FILLED,1.0,1.0,@4.45,4.45,DAY,2026-06-09T17:29:34.431Z,2026-06-09T17:29:34.483Z
USO260618P00125000,USO260618P00125000,OPTION,SELL,STC,SELL_TO_CLOSE,FILLED,3.0,3.0,@2.1,2.1,DAY,2026-06-09T17:29:15.711Z,2026-06-09T17:29:15.756Z
IREN260612P00057000,IREN260612P00057000,OPTION,SELL,STC,SELL_TO_CLOSE,FILLED,1.0,1.0,@5.0,5.0,DAY,2026-06-09T17:12:32.994Z,2026-06-09T17:12:53.643Z
CRWV260618P00080000,CRWV260618P00080000,OPTION,SELL,STC,SELL_TO_CLOSE,FILLED,10.0,10.0,@1.31,1.31,DAY,2026-06-09T17:12:05.689Z,2026-06-09T17:12:21.874Z
QQQ260618P00675000,QQQ260618P00675000,OPTION,SELL,STC,SELL_TO_CLOSE,FILLED,1.0,1.0,@9.63,9.63,DAY,2026-06-09T16:59:03.446Z,2026-06-09T16:59:03.494Z
GLD260610P00380000,GLD260610P00380000,OPTION,SELL,STC,SELL_TO_CLOSE,FILLED,7.0,7.0,@0.7,0.75,DAY,2026-06-09T16:44:48.249Z,2026-06-09T16:44:48.295Z
GLD260618P00389000,GLD260618P00389000,OPTION,SELL,STC,SELL_TO_CLOSE,FILLED,1.0,1.0,@6.5,6.65,DAY,2026-06-09T16:43:17.697Z,2026-06-09T16:43:17.742Z
IREN260612P00043000,IREN260612P00043000,OPTION,BUY,BTO,BUY_TO_OPEN,FILLED,10.0,10.0,@0.4,0.4,DAY,2026-06-09T16:42:52.250Z,2026-06-09T16:42:52.287Z
QQQ260618P00675000,QQQ260618P00675000,OPTION,SELL,STC,SELL_TO_CLOSE,FILLED,1.0,1.0,@8.94,8.94,DAY,2026-06-09T16:36:18.310Z,2026-06-09T16:36:20.046Z
QQQ260618P00675000,QQQ260618P00675000,OPTION,SELL,STC,SELL_TO_CLOSE,FILLED,3.0,3.0,@8.83,8.9,DAY,2026-06-09T16:35:59.468Z,2026-06-09T16:35:59.614Z
CRWV260618P00080000,CRWV260618P00080000,OPTION,BUY,BTO,BUY_TO_OPEN,FILLED,10.0,10.0,@1.18,1.18,DAY,2026-06-09T16:14:45.048Z,2026-06-09T16:14:57.398Z
QCOM260618P00192500,QCOM260618P00192500,OPTION,SELL,STC,SELL_TO_CLOSE,FILLED,2.0,2.0,@8.5,8.5,DAY,2026-06-09T16:13:52.584Z,2026-06-09T16:14:06.587Z
QQQ260618P00675000,QQQ260618P00675000,OPTION,SELL,STC,SELL_TO_CLOSE,FILLED,3.0,3.0,@7.06,7.06,DAY,2026-06-09T16:02:06.869Z,2026-06-09T16:02:06.908Z
PLTR260618P00120000,PLTR260618P00120000,OPTION,BUY,BTO,BUY_TO_OPEN,FILLED,10.0,10.0,@1.25,1.23,DAY,2026-06-09T16:01:50.862Z,2026-06-09T16:01:51.043Z
GLD260610P00380000,GLD260610P00380000,OPTION,BUY,BTO,BUY_TO_OPEN,FILLED,15.0,15.0,@0.37,0.37,DAY,2026-06-09T15:29:12.834Z,2026-06-09T15:29:12.868Z
QCOM260618P00192500,QCOM260618P00192500,OPTION,BUY,BTO,BUY_TO_OPEN,FILLED,2.0,2.0,@6.7,6.7,DAY,2026-06-09T14:46:49.023Z,2026-06-09T14:47:09.409Z
QCOM260618P00192500,QCOM260618P00192500,OPTION,SELL,STC,SELL_TO_CLOSE,FILLED,2.0,2.0,@5.5,5.5,DAY,2026-06-09T14:23:35.359Z,2026-06-09T14:23:35.544Z
QCOM260618P00192500,QCOM260618P00192500,OPTION,BUY,BTO,BUY_TO_OPEN,FILLED,2.0,2.0,@5.5,5.14,DAY,2026-06-09T14:14:10.928Z,2026-06-09T14:14:11.219Z
QQQ260618P00675000,QQQ260618P00675000,OPTION,BUY,BTO,BUY_TO_OPEN,FILLED,2.0,2.0,@2.15,2.15,DAY,2026-06-09T14:12:34.884Z,2026-06-09T14:12:35.042Z
INTC260612C00120000,INTC260612C00120000,OPTION,SELL,STC,SELL_TO_CLOSE,FILLED,3.0,3.0,@1.3,1.3,DAY,2026-06-09T14:12:29.119Z,2026-06-09T14:12:30.637Z
USO260618P00125000,USO260618P00125000,OPTION,BUY,BTO,BUY_TO_OPEN,FILLED,3.0,3.0,@1.8,1.8,DAY,2026-06-09T14:09:13.711Z,2026-06-09T14:09:13.771Z
QQQ260618P00675000,QQQ260618P00675000,OPTION,BUY,BTO,BUY_TO_OPEN,FILLED,3.0,3.0,@1.79,1.79,DAY,2026-06-09T13:55:39.044Z,2026-06-09T13:55:40.081Z
QQQ260609C00728000,QQQ260609C00728000,OPTION,SELL,STC,SELL_TO_CLOSE,FILLED,2.0,2.0,@0.8,0.8,DAY,2026-06-09T13:51:50.675Z,2026-06-09T13:52:01.804Z
QQQ260609C00728000,QQQ260609C00728000,OPTION,BUY,BTO,BUY_TO_OPEN,FILLED,2.0,2.0,@0.96,0.94,DAY,2026-06-09T13:47:17.020Z,2026-06-09T13:47:17.112Z
QCOM260612P00200000,QCOM260612P00200000,OPTION,SELL,STC,SELL_TO_CLOSE,FILLED,1.0,1.0,@3.15,3.15,DAY,2026-06-09T13:45:53.272Z,2026-06-09T13:46:00.667Z
QCOM260612P00200000,QCOM260612P00200000,OPTION,BUY,BTO,BUY_TO_OPEN,FILLED,1.0,1.0,@3.75,3.75,DAY,2026-06-09T13:39:26.456Z,2026-06-09T13:39:26.497Z
INTC260626C00120000,INTC260626C00120000,OPTION,SELL,STC,SELL_TO_CLOSE,FILLED,2.0,2.0,@5.6,5.6,DAY,2026-06-09T13:34:20.820Z,2026-06-09T13:34:33.569Z
QQQ260618P00675000,QQQ260618P00675000,OPTION,SELL,STC,SELL_TO_CLOSE,FILLED,3.0,3.0,@1.82,1.83,DAY,2026-06-09T13:31:44.074Z,2026-06-09T13:31:44.217Z
XLE260717C00057000,XLE260717C00057000,OPTION,SELL,STC,SELL_TO_CLOSE,FILLED,3.0,3.0,@2.42,2.46,DAY,2026-06-09T13:31:35.495Z,2026-06-09T13:32:02.879Z
INTC260626C00120000,INTC260626C00120000,OPTION,BUY,BTO,BUY_TO_OPEN,FILLED,2.0,2.0,@6.3,6.3,DAY,2026-06-09T13:31:26.731Z,2026-06-09T13:31:26.792Z
QQQ260618P00675000,QQQ260618P00675000,OPTION,SELL,STC,SELL_TO_CLOSE,FILLED,2.0,2.0,@2.73,2.75,DAY,2026-06-08T19:47:06.990Z,2026-06-08T19:47:07.132Z
QQQ260618P00675000,QQQ260618P00675000,OPTION,BUY,BTO,BUY_TO_OPEN,FILLED,3.0,3.0,@3.07,3.05,DAY,2026-06-08T19:26:14.838Z,2026-06-08T19:26:14.984Z
QQQ260618P00675000,QQQ260618P00675000,OPTION,BUY,BTO,BUY_TO_OPEN,FILLED,2.0,2.0,@2.01,2.01,DAY,2026-06-08T15:20:40.695Z,2026-06-08T15:20:40.734Z
QQQ260618P00675000,QQQ260618P00675000,OPTION,SELL,STC,SELL_TO_CLOSE,FILLED,4.0,4.0,@3.08,3.08,DAY,2026-06-08T14:02:02.105Z,2026-06-08T14:02:13.183Z
QQQ260618P00675000,QQQ260618P00675000,OPTION,BUY,BTO,BUY_TO_OPEN,FILLED,4.0,4.0,@3.21,3.21,DAY,2026-06-08T13:57:49.622Z,2026-06-08T13:57:59.252Z
QQQ260618P00675000,QQQ260618P00675000,OPTION,SELL,STC,SELL_TO_CLOSE,FILLED,4.0,4.0,@2.84,2.85,DAY,2026-06-08T13:56:43.426Z,2026-06-08T13:56:55.855Z
QQQ260618P00675000,QQQ260618P00675000,OPTION,BUY,BTO,BUY_TO_OPEN,FILLED,7.0,7.0,@2.88,2.88,DAY,2026-06-08T13:56:03.293Z,2026-06-08T13:56:03.397Z
INTC260612C00120000,INTC260612C00120000,OPTION,BUY,BTO,BUY_TO_OPEN,FILLED,3.0,3.0,@1.83,1.81,DAY,2026-06-08T13:43:47.255Z,2026-06-08T13:43:47.450Z
INTW,INTW,EQUITY,SELL,SELL,,FILLED,25.0,25.0,@257.5,258.36,DAY,2026-06-08T13:41:26.822Z,2026-06-08T13:41:26.870Z
QQQ260608C00725000,QQQ260608C00725000,OPTION,SELL,STC,SELL_TO_CLOSE,FILLED,15.0,15.0,@0.42,0.43,DAY,2026-06-08T13:34:49.861Z,2026-06-08T13:34:50.003Z
XLE260717C00057000,XLE260717C00057000,OPTION,BUY,BTO,BUY_TO_OPEN,FILLED,3.0,3.0,@2.79,2.79,DAY,2026-06-08T13:33:42.715Z,2026-06-08T13:33:46.433Z
SE260618P00082500,SE260618P00082500,OPTION,BUY,BTO,BUY_TO_OPEN,FILLED,5.0,5.0,@2.46,2.46,DAY,2026-06-08T13:33:24.597Z,2026-06-08T13:34:02.380Z
IREN260612P00066000,IREN260612P00066000,OPTION,SELL,STC,SELL_TO_CLOSE,FILLED,1.0,1.0,@10.7,10.7,DAY,2026-06-08T13:31:46.118Z,2026-06-08T13:31:46.762Z
INTW,INTW,EQUITY,SELL,SELL,,CANCELLED,0.0,25.0,,,DAY,2026-06-08T13:31:21.268Z,
MU260626P00700000,MU260626P00700000,OPTION,SELL,STC,SELL_TO_CLOSE,FILLED,1.0,1.0,@13.75,13.75,DAY,2026-06-08T13:30:28.222Z,2026-06-08T13:30:28.473Z
MU260626P00700000,MU260626P00700000,OPTION,SELL,STC,SELL_TO_CLOSE,FILLED,1.0,1.0,@13.7,13.7,DAY,2026-06-08T13:30:15.141Z,2026-06-08T13:30:15.405Z
INTW,INTW,EQUITY,BUY,BUY,,FILLED,25.0,25.0,@276.66,276.65,DAY,2026-06-08T13:11:38.951Z,2026-06-08T13:11:39.069Z
SE,SE,EQUITY,SHORT,SHORT,,FILLED,60.0,60.0,@86.2,86.21,DAY,2026-06-05T22:20:42.677Z,2026-06-05T22:20:42.717Z
SLV260618P00054000,SLV260618P00054000,OPTION,SELL,STC,SELL_TO_CLOSE,FILLED,20.0,20.0,@0.32,0.33,DAY,2026-06-05T19:44:19.443Z,2026-06-05T19:44:19.486Z
IBIT260612P00026000,IBIT260612P00026000,OPTION,BUY,BTO,BUY_TO_OPEN,FILLED,50.0,50.0,@0.12,0.12,DAY,2026-06-05T19:36:26.216Z,2026-06-05T19:36:26.361Z
IREN260618C00042000,IREN260618C00042000,OPTION,BUY,BTC,BUY_TO_CLOSE,FILLED,1.0,1.0,@12.45,12.45,DAY,2026-06-05T19:31:50.435Z,2026-06-05T19:31:56.021Z
GLD260618P00389000,GLD260618P00389000,OPTION,SELL,STC,SELL_TO_CLOSE,FILLED,2.0,2.0,@4.35,4.35,DAY,2026-06-05T19:29:54.379Z,2026-06-05T19:29:54.461Z
LMND260618P00045000,LMND260618P00045000,OPTION,SELL,STC,SELL_TO_CLOSE,FILLED,15.0,15.0,@0.6,0.6,DAY,2026-06-05T19:29:38.448Z,2026-06-05T19:29:38.529Z
QQQ260608C00725000,QQQ260608C00725000,OPTION,BUY,BTO,BUY_TO_OPEN,FILLED,15.0,15.0,@0.74,0.74,DAY,2026-06-05T19:28:18.968Z,2026-06-05T19:28:32.490Z
MU260605P00870000,MU260605P00870000,OPTION,SELL,STC,SELL_TO_CLOSE,FILLED,2.0,2.0,@6.3,6.36,DAY,2026-06-05T18:48:05.256Z,2026-06-05T18:48:05.296Z
MU260605P00870000,MU260605P00870000,OPTION,BUY,BTO,BUY_TO_OPEN,FILLED,1.0,1.0,@2.52,2.52,DAY,2026-06-05T18:19:45.851Z,2026-06-05T18:19:46.088Z
MU260605P00870000,MU260605P00870000,OPTION,BUY,BTO,BUY_TO_OPEN,FILLED,1.0,1.0,@2.73,2.71,DAY,2026-06-05T18:19:14.874Z,2026-06-05T18:19:14.914Z
MU260618P00790000,MU260618P00790000,OPTION,SELL,STC,SELL_TO_CLOSE,FILLED,1.0,1.0,,26.0,DAY,2026-06-05T17:25:26.359Z,2026-06-05T17:25:26.402Z
QCOM260605P00212500,QCOM260605P00212500,OPTION,SELL,STC,SELL_TO_CLOSE,FILLED,15.0,15.0,@0.22,0.22,DAY,2026-06-05T17:23:11.752Z,2026-06-05T17:23:23.546Z
QCOM260605P00212500,QCOM260605P00212500,OPTION,BUY,BTO,BUY_TO_OPEN,FILLED,15.0,15.0,@0.4,0.37,DAY,2026-06-05T17:08:06.538Z,2026-06-05T17:08:06.685Z
QQQ260608C00733000,QQQ260608C00733000,OPTION,SELL,STC,SELL_TO_CLOSE,FILLED,2.0,2.0,@0.56,0.56,DAY,2026-06-05T16:53:32.405Z,2026-06-05T16:53:32.471Z
QCOM260605P00215000,QCOM260605P00215000,OPTION,SELL,STC,SELL_TO_CLOSE,FILLED,10.0,10.0,@0.46,0.52,DAY,2026-06-05T16:50:39.905Z,2026-06-05T16:50:39.954Z
QCOM260605P00215000,QCOM260605P00215000,OPTION,SELL,STC,SELL_TO_CLOSE,FILLED,10.0,10.0,,0.66,DAY,2026-06-05T16:46:42.589Z,2026-06-05T16:46:42.634Z
QCOM260605P00215000,QCOM260605P00215000,OPTION,BUY,BTO,BUY_TO_OPEN,FILLED,20.0,20.0,@0.27,0.27,DAY,2026-06-05T16:30:37.842Z,2026-06-05T16:30:38.026Z
MU260618P00790000,MU260618P00790000,OPTION,BUY,BTO,BUY_TO_OPEN,FILLED,1.0,1.0,@23.0,22.84,DAY,2026-06-05T16:28:52.687Z,2026-06-05T16:29:02.449Z
MU260618P00790000,MU260618P00790000,OPTION,SELL,STC,SELL_TO_CLOSE,FILLED,1.0,1.0,,21.6,DAY,2026-06-05T16:23:47.534Z,2026-06-05T16:23:47.571Z
QCOM260605P00217500,QCOM260605P00217500,OPTION,SELL,STC,SELL_TO_CLOSE,FILLED,20.0,20.0,@0.38,0.47,DAY,2026-06-05T16:22:15.631Z,2026-06-05T16:22:15.675Z
MSTR260618P00080000,MSTR260618P00080000,OPTION,SELL,STC,SELL_TO_CLOSE,FILLED,10.0,10.0,@0.72,0.72,DAY,2026-06-05T15:44:10.314Z,2026-06-05T15:44:10.358Z
GLD260618P00389000,GLD260618P00389000,OPTION,SELL,STC,SELL_TO_CLOSE,CANCELLED,0.0,3.0,@3.45,,DAY,2026-06-05T15:43:39.775Z,
XLE260630C00060000,XLE260630C00060000,OPTION,SELL,STC,SELL_TO_CLOSE,FILLED,10.0,10.0,@0.83,0.83,DAY,2026-06-05T15:42:37.021Z,2026-06-05T15:42:44.439Z
LMND260618P00045000,LMND260618P00045000,OPTION,SELL,STC,SELL_TO_CLOSE,CANCELLED,0.0,15.0,@0.65,,DAY,2026-06-05T15:42:26.023Z,
MSTR260618P00080000,MSTR260618P00080000,OPTION,BUY,BTO,BUY_TO_OPEN,FILLED,10.0,10.0,@0.84,0.75,DAY,2026-06-05T15:42:18.832Z,2026-06-05T15:42:18.972Z
MU260605P00900000,MU260605P00900000,OPTION,SELL,STC,SELL_TO_CLOSE,FILLED,2.0,2.0,@2.56,2.58,DAY,2026-06-05T15:38:15.257Z,2026-06-05T15:38:15.512Z
QCOM260605P00217500,QCOM260605P00217500,OPTION,BUY,BTO,BUY_TO_OPEN,FILLED,10.0,10.0,@0.33,0.31,DAY,2026-06-05T15:38:06.429Z,2026-06-05T15:38:27.175Z
QCOM260605P00217500,QCOM260605P00217500,OPTION,BUY,BTO,BUY_TO_OPEN,FILLED,10.0,10.0,@0.26,0.26,DAY,2026-06-05T15:37:18.315Z,2026-06-05T15:37:18.399Z
QQQ260608C00733000,QQQ260608C00733000,OPTION,BUY,BTO,BUY_TO_OPEN,FILLED,1.0,1.0,@0.93,0.93,DAY,2026-06-05T15:32:31.333Z,2026-06-05T15:32:42.307Z
MU260605P00900000,MU260605P00900000,OPTION,BUY,BTO,BUY_TO_OPEN,FILLED,2.0,2.0,@2.4,2.26,DAY,2026-06-05T15:29:10.274Z,2026-06-05T15:29:21.821Z
QQQ260608C00733000,QQQ260608C00733000,OPTION,BUY,BTO,BUY_TO_OPEN,FILLED,1.0,1.0,@1.88,1.87,DAY,2026-06-05T14:38:33.134Z,2026-06-05T14:38:33.301Z
SLV260618P00054000,SLV260618P00054000,OPTION,BUY,BTO,BUY_TO_OPEN,FILLED,20.0,20.0,@0.2,0.2,DAY,2026-06-05T14:13:13.850Z,2026-06-05T14:13:13.892Z
TSLA260608P00405000,TSLA260608P00405000,OPTION,SELL,STC,SELL_TO_CLOSE,FILLED,2.0,2.0,@3.25,3.25,DAY,2026-06-05T14:03:41.068Z,2026-06-05T14:03:55.876Z
TSLA260608P00405000,TSLA260608P00405000,OPTION,BUY,BTO,BUY_TO_OPEN,FILLED,2.0,2.0,@3.9,3.9,DAY,2026-06-05T14:01:19.585Z,2026-06-05T14:01:29.673Z
IREN260618C00042000,IREN260618C00042000,OPTION,SELL,STO,SELL_TO_OPEN,FILLED,3.0,3.0,@13.85,14.26,DAY,2026-06-05T13:58:57.654Z,2026-06-05T13:59:16.779Z
IREN260618C00049000,IREN260618C00049000,OPTION,BUY,BTC,BUY_TO_CLOSE,FILLED,3.0,3.0,,9.75,DAY,2026-06-05T13:58:39.409Z,2026-06-05T13:58:39.454Z
MSDD,MSDD,EQUITY,SELL,SELL,,FILLED,50.0,50.0,,52.64,DAY,2026-06-05T13:52:53.945Z,2026-06-05T13:52:54.061Z
AVGO260605P00397500,AVGO260605P00397500,OPTION,SELL,STC,SELL_TO_CLOSE,FILLED,1.0,1.0,,1.59,DAY,2026-06-05T13:52:23.748Z,2026-06-05T13:52:23.886Z
TSLA260608P00405000,TSLA260608P00405000,OPTION,SELL,STC,SELL_TO_CLOSE,FILLED,3.0,3.0,,3.29,DAY,2026-06-05T13:52:15.591Z,2026-06-05T13:52:15.727Z
TSLA260608P00405000,TSLA260608P00405000,OPTION,BUY,BTO,BUY_TO_OPEN,FILLED,3.0,3.0,@2.57,2.57,DAY,2026-06-05T13:41:29.894Z,2026-06-05T13:41:54.983Z
IREN260618C00049000,IREN260618C00049000,OPTION,SELL,STO,SELL_TO_OPEN,FILLED,3.0,3.0,@9.6,9.65,DAY,2026-06-05T13:38:22.982Z,2026-06-05T13:38:30.695Z
IREN260618C00067000,IREN260618C00067000,OPTION,BUY,BTC,BUY_TO_CLOSE,FILLED,3.0,3.0,,1.94,DAY,2026-06-05T13:37:58.717Z,2026-06-05T13:37:58.773Z
IREN260612P00057000,IREN260612P00057000,OPTION,BUY,BTO,BUY_TO_OPEN,FILLED,1.0,1.0,@3.7,3.66,DAY,2026-06-05T13:37:12.028Z,2026-06-05T13:37:26.294Z
AVGO260605P00397500,AVGO260605P00397500,OPTION,BUY,BTO,BUY_TO_OPEN,FILLED,1.0,1.0,@2.4,2.4,DAY,2026-06-05T13:36:07.303Z,2026-06-05T13:36:22.091Z
CRWV260605P00098000,CRWV260605P00098000,OPTION,SELL,STC,SELL_TO_CLOSE,FILLED,10.0,10.0,@0.22,0.22,DAY,2026-06-05T13:35:53.407Z,2026-06-05T13:35:53.610Z
GLD260618P00389000,GLD260618P00389000,OPTION,BUY,BTO,BUY_TO_OPEN,FILLED,8.0,8.0,@1.9,1.9,DAY,2026-06-05T13:32:08.500Z,2026-06-05T13:32:08.537Z
CRWV260605P00098000,CRWV260605P00098000,OPTION,BUY,BTO,BUY_TO_OPEN,FILLED,10.0,10.0,@0.51,0.44,DAY,2026-06-05T13:31:02.687Z,2026-06-05T13:31:02.810Z
ORCL260605C00245000,ORCL260605C00245000,OPTION,SELL,STC,SELL_TO_CLOSE,FILLED,2.0,2.0,@0.1,0.1,DAY,2026-06-05T13:30:23.979Z,2026-06-05T13:32:21.690Z
HOOD260618C00100000,HOOD260618C00100000,OPTION,SELL,STC,SELL_TO_CLOSE,FILLED,10.0,10.0,@1.07,1.12,DAY,2026-06-05T13:30:18.879Z,2026-06-05T13:30:30.549Z
MSDD,MSDD,EQUITY,BUY,BUY,,FILLED,40.0,40.0,@50.23,50.23,DAY,2026-06-05T12:38:39.161Z,2026-06-05T12:38:46.067Z
MSDD,MSDD,EQUITY,BUY,BUY,,FILLED,10.0,10.0,@50.23,50.23,DAY,2026-06-05T12:38:22.335Z,2026-06-05T12:38:22.416Z
MSDD,MSDD,EQUITY,BUY,BUY,,CANCELLED,0.0,100.0,@50.25,,DAY,2026-06-05T12:37:59.370Z,
RDW,RDW,EQUITY,SELL,SELL,,FILLED,200.0,200.0,@21.82,21.82,DAY,2026-06-05T12:37:20.816Z,2026-06-05T12:37:20.870Z
ORCL260605C00245000,ORCL260605C00245000,OPTION,BUY,BTO,BUY_TO_OPEN,FILLED,2.0,2.0,@1.05,1.05,DAY,2026-06-04T19:58:13.467Z,2026-06-04T19:58:13.500Z
MU260618P00790000,MU260618P00790000,OPTION,BUY,BTO,BUY_TO_OPEN,FILLED,1.0,1.0,@10.6,10.39,DAY,2026-06-04T19:56:20.343Z,2026-06-04T19:56:32.239Z
MU260626P00680000,MU260626P00680000,OPTION,BUY,BTO,BUY_TO_OPEN,CANCELLED,0.0,1.0,@8.2,,DAY,2026-06-04T19:55:02.235Z,
TEM,TEM,EQUITY,SELL,SELL,,FILLED,100.0,100.0,@52.43,52.43,DAY,2026-06-04T19:52:25.526Z,2026-06-04T19:52:47.054Z
MSTR260717P00095000,MSTR260717P00095000,OPTION,SELL,STC,SELL_TO_CLOSE,FILLED,5.0,5.0,@2.7,2.7,DAY,2026-06-04T19:52:12.391Z,2026-06-04T19:52:12.423Z
SPCE260618P00003000,SPCE260618P00003000,OPTION,SELL,STC,SELL_TO_CLOSE,FILLED,25.0,25.0,@0.07,0.07,DAY,2026-06-04T19:15:51.894Z,2026-06-04T19:15:56.135Z
LMND260618P00045000,LMND260618P00045000,OPTION,BUY,BTO,BUY_TO_OPEN,FILLED,15.0,15.0,@0.7,0.7,DAY,2026-06-04T19:15:40.272Z,2026-06-04T19:15:40.314Z
HOOD260618C00100000,HOOD260618C00100000,OPTION,BUY,BTO,BUY_TO_OPEN,FILLED,10.0,10.0,@1.08,1.07,DAY,2026-06-04T17:10:39.751Z,2026-06-04T17:10:39.917Z
CRSP260618C00062500,CRSP260618C00062500,OPTION,SELL,STC,SELL_TO_CLOSE,FILLED,5.0,5.0,@1.25,1.25,DAY,2026-06-04T16:42:17.457Z,2026-06-04T16:42:17.498Z
SLV260717P00055000,SLV260717P00055000,OPTION,SELL,STC,SELL_TO_CLOSE,FILLED,10.0,10.0,@0.43,0.44,DAY,2026-06-04T15:28:44.344Z,2026-06-04T15:28:44.380Z
CRSP260618C00062500,CRSP260618C00062500,OPTION,BUY,BTO,BUY_TO_OPEN,FILLED,5.0,5.0,@1.6,1.6,DAY,2026-06-04T14:38:21.561Z,2026-06-04T14:38:21.702Z
RDW,RDW,EQUITY,SELL,SELL,,CANCELLED,0.0,200.0,,,GTC,2026-06-04T14:30:17.848Z,
RDW,RDW,EQUITY,BUY,BUY,,FILLED,200.0,200.0,@21.59,21.53,DAY,2026-06-04T14:29:56.946Z,2026-06-04T14:29:57.004Z
TEM,TEM,EQUITY,BUY,BUY,,FILLED,100.0,100.0,@51.77,51.75,DAY,2026-06-04T14:28:49.375Z,2026-06-04T14:28:49.429Z
TEM,TEM,EQUITY,BUY,BUY,,CANCELLED,0.0,100.0,@51.36,,DAY,2026-06-04T14:27:54.861Z,
MU260626P00700000,MU260626P00700000,OPTION,BUY,BTO,BUY_TO_OPEN,FILLED,1.0,1.0,@11.25,11.25,DAY,2026-06-04T14:17:22.248Z,2026-06-04T14:17:22.286Z
MU260626P00680000,MU260626P00680000,OPTION,SELL,STC,SELL_TO_CLOSE,FILLED,2.0,2.0,@9.95,9.95,DAY,2026-06-04T14:11:10.426Z,2026-06-04T14:11:22.727Z
IREN260612P00057000,IREN260612P00057000,OPTION,BUY,BTO,BUY_TO_OPEN,FILLED,1.0,1.0,@2.72,2.72,DAY,2026-06-04T13:56:50.015Z,2026-06-04T13:57:01.880Z
AVGO260605P00397500,AVGO260605P00397500,OPTION,SELL,STC,SELL_TO_CLOSE,FILLED,1.0,1.0,@3.95,3.95,DAY,2026-06-04T13:48:16.286Z,2026-06-04T13:48:16.683Z
MSTR260618P00133000,MSTR260618P00133000,OPTION,SELL,STC,SELL_TO_CLOSE,FILLED,1.0,1.0,@10.95,10.95,DAY,2026-06-04T13:46:07.571Z,2026-06-04T13:46:07.636Z
MU260626P00700000,MU260626P00700000,OPTION,BUY,BTO,BUY_TO_OPEN,FILLED,1.0,1.0,@11.1,11.1,DAY,2026-06-04T13:45:22.612Z,2026-06-04T13:45:44.577Z
AVGO260605P00397500,AVGO260605P00397500,OPTION,BUY,BTO,BUY_TO_OPEN,FILLED,1.0,1.0,@4.65,4.65,DAY,2026-06-04T13:44:17.305Z,2026-06-04T13:44:18.355Z
MSTR260612P00140000,MSTR260612P00140000,OPTION,SELL,STC,SELL_TO_CLOSE,FILLED,1.0,1.0,@13.8,13.85,DAY,2026-06-04T13:39:40.870Z,2026-06-04T13:39:57.569Z
MSFT260615P00415000,MSFT260615P00415000,OPTION,SELL,STC,SELL_TO_CLOSE,FILLED,1.0,1.0,@3.5,3.5,DAY,2026-06-04T13:31:49.770Z,2026-06-04T13:31:49.830Z
MU260626P00680000,MU260626P00680000,OPTION,BUY,BTO,BUY_TO_OPEN,FILLED,2.0,2.0,@9.15,9.15,DAY,2026-06-04T13:31:32.204Z,2026-06-04T13:31:32.289Z
GLD260717P00415000,GLD260717P00415000,OPTION,SELL,STC,SELL_TO_CLOSE,FILLED,1.0,1.0,@12.05,12.05,DAY,2026-06-04T13:30:20.047Z,2026-06-04T13:30:20.084Z
CTSH,CTSH,EQUITY,SHORT,SHORT,,FILLED,100.0,100.0,@53.51,53.51,DAY,2026-06-03T19:59:32.274Z,2026-06-03T19:59:50.306Z
SLV260717P00055000,SLV260717P00055000,OPTION,BUY,BTO,BUY_TO_OPEN,FILLED,10.0,10.0,@0.53,0.52,DAY,2026-06-03T19:51:01.740Z,2026-06-03T19:51:02.056Z
XLE260717C00057000,XLE260717C00057000,OPTION,BUY,BTO,BUY_TO_OPEN,FILLED,3.0,3.0,@3.3,3.3,DAY,2026-06-03T19:50:02.868Z,2026-06-03T19:50:02.920Z
GLD260717P00415000,GLD260717P00415000,OPTION,BUY,BTO,BUY_TO_OPEN,FILLED,1.0,1.0,@15.05,15.05,DAY,2026-06-03T19:28:54.795Z,2026-06-03T19:28:54.933Z
SPCE260618P00003000,SPCE260618P00003000,OPTION,SELL,STC,SELL_TO_CLOSE,FILLED,25.0,25.0,@0.1,0.1,DAY,2026-06-03T17:25:30.666Z,2026-06-03T17:25:30.705Z
SPCE260618P00003000,SPCE260618P00003000,OPTION,BUY,BTO,BUY_TO_OPEN,FILLED,50.0,50.0,@0.11,0.11,DAY,2026-06-03T17:25:06.027Z,2026-06-03T17:25:06.419Z
MSFT260615P00415000,MSFT260615P00415000,OPTION,BUY,BTO,BUY_TO_OPEN,FILLED,1.0,1.0,@5.35,5.35,DAY,2026-06-03T17:12:51.255Z,2026-06-03T17:13:03.745Z
QQQ260604P00737000,QQQ260604P00737000,OPTION,SELL,STC,SELL_TO_CLOSE,FILLED,3.0,3.0,@1.63,1.64,DAY,2026-06-03T17:01:13.447Z,2026-06-03T17:01:13.587Z
IREN260612P00066000,IREN260612P00066000,OPTION,BUY,BTO,BUY_TO_OPEN,FILLED,1.0,1.0,@4.75,4.7,DAY,2026-06-03T15:22:17.286Z,2026-06-03T15:22:17.424Z
IREN260618C00067000,IREN260618C00067000,OPTION,SELL,STO,SELL_TO_OPEN,FILLED,3.0,3.0,@5.6,5.6,DAY,2026-06-03T15:22:01.979Z,2026-06-03T15:22:02.018Z
MSTR260717P00095000,MSTR260717P00095000,OPTION,BUY,BTO,BUY_TO_OPEN,FILLED,5.0,5.0,@2.49,2.49,DAY,2026-06-03T15:21:34.178Z,2026-06-03T15:21:34.303Z
MRAM260618C00055000,MRAM260618C00055000,OPTION,SELL,STC,SELL_TO_CLOSE,FILLED,10.0,10.0,@0.45,0.45,DAY,2026-06-03T15:19:19.853Z,2026-06-03T15:19:23.990Z
IMSR,IMSR,EQUITY,SELL,SELL,,FILLED,333.0,333.0,@8.81,8.81,DAY,2026-06-03T15:19:09.998Z,2026-06-03T15:19:10.038Z
RGTI260618C00031000,RGTI260618C00031000,OPTION,SELL,STC,SELL_TO_CLOSE,FILLED,3.0,3.0,@0.95,0.95,DAY,2026-06-03T15:19:00.276Z,2026-06-03T15:19:35.658Z
QQQ260604P00737000,QQQ260604P00737000,OPTION,BUY,BTO,BUY_TO_OPEN,FILLED,3.0,3.0,@1.5,1.49,DAY,2026-06-03T14:50:49.740Z,2026-06-03T14:50:49.917Z
RGTI260618C00030000,RGTI260618C00030000,OPTION,SELL,STC,SELL_TO_CLOSE,FILLED,5.0,5.0,@1.55,1.55,DAY,2026-06-03T14:23:15.428Z,2026-06-03T14:23:16.777Z
MU260605P00900000,MU260605P00900000,OPTION,SELL,STC,SELL_TO_CLOSE,FILLED,3.0,3.0,@2.21,2.21,DAY,2026-06-03T14:21:10.985Z,2026-06-03T14:21:11.038Z
RGTI260618C00031000,RGTI260618C00031000,OPTION,BUY,BTO,BUY_TO_OPEN,FILLED,3.0,3.0,@1.93,1.93,DAY,2026-06-03T14:11:46.992Z,2026-06-03T14:11:47.044Z
RGTI260618C00030000,RGTI260618C00030000,OPTION,BUY,BTO,BUY_TO_OPEN,FILLED,5.0,5.0,@1.41,1.39,DAY,2026-06-03T13:58:03.658Z,2026-06-03T13:58:03.755Z
BMNR260605P00016500,BMNR260605P00016500,OPTION,SELL,STC,SELL_TO_CLOSE,FILLED,30.0,30.0,@0.17,0.17,DAY,2026-06-03T13:57:14.328Z,2026-06-03T13:57:14.366Z
MU260605P00900000,MU260605P00900000,OPTION,BUY,BTO,BUY_TO_OPEN,FILLED,3.0,3.0,@3.1,3.1,DAY,2026-06-03T13:57:00.490Z,2026-06-03T13:57:00.552Z
AVGO260612C00542500,AVGO260612C00542500,OPTION,SELL,STC,SELL_TO_CLOSE,FILLED,1.0,1.0,@7.75,7.75,DAY,2026-06-03T13:56:20.404Z,2026-06-03T13:56:27.303Z
MU260605P00900000,MU260605P00900000,OPTION,SELL,STC,SELL_TO_CLOSE,FILLED,3.0,3.0,@2.86,2.86,DAY,2026-06-03T13:55:25.466Z,2026-06-03T13:55:32.284Z
QQQ260604P00739000,QQQ260604P00739000,OPTION,SELL,STC,SELL_TO_CLOSE,FILLED,2.0,2.0,@3.09,3.09,DAY,2026-06-03T13:50:45.802Z,2026-06-03T13:50:46.173Z
MU260605P00900000,MU260605P00900000,OPTION,BUY,BTO,BUY_TO_OPEN,FILLED,3.0,3.0,@3.2,3.2,DAY,2026-06-03T13:48:50.545Z,2026-06-03T13:48:50.598Z
GOOGL260612C00380000,GOOGL260612C00380000,OPTION,SELL,STC,SELL_TO_CLOSE,FILLED,2.0,2.0,@2.58,2.58,DAY,2026-06-03T13:47:13.538Z,2026-06-03T13:47:32.632Z
IREN260612C00073000,IREN260612C00073000,OPTION,SELL,STC,SELL_TO_CLOSE,FILLED,5.0,5.0,@3.1,3.1,DAY,2026-06-03T13:46:48.265Z,2026-06-03T13:46:53.035Z
IREN260717C00065000,IREN260717C00065000,OPTION,SELL,STC,SELL_TO_CLOSE,FILLED,2.0,2.0,@11.35,11.4,DAY,2026-06-03T13:46:29.949Z,2026-06-03T13:47:03.857Z
INTC260618C00126000,INTC260618C00126000,OPTION,SELL,STC,SELL_TO_CLOSE,FILLED,2.0,2.0,@4.7,4.7,DAY,2026-06-03T13:44:54.513Z,2026-06-03T13:45:01.917Z
NVTS260605C00034500,NVTS260605C00034500,OPTION,SELL,STC,SELL_TO_CLOSE,FILLED,4.0,4.0,@1.2,1.2,DAY,2026-06-03T13:44:17.608Z,2026-06-03T13:44:17.648Z
BMNR260605P00016500,BMNR260605P00016500,OPTION,BUY,BTO,BUY_TO_OPEN,FILLED,30.0,30.0,@0.16,0.15,DAY,2026-06-03T13:44:05.782Z,2026-06-03T13:44:05.871Z
QQQ260604P00739000,QQQ260604P00739000,OPTION,BUY,BTO,BUY_TO_OPEN,FILLED,2.0,2.0,@1.76,1.75,DAY,2026-06-03T13:41:58.834Z,2026-06-03T13:42:31.427Z
INTC260618C00126000,INTC260618C00126000,OPTION,BUY,BTO,BUY_TO_OPEN,FILLED,2.0,2.0,@5.8,5.8,DAY,2026-06-03T13:40:10.438Z,2026-06-03T13:40:10.477Z
MU260605C01180000,MU260605C01180000,OPTION,SELL,STC,SELL_TO_CLOSE,FILLED,1.0,1.0,@5.95,5.95,DAY,2026-06-03T13:36:50.570Z,2026-06-03T13:36:54.173Z
NVTS260605C00034500,NVTS260605C00034500,OPTION,BUY,BTO,BUY_TO_OPEN,FILLED,4.0,4.0,@1.32,1.32,DAY,2026-06-03T13:36:30.670Z,2026-06-03T13:36:30.719Z
INTC260618C00126000,INTC260618C00126000,OPTION,SELL,STC,SELL_TO_CLOSE,FILLED,2.0,2.0,@4.75,4.75,DAY,2026-06-03T13:36:09.518Z,2026-06-03T13:36:09.588Z
IREN260605P00056000,IREN260605P00056000,OPTION,SELL,STC,SELL_TO_CLOSE,FILLED,3.0,3.0,@0.17,0.18,DAY,2026-06-03T13:34:05.928Z,2026-06-03T13:34:22.726Z
IREN260717C00065000,IREN260717C00065000,OPTION,BUY,BTO,BUY_TO_OPEN,FILLED,2.0,2.0,@13.6,13.6,DAY,2026-06-03T13:33:46.863Z,2026-06-03T13:33:55.654Z
INTC260618C00126000,INTC260618C00126000,OPTION,BUY,BTO,BUY_TO_OPEN,FILLED,2.0,2.0,@5.6,5.6,DAY,2026-06-03T13:30:16.772Z,2026-06-03T13:30:16.861Z
MU260605C01180000,MU260605C01180000,OPTION,BUY,BTO,BUY_TO_OPEN,FILLED,1.0,1.0,@9.65,9.65,DAY,2026-06-02T19:58:45.480Z,2026-06-02T19:58:45.595Z
LAC260717C00010000,LAC260717C00010000,OPTION,SELL,STC,SELL_TO_CLOSE,FILLED,40.0,40.0,@0.11,0.12,DAY,2026-06-02T18:47:37.704Z,2026-06-02T18:47:37.855Z
XLE260630C00060000,XLE260630C00060000,OPTION,BUY,BTO,BUY_TO_OPEN,FILLED,10.0,10.0,@1.0,1.0,DAY,2026-06-02T18:47:11.289Z,2026-06-02T18:47:11.419Z
GOOGL260612C00380000,GOOGL260612C00380000,OPTION,BUY,BTO,BUY_TO_OPEN,FILLED,2.0,2.0,@3.35,3.28,DAY,2026-06-02T18:17:56.286Z,2026-06-02T18:17:56.451Z
WOLF,WOLF,EQUITY,SELL,SELL,,FILLED,60.0,60.0,@60.81,60.92,DAY,2026-06-02T18:10:06.999Z,2026-06-02T18:10:07.033Z
AVGO260612C00542500,AVGO260612C00542500,OPTION,SELL,STC,SELL_TO_CLOSE,FILLED,1.0,1.0,@8.0,8.0,DAY,2026-06-02T17:32:59.542Z,2026-06-02T17:33:04.353Z
NVDA260615C00230000,NVDA260615C00230000,OPTION,SELL,STC,SELL_TO_CLOSE,FILLED,2.0,2.0,@4.85,4.85,DAY,2026-06-02T16:54:43.761Z,2026-06-02T16:54:43.803Z
MSTR260612P00140000,MSTR260612P00140000,OPTION,SELL,STC,SELL_TO_CLOSE,FILLED,1.0,1.0,@8.25,8.25,DAY,2026-06-02T16:44:28.533Z,2026-06-02T16:44:37.344Z
IMSR,IMSR,EQUITY,BUY,BUY,,FILLED,333.0,333.0,@9.81,9.81,DAY,2026-06-02T16:27:05.690Z,2026-06-02T16:27:18.405Z
NVDA260615C00230000,NVDA260615C00230000,OPTION,SELL,STC,SELL_TO_CLOSE,CANCELLED,0.0,2.0,@4.75,,DAY,2026-06-02T16:22:27.379Z,
TSLA260618C00452500,TSLA260618C00452500,OPTION,SELL,STC,SELL_TO_CLOSE,FILLED,1.0,1.0,@6.3,6.33,DAY,2026-06-02T16:22:17.884Z,2026-06-02T16:22:18.018Z
AVGO260612C00542500,AVGO260612C00542500,OPTION,SELL,STC,SELL_TO_CLOSE,CANCELLED,0.0,1.0,@9.3,,DAY,2026-06-02T16:22:10.143Z,
LAC260717C00010000,LAC260717C00010000,OPTION,BUY,BTO,BUY_TO_OPEN,FILLED,40.0,40.0,@0.12,0.12,DAY,2026-06-02T16:15:06.122Z,2026-06-02T16:15:06.266Z
AVGO260612C00542500,AVGO260612C00542500,OPTION,BUY,BTO,BUY_TO_OPEN,FILLED,1.0,1.0,@9.35,9.35,DAY,2026-06-02T15:55:23.902Z,2026-06-02T15:55:44.110Z
WOLF,WOLF,EQUITY,BUY,BUY,,FILLED,60.0,60.0,@62.19,62.19,DAY,2026-06-02T15:11:58.326Z,2026-06-02T15:11:58.393Z
NEBX,NEBX,EQUITY,SELL,SELL,,FILLED,25.0,25.0,,186.15,DAY,2026-06-02T14:04:31.041Z,2026-06-02T14:04:31.157Z
TSLA260618C00452500,TSLA260618C00452500,OPTION,BUY,BTO,BUY_TO_OPEN,FILLED,1.0,1.0,@5.7,5.61,DAY,2026-06-02T14:01:33.303Z,2026-06-02T14:01:33.440Z
NVDA260615C00230000,NVDA260615C00230000,OPTION,SELL,STC,SELL_TO_CLOSE,FILLED,1.0,1.0,@8.7,8.7,DAY,2026-06-02T13:59:38.298Z,2026-06-02T13:59:38.349Z
AVGO260612C00495000,AVGO260612C00495000,OPTION,SELL,STC,SELL_TO_CLOSE,FILLED,1.0,1.0,@21.6,21.6,DAY,2026-06-02T13:56:10.258Z,2026-06-02T13:56:20.493Z
AVGO260612C00542500,AVGO260612C00542500,OPTION,BUY,BTO,BUY_TO_OPEN,FILLED,1.0,1.0,@10.1,10.1,DAY,2026-06-02T13:56:04.360Z,2026-06-02T13:56:04.435Z
FCX260618C00075000,FCX260618C00075000,OPTION,SELL,STC,SELL_TO_CLOSE,FILLED,5.0,5.0,@1.75,1.75,DAY,2026-06-02T13:42:50.892Z,2026-06-02T13:42:50.960Z
LAC260605C00006500,LAC260605C00006500,OPTION,SELL,STC,SELL_TO_CLOSE,FILLED,30.0,30.0,@0.23,0.23,DAY,2026-06-02T13:42:08.231Z,2026-06-02T13:42:09.702Z
FCX260618C00075000,FCX260618C00075000,OPTION,BUY,BTO,BUY_TO_OPEN,FILLED,5.0,5.0,@1.72,1.72,DAY,2026-06-02T13:37:36.250Z,2026-06-02T13:37:47.681Z
AVGO260618C00550000,AVGO260618C00550000,OPTION,SELL,STC,SELL_TO_CLOSE,FILLED,1.0,1.0,@10.3,10.3,DAY,2026-06-02T13:36:56.367Z,2026-06-02T13:36:56.442Z
MSTR260618P00133000,MSTR260618P00133000,OPTION,BUY,BTO,BUY_TO_OPEN,FILLED,1.0,1.0,@5.5,5.41,DAY,2026-06-02T13:36:32.372Z,2026-06-02T13:36:32.526Z
AVGO260612C00495000,AVGO260612C00495000,OPTION,SELL,STC,SELL_TO_CLOSE,CANCELLED,0.0,1.0,@24.1,,DAY,2026-06-02T13:35:12.791Z,
USO260603C00150000,USO260603C00150000,OPTION,SELL,STC,SELL_TO_CLOSE,FILLED,8.0,8.0,@0.04,0.05,DAY,2026-06-02T13:33:52.616Z,2026-06-02T18:48:11.614Z
AVGO260618C00550000,AVGO260618C00550000,OPTION,BUY,BTO,BUY_TO_OPEN,FILLED,1.0,1.0,@11.8,11.8,DAY,2026-06-02T13:33:31.419Z,2026-06-02T13:33:31.457Z
MU260612C01340000,MU260612C01340000,OPTION,SELL,STC,SELL_TO_CLOSE,FILLED,1.0,1.0,@8.35,8.35,DAY,2026-06-02T13:33:03.070Z,2026-06-02T13:33:03.116Z
LAC260605C00006500,LAC260605C00006500,OPTION,BUY,BTO,BUY_TO_OPEN,FILLED,30.0,30.0,@0.14,0.14,DAY,2026-06-02T13:32:22.533Z,2026-06-02T13:32:29.558Z
NEBX,NEBX,EQUITY,SELL,SELL,,FILLED,25.0,25.0,,171.79,DAY,2026-06-02T12:55:10.152Z,2026-06-02T15:06:04.358Z
NEBX,NEBX,EQUITY,BUY,BUY,,FILLED,50.0,50.0,@192.5,192.37,DAY,2026-06-02T12:54:36.207Z,2026-06-02T12:54:36.250Z
NEBX,NEBX,EQUITY,BUY,BUY,,CANCELLED,0.0,50.0,@192.5,,DAY,2026-06-02T12:51:45.256Z,
NEBX,NEBX,EQUITY,SELL,SELL,,CANCELLED,0.0,50.0,,,GTC,2026-06-02T12:51:45.256Z,
NEBX,NEBX,EQUITY,BUY,BUY,,CANCELLED,0.0,50.0,@194.28,,DAY,2026-06-02T12:51:01.468Z,
NEBX,NEBX,EQUITY,SELL,SELL,,CANCELLED,0.0,50.0,,,DAY,2026-06-02T12:51:01.468Z,
MRAM260618C00055000,MRAM260618C00055000,OPTION,BUY,BTO,BUY_TO_OPEN,FILLED,10.0,10.0,@1.05,1.05,DAY,2026-06-01T18:11:22.640Z,2026-06-01T18:11:22.676Z
MSTR260612P00140000,MSTR260612P00140000,OPTION,SELL,STC,SELL_TO_CLOSE,FILLED,1.0,1.0,@2.74,2.74,DAY,2026-06-01T17:45:38.226Z,2026-06-01T17:45:39.200Z
MU260612C01340000,MU260612C01340000,OPTION,BUY,BTO,BUY_TO_OPEN,FILLED,1.0,1.0,@11.1,11.1,DAY,2026-06-01T16:24:59.173Z,2026-06-01T16:25:02.250Z
MSTR260612P00140000,MSTR260612P00140000,OPTION,BUY,BTO,BUY_TO_OPEN,FILLED,1.0,1.0,@3.4,3.4,DAY,2026-06-01T15:57:56.222Z,2026-06-01T15:58:04.726Z
INFQ260618C00020000,INFQ260618C00020000,OPTION,SELL,STC,SELL_TO_CLOSE,FILLED,5.0,5.0,@1.65,1.65,DAY,2026-06-01T15:56:53.330Z,2026-06-01T15:56:57.452Z
FLNC260618C00034000,FLNC260618C00034000,OPTION,SELL,STC,SELL_TO_CLOSE,FILLED,2.0,2.0,@1.1,1.1,DAY,2026-06-01T15:53:34.154Z,2026-06-01T15:53:38.515Z
FLNC260618C00034000,FLNC260618C00034000,OPTION,BUY,BTO,BUY_TO_OPEN,FILLED,2.0,2.0,@1.3,1.22,DAY,2026-06-01T15:26:06.635Z,2026-06-01T15:26:06.770Z
INFQ260618C00020000,INFQ260618C00020000,OPTION,BUY,BTO,BUY_TO_OPEN,FILLED,5.0,5.0,@1.7,1.66,DAY,2026-06-01T15:19:29.283Z,2026-06-01T15:19:29.468Z
IREN260612C00073000,IREN260612C00073000,OPTION,BUY,BTO,BUY_TO_OPEN,FILLED,5.0,5.0,@2.87,2.87,DAY,2026-06-01T15:04:26.533Z,2026-06-01T15:04:26.588Z
IREN260618C00057000,IREN260618C00057000,OPTION,BUY,BTC,BUY_TO_CLOSE,FILLED,3.0,3.0,@9.85,9.85,DAY,2026-06-01T14:52:00.711Z,2026-06-01T14:52:09.687Z
AVGO260612C00495000,AVGO260612C00495000,OPTION,BUY,BTO,BUY_TO_OPEN,FILLED,1.0,1.0,@11.0,11.0,DAY,2026-06-01T14:24:05.991Z,2026-06-01T14:24:06.042Z
NVDA260615C00230000,NVDA260615C00230000,OPTION,BUY,BTO,BUY_TO_OPEN,FILLED,2.0,2.0,@4.5,4.3,DAY,2026-06-01T14:22:13.165Z,2026-06-01T14:22:13.201Z
CRWV260605C00125000,CRWV260605C00125000,OPTION,SELL,STC,SELL_TO_CLOSE,FILLED,2.0,2.0,@5.65,5.65,DAY,2026-06-01T14:10:21.600Z,2026-06-01T14:10:21.752Z
QCOM260605P00215000,QCOM260605P00215000,OPTION,SELL,STC,SELL_TO_CLOSE,FILLED,1.0,1.0,@3.95,3.95,DAY,2026-06-01T14:08:58.799Z,2026-06-01T14:09:08.439Z
CRWV260605C00125000,CRWV260605C00125000,OPTION,BUY,BTO,BUY_TO_OPEN,FILLED,2.0,2.0,@5.85,5.85,DAY,2026-06-01T14:08:51.808Z,2026-06-01T14:08:51.963Z
IREN260618C00057000,IREN260618C00057000,OPTION,SELL,STO,SELL_TO_OPEN,FILLED,3.0,3.0,@8.1,8.1,DAY,2026-06-01T14:03:54.743Z,2026-06-01T14:04:03.880Z
QCOM260605P00215000,QCOM260605P00215000,OPTION,BUY,BTO,BUY_TO_OPEN,FILLED,1.0,1.0,@5.2,5.2,DAY,2026-06-01T14:03:31.173Z,2026-06-01T14:03:31.213Z
NVDA260615C00230000,NVDA260615C00230000,OPTION,SELL,STC,SELL_TO_CLOSE,FILLED,2.0,2.0,@3.35,3.35,DAY,2026-06-01T14:02:15.756Z,2026-06-01T14:02:28.576Z
MSTR260612P00140000,MSTR260612P00140000,OPTION,BUY,BTO,BUY_TO_OPEN,FILLED,1.0,1.0,@4.05,4.05,DAY,2026-06-01T13:59:40.228Z,2026-06-01T13:59:40.265Z
GLD260717C00410000,GLD260717C00410000,OPTION,SELL,STC,SELL_TO_CLOSE,FILLED,1.0,1.0,@13.6,13.6,DAY,2026-06-01T13:59:09.938Z,2026-06-01T13:59:10.048Z
USO260618C00145000,USO260618C00145000,OPTION,BUY,BTO,BUY_TO_OPEN,CANCELLED,0.0,2.0,@4.75,,DAY,2026-06-01T13:58:35.589Z,
USO260603C00150000,USO260603C00150000,OPTION,SELL,STC,SELL_TO_CLOSE,FILLED,7.0,7.0,@0.55,0.55,DAY,2026-06-01T13:56:24.316Z,2026-06-01T13:56:35.821Z
CRWV260605C00125000,CRWV260605C00125000,OPTION,SELL,STC,SELL_TO_CLOSE,FILLED,2.0,2.0,@3.6,3.6,DAY,2026-06-01T13:50:24.015Z,2026-06-01T13:50:24.054Z
IREN260605C00062000,IREN260605C00062000,OPTION,BUY,BTC,BUY_TO_CLOSE,FILLED,3.0,3.0,,3.8,DAY,2026-06-01T13:48:25.273Z,2026-06-01T13:48:25.415Z
CRWV260605C00125000,CRWV260605C00125000,OPTION,BUY,BTO,BUY_TO_OPEN,FILLED,2.0,2.0,@4.6,4.4,DAY,2026-06-01T13:48:05.256Z,2026-06-01T13:48:05.403Z
FLNC260618C00032000,FLNC260618C00032000,OPTION,SELL,STC,SELL_TO_CLOSE,FILLED,3.0,3.0,@1.1,1.1,DAY,2026-06-01T13:47:20.440Z,2026-06-01T13:47:20.497Z
COIN260612P00165000,COIN260612P00165000,OPTION,SELL,STC,SELL_TO_CLOSE,FILLED,3.0,3.0,@3.25,3.25,DAY,2026-06-01T13:47:07.394Z,2026-06-01T13:47:07.448Z
NVDA260615C00230000,NVDA260615C00230000,OPTION,SELL,STC,SELL_TO_CLOSE,FILLED,2.0,2.0,@3.35,3.35,DAY,2026-06-01T13:45:11.264Z,2026-06-01T13:45:11.347Z
USO260618C00145000,USO260618C00145000,OPTION,BUY,BTO,BUY_TO_OPEN,CANCELLED,0.0,1.0,@4.35,,DAY,2026-06-01T13:42:50.350Z,
COIN260605P00170000,COIN260605P00170000,OPTION,SELL,STC,SELL_TO_CLOSE,FILLED,1.0,1.0,@2.77,2.77,DAY,2026-06-01T13:41:36.235Z,2026-06-01T13:41:36.315Z
MSTR260612P00140000,MSTR260612P00140000,OPTION,SELL,STC,SELL_TO_CLOSE,FILLED,2.0,2.0,@4.5,4.5,DAY,2026-06-01T13:39:24.456Z,2026-06-01T13:39:34.120Z
NVDA260615C00230000,NVDA260615C00230000,OPTION,BUY,BTO,BUY_TO_OPEN,FILLED,2.0,2.0,@3.95,3.95,DAY,2026-06-01T13:38:56.725Z,2026-06-01T13:38:56.834Z
NVDA260615C00230000,NVDA260615C00230000,OPTION,BUY,BTO,BUY_TO_OPEN,FILLED,3.0,3.0,@3.75,3.75,DAY,2026-06-01T13:34:00.325Z,2026-06-01T13:34:00.362Z
MU260605P00815000,MU260605P00815000,OPTION,SELL,STC,SELL_TO_CLOSE,FILLED,1.0,1.0,@4.3,4.3,DAY,2026-06-01T13:32:41.343Z,2026-06-01T13:32:41.384Z
FLNC260618C00032000,FLNC260618C00032000,OPTION,BUY,BTO,BUY_TO_OPEN,FILLED,3.0,3.0,@1.4,1.4,DAY,2026-06-01T13:32:22.536Z,2026-06-01T13:32:22.585Z
MSTR260612P00140000,MSTR260612P00140000,OPTION,BUY,BTO,BUY_TO_OPEN,FILLED,3.0,3.0,@4.9,4.9,DAY,2026-06-01T13:30:41.807Z,2026-06-01T13:30:41.935Z
MU260605P00815000,MU260605P00815000,OPTION,SELL,STC,SELL_TO_CLOSE,FILLED,1.0,1.0,@10.1,10.1,DAY,2026-05-29T19:55:14.617Z,2026-05-29T19:55:21.871Z
MU260605P00815000,MU260605P00815000,OPTION,BUY,BTO,BUY_TO_OPEN,FILLED,1.0,1.0,@11.15,11.04,DAY,2026-05-29T19:52:27.727Z,2026-05-29T19:52:27.896Z
USO260603C00150000,USO260603C00150000,OPTION,BUY,BTO,BUY_TO_OPEN,FILLED,15.0,15.0,@0.34,0.3,DAY,2026-05-29T19:22:34.324Z,2026-05-29T19:22:34.365Z
MU260529C01020000,MU260529C01020000,OPTION,SELL,STC,SELL_TO_CLOSE,FILLED,1.0,1.0,@0.06,0.06,DAY,2026-05-29T19:16:29.725Z,2026-05-29T19:16:29.801Z
IREN260605P00056000,IREN260605P00056000,OPTION,BUY,BTO,BUY_TO_OPEN,FILLED,3.0,3.0,@1.5,1.48,DAY,2026-05-29T19:04:31.337Z,2026-05-29T19:04:31.489Z
MU260605P00815000,MU260605P00815000,OPTION,BUY,BTO,BUY_TO_OPEN,FILLED,1.0,1.0,@11.5,11.5,DAY,2026-05-29T18:40:39.231Z,2026-05-29T18:40:39.290Z
MU260605P00815000,MU260605P00815000,OPTION,SELL,STC,SELL_TO_CLOSE,FILLED,1.0,1.0,@10.6,10.6,DAY,2026-05-29T17:51:33.844Z,2026-05-29T17:51:38.210Z
MU260605P00815000,MU260605P00815000,OPTION,BUY,BTO,BUY_TO_OPEN,FILLED,1.0,1.0,@11.15,10.85,DAY,2026-05-29T17:33:03.232Z,2026-05-29T17:33:03.267Z
MU260605C01145000,MU260605C01145000,OPTION,SELL,STC,SELL_TO_CLOSE,FILLED,1.0,1.0,@9.4,9.4,DAY,2026-05-29T17:16:11.826Z,2026-05-29T17:16:11.865Z
IREN260605C00062000,IREN260605C00062000,OPTION,SELL,STO,SELL_TO_OPEN,FILLED,3.0,3.0,@3.7,3.72,DAY,2026-05-29T16:49:54.441Z,2026-05-29T16:49:54.605Z
GLD260717C00410000,GLD260717C00410000,OPTION,SELL,STC,SELL_TO_CLOSE,FILLED,1.0,1.0,@19.75,19.75,DAY,2026-05-29T16:49:10.883Z,2026-05-29T16:49:10.932Z
IREN260717C00050000,IREN260717C00050000,OPTION,SELL,STC,SELL_TO_CLOSE,FILLED,2.0,2.0,@15.75,15.75,DAY,2026-05-29T16:48:53.518Z,2026-05-29T16:48:59.595Z
GLD260717C00410000,GLD260717C00410000,OPTION,BUY,BTO,BUY_TO_OPEN,FILLED,2.0,2.0,@20.25,20.1,DAY,2026-05-29T16:17:39.906Z,2026-05-29T16:17:40.044Z
MU260605C01145000,MU260605C01145000,OPTION,BUY,BTO,BUY_TO_OPEN,FILLED,1.0,1.0,@11.45,11.45,DAY,2026-05-29T15:12:45.657Z,2026-05-29T15:13:03.881Z
IREN260717C00050000,IREN260717C00050000,OPTION,BUY,BTO,BUY_TO_OPEN,FILLED,1.0,1.0,@18.55,18.29,DAY,2026-05-29T15:11:41.546Z,2026-05-29T15:11:41.684Z
IREN260717C00050000,IREN260717C00050000,OPTION,BUY,BTO,BUY_TO_OPEN,FILLED,1.0,1.0,@18.25,18.21,DAY,2026-05-29T15:07:36.524Z,2026-05-29T15:07:56.585Z
COIN260612P00165000,COIN260612P00165000,OPTION,BUY,BTO,BUY_TO_OPEN,FILLED,3.0,3.0,@3.25,3.1,DAY,2026-05-29T14:47:15.843Z,2026-05-29T14:47:15.891Z
ARKK260717C00078000,ARKK260717C00078000,OPTION,SELL,STC,SELL_TO_CLOSE,FILLED,3.0,3.0,@5.7,5.73,DAY,2026-05-29T14:43:19.681Z,2026-05-29T14:43:27.945Z
IREN260717C00050000,IREN260717C00050000,OPTION,SELL,STC,SELL_TO_CLOSE,FILLED,1.0,1.0,@15.85,15.85,DAY,2026-05-29T14:43:03.870Z,2026-05-29T14:43:09.274Z
ARKK260717C00078000,ARKK260717C00078000,OPTION,SELL,STC,SELL_TO_CLOSE,FILLED,3.0,3.0,@5.75,5.76,DAY,2026-05-29T14:41:40.481Z,2026-05-29T14:41:44.796Z
ARKK260612C00085000,ARKK260612C00085000,OPTION,SELL,STC,SELL_TO_CLOSE,FILLED,10.0,10.0,@0.73,0.73,DAY,2026-05-29T14:41:28.122Z,2026-05-29T14:41:28.353Z
IREN260717C00050000,IREN260717C00050000,OPTION,SELL,STC,SELL_TO_CLOSE,FILLED,1.0,1.0,@15.3,15.35,DAY,2026-05-29T14:41:10.901Z,2026-05-29T14:41:16.215Z
OILD,OILD,EQUITY,SELL,SELL,,FILLED,100.0,100.0,@44.31,44.32,DAY,2026-05-29T14:39:26.036Z,2026-05-29T14:40:24.811Z
NVDA260612C00230000,NVDA260612C00230000,OPTION,SELL,STC,SELL_TO_CLOSE,FILLED,5.0,5.0,@2.04,2.04,DAY,2026-05-29T14:39:16.581Z,2026-05-29T14:39:16.720Z
ARKK260717C00078000,ARKK260717C00078000,OPTION,SELL,STC,SELL_TO_CLOSE,CANCELLED,0.0,6.0,@6.25,,DAY,2026-05-29T14:38:47.945Z,
COIN260605P00170000,COIN260605P00170000,OPTION,BUY,BTO,BUY_TO_OPEN,FILLED,1.0,1.0,@2.27,2.27,DAY,2026-05-29T14:34:59.199Z,2026-05-29T14:34:59.240Z
MSFT260601C00452500,MSFT260601C00452500,OPTION,SELL,STC,SELL_TO_CLOSE,FILLED,4.0,4.0,@1.26,1.3,DAY,2026-05-29T14:08:29.602Z,2026-05-29T14:08:37.826Z
MU260605C01145000,MU260605C01145000,OPTION,SELL,STC,SELL_TO_CLOSE,FILLED,1.0,1.0,@12.65,12.65,DAY,2026-05-29T14:07:37.753Z,2026-05-29T14:07:48.816Z
MU260605C01145000,MU260605C01145000,OPTION,BUY,BTO,BUY_TO_OPEN,FILLED,1.0,1.0,@12.6,12.6,DAY,2026-05-29T14:07:14.222Z,2026-05-29T14:07:14.272Z
MU260605C01145000,MU260605C01145000,OPTION,SELL,STC,SELL_TO_CLOSE,FILLED,1.0,1.0,@12.75,12.75,DAY,2026-05-29T14:02:07.177Z,2026-05-29T14:02:14.664Z
IREN260529P00063000,IREN260529P00063000,OPTION,SELL,STC,SELL_TO_CLOSE,FILLED,3.0,3.0,@0.78,0.78,DAY,2026-05-29T13:58:39.690Z,2026-05-29T13:58:39.786Z
NVDA260612C00230000,NVDA260612C00230000,OPTION,BUY,BTO,BUY_TO_OPEN,FILLED,5.0,5.0,@2.2,2.2,DAY,2026-05-29T13:55:02.754Z,2026-05-29T13:55:02.818Z
MSFT260601C00452500,MSFT260601C00452500,OPTION,BUY,BTO,BUY_TO_OPEN,FILLED,4.0,4.0,@1.1,1.06,DAY,2026-05-29T13:53:36.592Z,2026-05-29T13:53:36.631Z
QCOM260605C00282500,QCOM260605C00282500,OPTION,SELL,STC,SELL_TO_CLOSE,FILLED,1.0,1.0,,5.1,DAY,2026-05-29T13:50:15.812Z,2026-05-29T13:50:15.853Z
MU260605C01145000,MU260605C01145000,OPTION,BUY,BTO,BUY_TO_OPEN,FILLED,1.0,1.0,@10.7,10.7,DAY,2026-05-29T13:48:50.874Z,2026-05-29T13:48:52.700Z
QCOM260605C00282500,QCOM260605C00282500,OPTION,BUY,BTO,BUY_TO_OPEN,FILLED,1.0,1.0,@5.65,5.65,DAY,2026-05-29T13:47:34.272Z,2026-05-29T13:47:37.457Z
MSFT260601C00452500,MSFT260601C00452500,OPTION,SELL,STC,SELL_TO_CLOSE,FILLED,5.0,5.0,@1.15,1.15,DAY,2026-05-29T13:45:34.253Z,2026-05-29T13:45:53.893Z
UVXY260529C00035000,UVXY260529C00035000,OPTION,SELL,STC,SELL_TO_CLOSE,FILLED,30.0,30.0,@0.01,0.01,DAY,2026-05-29T13:39:51.624Z,2026-05-29T13:39:51.666Z
NVDA260608C00230000,NVDA260608C00230000,OPTION,SELL,STC,SELL_TO_CLOSE,FILLED,5.0,5.0,@0.92,0.92,DAY,2026-05-29T13:35:21.331Z,2026-05-29T13:35:21.442Z
MU260605C01140000,MU260605C01140000,OPTION,SELL,STC,SELL_TO_CLOSE,FILLED,1.0,1.0,@10.6,10.6,DAY,2026-05-29T13:35:15.224Z,2026-05-29T13:35:15.282Z
MSFT260601C00452500,MSFT260601C00452500,OPTION,BUY,BTO,BUY_TO_OPEN,FILLED,5.0,5.0,@1.06,1.06,DAY,2026-05-29T13:34:45.483Z,2026-05-29T13:34:45.565Z
NVDA260608C00230000,NVDA260608C00230000,OPTION,SELL,STC,SELL_TO_CLOSE,FILLED,5.0,5.0,@0.9,0.9,DAY,2026-05-29T13:33:58.129Z,2026-05-29T13:33:58.168Z
MU260605C01140000,MU260605C01140000,OPTION,BUY,BTO,BUY_TO_OPEN,FILLED,1.0,1.0,@9.4,9.4,DAY,2026-05-29T13:30:58.929Z,2026-05-29T13:31:08.100Z
MU260529C01020000,MU260529C01020000,OPTION,BUY,BTO,BUY_TO_OPEN,FILLED,1.0,1.0,@3.85,3.02,DAY,2026-05-29T13:30:35.037Z,2026-05-29T13:30:35.182Z
ARKK260717C00078000,ARKK260717C00078000,OPTION,BUY,BTO,BUY_TO_OPEN,FILLED,3.0,3.0,@6.25,6.25,DAY,2026-05-28T19:16:34.916Z,2026-05-28T19:16:34.961Z
ARKK260717C00078000,ARKK260717C00078000,OPTION,BUY,BTO,BUY_TO_OPEN,FILLED,3.0,3.0,@6.6,6.29,DAY,2026-05-28T19:14:34.442Z,2026-05-28T19:14:34.539Z
QCOM260605C00272500,QCOM260605C00272500,OPTION,SELL,STC,SELL_TO_CLOSE,FILLED,2.0,2.0,@4.0,4.05,DAY,2026-05-28T18:39:21.883Z,2026-05-28T18:39:27.201Z
NVDA260608C00230000,NVDA260608C00230000,OPTION,BUY,BTO,BUY_TO_OPEN,FILLED,10.0,10.0,@1.16,1.13,DAY,2026-05-28T17:51:54.006Z,2026-05-28T17:51:54.237Z
MSTR260618P00110000,MSTR260618P00110000,OPTION,SELL,STC,SELL_TO_CLOSE,FILLED,18.0,18.0,@0.6,0.63,DAY,2026-05-28T17:31:58.187Z,2026-05-28T17:31:58.326Z
NBIS260605C00240000,NBIS260605C00240000,OPTION,SELL,STC,SELL_TO_CLOSE,FILLED,1.0,1.0,@8.35,8.35,DAY,2026-05-28T17:22:24.127Z,2026-05-28T17:22:24.172Z
QCOM260605C00272500,QCOM260605C00272500,OPTION,BUY,BTO,BUY_TO_OPEN,FILLED,2.0,2.0,@5.55,5.55,DAY,2026-05-28T17:02:12.537Z,2026-05-28T17:02:12.579Z
NBIS260605C00240000,NBIS260605C00240000,OPTION,BUY,BTO,BUY_TO_OPEN,FILLED,1.0,1.0,@10.5,10.2,DAY,2026-05-28T16:52:45.698Z,2026-05-28T16:52:45.843Z
NBIS260605C00235000,NBIS260605C00235000,OPTION,SELL,STC,SELL_TO_CLOSE,FILLED,1.0,1.0,@11.55,11.55,DAY,2026-05-28T15:36:34.539Z,2026-05-28T15:36:34.589Z
NBIS260605C00240000,NBIS260605C00240000,OPTION,SELL,STC,SELL_TO_CLOSE,FILLED,1.0,1.0,@9.7,9.7,DAY,2026-05-28T15:36:23.117Z,2026-05-28T15:36:23.153Z
NBIS260605C00240000,NBIS260605C00240000,OPTION,BUY,BTO,BUY_TO_OPEN,FILLED,1.0,1.0,@11.45,11.45,DAY,2026-05-28T15:22:37.734Z,2026-05-28T15:22:37.814Z
NBIS260605C00235000,NBIS260605C00235000,OPTION,BUY,BTO,BUY_TO_OPEN,FILLED,1.0,1.0,@11.25,11.05,DAY,2026-05-28T15:18:40.606Z,2026-05-28T15:18:40.741Z
ARKK260612C00085000,ARKK260612C00085000,OPTION,BUY,BTO,BUY_TO_OPEN,FILLED,10.0,10.0,@0.62,0.62,DAY,2026-05-28T15:12:50.918Z,2026-05-28T15:13:22.257Z
OILD,OILD,EQUITY,BUY,BUY,,FILLED,100.0,100.0,@43.47,43.47,DAY,2026-05-28T14:38:45.066Z,2026-05-28T14:38:46.300Z
MU260605C01130000,MU260605C01130000,OPTION,SELL,STC,SELL_TO_CLOSE,FILLED,1.0,1.0,@10.2,10.2,DAY,2026-05-28T14:34:02.500Z,2026-05-28T14:34:11.403Z
INTC260605P00108000,INTC260605P00108000,OPTION,SELL,STC,SELL_TO_CLOSE,FILLED,2.0,2.0,@2.2,2.2,DAY,2026-05-28T14:30:43.130Z,2026-05-28T14:30:47.859Z
MU260605C01130000,MU260605C01130000,OPTION,BUY,BTO,BUY_TO_OPEN,FILLED,1.0,1.0,@10.8,10.8,DAY,2026-05-28T14:30:28.853Z,2026-05-28T14:31:07.182Z
INTC260605P00108000,INTC260605P00108000,OPTION,BUY,BTO,BUY_TO_OPEN,FILLED,2.0,2.0,@2.55,2.51,DAY,2026-05-28T14:04:26.827Z,2026-05-28T14:04:26.974Z
ORCL260605C00205000,ORCL260605C00205000,OPTION,SELL,STC,SELL_TO_CLOSE,FILLED,3.0,3.0,@3.8,3.8,DAY,2026-05-28T14:01:35.731Z,2026-05-28T14:01:35.769Z
ORCL260605C00205000,ORCL260605C00205000,OPTION,BUY,BTO,BUY_TO_OPEN,FILLED,3.0,3.0,@3.8,3.8,DAY,2026-05-28T13:49:43.849Z,2026-05-28T13:49:47.447Z
ONDS260605C00013000,ONDS260605C00013000,OPTION,SELL,STC,SELL_TO_CLOSE,FILLED,6.0,6.0,@0.85,0.88,DAY,2026-05-28T13:47:24.650Z,2026-05-28T13:47:39.461Z
BNO260605P00047000,BNO260605P00047000,OPTION,SELL,STC,SELL_TO_CLOSE,FILLED,8.0,8.0,@0.6,0.6,DAY,2026-05-28T13:44:30.855Z,2026-05-28T14:13:04.559Z
ORCL260605C00205000,ORCL260605C00205000,OPTION,SELL,STC,SELL_TO_CLOSE,FILLED,3.0,3.0,@3.15,3.17,DAY,2026-05-28T13:44:03.753Z,2026-05-28T13:44:12.301Z
NVDA260610C00240000,NVDA260610C00240000,OPTION,SELL,STC,SELL_TO_CLOSE,FILLED,20.0,20.0,@0.56,0.56,DAY,2026-05-28T13:43:49.577Z,2026-05-28T13:44:21.064Z
MSTR260618P00110000,MSTR260618P00110000,OPTION,BUY,BTO,BUY_TO_OPEN,FILLED,18.0,18.0,@0.91,0.77,DAY,2026-05-28T13:39:29.933Z,2026-05-28T13:39:30.074Z
ONDS260605C00013000,ONDS260605C00013000,OPTION,BUY,BTO,BUY_TO_OPEN,FILLED,3.0,3.0,@0.81,0.81,DAY,2026-05-28T13:35:27.789Z,2026-05-28T13:35:27.828Z
ONDS260605C00013000,ONDS260605C00013000,OPTION,BUY,BTO,BUY_TO_OPEN,FILLED,3.0,3.0,@0.8,0.69,DAY,2026-05-28T13:34:50.717Z,2026-05-28T13:34:50.755Z
ORCL260605C00205000,ORCL260605C00205000,OPTION,BUY,BTO,BUY_TO_OPEN,FILLED,3.0,3.0,@3.5,3.5,DAY,2026-05-28T13:34:07.358Z,2026-05-28T13:34:07.843Z
IREN260529P00063000,IREN260529P00063000,OPTION,BUY,BTO,BUY_TO_OPEN,FILLED,3.0,3.0,@1.11,1.05,DAY,2026-05-28T13:33:16.501Z,2026-05-28T13:33:16.537Z
META260605C00650000,META260605C00650000,OPTION,SELL,STC,SELL_TO_CLOSE,FILLED,1.0,1.0,@9.5,9.5,DAY,2026-05-28T13:31:54.413Z,2026-05-28T13:32:03.918Z
META260605C00645000,META260605C00645000,OPTION,SELL,STC,SELL_TO_CLOSE,FILLED,1.0,1.0,@13.45,13.45,DAY,2026-05-28T13:30:32.541Z,2026-05-28T13:30:32.587Z
AOSL,AOSL,EQUITY,SELL,SELL,,FILLED,150.0,150.0,@47.92,48.21,DAY,2026-05-28T12:01:04.772Z,2026-05-28T12:01:05.070Z
META260605C00650000,META260605C00650000,OPTION,SELL,STC,SELL_TO_CLOSE,FILLED,1.0,1.0,@9.7,9.7,DAY,2026-05-27T19:19:44.693Z,2026-05-27T19:19:44.784Z
COLA,COLA,EQUITY,BUY,BUY,,FILLED,500.0,500.0,@10.93,10.93,DAY,2026-05-27T19:16:33.857Z,2026-05-27T19:16:34.071Z
BNO260605P00047000,BNO260605P00047000,OPTION,BUY,BTO,BUY_TO_OPEN,FILLED,8.0,8.0,@0.6,0.6,DAY,2026-05-27T19:00:46.355Z,2026-05-27T19:00:46.403Z
META260605C00645000,META260605C00645000,OPTION,SELL,STC,SELL_TO_CLOSE,FILLED,1.0,1.0,@9.65,9.65,DAY,2026-05-27T18:38:22.035Z,2026-05-27T18:38:26.394Z
INTC260605C00140000,INTC260605C00140000,OPTION,SELL,STC,SELL_TO_CLOSE,FILLED,8.0,8.0,@1.4,1.42,DAY,2026-05-27T18:22:58.154Z,2026-05-27T18:22:58.190Z
META260605C00650000,META260605C00650000,OPTION,BUY,BTO,BUY_TO_OPEN,FILLED,2.0,2.0,@5.75,5.75,DAY,2026-05-27T18:22:35.134Z,2026-05-27T18:22:37.419Z
TSLA260717C00420000,TSLA260717C00420000,OPTION,SELL,STC,SELL_TO_CLOSE,FILLED,1.0,1.0,@42.9,43.05,DAY,2026-05-27T18:22:12.355Z,2026-05-27T18:22:12.498Z
META260605C00645000,META260605C00645000,OPTION,BUY,BTO,BUY_TO_OPEN,FILLED,2.0,2.0,@4.95,4.95,DAY,2026-05-27T18:05:45.505Z,2026-05-27T18:05:45.592Z
IREN260717C00050000,IREN260717C00050000,OPTION,BUY,BTO,BUY_TO_OPEN,FILLED,2.0,2.0,@19.6,19.45,DAY,2026-05-27T17:26:13.567Z,2026-05-27T17:26:13.743Z
NVDA260610C00240000,NVDA260610C00240000,OPTION,BUY,BTO,BUY_TO_OPEN,FILLED,20.0,20.0,@0.56,0.56,DAY,2026-05-27T16:50:52.770Z,2026-05-27T16:50:52.961Z
SMH260529P00540000,SMH260529P00540000,OPTION,SELL,STC,SELL_TO_CLOSE,FILLED,6.0,6.0,@0.55,0.58,DAY,2026-05-27T16:11:40.964Z,2026-05-27T16:11:47.814Z
SMH260529P00540000,SMH260529P00540000,OPTION,BUY,BTO,BUY_TO_OPEN,FILLED,6.0,6.0,@0.8,0.77,DAY,2026-05-27T15:52:11.001Z,2026-05-27T15:52:11.137Z
SMH260529P00530000,SMH260529P00530000,OPTION,BUY,BTO,BUY_TO_OPEN,CANCELLED,0.0,5.0,@0.49,,DAY,2026-05-27T15:51:25.965Z,
AOSL,AOSL,EQUITY,BUY,BUY,,FILLED,150.0,150.0,@47.76,47.76,DAY,2026-05-27T15:11:53.485Z,1779894713610
AOSL,AOSL,EQUITY,SELL,SELL,,CANCELLED,0.0,150.0,,,GTC,2026-05-27T15:11:53.485Z,
INTC260605C00140000,INTC260605C00140000,OPTION,BUY,BTO,BUY_TO_OPEN,FILLED,8.0,8.0,@1.7,1.69,DAY,2026-05-27T14:50:32.817Z,2026-05-27T14:50:32.856Z
RELL260618C00025000,RELL260618C00025000,OPTION,SELL,STC,SELL_TO_CLOSE,FILLED,10.0,10.0,@0.65,0.69,DAY,2026-05-27T14:29:15.184Z,2026-05-27T14:29:15.249Z
IREN260605C00070000,IREN260605C00070000,OPTION,SELL,STC,SELL_TO_CLOSE,FILLED,2.0,2.0,@1.8,1.83,DAY,2026-05-27T14:25:32.089Z,2026-05-27T14:25:32.235Z
WOLF260717C00060000,WOLF260717C00060000,OPTION,SELL,STC,SELL_TO_CLOSE,FILLED,1.0,1.0,@11.6,11.6,DAY,2026-05-27T14:25:17.282Z,2026-05-27T14:25:21.410Z
IREN260717C00047000,IREN260717C00047000,OPTION,SELL,STC,SELL_TO_CLOSE,FILLED,2.0,2.0,@17.5,17.96,DAY,2026-05-27T14:24:45.959Z,2026-05-27T14:25:00.009Z
MU260605C01005000,MU260605C01005000,OPTION,SELL,STC,SELL_TO_CLOSE,FILLED,1.0,1.0,@30.15,30.15,DAY,2026-05-27T14:24:31.572Z,2026-05-27T14:24:31.612Z
MU260605C01000000,MU260605C01000000,OPTION,SELL,STC,SELL_TO_CLOSE,FILLED,1.0,1.0,@34.75,34.85,DAY,2026-05-27T14:11:27.473Z,2026-05-27T14:11:36.748Z
IREN260605C00070000,IREN260605C00070000,OPTION,BUY,BTO,BUY_TO_OPEN,FILLED,2.0,2.0,@2.86,2.82,DAY,2026-05-27T14:03:51.871Z,2026-05-27T14:03:52.040Z
IREN260717C00047000,IREN260717C00047000,OPTION,BUY,BTO,BUY_TO_OPEN,FILLED,2.0,2.0,@20.4,20.4,DAY,2026-05-27T14:02:19.241Z,2026-05-27T14:02:40.940Z
WOLF260717C00060000,WOLF260717C00060000,OPTION,BUY,BTO,BUY_TO_OPEN,FILLED,1.0,1.0,@16.35,16.35,DAY,2026-05-27T13:51:47.792Z,2026-05-27T13:52:07.973Z
TSLA260717C00420000,TSLA260717C00420000,OPTION,BUY,BTO,BUY_TO_OPEN,FILLED,1.0,1.0,@42.3,42.3,DAY,2026-05-27T13:51:11.815Z,2026-05-27T13:51:11.899Z
MU260605C01005000,MU260605C01005000,OPTION,BUY,BTO,BUY_TO_OPEN,FILLED,1.0,1.0,@41.25,41.25,DAY,2026-05-27T13:50:37.644Z,2026-05-27T13:50:53.984Z
QQQ260527P00723000,QQQ260527P00723000,OPTION,SELL,STC,SELL_TO_CLOSE,FILLED,4.0,4.0,@0.79,0.81,DAY,2026-05-27T13:49:46.738Z,2026-05-27T13:49:58.833Z
MU260605C01000000,MU260605C01000000,OPTION,SELL,STC,SELL_TO_CLOSE,FILLED,1.0,1.0,@32.4,33.45,DAY,2026-05-27T13:48:03.399Z,2026-05-27T13:48:03.583Z
WOLF260717C00060000,WOLF260717C00060000,OPTION,SELL,STC,SELL_TO_CLOSE,FILLED,1.0,1.0,@14.15,14.15,DAY,2026-05-27T13:47:37.542Z,2026-05-27T13:47:37.676Z
QQQ260527P00723000,QQQ260527P00723000,OPTION,BUY,BTO,BUY_TO_OPEN,FILLED,4.0,4.0,@1.06,1.06,DAY,2026-05-27T13:47:15.330Z,2026-05-27T13:47:22.269Z
WOLF260717C00060000,WOLF260717C00060000,OPTION,SELL,STC,SELL_TO_CLOSE,CANCELLED,0.0,1.0,@15.45,,DAY,2026-05-27T13:44:51.986Z,
TSLA260717C00420000,TSLA260717C00420000,OPTION,SELL,STC,SELL_TO_CLOSE,FILLED,1.0,1.0,@42.6,42.6,DAY,2026-05-27T13:44:45.190Z,2026-05-27T13:44:45.237Z
USO260529P00127000,USO260529P00127000,OPTION,SELL,STC,SELL_TO_CLOSE,FILLED,6.0,6.0,@1.18,1.18,DAY,2026-05-27T13:44:41.022Z,2026-05-27T13:44:41.059Z
WOLF260717C00060000,WOLF260717C00060000,OPTION,BUY,BTO,BUY_TO_OPEN,FILLED,1.0,1.0,@15.55,15.55,DAY,2026-05-27T13:41:35.644Z,2026-05-27T13:41:35.682Z
IREN260717C00047000,IREN260717C00047000,OPTION,SELL,STC,SELL_TO_CLOSE,FILLED,1.0,1.0,@17.65,17.65,DAY,2026-05-27T13:37:23.876Z,2026-05-27T13:37:23.927Z
MU260529C01010000,MU260529C01010000,OPTION,SELL,STC,SELL_TO_CLOSE,FILLED,1.0,1.0,@15.85,15.85,DAY,2026-05-27T13:35:31.785Z,2026-05-27T13:35:31.858Z
MU260529C01010000,MU260529C01010000,OPTION,BUY,BTO,BUY_TO_OPEN,FILLED,1.0,1.0,@20.3,19.9,DAY,2026-05-27T13:33:44.725Z,2026-05-27T13:33:44.766Z
UVXY260529C00035000,UVXY260529C00035000,OPTION,BUY,BTO,BUY_TO_OPEN,FILLED,30.0,30.0,@0.16,0.16,DAY,2026-05-26T19:49:10.021Z,2026-05-26T19:49:24.720Z
MU260529C00985000,MU260529C00985000,OPTION,SELL,STC,SELL_TO_CLOSE,FILLED,1.0,1.0,@14.45,14.45,DAY,2026-05-26T19:48:09.364Z,2026-05-26T19:48:09.401Z
USO260529P00127000,USO260529P00127000,OPTION,BUY,BTO,BUY_TO_OPEN,FILLED,6.0,6.0,@0.68,0.68,DAY,2026-05-26T18:01:03.426Z,2026-05-26T18:01:03.460Z
USO260529C00150000,USO260529C00150000,OPTION,SELL,STC,SELL_TO_CLOSE,FILLED,8.0,8.0,@0.45,0.46,DAY,2026-05-26T18:00:21.536Z,2026-05-26T18:00:28.255Z
MU260529C00985000,MU260529C00985000,OPTION,BUY,BTO,BUY_TO_OPEN,FILLED,1.0,1.0,@10.45,10.45,DAY,2026-05-26T17:18:59.562Z,2026-05-26T17:18:59.625Z
QCOM260605C00260000,QCOM260605C00260000,OPTION,SELL,STC,SELL_TO_CLOSE,FILLED,1.0,1.0,@11.1,11.1,DAY,2026-05-26T15:54:01.066Z,2026-05-26T15:54:12.022Z
IREN260529C00064000,IREN260529C00064000,OPTION,SELL,STC,SELL_TO_CLOSE,FILLED,2.0,2.0,@1.4,1.44,DAY,2026-05-26T15:41:20.442Z,2026-05-26T15:41:20.635Z
IREN260529C00064000,IREN260529C00064000,OPTION,BUY,BTO,BUY_TO_OPEN,FILLED,2.0,2.0,@1.69,1.67,DAY,2026-05-26T15:18:24.774Z,2026-05-26T15:18:24.876Z
RELL260618C00025000,RELL260618C00025000,OPTION,BUY,BTO,BUY_TO_OPEN,FILLED,10.0,10.0,@1.0,1.0,DAY,2026-05-26T14:24:22.202Z,2026-05-26T14:24:22.250Z
QCOM260605C00260000,QCOM260605C00260000,OPTION,BUY,BTO,BUY_TO_OPEN,FILLED,1.0,1.0,@10.7,10.53,DAY,2026-05-26T14:18:34.322Z,2026-05-26T14:18:34.670Z
USO260529C00150000,USO260529C00150000,OPTION,BUY,BTO,BUY_TO_OPEN,FILLED,8.0,8.0,@0.62,0.62,DAY,2026-05-26T13:52:12.141Z,2026-05-26T13:52:12.179Z
MU260529C00885000,MU260529C00885000,OPTION,SELL,STC,SELL_TO_CLOSE,FILLED,1.0,1.0,@22.05,22.05,DAY,2026-05-26T13:51:03.152Z,2026-05-26T13:51:03.250Z
QCOM260529C00210000,QCOM260529C00210000,OPTION,SELL,STC,SELL_TO_CLOSE,FILLED,1.0,1.0,@26.5,26.5,DAY,2026-05-26T13:50:38.231Z,2026-05-26T13:50:38.284Z
NVTS260529C00033000,NVTS260529C00033000,OPTION,SELL,STC,SELL_TO_CLOSE,FILLED,7.0,7.0,@2.34,2.34,DAY,2026-05-26T13:43:56.645Z,2026-05-26T13:43:56.701Z
IREN260605C00064000,IREN260605C00064000,OPTION,SELL,STC,SELL_TO_CLOSE,FILLED,5.0,5.0,@2.72,2.72,DAY,2026-05-26T13:43:48.023Z,2026-05-26T13:43:48.582Z
MU260529C00885000,MU260529C00885000,OPTION,SELL,STC,SELL_TO_CLOSE,FILLED,1.0,1.0,@15.35,15.35,DAY,2026-05-26T13:35:12.364Z,2026-05-26T13:35:28.815Z
TSLA260717C00420000,TSLA260717C00420000,OPTION,BUY,BTO,BUY_TO_OPEN,FILLED,1.0,1.0,@37.8,37.8,DAY,2026-05-26T13:32:57.729Z,2026-05-26T13:33:03.797Z
CIFR260529C00025000,CIFR260529C00025000,OPTION,BUY,BTO,BUY_TO_OPEN,CANCELLED,0.0,10.0,@0.64,,DAY,2026-05-26T13:31:02.498Z,
NVTS260529C00033000,NVTS260529C00033000,OPTION,BUY,BTO,BUY_TO_OPEN,FILLED,1.0,1.0,@1.23,1.21,DAY,2026-05-22T19:59:31.704Z,2026-05-22T19:59:31.838Z
NVTS260529C00033000,NVTS260529C00033000,OPTION,BUY,BTO,BUY_TO_OPEN,FILLED,6.0,6.0,@1.23,1.16,DAY,2026-05-22T19:59:26.691Z,2026-05-22T19:59:26.826Z
NVTS260529C00028000,NVTS260529C00028000,OPTION,SELL,STC,SELL_TO_CLOSE,FILLED,3.0,3.0,@2.9,2.9,DAY,2026-05-22T19:53:27.181Z,2026-05-22T19:53:32.332Z
NVTS260529C00028000,NVTS260529C00028000,OPTION,SELL,STC,SELL_TO_CLOSE,FILLED,2.0,2.0,@2.69,2.7,DAY,2026-05-22T19:16:38.544Z,2026-05-22T19:16:38.587Z
AMD260522C00492500,AMD260522C00492500,OPTION,SELL,STC,SELL_TO_CLOSE,CANCELLED,0.0,2.0,@0.01,,DAY,2026-05-22T18:40:46.100Z,
CVX260717C00175000,CVX260717C00175000,OPTION,SELL,STC,SELL_TO_CLOSE,FILLED,1.0,1.0,@19.15,19.15,DAY,2026-05-22T18:40:19.650Z,2026-05-22T18:40:20.347Z
GUSH,GUSH,EQUITY,SELL,SELL,,FILLED,150.0,150.0,@38.36,38.36,DAY,2026-05-22T18:39:51.954Z,2026-05-22T18:39:51.990Z
QQQ260529P00697000,QQQ260529P00697000,OPTION,BUY,BTO,BUY_TO_OPEN,FILLED,50.0,50.0,@0.12,0.12,DAY,2026-05-22T18:39:22.008Z,2026-05-22T18:39:35.610Z
QQQ260529P00696000,QQQ260529P00696000,OPTION,SELL,BTO,BUY_TO_OPEN,FILLED,50.0,50.0,@0.12,0.12,DAY,2026-05-22T18:39:22.008Z,2026-05-22T18:39:35.610Z
MU260605C01000000,MU260605C01000000,OPTION,BUY,BTO,BUY_TO_OPEN,FILLED,2.0,2.0,@5.7,5.7,DAY,2026-05-22T17:58:40.558Z,2026-05-22T17:58:40.720Z
TSLA260605C00455000,TSLA260605C00455000,OPTION,SELL,STC,SELL_TO_CLOSE,FILLED,2.0,2.0,@5.2,5.22,DAY,2026-05-22T17:58:19.023Z,2026-05-22T17:58:19.159Z
MRAM,MRAM,EQUITY,SELL,SELL,,FILLED,150.0,150.0,,28.0,GTC,2026-05-22T16:54:44.972Z,1780064143272
MRAM,MRAM,EQUITY,SELL,SELL,,CANCELLED,0.0,150.0,@60.0,,GTC,2026-05-22T16:54:44.972Z,
MRAM,MRAM,EQUITY,BUY,BUY,,FILLED,75.0,75.0,@32.95,32.95,DAY,2026-05-22T16:54:25.006Z,2026-05-22T16:54:25.045Z
GUSH,GUSH,EQUITY,SELL,SELL,,CANCELLED,0.0,150.0,@380.46,,GTC,2026-05-22T15:37:47.352Z,
GUSH,GUSH,EQUITY,SELL,SELL,,CANCELLED,0.0,150.0,,,GTC,2026-05-22T15:37:47.352Z,
TSLA260605C00455000,TSLA260605C00455000,OPTION,BUY,BTO,BUY_TO_OPEN,FILLED,2.0,2.0,@5.4,5.36,DAY,2026-05-22T15:31:13.123Z,2026-05-22T15:31:13.270Z
QCOM260529C00210000,QCOM260529C00210000,OPTION,SELL,STC,SELL_TO_CLOSE,FILLED,1.0,1.0,@30.9,30.9,DAY,2026-05-22T14:48:21.582Z,2026-05-22T14:48:26.805Z
NVTS260529C00028000,NVTS260529C00028000,OPTION,BUY,BTO,BUY_TO_OPEN,FILLED,5.0,5.0,@1.6,1.6,DAY,2026-05-22T13:37:29.257Z,2026-05-22T13:37:29.303Z
NVTS260529C00028000,NVTS260529C00028000,OPTION,BUY,BTO,BUY_TO_OPEN,CANCELLED,0.0,4.0,@1.26,,DAY,2026-05-22T13:36:54.381Z,
AMD260522C00492500,AMD260522C00492500,OPTION,BUY,BTO,BUY_TO_OPEN,FILLED,2.0,2.0,@2.74,2.24,DAY,2026-05-22T13:31:36.933Z,2026-05-22T13:31:37.074Z
MRAM,MRAM,EQUITY,BUY,BUY,,FILLED,75.0,75.0,@32.45,32.33,DAY,2026-05-21T20:05:04.452Z,2026-05-21T20:05:04.492Z
USO260522P00135000,USO260522P00135000,OPTION,BUY,BTO,BUY_TO_OPEN,FILLED,5.0,5.0,@0.69,0.63,DAY,2026-05-21T19:25:05.815Z,2026-05-21T19:25:05.956Z
USO260527P00135000,USO260527P00135000,OPTION,SELL,STC,SELL_TO_CLOSE,FILLED,1.0,1.0,@3.1,3.12,DAY,2026-05-21T19:23:47.748Z,2026-05-21T19:23:47.886Z
USO260717C00145000,USO260717C00145000,OPTION,SELL,STC,SELL_TO_CLOSE,FILLED,1.0,1.0,@13.9,13.9,DAY,2026-05-21T19:23:37.726Z,2026-05-21T19:23:37.760Z
TTE260717C00087500,TTE260717C00087500,OPTION,SELL,STC,SELL_TO_CLOSE,FILLED,2.0,2.0,@6.7,6.7,DAY,2026-05-21T17:51:18.149Z,2026-05-21T17:51:18.194Z
USO260527P00135000,USO260527P00135000,OPTION,BUY,BTO,BUY_TO_OPEN,FILLED,1.0,1.0,@2.45,2.45,DAY,2026-05-21T17:17:23.716Z,2026-05-21T17:32:25.640Z
IREN260605C00064000,IREN260605C00064000,OPTION,BUY,BTO,BUY_TO_OPEN,FILLED,5.0,5.0,@2.38,2.38,DAY,2026-05-21T17:11:01.399Z,2026-05-21T17:11:01.439Z
QCOM260529C00210000,QCOM260529C00210000,OPTION,BUY,BTO,BUY_TO_OPEN,FILLED,2.0,2.0,@8.3,8.3,DAY,2026-05-21T16:47:13.185Z,2026-05-21T16:47:13.226Z
MU260529C00885000,MU260529C00885000,OPTION,BUY,BTO,BUY_TO_OPEN,FILLED,2.0,2.0,@5.25,5.25,DAY,2026-05-21T16:46:38.686Z,2026-05-21T16:46:38.720Z
NVTX,NVTX,EQUITY,SELL,SELL,,FILLED,25.0,25.0,@107.6,107.95,DAY,2026-05-21T15:09:16.531Z,2026-05-21T15:09:16.569Z
IREN260717C00047000,IREN260717C00047000,OPTION,SELL,STC,SELL_TO_CLOSE,FILLED,1.0,1.0,@13.3,13.3,DAY,2026-05-21T15:08:50.983Z,2026-05-21T15:09:05.580Z
QCOM260529C00210000,QCOM260529C00210000,OPTION,SELL,STC,SELL_TO_CLOSE,FILLED,2.0,2.0,@5.7,5.7,DAY,2026-05-21T15:08:20.759Z,2026-05-21T15:08:35.026Z
NVTX,NVTX,EQUITY,BUY,BUY,,FILLED,25.0,25.0,@110.0,110.0,DAY,2026-05-21T14:57:15.772Z,2026-05-21T14:57:41.339Z
FLNC,FLNC,EQUITY,SELL,SELL,,FILLED,300.0,300.0,@19.6,19.6,DAY,2026-05-21T14:57:04.243Z,2026-05-21T14:57:04.281Z
FLNC,FLNC,EQUITY,BUY,BUY,,FILLED,300.0,300.0,@19.89,19.89,DAY,2026-05-21T14:39:35.063Z,2026-05-21T14:39:39.215Z
NVTS260529C00025000,NVTS260529C00025000,OPTION,SELL,STC,SELL_TO_CLOSE,FILLED,3.0,3.0,@1.29,1.29,DAY,2026-05-21T14:34:13.637Z,2026-05-21T14:35:18.474Z
QCOM260529C00217500,QCOM260529C00217500,OPTION,SELL,STC,SELL_TO_CLOSE,FILLED,1.0,1.0,@5.0,5.0,DAY,2026-05-21T14:23:00.703Z,2026-05-21T14:23:00.775Z
QCOM260529C00217500,QCOM260529C00217500,OPTION,SELL,STC,SELL_TO_CLOSE,FILLED,1.0,1.0,@5.75,5.75,DAY,2026-05-21T13:53:48.941Z,2026-05-21T13:53:48.994Z
NVTS260529C00025000,NVTS260529C00025000,OPTION,BUY,BTO,BUY_TO_OPEN,FILLED,3.0,3.0,@1.57,1.57,DAY,2026-05-21T13:53:41.096Z,2026-05-21T13:53:46.048Z
TTE260717C00087500,TTE260717C00087500,OPTION,BUY,BTO,BUY_TO_OPEN,FILLED,2.0,2.0,@8.0,8.0,DAY,2026-05-21T13:49:10.784Z,2026-05-21T13:49:31.277Z
ARM260522C00290000,ARM260522C00290000,OPTION,SELL,STC,SELL_TO_CLOSE,FILLED,1.0,1.0,@5.75,5.75,DAY,2026-05-21T13:46:32.629Z,2026-05-21T13:46:43.216Z
ARM260522C00290000,ARM260522C00290000,OPTION,BUY,BTO,BUY_TO_OPEN,FILLED,1.0,1.0,@4.5,4.5,DAY,2026-05-21T13:33:38.963Z,2026-05-21T13:33:39.051Z
USO260717C00145000,USO260717C00145000,OPTION,BUY,BTO,BUY_TO_OPEN,FILLED,1.0,1.0,@18.2,18.2,DAY,2026-05-21T13:31:55.189Z,2026-05-21T13:32:16.121Z
GLD260717C00395000,GLD260717C00395000,OPTION,SELL,STC,SELL_TO_CLOSE,FILLED,1.0,1.0,@27.05,27.05,DAY,2026-05-21T13:30:58.327Z,2026-05-21T13:31:09.239Z
NVDA260522C00242500,NVDA260522C00242500,OPTION,SELL,STC,SELL_TO_CLOSE,FILLED,3.0,3.0,@0.1,0.1,DAY,2026-05-21T13:30:22.427Z,2026-05-21T13:32:23.382Z
NVTX,NVTX,EQUITY,SELL,SELL,,FILLED,40.0,40.0,@95.0,95.0,DAY,2026-05-20T22:38:38.679Z,2026-05-20T22:38:38.720Z
NVDA260522C00242500,NVDA260522C00242500,OPTION,BUY,BTO,BUY_TO_OPEN,FILLED,3.0,3.0,@1.41,1.41,DAY,2026-05-20T19:58:41.797Z,2026-05-20T19:58:41.889Z
GLD260717C00395000,GLD260717C00395000,OPTION,BUY,BTO,BUY_TO_OPEN,FILLED,1.0,1.0,@30.85,30.81,DAY,2026-05-20T19:48:43.853Z,2026-05-20T19:48:44.020Z
NVTX,NVTX,EQUITY,BUY,BUY,,FILLED,40.0,40.0,@105.05,105.05,DAY,2026-05-20T19:35:29.761Z,2026-05-20T19:35:37.475Z
QCOM260529C00217500,QCOM260529C00217500,OPTION,BUY,BTO,BUY_TO_OPEN,FILLED,2.0,2.0,@5.05,4.9,DAY,2026-05-20T17:20:45.806Z,2026-05-20T17:20:45.987Z
USO260717C00145000,USO260717C00145000,OPTION,SELL,STC,SELL_TO_CLOSE,FILLED,1.0,1.0,@14.15,14.15,DAY,2026-05-20T17:04:09.588Z,2026-05-20T17:04:09.638Z
INTC260605P00091000,INTC260605P00091000,OPTION,SELL,STC,SELL_TO_CLOSE,FILLED,9.0,9.0,@1.07,1.08,DAY,2026-05-20T16:58:01.457Z,2026-05-20T16:58:01.503Z
IREN260717C00047000,IREN260717C00047000,OPTION,BUY,BTO,BUY_TO_OPEN,FILLED,2.0,2.0,@10.9,10.85,DAY,2026-05-20T16:00:54.885Z,2026-05-20T16:01:09.672Z
IREN260522P00053000,IREN260522P00053000,OPTION,SELL,STC,SELL_TO_CLOSE,FILLED,3.0,3.0,@2.99,2.99,DAY,2026-05-20T15:37:47.667Z,2026-05-20T15:38:16.631Z
GLD260717P00435000,GLD260717P00435000,OPTION,SELL,STC,SELL_TO_CLOSE,FILLED,1.0,1.0,@25.05,25.05,DAY,2026-05-20T14:54:42.277Z,2026-05-20T14:54:42.319Z
UAL,UAL,EQUITY,BUY,BUY,,FILLED,100.0,100.0,@92.75,92.75,DAY,2026-05-20T14:18:59.830Z,2026-05-20T14:18:59.875Z
QCOM260529C00210000,QCOM260529C00210000,OPTION,BUY,BTO,BUY_TO_OPEN,FILLED,2.0,2.0,@6.0,5.82,DAY,2026-05-20T14:09:05.769Z,2026-05-20T14:09:29.367Z
INTC260605P00091000,INTC260605P00091000,OPTION,BUY,BTO,BUY_TO_OPEN,FILLED,9.0,9.0,@1.06,1.06,DAY,2026-05-20T13:38:06.760Z,2026-05-20T13:38:13.003Z
MU260529C00850000,MU260529C00850000,OPTION,SELL,STC,SELL_TO_CLOSE,FILLED,1.0,1.0,@9.2,9.2,DAY,2026-05-20T13:36:37.464Z,2026-05-20T13:36:37.527Z
ARM260522C00250000,ARM260522C00250000,OPTION,SELL,STC,SELL_TO_CLOSE,FILLED,1.0,1.0,@5.7,5.7,DAY,2026-05-20T13:36:29.903Z,2026-05-20T13:36:29.989Z
ARM260522C00250000,ARM260522C00250000,OPTION,BUY,BTO,BUY_TO_OPEN,FILLED,1.0,1.0,@4.8,4.8,DAY,2026-05-20T13:33:57.098Z,2026-05-20T13:33:57.240Z
INTC260605P00091000,INTC260605P00091000,OPTION,SELL,STC,SELL_TO_CLOSE,FILLED,10.0,10.0,@0.95,0.95,DAY,2026-05-20T13:31:31.561Z,2026-05-20T13:31:31.627Z
INTC260605P00091000,INTC260605P00091000,OPTION,BUY,BTO,BUY_TO_OPEN,FILLED,10.0,10.0,@1.58,1.51,DAY,2026-05-19T19:25:50.791Z,2026-05-19T19:25:50.841Z
GLD260717P00435000,GLD260717P00435000,OPTION,BUY,BTO,BUY_TO_OPEN,FILLED,1.0,1.0,@27.75,27.75,DAY,2026-05-19T18:54:13.679Z,2026-05-19T18:54:26.447Z
INTC260529C00120000,INTC260529C00120000,OPTION,SELL,STC,SELL_TO_CLOSE,FILLED,3.0,3.0,@3.3,3.37,DAY,2026-05-19T18:47:31.569Z,2026-05-19T18:47:31.775Z
GLD260717P00435000,GLD260717P00435000,OPTION,SELL,STC,SELL_TO_CLOSE,FILLED,1.0,1.0,@27.45,27.45,DAY,2026-05-19T18:22:16.180Z,2026-05-19T18:22:16.247Z
MU260529C00850000,MU260529C00850000,OPTION,BUY,BTO,BUY_TO_OPEN,FILLED,1.0,1.0,@11.2,11.2,DAY,2026-05-19T18:08:23.928Z,2026-05-19T18:08:23.968Z
GLD260717P00430000,GLD260717P00430000,OPTION,SELL,STC,SELL_TO_CLOSE,FILLED,1.0,1.0,@23.8,23.8,DAY,2026-05-19T17:52:05.145Z,2026-05-19T17:52:15.481Z
INTC260529C00120000,INTC260529C00120000,OPTION,BUY,BTO,BUY_TO_OPEN,FILLED,3.0,3.0,@3.5,3.47,DAY,2026-05-19T17:28:42.983Z,2026-05-19T17:28:43.122Z
INTC260605P00091000,INTC260605P00091000,OPTION,SELL,STC,SELL_TO_CLOSE,FILLED,5.0,5.0,@1.44,1.44,DAY,2026-05-19T17:28:06.068Z,2026-05-19T17:28:06.118Z
INTC260605P00091000,INTC260605P00091000,OPTION,SELL,STC,SELL_TO_CLOSE,FILLED,5.0,5.0,@1.5,1.5,DAY,2026-05-19T17:17:58.462Z,2026-05-19T17:17:58.510Z
MU260522P00595000,MU260522P00595000,OPTION,SELL,STC,SELL_TO_CLOSE,FILLED,1.0,1.0,@4.7,4.7,DAY,2026-05-19T14:40:16.309Z,2026-05-19T14:40:16.344Z
GLD260717P00430000,GLD260717P00430000,OPTION,BUY,BTO,BUY_TO_OPEN,FILLED,1.0,1.0,@24.65,24.65,DAY,2026-05-19T14:27:32.908Z,2026-05-19T14:27:32.951Z
MU260522P00595000,MU260522P00595000,OPTION,SELL,STC,SELL_TO_CLOSE,FILLED,1.0,1.0,@6.1,6.1,DAY,2026-05-19T14:24:58.575Z,2026-05-19T14:25:06.631Z
MU260522P00590000,MU260522P00590000,OPTION,SELL,STC,SELL_TO_CLOSE,FILLED,1.0,1.0,@5.35,5.35,DAY,2026-05-19T14:24:28.927Z,2026-05-19T14:24:28.969Z
MU260522P00590000,MU260522P00590000,OPTION,BUY,BTO,BUY_TO_OPEN,FILLED,1.0,1.0,@5.5,5.35,DAY,2026-05-19T14:09:00.271Z,2026-05-19T14:09:00.405Z
MU260522P00595000,MU260522P00595000,OPTION,BUY,BTO,BUY_TO_OPEN,FILLED,1.0,1.0,@5.7,5.55,DAY,2026-05-19T14:07:39.339Z,2026-05-19T14:07:39.484Z
MU260522P00595000,MU260522P00595000,OPTION,BUY,BTO,BUY_TO_OPEN,FILLED,1.0,1.0,@4.85,4.85,DAY,2026-05-19T14:03:58.324Z,2026-05-19T14:04:06.956Z
NVTS,NVTS,OPTION,SELL,STC,SELL_TO_CLOSE,FILLED,3.0,300.0,@16.65,16.93,DAY,2026-05-19T14:03:28.734Z,2026-05-19T14:03:28.892Z
NVTS260522C00018000,NVTS260522C00018000,OPTION,BUY,STC,SELL_TO_CLOSE,FILLED,3.0,3.0,@16.65,16.93,DAY,2026-05-19T14:03:28.734Z,2026-05-19T14:03:28.892Z
GLD260717P00430000,GLD260717P00430000,OPTION,SELL,STC,SELL_TO_CLOSE,FILLED,1.0,1.0,@24.25,24.25,DAY,2026-05-19T13:53:06.970Z,2026-05-19T13:53:11.899Z
CVX260717C00175000,CVX260717C00175000,OPTION,BUY,BTO,BUY_TO_OPEN,FILLED,1.0,1.0,@22.55,22.55,DAY,2026-05-19T13:39:19.122Z,2026-05-19T13:39:19.162Z
UAL,UAL,EQUITY,SHORT,SHORT,,FILLED,100.0,100.0,@88.85,89.0,DAY,2026-05-19T13:38:23.566Z,2026-05-19T13:38:23.642Z
NVTS,NVTS,OPTION,SELL,STC,SELL_TO_CLOSE,FILLED,3.0,300.0,@17.2,17.24,DAY,2026-05-19T13:32:12.521Z,2026-05-19T13:32:12.716Z
NVTS260522C00018000,NVTS260522C00018000,OPTION,BUY,STC,SELL_TO_CLOSE,FILLED,3.0,3.0,@17.2,17.24,DAY,2026-05-19T13:32:12.521Z,2026-05-19T13:32:12.716Z
GLD260717P00430000,GLD260717P00430000,OPTION,BUY,BTO,BUY_TO_OPEN,FILLED,1.0,1.0,@24.8,24.8,DAY,2026-05-19T13:30:28.405Z,2026-05-19T13:30:28.566Z
MU260522P00450000,MU260522P00450000,OPTION,SELL,STC,SELL_TO_CLOSE,FILLED,15.0,15.0,@0.31,0.31,DAY,2026-05-18T18:24:53.325Z,2026-05-18T18:25:00.338Z
MU260522P00450000,MU260522P00450000,OPTION,BUY,BTO,BUY_TO_OPEN,FILLED,15.0,15.0,@0.33,0.3,DAY,2026-05-18T18:21:50.867Z,2026-05-18T18:21:51.002Z
GLD260717P00435000,GLD260717P00435000,OPTION,SELL,STC,SELL_TO_CLOSE,FILLED,1.0,1.0,@24.1,24.1,DAY,2026-05-18T17:13:57.937Z,2026-05-18T17:14:03.370Z
USO260717C00145000,USO260717C00145000,OPTION,BUY,BTO,BUY_TO_OPEN,FILLED,1.0,1.0,@19.25,19.25,DAY,2026-05-18T16:20:21.228Z,2026-05-18T16:31:19.885Z
GLD260717P00435000,GLD260717P00435000,OPTION,BUY,BTO,BUY_TO_OPEN,FILLED,2.0,2.0,@25.0,25.0,DAY,2026-05-18T14:37:22.831Z,2026-05-18T14:37:22.869Z
NOK260618C00022000,NOK260618C00022000,OPTION,SELL,STC,SELL_TO_CLOSE,FILLED,50.0,50.0,@0.17,0.18,DAY,2026-05-18T13:42:59.499Z,2026-05-18T13:43:21.606Z
SLV260821C00120000,SLV260821C00120000,OPTION,SELL,STC,SELL_TO_CLOSE,FILLED,8.0,8.0,@1.29,1.3,DAY,2026-05-18T13:37:55.589Z,2026-05-18T13:38:10.759Z
SLV260618C00083000,SLV260618C00083000,OPTION,SELL,STC,SELL_TO_CLOSE,FILLED,5.0,5.0,@1.43,1.44,DAY,2026-05-18T13:37:41.600Z,2026-05-18T13:38:15.571Z
GUSH,GUSH,EQUITY,BUY,BUY,,FILLED,150.0,150.0,@39.55,39.55,DAY,2026-05-15T21:32:44.815Z,2026-05-15T21:32:44.854Z
IREN260522C00053000,IREN260522C00053000,OPTION,BUY,BTC,BUY_TO_CLOSE,FILLED,3.0,3.0,,3.7,DAY,2026-05-15T17:31:17.821Z,2026-05-15T17:31:17.866Z
NOK260618C00018000,NOK260618C00018000,OPTION,SELL,STC,SELL_TO_CLOSE,FILLED,16.0,16.0,@0.33,0.33,DAY,2026-05-15T16:49:44.239Z,2026-05-15T16:49:44.301Z
IREN260522C00053000,IREN260522C00053000,OPTION,SELL,STO,SELL_TO_OPEN,FILLED,3.0,3.0,@3.25,3.34,DAY,2026-05-15T16:41:01.127Z,2026-05-15T16:41:20.822Z
IREN260522P00053000,IREN260522P00053000,OPTION,BUY,BTO,BUY_TO_OPEN,FILLED,3.0,3.0,@3.0,2.92,DAY,2026-05-15T16:40:47.563Z,2026-05-15T16:40:47.724Z
IMSR,IMSR,EQUITY,SELL,SELL,,FILLED,1500.0,1500.0,,7.19,DAY,2026-05-15T16:40:12.716Z,2026-05-15T16:40:22.757Z
IREN260522C00051000,IREN260522C00051000,OPTION,BUY,BTC,BUY_TO_CLOSE,FILLED,3.0,3.0,,6.59,DAY,2026-05-15T13:57:29.148Z,2026-05-15T13:57:29.191Z
INTC260605P00091000,INTC260605P00091000,OPTION,SELL,STC,SELL_TO_CLOSE,CANCELLED,0.0,5.0,@2.16,,DAY,2026-05-15T13:55:27.985Z,
QCOM260529C00232500,QCOM260529C00232500,OPTION,BUY,BTO,BUY_TO_OPEN,CANCELLED,0.0,3.0,@4.3,,DAY,2026-05-15T13:53:23.223Z,
NVTS260522C00018000,NVTS260522C00018000,OPTION,SELL,STO,SELL_TO_OPEN,FILLED,6.0,6.0,@2.46,2.54,DAY,2026-05-15T13:48:39.996Z,2026-05-15T13:48:40.063Z
IREN260522C00051000,IREN260522C00051000,OPTION,SELL,STO,SELL_TO_OPEN,FILLED,3.0,3.0,@5.5,5.5,DAY,2026-05-15T13:47:49.350Z,2026-05-15T13:47:54.513Z
INTC260605P00091000,INTC260605P00091000,OPTION,BUY,BTO,BUY_TO_OPEN,FILLED,5.0,5.0,@2.32,2.32,DAY,2026-05-15T13:47:32.686Z,2026-05-15T13:47:59.704Z
QCOM260529C00232500,QCOM260529C00232500,OPTION,SELL,STC,SELL_TO_CLOSE,FILLED,3.0,3.0,@4.25,4.25,DAY,2026-05-15T13:47:24.602Z,2026-05-15T13:47:59.023Z
QQQ260522P00699000,QQQ260522P00699000,OPTION,SELL,STC,SELL_TO_CLOSE,FILLED,2.0,2.0,@6.12,6.12,DAY,2026-05-15T13:43:56.392Z,2026-05-15T13:44:00.093Z
HPE260515C00036000,HPE260515C00036000,OPTION,SELL,STC,SELL_TO_CLOSE,CANCELLED,0.0,20.0,@0.09,,DAY,2026-05-15T13:39:50.367Z,
BABA260515C00145000,BABA260515C00145000,OPTION,SELL,STC,SELL_TO_CLOSE,FILLED,4.0,4.0,@0.01,0.01,DAY,2026-05-15T13:39:43.142Z,2026-05-15T13:39:43.204Z
LAC260618C00007500,LAC260618C00007500,OPTION,SELL,STC,SELL_TO_CLOSE,FILLED,30.0,30.0,@0.07,0.08,DAY,2026-05-15T13:38:59.286Z,2026-05-15T13:39:31.376Z
F260522C00016000,F260522C00016000,OPTION,SELL,STC,SELL_TO_CLOSE,FILLED,30.0,30.0,@0.03,0.03,DAY,2026-05-15T13:38:51.858Z,2026-05-15T13:39:35.842Z
INTC260605P00091000,INTC260605P00091000,OPTION,BUY,BTO,BUY_TO_OPEN,FILLED,5.0,5.0,@2.03,2.03,DAY,2026-05-15T13:36:42.579Z,2026-05-15T13:37:13.486Z
IREN260618C00080000,IREN260618C00080000,OPTION,SELL,STC,SELL_TO_CLOSE,FILLED,4.0,4.0,@1.86,1.86,DAY,2026-05-15T13:33:22.390Z,2026-05-15T13:33:25.203Z
BABA260618C00165000,BABA260618C00165000,OPTION,SELL,STC,SELL_TO_CLOSE,FILLED,5.0,5.0,@0.9,0.96,DAY,2026-05-15T13:32:13.120Z,2026-05-15T13:32:13.410Z
QQQ260522P00699000,QQQ260522P00699000,OPTION,BUY,BTO,BUY_TO_OPEN,FILLED,2.0,2.0,@6.29,6.09,DAY,2026-05-15T13:31:42.717Z,2026-05-15T13:31:42.837Z
QCOM260529C00232500,QCOM260529C00232500,OPTION,BUY,BTO,BUY_TO_OPEN,FILLED,3.0,3.0,@4.65,4.56,DAY,2026-05-15T13:30:41.059Z,2026-05-15T13:31:02.379Z
NVTS,NVTS,EQUITY,BUY,BUY,,FILLED,300.0,300.0,@22.66,22.66,DAY,2026-05-14T17:10:39.681Z,2026-05-14T17:10:41.493Z
WOLF,WOLF,EQUITY,SELL,SELL,,FILLED,100.0,100.0,@69.89,69.89,DAY,2026-05-14T17:10:25.375Z,2026-05-14T17:10:29.611Z
COIN260618C00300000,COIN260618C00300000,OPTION,SELL,STC,SELL_TO_CLOSE,FILLED,2.0,2.0,@4.1,4.1,DAY,2026-05-14T17:10:10.301Z,2026-05-14T17:10:17.303Z
COIN260618C00300000,COIN260618C00300000,OPTION,BUY,BTO,BUY_TO_OPEN,FILLED,2.0,2.0,@4.4,4.39,DAY,2026-05-14T17:08:25.611Z,2026-05-14T17:08:25.956Z
NVTS260618C00027000,NVTS260618C00027000,OPTION,SELL,STC,SELL_TO_CLOSE,FILLED,5.0,5.0,@2.67,2.67,DAY,2026-05-14T17:04:05.619Z,2026-05-14T17:04:12.775Z
HPE260515C00036000,HPE260515C00036000,OPTION,SELL,STC,SELL_TO_CLOSE,CANCELLED,0.0,20.0,@0.07,,DAY,2026-05-14T16:28:25.028Z,
BABA260618C00165000,BABA260618C00165000,OPTION,BUY,BTO,BUY_TO_OPEN,FILLED,5.0,5.0,@2.29,2.24,DAY,2026-05-14T16:02:24.058Z,2026-05-14T16:02:24.201Z
BABA260515C00145000,BABA260515C00145000,OPTION,SELL,STC,SELL_TO_CLOSE,CANCELLED,0.0,4.0,@1.3,,DAY,2026-05-14T15:40:07.561Z,
NVTS260618C00027000,NVTS260618C00027000,OPTION,BUY,BTO,BUY_TO_OPEN,FILLED,5.0,5.0,@2.95,2.94,DAY,2026-05-14T15:24:55.059Z,2026-05-14T15:24:55.101Z
ORCL260515C00210000,ORCL260515C00210000,OPTION,SELL,STC,SELL_TO_CLOSE,FILLED,5.0,5.0,@0.95,0.95,DAY,2026-05-14T15:24:25.691Z,2026-05-14T15:24:25.833Z
HPE260515C00036000,HPE260515C00036000,OPTION,BUY,BTO,BUY_TO_OPEN,FILLED,20.0,20.0,@0.2,0.18,DAY,2026-05-14T15:21:21.710Z,2026-05-14T15:21:21.844Z
QCOM260515P00190000,QCOM260515P00190000,OPTION,SELL,STC,SELL_TO_CLOSE,FILLED,5.0,5.0,@0.87,0.87,DAY,2026-05-14T15:16:39.941Z,2026-05-14T15:16:49.138Z
ORCL260515C00210000,ORCL260515C00210000,OPTION,BUY,BTO,BUY_TO_OPEN,FILLED,1.0,1.0,@1.25,1.23,DAY,2026-05-14T15:16:26.908Z,2026-05-14T15:16:26.944Z
ORCL260515C00210000,ORCL260515C00210000,OPTION,BUY,BTO,BUY_TO_OPEN,FILLED,1.0,1.0,@1.2,1.2,DAY,2026-05-14T15:16:23.627Z,2026-05-14T15:16:31.686Z
ORCL260515C00210000,ORCL260515C00210000,OPTION,BUY,BTO,BUY_TO_OPEN,FILLED,3.0,3.0,@1.1,1.08,DAY,2026-05-14T15:15:23.210Z,2026-05-14T15:15:23.356Z
IREN260618C00080000,IREN260618C00080000,OPTION,BUY,BTO,BUY_TO_OPEN,FILLED,4.0,4.0,@2.73,2.73,DAY,2026-05-14T14:37:25.016Z,2026-05-14T14:37:25.060Z
BABA260515C00145000,BABA260515C00145000,OPTION,BUY,BTO,BUY_TO_OPEN,FILLED,4.0,4.0,@1.33,1.27,DAY,2026-05-14T14:20:56.831Z,2026-05-14T14:20:57.010Z
QCOM260515P00190000,QCOM260515P00190000,OPTION,BUY,BTO,BUY_TO_OPEN,FILLED,1.0,1.0,@1.16,1.16,DAY,2026-05-14T14:09:32.056Z,2026-05-14T14:09:34.608Z
F260515C00014500,F260515C00014500,OPTION,SELL,STC,SELL_TO_CLOSE,FILLED,15.0,15.0,@0.42,0.43,DAY,2026-05-14T14:05:41.270Z,2026-05-14T14:05:41.409Z
F260522C00016000,F260522C00016000,OPTION,BUY,BTO,BUY_TO_OPEN,FILLED,30.0,30.0,@0.18,0.18,DAY,2026-05-14T14:02:59.131Z,2026-05-14T14:02:59.183Z
HPE260515C00035000,HPE260515C00035000,OPTION,SELL,STC,SELL_TO_CLOSE,FILLED,10.0,10.0,@0.13,0.13,DAY,2026-05-14T14:00:10.283Z,2026-05-14T14:00:10.591Z
NVTS260515C00029000,NVTS260515C00029000,OPTION,SELL,STC,SELL_TO_CLOSE,FILLED,10.0,10.0,@0.04,0.04,DAY,2026-05-14T13:58:32.436Z,2026-05-14T13:58:58.116Z
MRVL260515C00200000,MRVL260515C00200000,OPTION,SELL,STC,SELL_TO_CLOSE,FILLED,2.0,2.0,@2.0,2.13,DAY,2026-05-14T13:57:30.436Z,2026-05-14T13:57:30.575Z
MRVL260515C00200000,MRVL260515C00200000,OPTION,BUY,BTO,BUY_TO_OPEN,FILLED,2.0,2.0,@2.56,2.47,DAY,2026-05-14T13:54:44.668Z,2026-05-14T13:54:44.837Z
F260515C00014500,F260515C00014500,OPTION,BUY,BTO,BUY_TO_OPEN,FILLED,15.0,15.0,@0.27,0.26,DAY,2026-05-14T13:52:16.723Z,2026-05-14T13:52:16.800Z
IREN260515C00059000,IREN260515C00059000,OPTION,SELL,STC,SELL_TO_CLOSE,FILLED,5.0,5.0,@1.28,1.28,DAY,2026-05-14T13:50:40.555Z,2026-05-14T13:50:43.096Z
NVDA260515C00240000,NVDA260515C00240000,OPTION,SELL,STC,SELL_TO_CLOSE,FILLED,5.0,5.0,@0.84,0.85,DAY,2026-05-14T13:39:32.230Z,2026-05-14T13:39:32.379Z
HPE260515C00035000,HPE260515C00035000,OPTION,BUY,BTO,BUY_TO_OPEN,FILLED,10.0,10.0,@0.47,0.47,DAY,2026-05-14T13:39:25.316Z,2026-05-14T13:39:25.460Z
SOXS260515C00012000,SOXS260515C00012000,OPTION,SELL,STC,SELL_TO_CLOSE,FILLED,75.0,75.0,@0.02,0.02,DAY,2026-05-14T13:36:03.279Z,2026-05-14T13:36:03.434Z
ORCL260522C00205000,ORCL260522C00205000,OPTION,SELL,STC,SELL_TO_CLOSE,FILLED,2.0,2.0,@1.63,1.63,DAY,2026-05-14T13:33:54.043Z,2026-05-14T13:34:07.753Z
IREN260515C00059000,IREN260515C00059000,OPTION,BUY,BTO,BUY_TO_OPEN,FILLED,5.0,5.0,@0.96,0.91,DAY,2026-05-14T13:33:32.322Z,2026-05-14T13:33:32.463Z
NVTS260515C00026000,NVTS260515C00026000,OPTION,SELL,STC,SELL_TO_CLOSE,FILLED,10.0,10.0,@0.08,0.14,DAY,2026-05-14T13:32:51.830Z,2026-05-14T13:32:51.996Z
NVDA260515C00240000,NVDA260515C00240000,OPTION,BUY,BTO,BUY_TO_OPEN,FILLED,5.0,5.0,@1.09,1.02,DAY,2026-05-14T13:32:32.388Z,2026-05-14T13:32:32.512Z
BABA260522C00155000,BABA260522C00155000,OPTION,SELL,STC,SELL_TO_CLOSE,FILLED,2.0,2.0,@0.73,0.98,DAY,2026-05-14T13:31:16.624Z,2026-05-14T13:31:16.784Z
BABA260522C00155000,BABA260522C00155000,OPTION,BUY,BTO,BUY_TO_OPEN,FILLED,2.0,2.0,@2.56,2.45,DAY,2026-05-13T19:53:43.557Z,2026-05-13T19:53:43.637Z
ORCL260522C00205000,ORCL260522C00205000,OPTION,BUY,BTO,BUY_TO_OPEN,FILLED,2.0,2.0,@2.51,2.51,DAY,2026-05-13T19:49:07.469Z,2026-05-13T19:49:07.511Z
BABA260515C00152500,BABA260515C00152500,OPTION,SELL,STC,SELL_TO_CLOSE,FILLED,2.0,2.0,@1.44,1.45,DAY,2026-05-13T19:34:08.317Z,2026-05-13T19:34:25.612Z
BABA260618C00155000,BABA260618C00155000,OPTION,SELL,STC,SELL_TO_CLOSE,FILLED,3.0,3.0,@5.6,5.6,DAY,2026-05-13T19:33:53.100Z,2026-05-13T19:33:53.141Z
NVTS260618C00030000,NVTS260618C00030000,OPTION,SELL,STC,SELL_TO_CLOSE,FILLED,10.0,10.0,@1.4,1.48,DAY,2026-05-13T19:33:47.129Z,2026-05-13T19:33:47.291Z
BABA260515C00152500,BABA260515C00152500,OPTION,BUY,BTO,BUY_TO_OPEN,FILLED,2.0,2.0,@1.49,1.49,DAY,2026-05-13T18:39:23.713Z,2026-05-13T18:39:23.773Z
NVTS260515C00029000,NVTS260515C00029000,OPTION,BUY,BTO,BUY_TO_OPEN,FILLED,10.0,10.0,@0.09,0.09,DAY,2026-05-13T16:25:52.605Z,2026-05-13T16:25:52.651Z
NVTS260515C00026000,NVTS260515C00026000,OPTION,BUY,BTO,BUY_TO_OPEN,FILLED,10.0,10.0,@0.21,0.21,DAY,2026-05-13T16:25:08.971Z,2026-05-13T16:25:09.022Z
NOK260618C00018000,NOK260618C00018000,OPTION,BUY,BTO,BUY_TO_OPEN,FILLED,6.0,6.0,@0.52,0.52,DAY,2026-05-13T16:13:16.947Z,2026-05-13T16:13:27.686Z
NOK260618C00018000,NOK260618C00018000,OPTION,BUY,BTO,BUY_TO_OPEN,FILLED,10.0,10.0,@0.52,0.52,DAY,2026-05-13T16:12:31.676Z,2026-05-13T16:13:02.064Z
CIFR260522C00022000,CIFR260522C00022000,OPTION,SELL,STC,SELL_TO_CLOSE,FILLED,5.0,5.0,@1.1,1.1,DAY,2026-05-13T16:12:20.399Z,2026-05-13T16:12:20.470Z
NOK260618C00022000,NOK260618C00022000,OPTION,BUY,BTO,BUY_TO_OPEN,FILLED,50.0,50.0,@0.27,0.24,DAY,2026-05-13T16:10:51.499Z,2026-05-13T16:10:51.682Z
NTR260717C00080000,NTR260717C00080000,OPTION,SELL,STC,SELL_TO_CLOSE,FILLED,10.0,10.0,@1.1,1.26,DAY,2026-05-13T16:10:14.918Z,2026-05-13T16:10:14.962Z
QQQ260513P00700000,QQQ260513P00700000,OPTION,SELL,STC,SELL_TO_CLOSE,FILLED,2.0,2.0,@0.09,0.09,DAY,2026-05-13T16:02:17.399Z,2026-05-13T16:02:17.439Z
CIFR260522C00022000,CIFR260522C00022000,OPTION,BUY,BTO,BUY_TO_OPEN,FILLED,5.0,5.0,@1.09,1.09,DAY,2026-05-13T16:00:01.589Z,2026-05-13T16:00:01.631Z
BABA260618C00160000,BABA260618C00160000,OPTION,SELL,STC,SELL_TO_CLOSE,FILLED,3.0,3.0,@3.4,3.4,DAY,2026-05-13T15:59:37.351Z,2026-05-13T15:59:45.356Z
BABA260515C00146000,BABA260515C00146000,OPTION,SELL,STC,SELL_TO_CLOSE,FILLED,2.0,2.0,@2.05,2.05,DAY,2026-05-13T15:53:47.142Z,2026-05-13T15:53:47.183Z
WOLF,WOLF,EQUITY,BUY,BUY,,FILLED,100.0,100.0,@62.55,62.49,DAY,2026-05-13T14:52:59.958Z,2026-05-13T14:52:59.998Z
SLV260618C00083000,SLV260618C00083000,OPTION,BUY,BTO,BUY_TO_OPEN,FILLED,5.0,5.0,@5.1,5.1,DAY,2026-05-13T14:47:44.661Z,2026-05-13T14:47:52.606Z
MSTR260618P00175000,MSTR260618P00175000,OPTION,SELL,STC,SELL_TO_CLOSE,FILLED,1.0,1.0,@12.05,12.05,DAY,2026-05-13T14:06:17.798Z,2026-05-13T14:06:17.846Z
BABA260515C00146000,BABA260515C00146000,OPTION,BUY,BTO,BUY_TO_OPEN,FILLED,2.0,2.0,@2.48,2.48,DAY,2026-05-13T13:55:19.799Z,2026-05-13T13:55:27.207Z
BABA260618C00160000,BABA260618C00160000,OPTION,BUY,BTO,BUY_TO_OPEN,FILLED,3.0,3.0,@3.05,3.05,DAY,2026-05-13T13:54:06.646Z,2026-05-13T13:54:16.219Z
WOLF,WOLF,EQUITY,SELL,SELL,,FILLED,100.0,100.0,@65.31,65.38,DAY,2026-05-13T13:53:15.535Z,2026-05-13T13:53:15.576Z
BABA260618C00155000,BABA260618C00155000,OPTION,BUY,BTO,BUY_TO_OPEN,FILLED,3.0,3.0,@3.6,3.6,DAY,2026-05-13T13:52:07.763Z,2026-05-13T13:52:07.806Z
LAC260618C00007500,LAC260618C00007500,OPTION,SELL,STC,SELL_TO_CLOSE,CANCELLED,0.0,30.0,@0.14,,DAY,2026-05-13T13:49:45.028Z,
QQQ260513P00700000,QQQ260513P00700000,OPTION,BUY,BTO,BUY_TO_OPEN,FILLED,2.0,2.0,@1.08,1.01,DAY,2026-05-13T13:49:00.926Z,2026-05-13T13:49:01.136Z
WOLF,WOLF,EQUITY,BUY,BUY,,FILLED,20.0,20.0,@71.5,71.5,DAY,2026-05-13T13:42:07.102Z,2026-05-13T13:42:09.656Z
WOLF,WOLF,EQUITY,BUY,BUY,,FILLED,60.0,60.0,@72.01,71.57,DAY,2026-05-13T13:41:58.165Z,2026-05-13T13:41:58.272Z
NVTS260618C00030000,NVTS260618C00030000,OPTION,BUY,BTO,BUY_TO_OPEN,FILLED,10.0,10.0,@1.36,1.36,DAY,2026-05-13T13:41:35.595Z,2026-05-13T13:41:49.950Z
SLV260618C00083000,SLV260618C00083000,OPTION,SELL,STC,SELL_TO_CLOSE,FILLED,5.0,5.0,@4.45,4.45,DAY,2026-05-13T13:40:31.764Z,2026-05-13T13:40:43.567Z
SLV260717C00115000,SLV260717C00115000,OPTION,SELL,STC,SELL_TO_CLOSE,FILLED,10.0,10.0,@1.82,1.82,DAY,2026-05-13T13:40:25.162Z,2026-05-13T13:40:34.207Z
QQQ260519P00670000,QQQ260519P00670000,OPTION,SELL,STC,SELL_TO_CLOSE,FILLED,1.0,1.0,@0.59,0.6,DAY,2026-05-13T13:36:24.703Z,2026-05-13T13:36:24.843Z
USO260513P00110000,USO260513P00110000,OPTION,SELL,STC,SELL_TO_CLOSE,CANCELLED,0.0,50.0,@0.02,,DAY,2026-05-13T13:36:18.455Z,
NVTS,NVTS,EQUITY,BUY,BUY,,FILLED,300.0,300.0,@20.34,20.33,DAY,2026-05-13T13:33:36.388Z,2026-05-13T13:33:36.448Z
HL,HL,EQUITY,SELL,SELL,,FILLED,300.0,300.0,@20.25,20.25,DAY,2026-05-13T13:33:22.760Z,2026-05-13T13:33:22.814Z
OKLO260618C00110000,OKLO260618C00110000,OPTION,SELL,STC,SELL_TO_CLOSE,FILLED,1.0,1.0,@1.56,1.56,DAY,2026-05-13T13:32:51.405Z,2026-05-13T13:38:06.713Z
NTR260717C00080000,NTR260717C00080000,OPTION,BUY,BTO,BUY_TO_OPEN,FILLED,10.0,10.0,@1.55,1.55,DAY,2026-05-13T13:32:43.262Z,2026-05-13T13:33:00.596Z
WOLF,WOLF,EQUITY,BUY,BUY,,FILLED,20.0,20.0,,71.0,DAY,2026-05-13T13:31:46.029Z,2026-05-13T13:33:49.520Z
SOXS,SOXS,EQUITY,SELL,SELL,,FILLED,600.0,600.0,@8.32,8.35,DAY,2026-05-13T12:08:52.630Z,2026-05-13T12:08:52.911Z
SOXS,SOXS,EQUITY,SELL,SELL,,CANCELLED,0.0,600.0,@8.32,,DAY,2026-05-13T11:57:30.459Z,
SOXS,SOXS,EQUITY,BUY,BUY,,FILLED,3.0,3.0,@9.02,9.02,DAY,2026-05-12T20:02:21.834Z,2026-05-12T20:02:58.504Z
SOXS,SOXS,EQUITY,BUY,BUY,,FILLED,597.0,597.0,@9.0,9.0,DAY,2026-05-12T20:01:50.689Z,2026-05-12T20:02:02.106Z
SLV260821C00120000,SLV260821C00120000,OPTION,BUY,BTO,BUY_TO_OPEN,FILLED,8.0,8.0,@2.93,2.93,DAY,2026-05-12T19:47:06.365Z,2026-05-12T19:47:06.408Z
OKLO260618C00110000,OKLO260618C00110000,OPTION,SELL,STC,SELL_TO_CLOSE,FILLED,2.0,2.0,@2.24,2.25,DAY,2026-05-12T19:32:54.867Z,2026-05-12T19:32:55.024Z
SLV260717C00115000,SLV260717C00115000,OPTION,BUY,BTO,BUY_TO_OPEN,FILLED,10.0,10.0,@1.9,1.88,DAY,2026-05-12T19:32:10.698Z,2026-05-12T19:32:10.847Z
IMSR,IMSR,EQUITY,BUY,BUY,,FILLED,500.0,500.0,@7.26,7.26,DAY,2026-05-12T18:24:52.753Z,2026-05-12T18:24:52.845Z
OKLO260618C00110000,OKLO260618C00110000,OPTION,BUY,BTO,BUY_TO_OPEN,FILLED,3.0,3.0,@2.18,2.14,DAY,2026-05-12T17:34:21.053Z,2026-05-12T17:34:21.218Z
IMSR,IMSR,EQUITY,BUY,BUY,,FILLED,1000.0,1000.0,@7.14,7.14,DAY,2026-05-12T17:32:48.853Z,2026-05-12T17:33:03.669Z
QQQ260515P00688000,QQQ260515P00688000,OPTION,SELL,STC,SELL_TO_CLOSE,FILLED,3.0,3.0,@2.5,2.5,DAY,2026-05-12T16:36:26.373Z,2026-05-12T16:36:31.877Z
QQQ260515P00688000,QQQ260515P00688000,OPTION,SELL,STC,SELL_TO_CLOSE,CANCELLED,0.0,2.0,,,DAY,2026-05-12T15:58:17.684Z,
SLV260717C00115000,SLV260717C00115000,OPTION,SELL,STC,SELL_TO_CLOSE,FILLED,10.0,10.0,@1.36,1.37,DAY,2026-05-12T15:42:25.133Z,2026-05-12T15:42:33.235Z
QQQ260519P00670000,QQQ260519P00670000,OPTION,BUY,BTO,BUY_TO_OPEN,FILLED,1.0,1.0,@1.5,1.48,DAY,2026-05-12T15:30:58.203Z,2026-05-12T15:30:58.381Z
QCOM260515P00190000,QCOM260515P00190000,OPTION,BUY,BTO,BUY_TO_OPEN,FILLED,4.0,4.0,@1.24,1.24,DAY,2026-05-12T14:51:45.441Z,2026-05-12T14:51:52.643Z
MU260515P00690000,MU260515P00690000,OPTION,SELL,STC,SELL_TO_CLOSE,FILLED,1.0,1.0,@8.25,8.25,DAY,2026-05-12T14:38:50.263Z,2026-05-12T14:38:50.319Z
MU260515P00690000,MU260515P00690000,OPTION,BUY,BTO,BUY_TO_OPEN,FILLED,1.0,1.0,@9.9,9.9,DAY,2026-05-12T14:34:27.531Z,2026-05-12T14:34:31.320Z
NXT260618C00145000,NXT260618C00145000,OPTION,SELL,STC,SELL_TO_CLOSE,FILLED,1.0,1.0,@5.8,5.8,DAY,2026-05-12T14:33:01.077Z,2026-05-12T14:33:11.530Z
UAL260515P00065000,UAL260515P00065000,OPTION,SELL,STC,SELL_TO_CLOSE,CANCELLED,0.0,75.0,@0.01,,DAY,2026-05-12T14:06:13.258Z,
NVTS260618C00022000,NVTS260618C00022000,OPTION,SELL,STC,SELL_TO_CLOSE,FILLED,5.0,5.0,@2.84,2.84,DAY,2026-05-12T14:05:37.348Z,2026-05-12T14:05:37.440Z
MSTR260618P00175000,MSTR260618P00175000,OPTION,BUY,BTO,BUY_TO_OPEN,FILLED,1.0,1.0,@10.25,10.25,DAY,2026-05-12T14:01:19.562Z,2026-05-12T14:01:19.608Z
ASTS260515C00097000,ASTS260515C00097000,OPTION,SELL,STC,SELL_TO_CLOSE,FILLED,1.0,1.0,@0.25,0.25,DAY,2026-05-12T13:44:36.376Z,2026-05-12T13:44:36.709Z
NXT260618C00145000,NXT260618C00145000,OPTION,SELL,STC,SELL_TO_CLOSE,FILLED,1.0,1.0,@5.1,5.1,DAY,2026-05-12T13:42:15.643Z,2026-05-12T13:42:15.682Z
GME,GME,EQUITY,SELL,SELL,,FILLED,200.0,200.0,@22.51,22.51,DAY,2026-05-11T21:48:38.093Z,2026-05-11T21:48:38.147Z
GME,GME,EQUITY,BUY,BUY,,FILLED,200.0,200.0,@25.2,25.15,DAY,2026-05-11T21:17:31.445Z,2026-05-11T21:17:31.498Z
FLNC,FLNC,EQUITY,SELL,SELL,,FILLED,230.0,230.0,@25.56,25.62,DAY,2026-05-11T21:04:40.042Z,2026-05-11T21:04:45.139Z
ASTX,ASTX,EQUITY,SELL,SELL,,FILLED,140.0,140.0,@27.64,28.04,DAY,2026-05-11T20:30:40.396Z,2026-05-11T20:30:45.228Z
ASTX,ASTX,EQUITY,BUY,BUY,,FILLED,140.0,140.0,@31.09,31.09,DAY,2026-05-11T20:14:32.921Z,2026-05-11T20:14:32.965Z
ASTX,ASTX,EQUITY,SELL,SELL,,FILLED,142.0,142.0,@29.88,29.98,DAY,2026-05-11T20:12:49.750Z,2026-05-11T20:12:50.048Z
NVEC,NVEC,EQUITY,SELL,SELL,,FILLED,21.0,21.0,@94.0,94.0,DAY,2026-05-11T19:53:27.143Z,2026-05-11T19:53:33.069Z
SLV260717C00115000,SLV260717C00115000,OPTION,BUY,BTO,BUY_TO_OPEN,FILLED,10.0,10.0,@1.98,1.96,DAY,2026-05-11T19:24:40.573Z,2026-05-11T19:24:40.867Z
HL,HL,EQUITY,BUY,BUY,,FILLED,300.0,300.0,@20.66,20.66,DAY,2026-05-11T19:10:16.072Z,2026-05-11T19:10:16.182Z
QQQ260515P00688000,QQQ260515P00688000,OPTION,BUY,BTO,BUY_TO_OPEN,FILLED,3.0,3.0,@1.17,1.16,DAY,2026-05-11T19:04:42.214Z,2026-05-11T19:04:42.354Z
NVTS260618C00025000,NVTS260618C00025000,OPTION,SELL,STC,SELL_TO_CLOSE,FILLED,5.0,5.0,@3.65,3.7,DAY,2026-05-11T18:54:19.614Z,2026-05-11T18:54:19.655Z
SLV260717C00115000,SLV260717C00115000,OPTION,SELL,STC,SELL_TO_CLOSE,FILLED,10.0,10.0,@1.9,1.92,DAY,2026-05-11T18:53:44.253Z,2026-05-11T18:53:44.387Z
ASTS260515C00097000,ASTS260515C00097000,OPTION,BUY,BTO,BUY_TO_OPEN,FILLED,1.0,1.0,@3.3,3.3,DAY,2026-05-11T18:49:15.935Z,2026-05-11T18:49:16.031Z
NVEC,NVEC,EQUITY,BUY,BUY,,FILLED,21.0,21.0,@95.0,94.5,DAY,2026-05-11T18:44:19.147Z,2026-05-11T18:44:19.456Z
USO260513P00110000,USO260513P00110000,OPTION,BUY,BTO,BUY_TO_OPEN,FILLED,50.0,50.0,@0.03,0.03,DAY,2026-05-11T18:33:49.271Z,2026-05-11T18:34:07.029Z
CRCL260515C00128000,CRCL260515C00128000,OPTION,SELL,STC,SELL_TO_CLOSE,FILLED,1.0,1.0,@10.2,10.2,DAY,2026-05-11T18:32:14.752Z,2026-05-11T18:32:15.110Z
SLV260717C00115000,SLV260717C00115000,OPTION,BUY,BTO,BUY_TO_OPEN,FILLED,10.0,10.0,@1.93,1.91,DAY,2026-05-11T18:32:03.683Z,2026-05-11T18:32:03.719Z
CRCL260515C00128000,CRCL260515C00128000,OPTION,SELL,STC,SELL_TO_CLOSE,CANCELLED,0.0,1.0,@6.0,,DAY,2026-05-11T17:06:49.184Z,
NXT260618C00145000,NXT260618C00145000,OPTION,BUY,BTO,BUY_TO_OPEN,FILLED,2.0,2.0,@10.2,10.2,DAY,2026-05-11T17:00:32.834Z,2026-05-11T17:00:33.227Z
SOXS260515C00012000,SOXS260515C00012000,OPTION,BUY,BTO,BUY_TO_OPEN,FILLED,75.0,75.0,@0.06,0.06,DAY,2026-05-11T15:13:41.424Z,2026-05-11T15:13:41.480Z
NVTS260618C00025000,NVTS260618C00025000,OPTION,SELL,STC,SELL_TO_CLOSE,CANCELLED,0.0,5.0,,,GTC,2026-05-11T15:08:10.132Z,
NVTS260618C00022000,NVTS260618C00022000,OPTION,SELL,STC,SELL_TO_CLOSE,CANCELLED,0.0,5.0,,,DAY,2026-05-11T15:07:43.917Z,
SLV260618C00083000,SLV260618C00083000,OPTION,BUY,BTO,BUY_TO_OPEN,FILLED,2.0,2.0,@4.05,4.05,DAY,2026-05-11T15:07:11.190Z,2026-05-11T15:07:11.228Z
CRCL260515C00128000,CRCL260515C00128000,OPTION,BUY,BTO,BUY_TO_OPEN,FILLED,1.0,1.0,@5.2,5.2,DAY,2026-05-11T15:05:21.558Z,2026-05-11T15:05:41.366Z
NVTX,NVTX,EQUITY,SELL,SELL,,FILLED,80.0,80.0,@104.04,104.85,DAY,2026-05-11T14:32:08.339Z,2026-05-11T14:32:13.772Z
SLV260618C00083000,SLV260618C00083000,OPTION,BUY,BTO,BUY_TO_OPEN,FILLED,3.0,3.0,@4.0,3.93,DAY,2026-05-11T14:18:22.077Z,2026-05-11T14:18:22.232Z
LAC260618C00007500,LAC260618C00007500,OPTION,BUY,BTO,BUY_TO_OPEN,FILLED,30.0,30.0,@0.18,0.18,DAY,2026-05-11T13:43:23.689Z,2026-05-11T13:43:23.832Z
NVEC,NVEC,EQUITY,SELL,SELL,,FILLED,50.0,50.0,,94.0,GTC,2026-05-11T13:42:51.898Z,2026-05-11T14:27:10.477Z
NVTS260618C00025000,NVTS260618C00025000,OPTION,BUY,BTO,BUY_TO_OPEN,FILLED,5.0,5.0,@2.82,2.82,DAY,2026-05-11T13:39:12.653Z,2026-05-11T13:39:12.741Z
NVTX,NVTX,EQUITY,SELL,SELL,,CANCELLED,0.0,80.0,,,GTC,2026-05-11T13:38:41.748Z,
MU260522C00980000,MU260522C00980000,OPTION,SELL,STC,SELL_TO_CLOSE,FILLED,2.0,2.0,@15.15,15.64,DAY,2026-05-11T13:37:22.572Z,2026-05-11T13:37:22.748Z
MU260522C00980000,MU260522C00980000,OPTION,SELL,STC,SELL_TO_CLOSE,FILLED,1.0,1.0,@15.0,15.0,DAY,2026-05-11T13:36:15.930Z,2026-05-11T13:36:16.477Z
NVTS260618C00022000,NVTS260618C00022000,OPTION,BUY,BTO,BUY_TO_OPEN,FILLED,5.0,5.0,@2.59,2.59,DAY,2026-05-11T13:31:31.976Z,2026-05-11T13:31:53.198Z
ASTX,ASTX,EQUITY,BUY,BUY,,FILLED,142.0,142.0,@28.0,27.98,DAY,2026-05-11T13:30:46.987Z,2026-05-11T13:30:47.032Z
ASTX,ASTX,EQUITY,BUY,BUY,,CANCELLED,0.0,140.0,,,DAY,2026-05-11T12:27:07.741Z,
NVEC,NVEC,EQUITY,SELL,SELL,,FILLED,50.0,50.0,@113.0,117.03,DAY,2026-05-11T12:26:34.743Z,2026-05-11T12:26:34.790Z
NVEC,NVEC,EQUITY,SELL,SELL,,CANCELLED,0.0,50.0,@112.0,,DAY,2026-05-11T12:25:00.956Z,
FLNC,FLNC,EQUITY,BUY,BUY,,FILLED,230.0,230.0,@24.48,24.48,DAY,2026-05-08T23:39:27.884Z,2026-05-08T23:39:50.078Z
NVTX,NVTX,EQUITY,BUY,BUY,,FILLED,80.0,80.0,@70.97,70.8,DAY,2026-05-08T21:39:50.710Z,2026-05-08T21:39:50.801Z
BABA260618C00165000,BABA260618C00165000,OPTION,SELL,STC,SELL_TO_CLOSE,FILLED,3.0,3.0,@2.53,2.53,DAY,2026-05-08T18:52:25.079Z,2026-05-08T18:52:25.127Z
IREN260717C00080000,IREN260717C00080000,OPTION,SELL,STC,SELL_TO_CLOSE,FILLED,5.0,5.0,@5.45,5.45,DAY,2026-05-08T18:52:15.165Z,2026-05-08T18:52:15.255Z
MU260522C00980000,MU260522C00980000,OPTION,BUY,BTO,BUY_TO_OPEN,FILLED,3.0,3.0,@5.7,5.7,DAY,2026-05-08T17:15:40.998Z,2026-05-08T17:15:41.033Z
IREN260717C00080000,IREN260717C00080000,OPTION,BUY,BTO,BUY_TO_OPEN,FILLED,5.0,5.0,@5.2,5.1,DAY,2026-05-08T16:14:58.423Z,2026-05-08T16:14:58.530Z
NVEC,NVEC,EQUITY,BUY,BUY,,FILLED,100.0,100.0,@92.62,92.62,DAY,2026-05-08T16:06:20.358Z,2026-05-08T16:06:20.448Z
BABA260618C00165000,BABA260618C00165000,OPTION,SELL,STC,SELL_TO_CLOSE,FILLED,3.0,3.0,@2.62,2.8,DAY,2026-05-08T14:08:42.849Z,2026-05-08T14:08:42.991Z
QCOM260508C00230000,QCOM260508C00230000,OPTION,SELL,STC,SELL_TO_CLOSE,FILLED,4.0,4.0,@0.63,0.63,DAY,2026-05-08T14:08:10.613Z,2026-05-08T14:08:10.653Z
QCOM260508C00230000,QCOM260508C00230000,OPTION,BUY,BTO,BUY_TO_OPEN,FILLED,4.0,4.0,@0.85,0.85,DAY,2026-05-08T13:59:01.240Z,2026-05-08T13:59:01.278Z
IREN260717C00080000,IREN260717C00080000,OPTION,SELL,STC,SELL_TO_CLOSE,FILLED,3.0,3.0,@4.7,4.74,DAY,2026-05-08T13:43:28.219Z,2026-05-08T13:43:28.357Z
IREN260508C00069000,IREN260508C00069000,OPTION,SELL,STC,SELL_TO_CLOSE,FILLED,3.0,3.0,@0.17,0.18,DAY,2026-05-08T13:40:29.970Z,2026-05-08T13:40:30.260Z
BABA260618C00165000,BABA260618C00165000,OPTION,BUY,BTO,BUY_TO_OPEN,FILLED,6.0,6.0,@3.35,3.35,DAY,2026-05-08T13:36:29.989Z,2026-05-08T13:36:36.160Z
ARM260529P00190000,ARM260529P00190000,OPTION,SELL,STC,SELL_TO_CLOSE,FILLED,6.0,6.0,@4.5,4.5,DAY,2026-05-08T13:35:29.858Z,2026-05-08T13:35:29.938Z
IREN260717C00080000,IREN260717C00080000,OPTION,BUY,BTO,BUY_TO_OPEN,FILLED,3.0,3.0,@6.55,6.55,DAY,2026-05-08T13:32:01.048Z,2026-05-08T13:32:01.254Z
IREN260508C00069000,IREN260508C00069000,OPTION,BUY,BTO,BUY_TO_OPEN,FILLED,3.0,3.0,@0.99,0.86,DAY,2026-05-08T13:31:40.004Z,2026-05-08T13:31:40.151Z
CONI,CONI,EQUITY,SELL,SELL,,FILLED,88.0,88.0,@47.71,48.31,DAY,2026-05-07T20:37:33.130Z,2026-05-07T20:37:38.833Z
CONI,CONI,EQUITY,BUY,BUY,,FILLED,88.0,88.0,@48.86,48.49,DAY,2026-05-07T20:20:03.729Z,2026-05-07T20:20:03.775Z
IMSR260821C00007500,IMSR260821C00007500,OPTION,SELL,STC,SELL_TO_CLOSE,FILLED,10.0,10.0,@1.75,1.75,DAY,2026-05-07T19:24:30.424Z,2026-05-07T19:24:34.627Z
IREN260508P00050000,IREN260508P00050000,OPTION,BUY,BTO,BUY_TO_OPEN,FILLED,3.0,3.0,@1.24,1.21,DAY,2026-05-07T19:15:52.948Z,2026-05-07T19:15:53.093Z
IREN260508P00037500,IREN260508P00037500,OPTION,BUY,BTO,BUY_TO_OPEN,FILLED,11.0,11.0,@0.11,0.11,DAY,2026-05-07T17:31:01.423Z,2026-05-07T17:31:01.626Z
MSTR260618P00170000,MSTR260618P00170000,OPTION,SELL,STC,SELL_TO_CLOSE,FILLED,3.0,3.0,,8.8,GTC,2026-05-07T17:17:33.359Z,2026-05-08T17:47:45.152Z
ARM260529P00190000,ARM260529P00190000,OPTION,SELL,SELL,,CANCELLED,0.0,6.0,,,GTC,2026-05-07T17:16:41.305Z,
ARM260529P00190000,ARM260529P00190000,OPTION,SELL,SELL,,FAILED,0.0,6.0,@500.0,,GTC,2026-05-07T17:16:41.305Z,
ARM260529P00190000,ARM260529P00190000,OPTION,BUY,BTO,BUY_TO_OPEN,FILLED,2.0,2.0,@5.75,5.75,DAY,2026-05-07T17:15:36.173Z,2026-05-07T17:16:14.636Z
MSTR260618P00170000,MSTR260618P00170000,OPTION,SELL,SELL,,CANCELLED,0.0,3.0,,,DAY,2026-05-07T17:15:13.213Z,
MSTR260618P00170000,MSTR260618P00170000,OPTION,SELL,SELL,,FAILED,0.0,3.0,@122000.0,,DAY,2026-05-07T17:15:13.213Z,
MSTR260618P00170000,MSTR260618P00170000,OPTION,BUY,BTO,BUY_TO_OPEN,FILLED,1.0,1.0,@12.15,12.15,DAY,2026-05-07T17:14:40.923Z,2026-05-07T17:14:40.966Z
RIOT,RIOT,OPTION,SELL,STC,SELL_TO_CLOSE,FILLED,7.0,700.0,@22.35,22.35,DAY,2026-05-07T16:58:11.210Z,2026-05-07T16:58:11.352Z
RIOT260618C00030000,RIOT260618C00030000,OPTION,BUY,STC,SELL_TO_CLOSE,FILLED,7.0,7.0,@22.35,22.35,DAY,2026-05-07T16:58:11.210Z,2026-05-07T16:58:11.352Z
ARM260529P00190000,ARM260529P00190000,OPTION,BUY,BTO,BUY_TO_OPEN,FILLED,4.0,4.0,@5.5,5.27,DAY,2026-05-07T16:33:43.192Z,2026-05-07T16:33:43.386Z
MU260618P00500000,MU260618P00500000,OPTION,SELL,STC,SELL_TO_CLOSE,FILLED,1.0,1.0,@15.75,15.75,DAY,2026-05-07T16:32:55.048Z,2026-05-07T16:33:12.313Z
RIOT,RIOT,EQUITY,SELL,SELL,,FILLED,50.0,50.0,@23.1,23.11,DAY,2026-05-07T16:19:48.413Z,2026-05-07T16:19:55.155Z
IREN260717C00070000,IREN260717C00070000,OPTION,SELL,STC,SELL_TO_CLOSE,FILLED,7.0,7.0,@6.7,6.7,DAY,2026-05-07T16:14:58.141Z,2026-05-07T16:15:14.138Z
MU260618P00500000,MU260618P00500000,OPTION,BUY,BTO,BUY_TO_OPEN,FILLED,1.0,1.0,@16.0,15.73,DAY,2026-05-07T16:13:48.708Z,2026-05-07T16:13:48.853Z
ASTX,ASTX,EQUITY,SELL,SELL,,FILLED,75.0,75.0,@21.24,21.25,DAY,2026-05-07T16:10:16.423Z,2026-05-07T16:10:32.756Z
QCOM260618P00160000,QCOM260618P00160000,OPTION,SELL,STC,SELL_TO_CLOSE,FILLED,6.0,6.0,@1.4,1.48,DAY,2026-05-07T15:20:32.280Z,2026-05-07T15:20:32.432Z
MSTR260618P00170000,MSTR260618P00170000,OPTION,BUY,BTO,BUY_TO_OPEN,FILLED,1.0,1.0,@10.95,10.75,DAY,2026-05-07T15:20:24.088Z,2026-05-07T15:20:24.233Z
QCOM260618P00160000,QCOM260618P00160000,OPTION,SELL,STC,SELL_TO_CLOSE,CANCELLED,0.0,6.0,@1.61,,DAY,2026-05-07T15:20:02.612Z,
MSTR260618P00170000,MSTR260618P00170000,OPTION,BUY,BTO,BUY_TO_OPEN,FILLED,1.0,1.0,@10.8,10.61,DAY,2026-05-07T15:06:40.127Z,2026-05-07T15:06:40.270Z
SMH260515P00505000,SMH260515P00505000,OPTION,SELL,STC,SELL_TO_CLOSE,FILLED,5.0,5.0,@1.97,1.97,DAY,2026-05-07T14:28:40.949Z,2026-05-07T14:28:56.452Z
ARM260508P00205000,ARM260508P00205000,OPTION,SELL,STC,SELL_TO_CLOSE,FILLED,2.0,2.0,@1.65,1.67,DAY,2026-05-07T14:15:18.799Z,2026-05-07T14:15:18.954Z
MRNA260618C00060000,MRNA260618C00060000,OPTION,SELL,STC,SELL_TO_CLOSE,FILLED,4.0,4.0,@2.39,2.41,DAY,2026-05-07T13:48:48.286Z,2026-05-07T13:48:48.755Z
ARM260618P00180000,ARM260618P00180000,OPTION,SELL,STC,SELL_TO_CLOSE,FILLED,3.0,3.0,,5.6,DAY,2026-05-07T13:43:02.514Z,2026-05-07T14:11:54.190Z
MRNA260618C00060000,MRNA260618C00060000,OPTION,SELL,STC,SELL_TO_CLOSE,CANCELLED,0.0,4.0,,,DAY,2026-05-07T13:42:33.140Z,
ARM260508P00205000,ARM260508P00205000,OPTION,BUY,BTO,BUY_TO_OPEN,FILLED,2.0,2.0,@1.92,1.92,DAY,2026-05-07T13:41:32.171Z,2026-05-07T13:41:39.753Z
RDW260618C00012000,RDW260618C00012000,OPTION,SELL,STC,SELL_TO_CLOSE,FILLED,6.0,6.0,@0.75,0.75,DAY,2026-05-07T13:40:24.460Z,2026-05-07T13:40:24.559Z
ARM260618P00180000,ARM260618P00180000,OPTION,BUY,BTO,BUY_TO_OPEN,FILLED,3.0,3.0,@5.15,5.15,DAY,2026-05-07T13:38:50.757Z,2026-05-07T13:38:54.629Z
MRNA260618C00060000,MRNA260618C00060000,OPTION,BUY,BTO,BUY_TO_OPEN,FILLED,4.0,4.0,@2.5,2.5,DAY,2026-05-07T13:35:11.097Z,2026-05-07T13:35:11.197Z
RIOT260618C00030000,RIOT260618C00030000,OPTION,SELL,STO,SELL_TO_OPEN,FILLED,7.0,7.0,@0.92,0.92,DAY,2026-05-07T13:34:13.546Z,2026-05-07T13:34:20.283Z
IREN260717C00070000,IREN260717C00070000,OPTION,SELL,STC,SELL_TO_CLOSE,FILLED,3.0,3.0,@7.0,7.0,DAY,2026-05-07T13:30:17.385Z,2026-05-07T13:30:24.006Z
SMH260515P00505000,SMH260515P00505000,OPTION,BUY,BTO,BUY_TO_OPEN,FILLED,1.0,1.0,@2.85,2.85,DAY,2026-05-06T19:53:50.957Z,2026-05-06T19:53:51.021Z
QCOM260618P00160000,QCOM260618P00160000,OPTION,BUY,BTO,BUY_TO_OPEN,FILLED,1.0,1.0,@2.23,2.23,DAY,2026-05-06T19:38:50.550Z,2026-05-06T19:38:50.592Z
QCOM260618P00160000,QCOM260618P00160000,OPTION,BUY,BTO,BUY_TO_OPEN,FILLED,5.0,5.0,@2.35,2.35,DAY,2026-05-06T19:38:45.540Z,2026-05-06T19:38:45.580Z
BNO260618C00057000,BNO260618C00057000,OPTION,SELL,STC,SELL_TO_CLOSE,FILLED,2.0,2.0,@4.5,4.5,DAY,2026-05-06T19:38:08.603Z,2026-05-06T19:38:08.652Z
RIOT260508C00024500,RIOT260508C00024500,OPTION,SELL,STC,SELL_TO_CLOSE,FILLED,10.0,10.0,@0.28,0.28,DAY,2026-05-06T19:37:28.975Z,2026-05-06T19:37:33.819Z
RDW260618C00012000,RDW260618C00012000,OPTION,BUY,BTO,BUY_TO_OPEN,FILLED,6.0,6.0,@0.8,0.77,DAY,2026-05-06T19:31:25.267Z,2026-05-06T19:31:25.406Z
RIOT260508C00024500,RIOT260508C00024500,OPTION,BUY,BTO,BUY_TO_OPEN,FILLED,10.0,10.0,@0.27,0.26,DAY,2026-05-06T16:24:10.211Z,2026-05-06T16:24:10.260Z
IREN260508C00065000,IREN260508C00065000,OPTION,SELL,SELL,,FILLED,3.0,3.0,,2.25,DAY,2026-05-06T16:09:40.460Z,1778084355902
IREN260508C00065000,IREN260508C00065000,OPTION,SELL,SELL,,CANCELLED,0.0,3.0,@200.0,,DAY,2026-05-06T16:09:40.460Z,
RIOT260618C00030000,RIOT260618C00030000,OPTION,BUY,BTC,BUY_TO_CLOSE,FILLED,7.0,7.0,@0.81,0.77,DAY,2026-05-06T16:09:17.421Z,2026-05-06T16:09:17.565Z
NTR260618C00072500,NTR260618C00072500,OPTION,SELL,STC,SELL_TO_CLOSE,FILLED,3.0,3.0,@4.4,4.4,DAY,2026-05-06T15:21:51.687Z,2026-05-06T15:21:51.742Z
IREN260508C00065000,IREN260508C00065000,OPTION,BUY,BTO,BUY_TO_OPEN,FILLED,3.0,3.0,@1.75,1.71,DAY,2026-05-06T14:26:18.406Z,2026-05-06T14:26:18.543Z
MU260508C00720000,MU260508C00720000,OPTION,SELL,STC,SELL_TO_CLOSE,FILLED,1.0,1.0,@2.99,3.17,DAY,2026-05-06T13:58:04.728Z,2026-05-06T13:58:04.873Z
RIOT260618C00030000,RIOT260618C00030000,OPTION,SELL,STO,SELL_TO_OPEN,FILLED,7.0,7.0,@0.78,0.78,DAY,2026-05-06T13:56:50.805Z,2026-05-06T13:57:06.604Z
SMH260515P00505000,SMH260515P00505000,OPTION,BUY,BTO,BUY_TO_OPEN,FILLED,1.0,1.0,@4.0,4.0,DAY,2026-05-06T13:54:18.545Z,2026-05-06T13:54:18.650Z
SMH260515P00505000,SMH260515P00505000,OPTION,BUY,BTO,BUY_TO_OPEN,FILLED,3.0,3.0,@4.0,3.81,DAY,2026-05-06T13:53:59.055Z,2026-05-06T13:53:59.206Z
NTR260618C00072500,NTR260618C00072500,OPTION,SELL,STC,SELL_TO_CLOSE,FILLED,2.0,2.0,@4.8,4.8,DAY,2026-05-06T13:46:30.725Z,2026-05-06T13:46:30.781Z
MU260508C00720000,MU260508C00720000,OPTION,SELL,STC,SELL_TO_CLOSE,FILLED,1.0,1.0,,2.85,DAY,2026-05-06T13:45:51.802Z,2026-05-06T13:54:01.611Z
MU260508C00720000,MU260508C00720000,OPTION,BUY,BTO,BUY_TO_OPEN,FILLED,1.0,1.0,@5.15,5.15,DAY,2026-05-06T13:45:37.193Z,2026-05-06T13:45:37.274Z
RIOT260508C00024500,RIOT260508C00024500,OPTION,SELL,STC,SELL_TO_CLOSE,FILLED,15.0,15.0,@0.42,0.48,DAY,2026-05-06T13:45:27.140Z,2026-05-06T13:45:27.188Z
MU260508C00720000,MU260508C00720000,OPTION,BUY,BTO,BUY_TO_OPEN,FILLED,1.0,1.0,@5.45,5.0,DAY,2026-05-06T13:45:02.421Z,2026-05-06T13:45:02.500Z
IREN260508C00065000,IREN260508C00065000,OPTION,SELL,STC,SELL_TO_CLOSE,FILLED,3.0,3.0,@1.5,1.53,DAY,2026-05-06T13:37:33.413Z,2026-05-06T13:37:33.519Z
MU260508C00702500,MU260508C00702500,OPTION,SELL,STC,SELL_TO_CLOSE,FILLED,1.0,1.0,,5.4,DAY,2026-05-06T13:35:23.481Z,2026-05-06T13:37:28.497Z
RIOT260508C00024500,RIOT260508C00024500,OPTION,BUY,BTO,BUY_TO_OPEN,FILLED,15.0,15.0,@0.35,0.3,DAY,2026-05-06T13:34:51.476Z,2026-05-06T13:34:51.626Z
EWY260522P00150000,EWY260522P00150000,OPTION,SELL,STC,SELL_TO_CLOSE,FILLED,7.0,7.0,@0.95,0.95,DAY,2026-05-06T13:34:08.469Z,2026-05-06T13:34:08.519Z
IREN260508C00065000,IREN260508C00065000,OPTION,BUY,BTO,BUY_TO_OPEN,FILLED,3.0,3.0,@1.75,1.67,DAY,2026-05-06T13:33:25.633Z,2026-05-06T13:33:25.680Z
IMSR260821C00007500,IMSR260821C00007500,OPTION,BUY,BTO,BUY_TO_OPEN,FILLED,5.0,5.0,@2.2,2.2,DAY,2026-05-06T13:32:40.954Z,2026-05-06T13:32:48.351Z
IMSR260821C00007500,IMSR260821C00007500,OPTION,BUY,BTO,BUY_TO_OPEN,FILLED,5.0,5.0,@2.15,2.15,DAY,2026-05-06T13:32:19.180Z,2026-05-06T13:32:30.083Z
SMST,SMST,EQUITY,SELL,SELL,,FILLED,150.0,150.0,@23.2,23.21,DAY,2026-05-06T11:36:16.537Z,2026-05-06T11:36:16.642Z
SOXS,SOXS,EQUITY,SELL,SELL,,FILLED,300.0,300.0,@10.83,10.83,DAY,2026-05-06T01:10:09.668Z,2026-05-06T01:10:09.709Z
SOXS,SOXS,EQUITY,BUY,BUY,,FILLED,300.0,300.0,@10.66,10.65,DAY,2026-05-05T23:52:17.859Z,2026-05-05T23:52:26.592Z
SMST,SMST,EQUITY,BUY,BUY,,FILLED,150.0,150.0,@26.21,26.21,DAY,2026-05-05T23:51:21.879Z,2026-05-05T23:51:21.966Z
AMDL,AMDL,EQUITY,SELL,SELL,,FILLED,100.0,100.0,@32.25,32.34,DAY,2026-05-05T20:16:36.343Z,2026-05-05T20:16:36.414Z
AMDL,AMDL,EQUITY,BUY,BUY,,FILLED,100.0,100.0,@35.35,35.32,DAY,2026-05-05T19:48:18.203Z,2026-05-05T19:48:18.257Z
MU260508C00702500,MU260508C00702500,OPTION,BUY,BTO,BUY_TO_OPEN,FILLED,1.0,1.0,@5.8,5.65,DAY,2026-05-05T18:55:32.803Z,2026-05-05T18:55:32.843Z
MU260515P00575000,MU260515P00575000,OPTION,SELL,STC,SELL_TO_CLOSE,FILLED,1.0,1.0,@11.5,11.62,DAY,2026-05-05T18:55:06.459Z,2026-05-05T18:55:06.595Z
IREN260508C00054000,IREN260508C00054000,OPTION,SELL,STC,SELL_TO_CLOSE,FILLED,2.0,2.0,,3.75,DAY,2026-05-05T18:11:14.167Z,2026-05-05T18:11:14.206Z
TSLA260618C00435000,TSLA260618C00435000,OPTION,SELL,STC,SELL_TO_CLOSE,FILLED,2.0,2.0,@9.15,9.15,DAY,2026-05-05T16:55:54.419Z,2026-05-05T16:55:54.462Z
IREN260508C00054000,IREN260508C00054000,OPTION,SELL,SELL,,CANCELLED,0.0,2.0,@30.0,,DAY,2026-05-05T16:00:45.314Z,
IREN260508C00054000,IREN260508C00054000,OPTION,SELL,SELL,,CANCELLED,0.0,2.0,,,DAY,2026-05-05T16:00:45.314Z,
MU260515P00575000,MU260515P00575000,OPTION,BUY,BTO,BUY_TO_OPEN,FILLED,1.0,1.0,@10.9,10.76,DAY,2026-05-05T15:53:35.439Z,2026-05-05T15:53:35.577Z
IREN260508C00054000,IREN260508C00054000,OPTION,BUY,BTO,BUY_TO_OPEN,FILLED,2.0,2.0,@2.16,2.15,DAY,2026-05-05T14:25:16.403Z,2026-05-05T14:25:16.541Z
MSTR260508C00207500,MSTR260508C00207500,OPTION,SELL,STC,SELL_TO_CLOSE,FILLED,2.0,2.0,@1.98,1.98,DAY,2026-05-05T13:55:27.737Z,2026-05-05T13:55:28.152Z
MSTR260508C00207500,MSTR260508C00207500,OPTION,BUY,BTO,BUY_TO_OPEN,FILLED,2.0,2.0,@2.23,2.23,DAY,2026-05-05T13:46:15.584Z,2026-05-05T13:46:15.652Z
RIOT260508C00020500,RIOT260508C00020500,OPTION,SELL,STC,SELL_TO_CLOSE,FILLED,10.0,10.0,,0.33,DAY,2026-05-05T13:43:29.080Z,2026-05-05T13:43:29.134Z
INTC260508C00111000,INTC260508C00111000,OPTION,SELL,STC,SELL_TO_CLOSE,FILLED,1.0,1.0,@2.86,2.86,DAY,2026-05-05T13:43:18.110Z,2026-05-05T13:43:18.150Z
RIOT260508C00020500,RIOT260508C00020500,OPTION,SELL,STC,SELL_TO_CLOSE,CANCELLED,0.0,10.0,,,DAY,2026-05-05T13:40:03.519Z,
INTC260508C00111000,INTC260508C00111000,OPTION,SELL,STC,SELL_TO_CLOSE,CANCELLED,0.0,1.0,,,DAY,2026-05-05T13:39:50.621Z,
INTC260508C00111000,INTC260508C00111000,OPTION,BUY,BTO,BUY_TO_OPEN,FILLED,1.0,1.0,@2.23,2.18,DAY,2026-05-05T13:38:40.222Z,2026-05-05T13:38:40.362Z
BNO260618C00065000,BNO260618C00065000,OPTION,SELL,STC,SELL_TO_CLOSE,FILLED,1.0,1.0,@4.4,4.4,DAY,2026-05-05T13:37:44.392Z,2026-05-05T13:37:44.433Z
RIOT260508C00020500,RIOT260508C00020500,OPTION,BUY,BTO,BUY_TO_OPEN,FILLED,10.0,10.0,@0.33,0.32,DAY,2026-05-05T13:33:28.100Z,2026-05-05T13:33:28.140Z
TSLA260618C00435000,TSLA260618C00435000,OPTION,BUY,BTO,BUY_TO_OPEN,FILLED,2.0,2.0,@10.95,10.95,DAY,2026-05-05T13:32:54.244Z,2026-05-05T13:32:54.284Z
SMH260522P00470000,SMH260522P00470000,OPTION,SELL,STC,SELL_TO_CLOSE,FILLED,3.0,3.0,@4.9,4.9,DAY,2026-05-05T13:30:43.586Z,2026-05-05T13:30:43.625Z
EWY260522P00150000,EWY260522P00150000,OPTION,SELL,STC,SELL_TO_CLOSE,CANCELLED,0.0,7.0,@1.8,,DAY,2026-05-05T13:30:11.293Z,
BNO260618C00065000,BNO260618C00065000,OPTION,BUY,BTO,BUY_TO_OPEN,FILLED,1.0,1.0,@5.4,5.4,DAY,2026-05-04T19:54:38.669Z,2026-05-04T19:54:52.578Z
IREN260508C00055000,IREN260508C00055000,OPTION,SELL,STC,SELL_TO_CLOSE,FILLED,3.0,3.0,@1.62,1.63,DAY,2026-05-04T17:33:56.063Z,2026-05-04T17:33:56.151Z
AMD260515P00335000,AMD260515P00335000,OPTION,SELL,STC,SELL_TO_CLOSE,FILLED,1.0,1.0,@14.35,14.56,DAY,2026-05-04T17:24:03.287Z,2026-05-04T17:24:07.801Z
IREN260508C00055000,IREN260508C00055000,OPTION,BUY,BTO,BUY_TO_OPEN,FILLED,3.0,3.0,@1.79,1.77,DAY,2026-05-04T17:20:41.524Z,2026-05-04T17:20:41.664Z
BNO260508C00062000,BNO260508C00062000,OPTION,SELL,STC,SELL_TO_CLOSE,FILLED,2.0,2.0,@1.9,1.9,DAY,2026-05-04T16:59:49.256Z,2026-05-04T16:59:49.292Z
SMH260522P00470000,SMH260522P00470000,OPTION,BUY,BTO,BUY_TO_OPEN,FILLED,3.0,3.0,@7.55,7.55,DAY,2026-05-04T16:59:17.630Z,2026-05-04T16:59:17.683Z
EWY260522P00150000,EWY260522P00150000,OPTION,BUY,BTO,BUY_TO_OPEN,FILLED,1.0,1.0,@2.6,2.6,DAY,2026-05-04T16:22:00.748Z,2026-05-04T16:22:00.894Z
EWY260522P00150000,EWY260522P00150000,OPTION,BUY,BTO,BUY_TO_OPEN,FILLED,6.0,6.0,@2.7,2.7,DAY,2026-05-04T16:16:01.563Z,2026-05-04T16:16:02.076Z
SMH260515P00475000,SMH260515P00475000,OPTION,SELL,STC,SELL_TO_CLOSE,FILLED,2.0,2.0,@5.05,5.05,DAY,2026-05-04T16:01:28.066Z,2026-05-04T16:01:28.101Z
QQQ260504P00667000,QQQ260504P00667000,OPTION,SELL,STC,SELL_TO_CLOSE,FILLED,5.0,5.0,@0.46,0.48,DAY,2026-05-04T16:01:09.657Z,2026-05-04T16:01:09.700Z
QQQ260504P00667000,QQQ260504P00667000,OPTION,BUY,BTO,BUY_TO_OPEN,FILLED,1.0,1.0,@0.61,0.61,DAY,2026-05-04T15:51:55.062Z,2026-05-04T15:51:55.187Z
QQQ260504P00667000,QQQ260504P00667000,OPTION,BUY,BTO,BUY_TO_OPEN,FILLED,4.0,4.0,@0.54,0.53,DAY,2026-05-04T15:50:10.827Z,2026-05-04T15:50:10.879Z
AIXI,AIXI,EQUITY,SELL,SELL,,FILLED,1200.0,1200.0,@0.77,0.7711,DAY,2026-05-04T15:22:46.453Z,2026-05-04T15:22:52.443Z
SMH260515P00475000,SMH260515P00475000,OPTION,BUY,BTO,BUY_TO_OPEN,FILLED,2.0,2.0,@5.3,5.3,DAY,2026-05-04T15:22:14.491Z,2026-05-04T15:22:28.434Z
TSLA260717C00500000,TSLA260717C00500000,OPTION,SELL,STC,SELL_TO_CLOSE,FILLED,2.0,2.0,@5.1,5.1,DAY,2026-05-04T15:20:55.598Z,2026-05-04T15:20:55.797Z
MSTR260515C00185000,MSTR260515C00185000,OPTION,SELL,STC,SELL_TO_CLOSE,FILLED,1.0,1.0,,9.04,DAY,2026-05-04T15:20:48.475Z,2026-05-04T15:20:48.612Z
MSTR260515C00185000,MSTR260515C00185000,OPTION,SELL,SELL,,CANCELLED,0.0,1.0,,,GTC,2026-05-04T14:32:29.434Z,
MSTR260515C00185000,MSTR260515C00185000,OPTION,SELL,SELL,,CANCELLED,0.0,1.0,@90.0,,GTC,2026-05-04T14:32:29.434Z,
RIOT,RIOT,EQUITY,SELL,SELL,,CANCELLED,0.0,375.0,,,GTC,2026-05-04T14:00:14.066Z,
MSTR260515C00185000,MSTR260515C00185000,OPTION,SELL,STC,SELL_TO_CLOSE,FILLED,1.0,1.0,,7.7,DAY,2026-05-04T13:44:33.375Z,2026-05-04T13:44:33.428Z
AMD260515P00335000,AMD260515P00335000,OPTION,BUY,BTO,BUY_TO_OPEN,FILLED,1.0,1.0,@10.45,10.45,DAY,2026-05-04T13:33:47.777Z,2026-05-04T13:33:48.317Z
TSLA260717C00500000,TSLA260717C00500000,OPTION,SELL,STC,SELL_TO_CLOSE,FILLED,3.0,3.0,@5.1,5.1,DAY,2026-05-04T13:31:16.861Z,2026-05-04T13:31:30.434Z
UAL260515P00065000,UAL260515P00065000,OPTION,BUY,BTO,BUY_TO_OPEN,FILLED,25.0,25.0,@0.11,0.1,DAY,2026-05-01T19:54:32.944Z,2026-05-01T19:54:33.003Z
IREN260717C00070000,IREN260717C00070000,OPTION,BUY,BTO,BUY_TO_OPEN,FILLED,10.0,10.0,@2.56,2.5,DAY,2026-05-01T19:49:41.116Z,2026-05-01T19:49:41.244Z
AIXI,AIXI,EQUITY,BUY,BUY,,FILLED,1200.0,1200.0,@0.8,0.7968,DAY,2026-05-01T18:42:50.983Z,2026-05-01T18:43:03.104Z
AMD260515P00307500,AMD260515P00307500,OPTION,SELL,STC,SELL_TO_CLOSE,FILLED,1.0,1.0,@5.05,5.07,DAY,2026-05-01T15:04:10.587Z,2026-05-01T15:04:17.406Z
AMD260515P00307500,AMD260515P00307500,OPTION,BUY,BTO,BUY_TO_OPEN,FILLED,1.0,1.0,@5.6,5.6,DAY,2026-05-01T14:36:20.884Z,2026-05-01T14:36:28.825Z
INTC260508P00085000,INTC260508P00085000,OPTION,SELL,STC,SELL_TO_CLOSE,FILLED,5.0,5.0,@0.65,0.65,DAY,2026-05-01T14:31:11.670Z,2026-05-01T14:31:11.732Z
MSTR260515C00185000,MSTR260515C00185000,OPTION,SELL,STC,SELL_TO_CLOSE,CANCELLED,0.0,2.0,,,GTC,2026-05-01T14:30:46.658Z,
TSLA260717C00500000,TSLA260717C00500000,OPTION,BUY,BTO,BUY_TO_OPEN,FILLED,2.0,2.0,@5.4,5.33,DAY,2026-05-01T14:30:20.393Z,2026-05-01T14:30:20.535Z
TSLA260717C00500000,TSLA260717C00500000,OPTION,BUY,BTO,BUY_TO_OPEN,FILLED,3.0,3.0,@5.45,5.4,DAY,2026-05-01T14:30:07.273Z,2026-05-01T14:30:07.412Z
MSTR260515C00185000,MSTR260515C00185000,OPTION,BUY,BTO,BUY_TO_OPEN,FILLED,2.0,2.0,@5.9,5.9,DAY,2026-05-01T13:53:12.657Z,2026-05-01T13:53:12.791Z
TSLA260515C00400000,TSLA260515C00400000,OPTION,SELL,STC,SELL_TO_CLOSE,FILLED,1.0,1.0,@5.65,5.65,DAY,2026-05-01T13:52:07.605Z,2026-05-01T13:52:07.644Z
BNO260618C00057000,BNO260618C00057000,OPTION,BUY,BTO,BUY_TO_OPEN,FILLED,2.0,2.0,@6.5,6.5,DAY,2026-05-01T13:36:12.008Z,2026-05-01T13:36:12.067Z
BNO260508C00062000,BNO260508C00062000,OPTION,BUY,BTO,BUY_TO_OPEN,FILLED,2.0,2.0,@1.2,1.2,DAY,2026-05-01T13:35:54.056Z,2026-05-01T13:35:54.099Z
RIOT260501C00019500,RIOT260501C00019500,OPTION,BUY,BTO,BUY_TO_OPEN,FILLED,10.0,10.0,@0.18,0.15,DAY,2026-05-01T13:33:05.719Z,2026-05-01T13:33:05.868Z
TSLA260515C00400000,TSLA260515C00400000,OPTION,BUY,BTO,BUY_TO_OPEN,FILLED,1.0,1.0,@6.25,6.25,DAY,2026-04-30T18:40:00.698Z,2026-04-30T18:40:00.751Z
META260515P00575000,META260515P00575000,OPTION,SELL,STC,SELL_TO_CLOSE,FILLED,1.0,1.0,@5.0,5.3,DAY,2026-04-30T15:06:18.526Z,2026-04-30T15:06:18.581Z
QQQ260430P00658000,QQQ260430P00658000,OPTION,SELL,STC,SELL_TO_CLOSE,FILLED,1.0,1.0,@0.74,0.76,DAY,2026-04-30T14:56:53.408Z,2026-04-30T14:56:53.547Z
RIOT,RIOT,EQUITY,BUY,BUY,,FILLED,750.0,750.0,@16.69,16.67,DAY,2026-04-30T14:22:04.788Z,2026-04-30T14:22:05.874Z
QQQ260430P00658000,QQQ260430P00658000,OPTION,BUY,BTO,BUY_TO_OPEN,FILLED,1.0,1.0,@2.28,2.25,DAY,2026-04-30T13:58:30.762Z,2026-04-30T13:58:30.923Z
QCOM260501C00180000,QCOM260501C00180000,OPTION,SELL,STC,SELL_TO_CLOSE,FILLED,2.0,2.0,@0.85,0.89,DAY,2026-04-30T13:58:12.360Z,2026-04-30T13:58:12.499Z
QCOM260501C00180000,QCOM260501C00180000,OPTION,BUY,BTO,BUY_TO_OPEN,FILLED,2.0,2.0,@1.15,1.02,DAY,2026-04-30T13:57:39.572Z,2026-04-30T13:57:39.720Z
QQQ260430P00640000,QQQ260430P00640000,OPTION,BUY,BTO,BUY_TO_OPEN,FILLED,40.0,40.0,@0.06,0.06,DAY,2026-04-30T13:40:24.252Z,2026-04-30T13:40:24.299Z
META260501P00580000,META260501P00580000,OPTION,SELL,STC,SELL_TO_CLOSE,FILLED,1.0,1.0,@1.66,1.69,DAY,2026-04-30T13:37:48.005Z,2026-04-30T13:37:48.044Z
META260501P00580000,META260501P00580000,OPTION,BUY,BTO,BUY_TO_OPEN,FILLED,1.0,1.0,@2.22,2.08,DAY,2026-04-30T13:35:25.818Z,2026-04-30T13:35:25.944Z
META260515P00575000,META260515P00575000,OPTION,BUY,BTO,BUY_TO_OPEN,FILLED,1.0,1.0,@5.9,5.9,DAY,2026-04-30T13:32:09.636Z,2026-04-30T13:32:25.740Z
USO260618C00140000,USO260618C00140000,OPTION,SELL,STC,SELL_TO_CLOSE,FILLED,1.0,1.0,@16.65,16.65,DAY,2026-04-30T13:30:17.197Z,2026-04-30T13:30:17.265Z
GOOG260501P00330000,GOOG260501P00330000,OPTION,SELL,STC,SELL_TO_CLOSE,FILLED,1.0,1.0,@0.03,0.04,DAY,2026-04-30T13:30:12.213Z,2026-04-30T13:30:12.562Z
SOXS,SOXS,EQUITY,SELL,SELL,,FILLED,350.0,350.0,@14.58,14.58,DAY,2026-04-29T21:19:02.204Z,2026-04-29T21:19:08.655Z
SOXS,SOXS,EQUITY,BUY,BUY,,FILLED,350.0,350.0,@14.95,14.94,DAY,2026-04-29T20:16:46.859Z,2026-04-29T20:17:00.196Z
USO260618C00140000,USO260618C00140000,OPTION,SELL,STC,SELL_TO_CLOSE,FILLED,1.0,1.0,@20.35,20.35,DAY,2026-04-29T19:29:22.665Z,2026-04-29T19:29:22.709Z
GOOG260501P00330000,GOOG260501P00330000,OPTION,BUY,BTO,BUY_TO_OPEN,FILLED,1.0,1.0,@2.72,2.72,DAY,2026-04-29T18:17:53.359Z,2026-04-29T18:17:53.410Z
IREN260508P00037500,IREN260508P00037500,OPTION,BUY,BTO,BUY_TO_OPEN,FILLED,3.0,3.0,@1.84,1.82,DAY,2026-04-29T17:30:26.121Z,2026-04-29T17:30:26.245Z
IREN,IREN,EQUITY,SELL,SELL,,FILLED,300.0,300.0,@42.63,42.63,DAY,2026-04-29T17:29:53.797Z,2026-04-29T17:29:53.956Z
IREN260501P00045000,IREN260501P00045000,OPTION,SELL,STC,SELL_TO_CLOSE,FILLED,4.0,4.0,@3.2,3.21,DAY,2026-04-29T17:28:58.004Z,2026-04-29T17:29:03.979Z
INTC260508P00085000,INTC260508P00085000,OPTION,BUY,BTO,BUY_TO_OPEN,FILLED,5.0,5.0,@2.12,2.09,DAY,2026-04-29T16:45:51.874Z,2026-04-29T16:45:52.007Z
IREN,IREN,EQUITY,BUY,BUY,,FILLED,300.0,300.0,@43.75,43.75,DAY,2026-04-29T14:36:05.661Z,2026-04-29T14:36:05.709Z
QQQ260429C00664000,QQQ260429C00664000,OPTION,SELL,STC,SELL_TO_CLOSE,FILLED,2.0,2.0,@1.01,1.02,DAY,2026-04-29T14:13:55.429Z,2026-04-29T14:13:55.689Z
QQQ260429C00664000,QQQ260429C00664000,OPTION,BUY,BTO,BUY_TO_OPEN,FILLED,2.0,2.0,@1.16,1.13,DAY,2026-04-29T13:51:12.387Z,2026-04-29T13:51:12.426Z
EAT260515P00115000,EAT260515P00115000,OPTION,SELL,STC,SELL_TO_CLOSE,FILLED,3.0,3.0,@0.15,0.15,DAY,2026-04-29T13:43:08.382Z,2026-04-29T13:43:18.920Z
IREN,IREN,EQUITY,SELL,SELL,,FILLED,300.0,300.0,@43.59,43.59,DAY,2026-04-29T13:42:23.651Z,2026-04-29T13:42:23.704Z
CAR260515P00105000,CAR260515P00105000,OPTION,SELL,STC,SELL_TO_CLOSE,FILLED,8.0,8.0,@0.22,0.2425,DAY,2026-04-29T13:37:08.871Z,2026-04-29T13:37:25.769Z
CAR260515P00100000,CAR260515P00100000,OPTION,BUY,STC,SELL_TO_CLOSE,FILLED,8.0,8.0,@0.22,0.2425,DAY,2026-04-29T13:37:08.871Z,2026-04-29T13:37:25.769Z
NTR260618C00072500,NTR260618C00072500,OPTION,BUY,BTO,BUY_TO_OPEN,FILLED,2.0,2.0,@4.8,4.8,DAY,2026-04-29T13:33:22.243Z,2026-04-29T13:34:02.555Z
EAT260515P00115000,EAT260515P00115000,OPTION,SELL,STC,SELL_TO_CLOSE,CANCELLED,0.0,3.0,@0.6,,DAY,2026-04-29T13:32:54.778Z,
HOOD260508C00088000,HOOD260508C00088000,OPTION,SELL,STC,SELL_TO_CLOSE,FILLED,1.0,1.0,@0.24,0.24,DAY,2026-04-29T13:31:12.354Z,2026-04-29T13:31:12.506Z
NTR260618C00072500,NTR260618C00072500,OPTION,BUY,BTO,BUY_TO_OPEN,FILLED,3.0,3.0,@4.7,4.7,DAY,2026-04-29T13:30:57.302Z,2026-04-29T13:31:23.582Z
IREN,IREN,EQUITY,BUY,BUY,,FILLED,200.0,200.0,@44.77,44.76,DAY,2026-04-28T23:03:02.136Z,2026-04-28T23:03:13.425Z
BE,BE,EQUITY,BUY,BUY,,FILLED,30.0,30.0,@229.81,229.81,DAY,2026-04-28T20:04:29.929Z,2026-04-28T20:04:30.082Z
EAT260515P00115000,EAT260515P00115000,OPTION,SELL,STC,SELL_TO_CLOSE,FILLED,4.0,4.0,@2.6,2.6,DAY,2026-04-28T19:33:37.812Z,2026-04-28T19:33:37.844Z
EAT260515P00115000,EAT260515P00115000,OPTION,BUY,BTO,BUY_TO_OPEN,FILLED,2.0,2.0,@2.5,2.5,DAY,2026-04-28T19:06:55.940Z,2026-04-28T19:06:55.976Z
GLD260515P00395000,GLD260515P00395000,OPTION,SELL,STC,SELL_TO_CLOSE,FILLED,5.0,5.0,@1.51,1.51,DAY,2026-04-28T19:06:43.642Z,2026-04-28T19:07:05.934Z
USO260618C00140000,USO260618C00140000,OPTION,BUY,BTO,BUY_TO_OPEN,FILLED,2.0,2.0,@13.7,13.46,DAY,2026-04-28T18:29:25.323Z,2026-04-28T18:29:25.618Z
QQQ260428C00664000,QQQ260428C00664000,OPTION,SELL,STC,SELL_TO_CLOSE,FILLED,5.0,5.0,@0.02,0.02,DAY,2026-04-28T18:17:55.611Z,2026-04-28T18:17:55.786Z
BE,BE,EQUITY,SHORT,SHORT,,FILLED,30.0,30.0,@227.4,227.4,DAY,2026-04-28T18:09:25.408Z,2026-04-28T18:09:25.451Z
IREN260501P00045000,IREN260501P00045000,OPTION,SELL,STC,SELL_TO_CLOSE,FILLED,4.0,4.0,@2.56,2.56,DAY,2026-04-28T16:58:03.632Z,2026-04-28T16:58:03.691Z
IREN,IREN,EQUITY,SELL,SELL,,FILLED,400.0,400.0,@44.11,44.12,DAY,2026-04-28T16:57:32.469Z,2026-04-28T16:57:40.428Z
HOOD260508C00088000,HOOD260508C00088000,OPTION,BUY,BTO,BUY_TO_OPEN,FILLED,1.0,1.0,@2.59,2.52,DAY,2026-04-28T16:00:01.333Z,2026-04-28T16:00:01.479Z
MU260515P00425000,MU260515P00425000,OPTION,SELL,STC,SELL_TO_CLOSE,FILLED,3.0,3.0,@9.1,9.1,DAY,2026-04-28T15:18:50.550Z,2026-04-28T15:18:50.589Z
QQQ260428P00650000,QQQ260428P00650000,OPTION,SELL,STC,SELL_TO_CLOSE,FILLED,10.0,10.0,@0.2,0.2,DAY,2026-04-28T15:01:09.449Z,2026-04-28T15:01:09.596Z
QQQ260428P00650000,QQQ260428P00650000,OPTION,BUY,BTO,BUY_TO_OPEN,FILLED,5.0,5.0,@0.42,0.4,DAY,2026-04-28T14:52:53.309Z,2026-04-28T14:52:53.486Z
QQQ260428P00650000,QQQ260428P00650000,OPTION,BUY,BTO,BUY_TO_OPEN,FILLED,5.0,5.0,@0.49,0.49,DAY,2026-04-28T14:52:05.202Z,2026-04-28T14:52:11.591Z
QQQ260428P00653000,QQQ260428P00653000,OPTION,SELL,STC,SELL_TO_CLOSE,FILLED,5.0,5.0,@0.82,0.83,DAY,2026-04-28T14:43:53.207Z,2026-04-28T14:43:53.401Z
QQQ260428P00653000,QQQ260428P00653000,OPTION,SELL,STC,SELL_TO_CLOSE,FILLED,5.0,5.0,@0.92,0.96,DAY,2026-04-28T14:39:59.088Z,2026-04-28T14:39:59.132Z
MU260515P00425000,MU260515P00425000,OPTION,BUY,BTO,BUY_TO_OPEN,FILLED,1.0,1.0,@10.25,10.25,DAY,2026-04-28T14:37:49.787Z,2026-04-28T14:37:50.014Z
MU260515P00425000,MU260515P00425000,OPTION,BUY,BTO,BUY_TO_OPEN,FILLED,2.0,2.0,@9.85,9.85,DAY,2026-04-28T14:37:09.887Z,2026-04-28T14:37:09.939Z
QQQ260428P00653000,QQQ260428P00653000,OPTION,BUY,BTO,BUY_TO_OPEN,FILLED,10.0,10.0,@0.45,0.45,DAY,2026-04-28T14:27:43.718Z,2026-04-28T14:27:43.892Z
NVDA260429C00220000,NVDA260429C00220000,OPTION,SELL,STC,SELL_TO_CLOSE,FILLED,2.0,2.0,@0.75,0.76,DAY,2026-04-28T14:17:10.653Z,2026-04-28T14:17:10.714Z
POET260501P00006000,POET260501P00006000,OPTION,SELL,STC,SELL_TO_CLOSE,FILLED,10.0,10.0,@0.03,0.03,DAY,2026-04-28T14:12:33.413Z,2026-04-28T14:12:33.449Z
EAT260515P00115000,EAT260515P00115000,OPTION,BUY,BTO,BUY_TO_OPEN,FILLED,5.0,5.0,@2.0,2.0,DAY,2026-04-28T14:02:33.778Z,2026-04-28T14:12:18.495Z
EAT260515P00090000,EAT260515P00090000,OPTION,BUY,BTO,BUY_TO_OPEN,CANCELLED,0.0,5.0,@0.05,,DAY,2026-04-28T14:02:24.792Z,
NVDA260429C00220000,NVDA260429C00220000,OPTION,BUY,BTO,BUY_TO_OPEN,FILLED,2.0,2.0,@0.71,0.66,DAY,2026-04-28T14:01:45.977Z,2026-04-28T14:01:46.102Z
QQQ260428P00651000,QQQ260428P00651000,OPTION,SELL,STC,SELL_TO_CLOSE,FILLED,10.0,10.0,@0.26,0.26,DAY,2026-04-28T14:00:30.295Z,2026-04-28T14:00:30.332Z
MU260529P00410000,MU260529P00410000,OPTION,SELL,STC,SELL_TO_CLOSE,FILLED,1.0,1.0,@10.05,10.05,DAY,2026-04-28T13:55:08.550Z,2026-04-28T13:55:08.586Z
MU260529P00410000,MU260529P00410000,OPTION,SELL,STC,SELL_TO_CLOSE,FILLED,1.0,1.0,@9.65,9.7,DAY,2026-04-28T13:54:48.152Z,2026-04-28T13:54:48.199Z
EAT260515P00115000,EAT260515P00115000,OPTION,BUY,BTO,BUY_TO_OPEN,CANCELLED,0.0,3.0,@1.9,,DAY,2026-04-28T13:54:31.003Z,
MU260529P00410000,MU260529P00410000,OPTION,BUY,BTO,BUY_TO_OPEN,FILLED,2.0,2.0,@10.25,10.25,DAY,2026-04-28T13:54:16.539Z,2026-04-28T13:54:16.595Z
QQQ260428P00651000,QQQ260428P00651000,OPTION,BUY,BTO,BUY_TO_OPEN,FILLED,10.0,10.0,@0.3,0.3,DAY,2026-04-28T13:53:30.354Z,2026-04-28T13:53:30.395Z
QQQ260428C00664000,QQQ260428C00664000,OPTION,BUY,BTO,BUY_TO_OPEN,FILLED,5.0,5.0,@0.35,0.34,DAY,2026-04-28T13:48:03.449Z,2026-04-28T13:48:03.496Z
NVDA260429C00215000,NVDA260429C00215000,OPTION,SELL,STC,SELL_TO_CLOSE,FILLED,1.0,1.0,@1.76,1.76,DAY,2026-04-28T13:45:05.843Z,2026-04-28T13:45:06.298Z
SMH260501P00480000,SMH260501P00480000,OPTION,SELL,STC,SELL_TO_CLOSE,FILLED,1.0,1.0,@4.5,4.65,DAY,2026-04-28T13:42:39.126Z,2026-04-28T13:42:39.163Z
GLD260515P00395000,GLD260515P00395000,OPTION,BUY,BTO,BUY_TO_OPEN,FILLED,5.0,5.0,@1.93,1.93,DAY,2026-04-28T13:41:49.095Z,2026-04-28T13:41:49.133Z
NVDA260429C00215000,NVDA260429C00215000,OPTION,BUY,BTO,BUY_TO_OPEN,FILLED,1.0,1.0,@1.3,1.3,DAY,2026-04-28T13:37:36.174Z,2026-04-28T13:37:36.578Z
SMH260501P00480000,SMH260501P00480000,OPTION,SELL,STC,SELL_TO_CLOSE,FILLED,1.0,1.0,@5.25,5.25,DAY,2026-04-28T13:35:45.826Z,2026-04-28T13:35:45.892Z
QQQ260428P00650000,QQQ260428P00650000,OPTION,SELL,STC,SELL_TO_CLOSE,FILLED,10.0,10.0,@0.31,0.31,DAY,2026-04-28T13:35:39.900Z,2026-04-28T13:35:39.952Z
TSLA260429C00390000,TSLA260429C00390000,OPTION,SELL,STC,SELL_TO_CLOSE,FILLED,1.0,1.0,@1.25,1.29,DAY,2026-04-28T13:30:47.975Z,2026-04-28T13:30:48.125Z
QQQ260428P00650000,QQQ260428P00650000,OPTION,BUY,BTO,BUY_TO_OPEN,FILLED,10.0,10.0,@0.57,0.57,DAY,2026-04-28T13:30:40.427Z,2026-04-28T13:30:41.483Z
TSLA260429C00390000,TSLA260429C00390000,OPTION,BUY,BTO,BUY_TO_OPEN,FILLED,1.0,1.0,@1.91,1.9,DAY,2026-04-27T19:43:57.204Z,2026-04-27T19:44:10.266Z
MU260515P00480000,MU260515P00480000,OPTION,SELL,STC,SELL_TO_CLOSE,FILLED,1.0,1.0,@19.2,19.2,DAY,2026-04-27T19:20:37.279Z,2026-04-27T19:20:42.444Z
MU260515P00480000,MU260515P00480000,OPTION,BUY,BTO,BUY_TO_OPEN,FILLED,1.0,1.0,@20.65,20.36,DAY,2026-04-27T17:21:38.540Z,2026-04-27T17:21:38.781Z
GLD260504P00405000,GLD260504P00405000,OPTION,SELL,STC,SELL_TO_CLOSE,FILLED,20.0,20.0,@0.44,0.51,DAY,2026-04-27T15:45:28.157Z,2026-04-27T15:45:28.308Z
WLAC260515C00020000,WLAC260515C00020000,OPTION,SELL,STC,SELL_TO_CLOSE,FILLED,2.0,2.0,@1.6,1.6,DAY,2026-04-27T15:05:53.129Z,2026-04-27T15:05:53.231Z
SMH260501P00480000,SMH260501P00480000,OPTION,BUY,BTO,BUY_TO_OPEN,FILLED,2.0,2.0,@4.85,4.62,DAY,2026-04-27T15:05:34.268Z,2026-04-27T15:05:34.550Z
GLD260504P00405000,GLD260504P00405000,OPTION,BUY,BTO,BUY_TO_OPEN,FILLED,20.0,20.0,@0.56,0.54,DAY,2026-04-27T15:04:08.235Z,2026-04-27T15:04:08.380Z
IREN260501C00054000,IREN260501C00054000,OPTION,BUY,BTC,BUY_TO_CLOSE,FILLED,8.0,8.0,,1.23,DAY,2026-04-27T13:55:36.108Z,2026-04-27T13:55:36.267Z
TSLA260427P00362500,TSLA260427P00362500,OPTION,SELL,STC,SELL_TO_CLOSE,FILLED,1.0,1.0,@0.95,0.96,DAY,2026-04-27T13:54:30.588Z,2026-04-27T13:54:30.745Z
IREN260501C00054000,IREN260501C00054000,OPTION,SELL,STO,SELL_TO_OPEN,FILLED,8.0,8.0,@1.06,1.08,DAY,2026-04-27T13:53:08.409Z,2026-04-27T13:53:08.513Z
TSLA260427P00362500,TSLA260427P00362500,OPTION,SELL,STC,SELL_TO_CLOSE,FILLED,2.0,2.0,,1.09,DAY,2026-04-27T13:51:54.828Z,2026-04-27T13:53:21.926Z
IMSR260515C00012500,IMSR260515C00012500,OPTION,SELL,STC,SELL_TO_CLOSE,FILLED,50.0,50.0,@0.1,0.1,DAY,2026-04-27T13:51:18.028Z,2026-04-27T13:51:25.192Z
QQQ260427P00654000,QQQ260427P00654000,OPTION,BUY,BTO,BUY_TO_OPEN,FILLED,20.0,20.0,@0.33,0.32,DAY,2026-04-27T13:51:09.047Z,2026-04-27T13:51:32.219Z
POET260501P00006000,POET260501P00006000,OPTION,BUY,BTO,BUY_TO_OPEN,FILLED,10.0,10.0,@0.15,0.15,DAY,2026-04-27T13:50:25.719Z,2026-04-27T13:50:25.780Z
IMSR260515C00012500,IMSR260515C00012500,OPTION,SELL,STC,SELL_TO_CLOSE,CANCELLED,0.0,30.0,@0.15,,DAY,2026-04-27T13:47:03.174Z,
QCOM260618C00170000,QCOM260618C00170000,OPTION,SELL,STC,SELL_TO_CLOSE,FILLED,3.0,3.0,@5.65,6.03,DAY,2026-04-27T13:46:02.552Z,2026-04-27T13:46:02.799Z
CAR260515P00105000,CAR260515P00105000,OPTION,SELL,STC,SELL_TO_CLOSE,CANCELLED,0.0,3.0,@0.85,,DAY,2026-04-27T13:35:35.722Z,
CAR260515P00100000,CAR260515P00100000,OPTION,BUY,STC,SELL_TO_CLOSE,CANCELLED,0.0,3.0,@0.85,,DAY,2026-04-27T13:35:35.722Z,
TSLA260427P00362500,TSLA260427P00362500,OPTION,BUY,BTO,BUY_TO_OPEN,FILLED,1.0,1.0,@1.2,1.16,DAY,2026-04-27T13:34:30.646Z,2026-04-27T13:34:30.799Z
WLAC260515C00020000,WLAC260515C00020000,OPTION,SELL,STC,SELL_TO_CLOSE,FILLED,2.0,2.0,@2.2,2.2,DAY,2026-04-27T13:34:08.055Z,2026-04-27T13:34:08.154Z
WLAC260515C00020000,WLAC260515C00020000,OPTION,SELL,STC,SELL_TO_CLOSE,FILLED,1.0,1.0,@2.1,2.1,DAY,2026-04-27T13:33:57.912Z,2026-04-27T13:33:58.159Z
HPE260515C00029500,HPE260515C00029500,OPTION,SELL,STC,SELL_TO_CLOSE,FILLED,15.0,15.0,@0.92,0.92,DAY,2026-04-27T13:33:05.261Z,2026-04-27T13:33:05.308Z
QCOM260618C00170000,QCOM260618C00170000,OPTION,SELL,STC,SELL_TO_CLOSE,FILLED,2.0,2.0,@7.9,7.9,DAY,2026-04-27T13:31:03.286Z,2026-04-27T13:31:03.343Z
TSLA260427P00362500,TSLA260427P00362500,OPTION,BUY,BTO,BUY_TO_OPEN,FILLED,2.0,2.0,@1.06,1.06,DAY,2026-04-27T13:30:52.086Z,2026-04-27T13:30:53.229Z
WLAC260515C00020000,WLAC260515C00020000,OPTION,SELL,STC,SELL_TO_CLOSE,CANCELLED,0.0,5.0,@2.05,,DAY,2026-04-24T19:45:58.178Z,
HPE260515C00029500,HPE260515C00029500,OPTION,BUY,BTO,BUY_TO_OPEN,FILLED,15.0,15.0,@0.86,0.8,DAY,2026-04-24T19:45:15.573Z,2026-04-24T19:45:15.659Z
QCOM260618C00170000,QCOM260618C00170000,OPTION,BUY,BTO,BUY_TO_OPEN,FILLED,5.0,5.0,@4.3,4.13,DAY,2026-04-24T19:42:27.466Z,2026-04-24T19:42:27.602Z
IREN260501P00045000,IREN260501P00045000,OPTION,BUY,BTO,BUY_TO_OPEN,FILLED,8.0,8.0,@0.84,0.82,DAY,2026-04-24T19:08:59.912Z,2026-04-24T19:09:00.009Z
IMSR260515C00012500,IMSR260515C00012500,OPTION,BUY,BTO,BUY_TO_OPEN,FILLED,50.0,50.0,@0.2,0.19,DAY,2026-04-24T17:56:08.917Z,2026-04-24T17:56:28.155Z
QCOM260424C00160000,QCOM260424C00160000,OPTION,SELL,STC,SELL_TO_CLOSE,FILLED,30.0,30.0,@0.01,0.01,DAY,2026-04-24T17:13:04.385Z,2026-04-24T17:13:04.432Z
QCOM260424C00160000,QCOM260424C00160000,OPTION,BUY,BTO,BUY_TO_OPEN,FILLED,10.0,10.0,@0.06,0.05,DAY,2026-04-24T16:25:01.197Z,2026-04-24T16:25:02.074Z
QCOM260424C00160000,QCOM260424C00160000,OPTION,BUY,BTO,BUY_TO_OPEN,FILLED,20.0,20.0,@0.06,0.04,DAY,2026-04-24T16:20:39.116Z,2026-04-24T16:20:39.297Z
QCOM260424C00149000,QCOM260424C00149000,OPTION,SELL,STC,SELL_TO_CLOSE,FILLED,4.0,4.0,@1.1,1.1,DAY,2026-04-24T16:20:14.202Z,2026-04-24T16:20:14.238Z
IREN,IREN,EQUITY,BUY,BUY,,FILLED,200.0,200.0,@52.53,52.48,DAY,2026-04-24T15:57:04.573Z,2026-04-24T15:57:04.618Z
BCAR,BCAR,EQUITY,SELL,SELL,,FILLED,800.0,800.0,@10.23,10.23,DAY,2026-04-24T15:56:52.473Z,2026-04-24T15:56:52.517Z
IREN,IREN,EQUITY,BUY,BUY,,FILLED,300.0,300.0,@52.46,52.46,DAY,2026-04-24T15:54:33.025Z,2026-04-24T15:54:33.065Z
QCOM260424C00149000,QCOM260424C00149000,OPTION,BUY,BTO,BUY_TO_OPEN,FILLED,4.0,4.0,@0.56,0.48,DAY,2026-04-24T15:45:49.289Z,2026-04-24T15:45:49.427Z
UAL260618P00085000,UAL260618P00085000,OPTION,SELL,STC,SELL_TO_CLOSE,FILLED,4.0,4.0,@4.1,4.22,DAY,2026-04-24T15:45:17.701Z,2026-04-24T15:45:17.840Z
SOXS,SOXS,EQUITY,SELL,SELL,,FILLED,360.0,360.0,@13.65,13.65,DAY,2026-04-24T15:45:02.325Z,2026-04-24T15:45:02.383Z
SMH260424P00500000,SMH260424P00500000,OPTION,BUY,BTO,BUY_TO_OPEN,FILLED,2.0,2.0,@1.02,0.97,DAY,2026-04-24T15:21:06.984Z,2026-04-24T15:21:07.125Z
SMH260424P00482500,SMH260424P00482500,OPTION,BUY,BTO,BUY_TO_OPEN,FILLED,10.0,10.0,@0.04,0.04,DAY,2026-04-24T15:18:27.195Z,2026-04-24T15:18:27.256Z
NVDA260424C00207500,NVDA260424C00207500,OPTION,SELL,STC,SELL_TO_CLOSE,FILLED,1.0,1.0,@2.31,2.38,DAY,2026-04-24T15:17:14.331Z,2026-04-24T15:17:14.545Z
NVDA260424C00207500,NVDA260424C00207500,OPTION,BUY,BTO,BUY_TO_OPEN,FILLED,1.0,1.0,@1.92,1.9,DAY,2026-04-24T15:00:01.580Z,2026-04-24T15:00:01.728Z
WLAC260515C00020000,WLAC260515C00020000,OPTION,BUY,BTO,BUY_TO_OPEN,FILLED,5.0,5.0,@1.8,1.8,DAY,2026-04-24T14:53:06.890Z,2026-04-24T14:53:32.498Z
NVDA260424C00207500,NVDA260424C00207500,OPTION,SELL,STC,SELL_TO_CLOSE,FILLED,2.0,2.0,@0.92,0.94,DAY,2026-04-24T14:51:33.985Z,2026-04-24T14:51:34.125Z
NVDA260424C00207500,NVDA260424C00207500,OPTION,BUY,BTO,BUY_TO_OPEN,FILLED,2.0,2.0,@0.87,0.86,DAY,2026-04-24T14:47:19.377Z,2026-04-24T14:47:19.425Z
MSFT260515P00405000,MSFT260515P00405000,OPTION,SELL,STC,SELL_TO_CLOSE,FILLED,1.0,1.0,@9.9,10.06,DAY,2026-04-24T14:36:19.268Z,2026-04-24T15:20:21.454Z
SMH260424P00495000,SMH260424P00495000,OPTION,SELL,STC,SELL_TO_CLOSE,FILLED,1.0,1.0,@1.15,1.15,DAY,2026-04-24T14:08:42.553Z,2026-04-24T14:08:42.586Z
INTC260424P00077000,INTC260424P00077000,OPTION,SELL,STC,SELL_TO_CLOSE,FILLED,15.0,15.0,,0.29,DAY,2026-04-24T13:56:42.118Z,2026-04-24T13:58:14.665Z
SMH260424P00482500,SMH260424P00482500,OPTION,BUY,BTO,BUY_TO_OPEN,FILLED,10.0,10.0,@0.43,0.36,DAY,2026-04-24T13:54:38.352Z,2026-04-24T13:54:38.626Z
SMH260424P00495000,SMH260424P00495000,OPTION,SELL,STC,SELL_TO_CLOSE,FILLED,2.0,2.0,@1.71,1.86,DAY,2026-04-24T13:49:36.965Z,2026-04-24T13:49:37.137Z
INTC260424P00077000,INTC260424P00077000,OPTION,BUY,BTO,BUY_TO_OPEN,FILLED,15.0,15.0,@0.3,0.29,DAY,2026-04-24T13:49:27.306Z,2026-04-24T13:49:27.473Z
SOXS,SOXS,EQUITY,BUY,BUY,,FILLED,360.0,360.0,,14.06,DAY,2026-04-24T13:46:38.393Z,2026-04-24T13:47:26.533Z
SMH260424P00495000,SMH260424P00495000,OPTION,BUY,BTO,BUY_TO_OPEN,FILLED,3.0,3.0,@1.29,1.2,DAY,2026-04-24T13:42:31.686Z,2026-04-24T13:42:31.928Z
QCOM260424C00155000,QCOM260424C00155000,OPTION,SELL,STC,SELL_TO_CLOSE,FILLED,3.0,3.0,@0.74,0.87,DAY,2026-04-24T13:38:00.738Z,2026-04-24T13:38:16.222Z
NVDA260424C00205000,NVDA260424C00205000,OPTION,SELL,STC,SELL_TO_CLOSE,FILLED,5.0,5.0,@0.38,0.38,DAY,2026-04-24T13:36:32.503Z,2026-04-24T13:36:39.828Z
NVDA260424C00205000,NVDA260424C00205000,OPTION,BUY,BTO,BUY_TO_OPEN,FILLED,5.0,5.0,@0.68,0.68,DAY,2026-04-24T13:34:56.641Z,2026-04-24T13:34:58.591Z
QCOM260424C00155000,QCOM260424C00155000,OPTION,BUY,BTO,BUY_TO_OPEN,FILLED,3.0,3.0,@1.0,1.0,DAY,2026-04-24T13:33:23.434Z,2026-04-24T13:33:23.490Z
LPTH260515C00017500,LPTH260515C00017500,OPTION,BUY,BTO,BUY_TO_OPEN,CANCELLED,0.0,3.0,@1.05,,DAY,2026-04-24T13:32:47.383Z,
MU260424P00465000,MU260424P00465000,OPTION,SELL,STC,SELL_TO_CLOSE,FILLED,2.0,2.0,@0.4,0.51,DAY,2026-04-24T13:30:35.687Z,2026-04-24T13:30:36.096Z
IREN,IREN,EQUITY,BUY,BUY,,FILLED,200.0,200.0,@53.48,53.45,DAY,2026-04-24T12:59:01.966Z,2026-04-24T12:59:02.012Z
QQQ260423C00654000,QQQ260423C00654000,OPTION,SELL,STC,SELL_TO_CLOSE,FILLED,5.0,5.0,@0.04,0.05,DAY,2026-04-23T19:34:47.506Z,2026-04-23T19:34:47.689Z
QQQ260423P00646000,QQQ260423P00646000,OPTION,SELL,STC,SELL_TO_CLOSE,FILLED,10.0,10.0,@0.14,0.14,DAY,2026-04-23T19:07:04.151Z,2026-04-23T19:07:04.367Z
AAOI260515P00085000,AAOI260515P00085000,OPTION,SELL,STC,SELL_TO_CLOSE,FILLED,1.0,1.0,@2.8,2.84,DAY,2026-04-23T18:35:04.655Z,2026-04-23T18:35:04.796Z
QQQ260423P00646000,QQQ260423P00646000,OPTION,BUY,BTO,BUY_TO_OPEN,FILLED,10.0,10.0,@0.11,0.09,DAY,2026-04-23T18:31:01.675Z,2026-04-23T18:31:02.281Z
QQQ260423C00654000,QQQ260423C00654000,OPTION,BUY,BTO,BUY_TO_OPEN,FILLED,5.0,5.0,@0.41,0.4,DAY,2026-04-23T18:30:52.181Z,2026-04-23T18:30:52.334Z
AAOI260515P00085000,AAOI260515P00085000,OPTION,BUY,BTO,BUY_TO_OPEN,FILLED,1.0,1.0,@3.3,3.3,DAY,2026-04-23T17:50:48.795Z,2026-04-23T17:51:17.991Z
UAL260515P00065000,UAL260515P00065000,OPTION,BUY,BTO,BUY_TO_OPEN,FILLED,50.0,50.0,@0.25,0.25,DAY,2026-04-23T17:29:15.603Z,2026-04-23T17:29:15.659Z
IREN,IREN,EQUITY,SELL,SELL,,FILLED,200.0,200.0,@51.03,51.03,DAY,2026-04-23T17:20:18.894Z,2026-04-23T17:20:20.137Z
FCEL260501C00016000,FCEL260501C00016000,OPTION,SELL,STC,SELL_TO_CLOSE,FILLED,10.0,10.0,@0.2,0.2,DAY,2026-04-23T17:11:10.331Z,2026-04-23T17:11:10.383Z
IREN260515C00060000,IREN260515C00060000,OPTION,SELL,STC,SELL_TO_CLOSE,FILLED,5.0,5.0,@3.3,3.3,DAY,2026-04-23T17:10:01.815Z,2026-04-23T17:10:02.378Z
IREN260515C00060000,IREN260515C00060000,OPTION,SELL,STC,SELL_TO_CLOSE,FILLED,5.0,5.0,@3.3,3.36,DAY,2026-04-23T17:05:45.341Z,2026-04-23T17:05:45.483Z
MU260424P00465000,MU260424P00465000,OPTION,BUY,BTO,BUY_TO_OPEN,FILLED,1.0,1.0,@2.31,2.24,DAY,2026-04-23T17:05:30.528Z,2026-04-23T17:05:30.666Z
CAR260515P00105000,CAR260515P00105000,OPTION,SELL,STC,SELL_TO_CLOSE,CANCELLED,0.0,15.0,@0.95,,DAY,2026-04-23T16:42:15.384Z,
CAR260515P00100000,CAR260515P00100000,OPTION,BUY,STC,SELL_TO_CLOSE,CANCELLED,0.0,15.0,@0.95,,DAY,2026-04-23T16:42:15.384Z,
MSFT260515P00405000,MSFT260515P00405000,OPTION,BUY,BTO,BUY_TO_OPEN,FILLED,1.0,1.0,@10.95,10.95,DAY,2026-04-23T16:41:41.143Z,2026-04-23T16:41:41.218Z
CAR260515P00105000,CAR260515P00105000,OPTION,BUY,BTO,BUY_TO_OPEN,FILLED,5.0,5.0,@0.35,0.32,DAY,2026-04-23T16:07:12.945Z,2026-04-23T16:07:13.096Z
CAR260515P00100000,CAR260515P00100000,OPTION,SELL,BTO,BUY_TO_OPEN,FILLED,5.0,5.0,@0.35,0.32,DAY,2026-04-23T16:07:12.945Z,2026-04-23T16:07:13.096Z
CAR260515P00105000,CAR260515P00105000,OPTION,BUY,BTO,BUY_TO_OPEN,FILLED,10.0,10.0,@0.35,0.34,DAY,2026-04-23T16:06:55.150Z,2026-04-23T16:06:55.319Z
CAR260515P00100000,CAR260515P00100000,OPTION,SELL,BTO,BUY_TO_OPEN,FILLED,10.0,10.0,@0.35,0.34,DAY,2026-04-23T16:06:55.150Z,2026-04-23T16:06:55.319Z
CAR260424P00285000,CAR260424P00285000,OPTION,SELL,STC,SELL_TO_CLOSE,FILLED,1.0,1.0,@61.2,61.2,DAY,2026-04-23T16:05:48.597Z,2026-04-23T16:05:48.648Z
CAR260424P00285000,CAR260424P00285000,OPTION,SELL,SELL,,FAILED,0.0,1.0,@500.0,,DAY,2026-04-23T15:42:56.390Z,
CAR260424P00285000,CAR260424P00285000,OPTION,SELL,SELL,,CANCELLED,0.0,1.0,,,DAY,2026-04-23T15:42:56.390Z,
ASTX,ASTX,EQUITY,SELL,SELL,,FILLED,75.0,75.0,@31.79,31.88,DAY,2026-04-23T14:10:18.157Z,2026-04-23T14:10:18.237Z
CAR260424P00285000,CAR260424P00285000,OPTION,SELL,SELL,,FAILED,0.0,1.0,,,DAY,2026-04-23T13:44:24.391Z,
CAR260424P00285000,CAR260424P00285000,OPTION,SELL,SELL,,CANCELLED,0.0,1.0,@800.0,,DAY,2026-04-23T13:44:24.391Z,
IREN,IREN,EQUITY,BUY,BUY,,FILLED,10.0,10.0,@49.38,49.38,DAY,2026-04-23T13:42:45.093Z,2026-04-23T13:42:49.976Z
FCEL260501C00016000,FCEL260501C00016000,OPTION,SELL,STC,SELL_TO_CLOSE,FILLED,10.0,10.0,@0.15,0.15,DAY,2026-04-23T13:42:21.696Z,2026-04-23T13:42:21.782Z
POET260501C00020000,POET260501C00020000,OPTION,SELL,STC,SELL_TO_CLOSE,FILLED,20.0,20.0,@0.09,0.09,DAY,2026-04-23T13:42:09.710Z,2026-04-23T13:42:09.767Z
MU260424P00465000,MU260424P00465000,OPTION,BUY,BTO,BUY_TO_OPEN,FILLED,1.0,1.0,@5.55,5.5,DAY,2026-04-23T13:41:38.139Z,2026-04-23T13:41:38.186Z
TSLA260515C00410000,TSLA260515C00410000,OPTION,SELL,STC,SELL_TO_CLOSE,FILLED,1.0,1.0,,6.05,DAY,2026-04-23T13:33:12.328Z,2026-04-23T13:33:12.402Z
IREN,IREN,EQUITY,BUY,BUY,,FILLED,190.0,190.0,@48.39,47.62,DAY,2026-04-23T00:19:31.543Z,2026-04-23T00:19:31.577Z
IREN,IREN,EQUITY,SELL,SELL,,FILLED,200.0,200.0,@47.52,47.52,DAY,2026-04-23T00:16:25.012Z,2026-04-23T00:16:25.058Z
IREN,IREN,EQUITY,BUY,BUY,,FILLED,100.0,100.0,@48.33,48.32,DAY,2026-04-22T19:50:51.520Z,2026-04-22T19:50:51.562Z
ASTX,ASTX,EQUITY,SELL,SELL,,FILLED,150.0,150.0,@35.64,35.64,DAY,2026-04-22T19:50:42.270Z,2026-04-22T19:50:42.321Z
CAR260424P00285000,CAR260424P00285000,OPTION,BUY,BTO,BUY_TO_OPEN,FILLED,1.0,1.0,@4.1,4.1,DAY,2026-04-22T19:41:42.070Z,2026-04-22T19:41:43.178Z
CAR260424P00350000,CAR260424P00350000,OPTION,SELL,STC,SELL_TO_CLOSE,FILLED,1.0,1.0,@12.4,12.4,DAY,2026-04-22T19:40:50.397Z,2026-04-22T19:41:03.741Z
TSLA260515C00410000,TSLA260515C00410000,OPTION,BUY,BTO,BUY_TO_OPEN,FILLED,1.0,1.0,@10.7,10.65,DAY,2026-04-22T18:57:47.489Z,2026-04-22T18:57:47.522Z
COIN260424C00215000,COIN260424C00215000,OPTION,SELL,STC,SELL_TO_CLOSE,FILLED,1.0,1.0,@1.78,1.78,DAY,2026-04-22T18:25:28.129Z,2026-04-22T18:25:28.164Z
MU260618C00600000,MU260618C00600000,OPTION,SELL,STC,SELL_TO_CLOSE,FILLED,1.0,1.0,@23.2,23.31,DAY,2026-04-22T17:33:46.394Z,2026-04-22T17:33:46.530Z
COIN260424C00215000,COIN260424C00215000,OPTION,BUY,BTO,BUY_TO_OPEN,FILLED,1.0,1.0,@2.18,2.18,DAY,2026-04-22T16:50:05.038Z,2026-04-22T16:50:05.084Z
IREN260515C00060000,IREN260515C00060000,OPTION,BUY,BTO,BUY_TO_OPEN,FILLED,5.0,5.0,@2.09,2.09,DAY,2026-04-22T15:29:54.750Z,2026-04-22T15:29:54.785Z
MU260618C00600000,MU260618C00600000,OPTION,SELL,STC,SELL_TO_CLOSE,FILLED,1.0,1.0,@20.0,20.19,DAY,2026-04-22T14:31:21.496Z,2026-04-22T14:31:21.716Z
MU260618C00600000,MU260618C00600000,OPTION,SELL,SELL,,CANCELLED,0.0,1.0,,,GTC,2026-04-22T14:27:57.702Z,
MU260618C00600000,MU260618C00600000,OPTION,SELL,SELL,,CANCELLED,0.0,1.0,@200.0,,GTC,2026-04-22T14:27:57.702Z,
MU260618C00600000,MU260618C00600000,OPTION,BUY,BTO,BUY_TO_OPEN,FILLED,1.0,1.0,@21.25,21.25,DAY,2026-04-22T14:27:29.893Z,2026-04-22T14:27:29.926Z
VET,VET,EQUITY,SELL,SELL,,FILLED,500.0,500.0,@12.14,12.14,DAY,2026-04-22T14:22:51.335Z,2026-04-22T14:23:01.459Z
MU260618C00600000,MU260618C00600000,OPTION,BUY,BTO,BUY_TO_OPEN,FILLED,1.0,1.0,@18.8,18.8,DAY,2026-04-22T14:21:49.603Z,2026-04-22T14:21:49.685Z
IREN260515C00060000,IREN260515C00060000,OPTION,BUY,BTO,BUY_TO_OPEN,FILLED,5.0,5.0,@2.03,2.01,DAY,2026-04-22T14:19:27.449Z,2026-04-22T14:19:27.538Z
UAL260515P00085000,UAL260515P00085000,OPTION,SELL,STC,SELL_TO_CLOSE,FILLED,5.0,5.0,@1.96,1.96,DAY,2026-04-22T13:47:06.978Z,2026-04-22T13:47:07.019Z
POET260501C00020000,POET260501C00020000,OPTION,BUY,BTO,BUY_TO_OPEN,FILLED,20.0,20.0,@0.22,0.22,DAY,2026-04-22T13:46:23.350Z,2026-04-22T13:46:57.279Z
FCEL260501C00016000,FCEL260501C00016000,OPTION,BUY,BTO,BUY_TO_OPEN,FILLED,10.0,10.0,@0.25,0.25,DAY,2026-04-22T13:44:06.829Z,2026-04-22T13:44:36.295Z
FCEL260501C00016000,FCEL260501C00016000,OPTION,BUY,BTO,BUY_TO_OPEN,FILLED,10.0,10.0,@0.25,0.25,DAY,2026-04-22T13:39:41.961Z,2026-04-22T13:39:49.036Z
QQQ260422C00649000,QQQ260422C00649000,OPTION,SELL,STC,SELL_TO_CLOSE,FILLED,1.0,1.0,,1.99,DAY,2026-04-22T13:34:17.716Z,2026-04-22T13:34:17.862Z
ASTX,ASTX,EQUITY,BUY,BUY,,FILLED,150.0,150.0,@37.11,37.11,DAY,2026-04-22T13:33:17.955Z,2026-04-22T13:33:27.520Z
IREN,IREN,EQUITY,BUY,BUY,,FILLED,100.0,100.0,@47.5,47.5,DAY,2026-04-22T13:31:51.097Z,2026-04-22T13:31:59.312Z
ASTX,ASTX,EQUITY,BUY,BUY,,FILLED,150.0,150.0,@35.92,35.92,DAY,2026-04-22T13:31:33.852Z,2026-04-22T13:32:02.890Z
COIN260515P00185000,COIN260515P00185000,OPTION,SELL,STC,SELL_TO_CLOSE,FILLED,2.0,2.0,@7.7,8.17,DAY,2026-04-22T13:31:09.109Z,2026-04-22T13:32:08.120Z
BCAR,BCAR,EQUITY,SELL,SELL,,FILLED,800.0,800.0,,10.27,DAY,2026-04-22T13:30:49.639Z,2026-04-22T13:30:49.688Z
GSAT,GSAT,EQUITY,SELL,SELL,,FILLED,100.0,100.0,,80.37,DAY,2026-04-22T13:30:34.877Z,2026-04-22T13:30:34.914Z
QQQ260422C00649000,QQQ260422C00649000,OPTION,SELL,STC,SELL_TO_CLOSE,FILLED,1.0,1.0,@2.32,2.45,DAY,2026-04-22T13:30:28.667Z,2026-04-22T13:30:28.808Z
MU260515P00340000,MU260515P00340000,OPTION,SELL,STC,SELL_TO_CLOSE,FILLED,7.0,7.0,,2.3,DAY,2026-04-22T13:30:11.019Z,2026-04-22T13:30:11.162Z
VET,VET,EQUITY,SELL,SELL,,CANCELLED,0.0,500.0,,,DAY,2026-04-22T12:34:01.931Z,
GSAT,GSAT,EQUITY,SELL,SELL,,CANCELLED,0.0,100.0,@80.72,,DAY,2026-04-22T12:25:38.109Z,
GSAT,GSAT,EQUITY,SELL,SELL,,CANCELLED,0.0,100.0,@80.74,,DAY,2026-04-22T12:25:20.069Z,
GSAT,GSAT,EQUITY,BUY,BUY,,FILLED,100.0,100.0,@80.65,80.64,DAY,2026-04-22T00:21:13.593Z,2026-04-22T00:21:13.628Z
QQQ260422C00649000,QQQ260422C00649000,OPTION,BUY,BTO,BUY_TO_OPEN,FILLED,2.0,2.0,@1.21,1.21,DAY,2026-04-21T19:57:43.823Z,2026-04-21T19:57:45.574Z
QQQ260422P00638000,QQQ260422P00638000,OPTION,SELL,STC,SELL_TO_CLOSE,FILLED,1.0,1.0,@1.53,1.53,DAY,2026-04-21T19:56:55.163Z,2026-04-21T19:56:55.307Z
QQQ260422P00638000,QQQ260422P00638000,OPTION,BUY,BTO,BUY_TO_OPEN,FILLED,1.0,1.0,@2.01,1.86,DAY,2026-04-21T19:44:53.010Z,2026-04-21T19:44:53.055Z
UAL260515P00085000,UAL260515P00085000,OPTION,SELL,STC,SELL_TO_CLOSE,FILLED,3.0,3.0,@1.65,1.65,DAY,2026-04-21T17:22:48.840Z,2026-04-21T17:22:48.873Z
UAL260618P00085000,UAL260618P00085000,OPTION,SELL,STC,SELL_TO_CLOSE,FILLED,1.0,1.0,@3.4,3.4,DAY,2026-04-21T17:22:35.874Z,2026-04-21T17:22:35.944Z
WLAC,WLAC,EQUITY,SELL,SELL,,FILLED,600.0,600.0,@13.71,13.71,DAY,2026-04-21T16:50:25.106Z,2026-04-21T16:50:45.732Z
COIN260515P00185000,COIN260515P00185000,OPTION,SELL,STC,SELL_TO_CLOSE,FILLED,1.0,1.0,@9.05,9.26,DAY,2026-04-21T16:08:57.049Z,2026-04-21T16:08:57.276Z
UAL260515P00085000,UAL260515P00085000,OPTION,BUY,BTO,BUY_TO_OPEN,FILLED,8.0,8.0,@1.68,1.68,DAY,2026-04-21T15:38:06.043Z,2026-04-21T15:38:06.100Z
COIN260515P00185000,COIN260515P00185000,OPTION,BUY,BTO,BUY_TO_OPEN,FILLED,1.0,1.0,@9.35,9.35,DAY,2026-04-21T15:37:44.985Z,2026-04-21T15:37:45.041Z
HPE260618C00024000,HPE260618C00024000,OPTION,SELL,STC,SELL_TO_CLOSE,FILLED,3.0,3.0,@5.8,5.8,DAY,2026-04-21T15:01:36.810Z,2026-04-21T15:01:43.572Z
HPE260618C00024000,HPE260618C00024000,OPTION,SELL,STC,SELL_TO_CLOSE,FILLED,3.0,3.0,,5.9,DAY,2026-04-21T15:00:45.597Z,2026-04-21T15:00:45.784Z
HPE260618C00024000,HPE260618C00024000,OPTION,SELL,STC,SELL_TO_CLOSE,CANCELLED,0.0,3.0,@6.2,,DAY,2026-04-21T14:55:18.158Z,
CAR260424P00350000,CAR260424P00350000,OPTION,BUY,BTO,BUY_TO_OPEN,FILLED,1.0,1.0,@5.4,5.4,DAY,2026-04-21T14:26:43.238Z,2026-04-21T14:26:56.699Z
CAR260424P00590000,CAR260424P00590000,OPTION,BUY,BTO,BUY_TO_OPEN,CANCELLED,0.0,1.0,@0.5,,DAY,2026-04-21T14:25:29.948Z,
CAR260424P00585000,CAR260424P00585000,OPTION,SELL,BTO,BUY_TO_OPEN,CANCELLED,0.0,1.0,@0.5,,DAY,2026-04-21T14:25:29.948Z,
FCEL260424C00009500,FCEL260424C00009500,OPTION,SELL,STC,SELL_TO_CLOSE,FILLED,5.0,5.0,@0.7,0.7,DAY,2026-04-21T14:25:00.994Z,2026-04-21T14:25:01.038Z
UAL260515P00085000,UAL260515P00085000,OPTION,SELL,STC,SELL_TO_CLOSE,FILLED,10.0,10.0,@1.31,1.31,DAY,2026-04-21T13:53:26.435Z,2026-04-21T13:53:38.950Z
FCEL260424C00009500,FCEL260424C00009500,OPTION,BUY,BTO,BUY_TO_OPEN,FILLED,5.0,5.0,@0.5,0.47,DAY,2026-04-21T13:37:02.681Z,2026-04-21T13:37:02.816Z
QQQ260421C00651000,QQQ260421C00651000,OPTION,SELL,STC,SELL_TO_CLOSE,FILLED,5.0,5.0,@0.46,0.51,DAY,2026-04-21T13:33:47.825Z,2026-04-21T13:33:47.875Z
IREN,IREN,EQUITY,BUY,BUY,,FILLED,100.0,100.0,@48.49,48.49,DAY,2026-04-20T21:14:27.560Z,2026-04-20T21:14:27.609Z
QQQ260421C00651000,QQQ260421C00651000,OPTION,BUY,BTO,BUY_TO_OPEN,FILLED,5.0,5.0,@0.8,0.8,DAY,2026-04-20T19:13:08.379Z,2026-04-20T19:13:21.017Z
USAR260424C00024500,USAR260424C00024500,OPTION,SELL,STC,SELL_TO_CLOSE,FILLED,3.0,3.0,@0.42,0.44,DAY,2026-04-20T15:00:52.285Z,2026-04-20T15:01:07.551Z
HPE260618C00024000,HPE260618C00024000,OPTION,SELL,STC,SELL_TO_CLOSE,CANCELLED,0.0,3.0,,,DAY,2026-04-20T14:49:02.184Z,
USAR260424C00024500,USAR260424C00024500,OPTION,SELL,STC,SELL_TO_CLOSE,FILLED,2.0,2.0,@1.15,1.15,DAY,2026-04-20T13:43:35.999Z,2026-04-20T13:43:36.040Z
KC260515C00020000,KC260515C00020000,OPTION,SELL,STC,SELL_TO_CLOSE,FILLED,15.0,15.0,@0.35,0.35,DAY,2026-04-20T13:32:51.637Z,2026-04-20T13:32:51.686Z
SLV260630C00068000,SLV260630C00068000,OPTION,SELL,STC,SELL_TO_CLOSE,FILLED,2.0,2.0,@9.1,9.1,DAY,2026-04-20T13:32:43.670Z,2026-04-20T13:32:43.722Z
COIN260515P00185000,COIN260515P00185000,OPTION,BUY,BTO,BUY_TO_OPEN,FILLED,2.0,2.0,@9.9,9.9,DAY,2026-04-20T13:32:27.595Z,2026-04-20T13:32:27.689Z
USAR260424C00024500,USAR260424C00024500,OPTION,BUY,BTO,BUY_TO_OPEN,FILLED,5.0,5.0,@0.54,0.54,DAY,2026-04-20T13:31:15.096Z,2026-04-20T13:31:15.136Z
SLV260630C00068000,SLV260630C00068000,OPTION,SELL,STC,SELL_TO_CLOSE,FILLED,3.0,3.0,@9.15,9.3,DAY,2026-04-20T13:30:36.075Z,2026-04-20T13:30:36.221Z
BABA260515C00170000,BABA260515C00170000,OPTION,SELL,STC,SELL_TO_CLOSE,FILLED,15.0,15.0,@0.86,0.86,DAY,2026-04-17T19:35:50.775Z,2026-04-17T19:35:58.098Z
UAL260618P00085000,UAL260618P00085000,OPTION,BUY,BTO,BUY_TO_OPEN,FILLED,5.0,5.0,@2.8,2.8,DAY,2026-04-17T19:27:20.096Z,2026-04-17T19:27:33.224Z
MU260515P00340000,MU260515P00340000,OPTION,BUY,BTO,BUY_TO_OPEN,FILLED,2.0,2.0,@3.3,3.3,DAY,2026-04-17T18:56:01.355Z,2026-04-17T18:56:01.391Z
HPE260515C00028000,HPE260515C00028000,OPTION,SELL,STC,SELL_TO_CLOSE,FILLED,20.0,20.0,@0.68,0.68,DAY,2026-04-17T17:56:24.930Z,2026-04-17T17:56:36.979Z
UAL260515P00085000,UAL260515P00085000,OPTION,BUY,BTO,BUY_TO_OPEN,FILLED,5.0,5.0,@1.35,1.28,DAY,2026-04-17T17:56:15.033Z,2026-04-17T17:56:15.172Z
UAL260515P00085000,UAL260515P00085000,OPTION,BUY,BTO,BUY_TO_OPEN,FILLED,5.0,5.0,@1.22,1.14,DAY,2026-04-17T17:13:33.123Z,2026-04-17T17:13:33.288Z
BABA260515C00170000,BABA260515C00170000,OPTION,BUY,BTO,BUY_TO_OPEN,FILLED,15.0,15.0,@1.05,1.02,DAY,2026-04-17T16:20:58.477Z,2026-04-17T16:20:58.524Z
KC260515C00020000,KC260515C00020000,OPTION,BUY,BTO,BUY_TO_OPEN,FILLED,15.0,15.0,@0.8,0.79,DAY,2026-04-17T16:14:58.396Z,2026-04-17T16:15:21.291Z
KC260515C00020000,KC260515C00020000,OPTION,BUY,BTO,BUY_TO_OPEN,CANCELLED,0.0,20.0,@0.65,,DAY,2026-04-17T16:12:41.661Z,
QQQ260417P00646000,QQQ260417P00646000,OPTION,BUY,BTO,BUY_TO_OPEN,FILLED,4.0,4.0,@0.72,0.71,DAY,2026-04-17T15:19:53.408Z,2026-04-17T15:19:53.450Z
SLV260515C00080000,SLV260515C00080000,OPTION,SELL,STC,SELL_TO_CLOSE,FILLED,5.0,5.0,@2.71,2.71,DAY,2026-04-17T15:19:23.447Z,2026-04-17T15:19:23.568Z
NVDA260417C00202500,NVDA260417C00202500,OPTION,SELL,STC,SELL_TO_CLOSE,FILLED,5.0,5.0,@0.17,0.17,DAY,2026-04-17T15:19:05.891Z,2026-04-17T15:19:05.933Z
BCAR,BCAR,EQUITY,BUY,BUY,,FILLED,800.0,800.0,,10.26,DAY,2026-04-17T14:00:12.105Z,2026-04-17T14:00:21.400Z
TTE260515P00085000,TTE260515P00085000,OPTION,SELL,STC,SELL_TO_CLOSE,FILLED,2.0,2.0,@1.9,1.9,DAY,2026-04-17T13:45:00.927Z,2026-04-17T13:45:00.978Z
NVDA260417C00202500,NVDA260417C00202500,OPTION,BUY,BTO,BUY_TO_OPEN,FILLED,5.0,5.0,@0.43,0.42,DAY,2026-04-17T13:44:42.999Z,2026-04-17T13:44:43.045Z
TTE260515P00085000,TTE260515P00085000,OPTION,BUY,BTO,BUY_TO_OPEN,FILLED,2.0,2.0,@2.0,2.0,DAY,2026-04-17T13:34:05.334Z,2026-04-17T13:34:05.416Z
GOOG260417P00300000,GOOG260417P00300000,OPTION,SELL,STC,SELL_TO_CLOSE,FILLED,8.0,8.0,@0.01,0.01,DAY,2026-04-17T13:32:22.612Z,2026-04-17T13:45:53.302Z
VET,VET,EQUITY,SELL,SELL,,FILLED,500.0,500.0,,11.53,DAY,2026-04-17T13:32:05.255Z,2026-04-17T13:32:05.389Z
CRWV260424P00117000,CRWV260424P00117000,OPTION,SELL,STC,SELL_TO_CLOSE,FILLED,1.0,1.0,@4.4,4.4,DAY,2026-04-17T13:31:22.358Z,2026-04-17T13:31:22.440Z
SLV260630C00068000,SLV260630C00068000,OPTION,BUY,BTO,BUY_TO_OPEN,FILLED,2.0,2.0,@10.45,10.34,DAY,2026-04-17T13:31:00.988Z,2026-04-17T13:31:09.694Z
SLV260515C00080000,SLV260515C00080000,OPTION,BUY,BTO,BUY_TO_OPEN,FILLED,5.0,5.0,@2.54,2.47,DAY,2026-04-17T13:30:45.465Z,2026-04-17T13:30:45.622Z
VET,VET,EQUITY,SELL,SELL,,CANCELLED,0.0,1000.0,,,DAY,2026-04-17T13:06:48.293Z,
HPE260417C00027500,HPE260417C00027500,OPTION,BUY,BTO,BUY_TO_OPEN,PARTIAL_FILLED,25.0,50.0,@0.01,0.01,DAY,2026-04-16T19:35:46.743Z,2026-04-16T19:35:46.801Z
SMH260515P00430000,SMH260515P00430000,OPTION,SELL,STC,SELL_TO_CLOSE,FILLED,1.0,1.0,@10.0,10.0,DAY,2026-04-16T19:35:09.083Z,2026-04-16T19:35:16.121Z
LPTH,LPTH,EQUITY,BUY,BUY,,FILLED,300.0,300.0,@14.39,14.39,DAY,2026-04-16T19:24:28.325Z,2026-04-16T19:24:28.366Z
HPE260515C00028000,HPE260515C00028000,OPTION,BUY,BTO,BUY_TO_OPEN,FILLED,20.0,20.0,@0.54,0.53,DAY,2026-04-16T19:15:52.113Z,2026-04-16T19:15:52.250Z
HPE260618C00024000,HPE260618C00024000,OPTION,BUY,BTO,BUY_TO_OPEN,FILLED,3.0,3.0,@3.15,3.12,DAY,2026-04-16T19:15:05.434Z,2026-04-16T19:15:26.384Z
SMH260515P00430000,SMH260515P00430000,OPTION,BUY,BTO,BUY_TO_OPEN,FILLED,1.0,1.0,@10.75,10.75,DAY,2026-04-16T17:19:42.262Z,2026-04-16T17:19:42.301Z
SLV260630C00068000,SLV260630C00068000,OPTION,SELL,STC,SELL_TO_CLOSE,FILLED,2.0,2.0,@8.4,8.4,DAY,2026-04-16T16:52:15.938Z,2026-04-16T16:52:16.001Z
HPE260515C00028000,HPE260515C00028000,OPTION,SELL,STC,SELL_TO_CLOSE,FILLED,20.0,20.0,@0.48,0.49,DAY,2026-04-16T16:44:12.772Z,2026-04-16T16:44:12.969Z
CRWV260424P00117000,CRWV260424P00117000,OPTION,BUY,BTO,BUY_TO_OPEN,FILLED,1.0,1.0,@5.35,5.22,DAY,2026-04-16T16:31:08.794Z,2026-04-16T16:31:08.932Z
HPE260618C00024000,HPE260618C00024000,OPTION,SELL,STC,SELL_TO_CLOSE,FILLED,3.0,3.0,@3.0,3.01,DAY,2026-04-16T16:24:51.810Z,2026-04-16T16:24:51.982Z
MU260515P00340000,MU260515P00340000,OPTION,BUY,BTO,BUY_TO_OPEN,FILLED,2.0,2.0,@3.95,3.95,DAY,2026-04-16T16:24:26.259Z,2026-04-16T16:24:36.112Z
MU260515P00340000,MU260515P00340000,OPTION,SELL,STC,SELL_TO_CLOSE,FILLED,2.0,2.0,@3.8,3.8,DAY,2026-04-16T16:21:27.183Z,2026-04-16T16:21:32.565Z
INTC260424P00059000,INTC260424P00059000,OPTION,SELL,STC,SELL_TO_CLOSE,FILLED,1.0,1.0,@0.87,0.87,DAY,2026-04-16T16:18:09.728Z,2026-04-16T16:18:09.779Z
HPE260618C00024000,HPE260618C00024000,OPTION,BUY,BTO,BUY_TO_OPEN,FILLED,3.0,3.0,@3.05,3.05,DAY,2026-04-16T16:13:24.893Z,2026-04-16T16:13:24.941Z
HPE260618C00024000,HPE260618C00024000,OPTION,BUY,BTO,BUY_TO_OPEN,FILLED,3.0,3.0,@3.0,2.99,DAY,2026-04-16T16:12:34.536Z,2026-04-16T16:12:34.672Z
HPE260515C00028000,HPE260515C00028000,OPTION,BUY,BTO,BUY_TO_OPEN,FILLED,20.0,20.0,@0.5,0.5,DAY,2026-04-16T16:12:23.774Z,2026-04-16T16:12:23.940Z
BCAR,BCAR,EQUITY,SELL,SELL,,FILLED,200.0,200.0,@10.26,10.26,DAY,2026-04-16T16:11:14.853Z,2026-04-16T16:11:20.561Z
SOXS260515C00045000,SOXS260515C00045000,OPTION,SELL,STC,SELL_TO_CLOSE,FILLED,10.0,10.0,@0.26,0.27,DAY,2026-04-16T16:10:41.007Z,2026-04-16T16:11:01.493Z
NVDA260420C00200000,NVDA260420C00200000,OPTION,SELL,SELL,,CANCELLED,0.0,3.0,@80.0,,DAY,2026-04-16T15:17:24.198Z,
NVDA260420C00200000,NVDA260420C00200000,OPTION,SELL,SELL,,FILLED,3.0,3.0,,1.88,DAY,2026-04-16T15:17:24.198Z,1776354446614
NVDA260420C00200000,NVDA260420C00200000,OPTION,BUY,BTO,BUY_TO_OPEN,FILLED,1.0,1.0,@2.19,2.17,DAY,2026-04-16T15:05:47.568Z,2026-04-16T15:05:47.753Z
NVDA260420C00200000,NVDA260420C00200000,OPTION,BUY,BTO,BUY_TO_OPEN,FILLED,2.0,2.0,@1.48,1.45,DAY,2026-04-16T14:04:32.919Z,2026-04-16T14:04:40.750Z
MU260417P00425000,MU260417P00425000,OPTION,SELL,STC,SELL_TO_CLOSE,FILLED,1.0,1.0,@1.0,1.02,DAY,2026-04-16T14:04:17.629Z,2026-04-16T14:04:17.869Z
MU260417P00425000,MU260417P00425000,OPTION,BUY,BTO,BUY_TO_OPEN,FILLED,1.0,1.0,@2.5,2.49,DAY,2026-04-16T13:32:59.830Z,2026-04-16T13:32:59.954Z
QQQ260416C00640000,QQQ260416C00640000,OPTION,SELL,STC,SELL_TO_CLOSE,FILLED,3.0,3.0,@0.89,0.91,DAY,2026-04-16T13:32:35.164Z,2026-04-16T13:32:35.210Z
WLAC,WLAC,EQUITY,BUY,BUY,,FILLED,200.0,200.0,@13.5,13.48,DAY,2026-04-15T19:56:36.327Z,2026-04-15T19:56:48.809Z
GLW,GLW,EQUITY,BUY,BUY,,FILLED,30.0,30.0,@168.5,168.5,DAY,2026-04-15T19:56:08.032Z,2026-04-15T19:56:09.188Z
TSLA260415C00395000,TSLA260415C00395000,OPTION,SELL,STC,SELL_TO_CLOSE,FILLED,5.0,5.0,@0.1,0.1,DAY,2026-04-15T19:02:09.808Z,2026-04-15T19:02:09.935Z
QQQ260416C00640000,QQQ260416C00640000,OPTION,BUY,BTO,BUY_TO_OPEN,FILLED,3.0,3.0,@0.78,0.78,DAY,2026-04-15T19:01:50.065Z,2026-04-15T19:01:53.107Z
TSLA260415C00395000,TSLA260415C00395000,OPTION,BUY,BTO,BUY_TO_OPEN,FILLED,5.0,5.0,@0.3,0.26,DAY,2026-04-15T18:52:08.103Z,2026-04-15T18:52:08.238Z
QQQ260415C00634000,QQQ260415C00634000,OPTION,SELL,STC,SELL_TO_CLOSE,FILLED,4.0,4.0,@1.81,1.84,DAY,2026-04-15T18:51:35.115Z,2026-04-15T18:51:35.258Z
BCAR,BCAR,EQUITY,BUY,BUY,,FILLED,1000.0,1000.0,@10.25,10.25,DAY,2026-04-15T18:45:39.039Z,2026-04-15T18:45:39.115Z
WLAC,WLAC,EQUITY,SELL,SELL,,FILLED,800.0,800.0,@12.8,12.8,DAY,2026-04-15T18:44:45.471Z,2026-04-15T18:44:51.459Z
QQQ260415C00634000,QQQ260415C00634000,OPTION,SELL,STC,SELL_TO_CLOSE,FILLED,4.0,4.0,@0.86,0.88,DAY,2026-04-15T18:25:05.796Z,2026-04-15T18:25:06.024Z
SOXS260515C00045000,SOXS260515C00045000,OPTION,BUY,BTO,BUY_TO_OPEN,FILLED,10.0,10.0,@0.36,0.36,DAY,2026-04-15T16:58:49.275Z,2026-04-15T19:04:35.369Z
MU260515P00340000,MU260515P00340000,OPTION,BUY,BTO,BUY_TO_OPEN,FILLED,1.0,1.0,@5.45,5.42,DAY,2026-04-15T16:56:52.435Z,2026-04-15T16:56:52.570Z
JD260618C00029000,JD260618C00029000,OPTION,SELL,STC,SELL_TO_CLOSE,FILLED,2.0,2.0,@3.5,3.59,DAY,2026-04-15T16:56:41.147Z,2026-04-15T16:56:41.283Z
JD260618C00029000,JD260618C00029000,OPTION,SELL,STC,SELL_TO_CLOSE,FILLED,3.0,3.0,@3.55,3.57,DAY,2026-04-15T16:56:27.598Z,2026-04-15T16:56:27.733Z
MU260515P00340000,MU260515P00340000,OPTION,BUY,BTO,BUY_TO_OPEN,FILLED,1.0,1.0,@4.8,4.8,DAY,2026-04-15T16:25:27.583Z,2026-04-15T16:25:39.725Z
QQQ260415C00634000,QQQ260415C00634000,OPTION,SELL,STC,SELL_TO_CLOSE,FILLED,7.0,7.0,@0.63,0.63,DAY,2026-04-15T15:15:28.151Z,2026-04-15T15:15:28.241Z
QQQ260415C00634000,QQQ260415C00634000,OPTION,BUY,BTO,BUY_TO_OPEN,FILLED,15.0,15.0,@0.31,0.31,DAY,2026-04-15T14:17:39.718Z,2026-04-15T14:17:42.976Z
MU260515P00340000,MU260515P00340000,OPTION,BUY,BTO,BUY_TO_OPEN,FILLED,1.0,1.0,@4.6,4.6,DAY,2026-04-15T14:01:41.982Z,2026-04-15T14:01:42.093Z
SPY260415C00700000,SPY260415C00700000,OPTION,SELL,STC,SELL_TO_CLOSE,FILLED,30.0,30.0,@0.13,0.14,DAY,2026-04-15T14:01:35.719Z,2026-04-15T14:01:35.859Z
SPY260415C00700000,SPY260415C00700000,OPTION,BUY,BTO,BUY_TO_OPEN,FILLED,30.0,30.0,@0.17,0.17,DAY,2026-04-14T18:14:00.548Z,2026-04-14T18:14:00.701Z
GLW,GLW,EQUITY,SHORT,SHORT,,FILLED,30.0,30.0,@169.95,169.95,DAY,2026-04-14T16:57:08.641Z,2026-04-14T16:57:15.066Z
LPTH,LPTH,EQUITY,SHORT,SHORT,,FILLED,300.0,300.0,,14.0,DAY,2026-04-14T16:54:40.095Z,2026-04-14T16:55:09.523Z
GLD260422C00450000,GLD260422C00450000,OPTION,SELL,STC,SELL_TO_CLOSE,FILLED,1.0,1.0,@3.85,4.05,DAY,2026-04-14T16:31:01.259Z,2026-04-14T16:31:01.636Z
GLD260422C00450000,GLD260422C00450000,OPTION,BUY,BTO,BUY_TO_OPEN,FILLED,1.0,1.0,@4.1,4.08,DAY,2026-04-14T16:30:42.877Z,2026-04-14T16:30:43.131Z
INTC260424P00059000,INTC260424P00059000,OPTION,BUY,BTO,BUY_TO_OPEN,FILLED,1.0,1.0,@2.24,2.21,DAY,2026-04-14T16:07:17.692Z,2026-04-14T16:07:17.891Z
HOOD260618C00070000,HOOD260618C00070000,OPTION,SELL,STC,SELL_TO_CLOSE,FILLED,1.0,1.0,@14.0,14.05,DAY,2026-04-14T14:41:13.527Z,2026-04-14T14:41:13.659Z
MU260515P00340000,MU260515P00340000,OPTION,SELL,STC,SELL_TO_CLOSE,FILLED,1.0,1.0,@5.5,5.5,DAY,2026-04-14T14:16:55.438Z,2026-04-14T14:17:25.805Z
MU260515P00340000,MU260515P00340000,OPTION,BUY,BTO,BUY_TO_OPEN,FILLED,1.0,1.0,@6.15,6.15,DAY,2026-04-14T14:10:26.654Z,2026-04-14T14:10:26.777Z
HOOD260618C00070000,HOOD260618C00070000,OPTION,BUY,BTO,BUY_TO_OPEN,FILLED,1.0,1.0,@12.85,12.65,DAY,2026-04-14T13:34:36.902Z,2026-04-14T13:34:37.042Z
JD260618C00029000,JD260618C00029000,OPTION,BUY,BTO,BUY_TO_OPEN,FILLED,5.0,5.0,@2.9,2.9,DAY,2026-04-14T13:34:10.916Z,2026-04-14T13:34:53.185Z
NVDA260417P00145000,NVDA260417P00145000,OPTION,SELL,STC,SELL_TO_CLOSE,FILLED,30.0,30.0,@0.01,0.01,DAY,2026-04-14T13:31:08.156Z,2026-04-14T13:31:19.741Z
USO260618C00135000,USO260618C00135000,OPTION,SELL,STC,SELL_TO_CLOSE,FILLED,2.0,2.0,@11.2,11.2,DAY,2026-04-14T13:30:46.164Z,2026-04-14T13:30:46.220Z
VET,VET,EQUITY,BUY,BUY,,FILLED,500.0,500.0,@12.93,12.93,DAY,2026-04-13T20:04:02.790Z,2026-04-13T20:04:02.827Z
USO260618C00135000,USO260618C00135000,OPTION,BUY,BTO,BUY_TO_OPEN,FILLED,2.0,2.0,@12.5,12.5,DAY,2026-04-13T19:57:59.964Z,2026-04-13T19:57:59.997Z
MU260515P00340000,MU260515P00340000,OPTION,SELL,STC,SELL_TO_CLOSE,FILLED,3.0,3.0,@7.1,7.31,DAY,2026-04-13T19:22:03.529Z,2026-04-13T19:22:03.663Z
SLV260630C00068000,SLV260630C00068000,OPTION,SELL,STC,SELL_TO_CLOSE,FILLED,5.0,5.0,@7.0,7.05,DAY,2026-04-13T17:27:30.755Z,2026-04-13T17:27:30.796Z
SLV260630C00068000,SLV260630C00068000,OPTION,BUY,BTO,BUY_TO_OPEN,FILLED,10.0,10.0,@7.0,7.0,DAY,2026-04-13T17:09:50.566Z,2026-04-13T17:09:50.607Z
MU260515P00340000,MU260515P00340000,OPTION,BUY,BTO,BUY_TO_OPEN,FILLED,2.0,2.0,@9.0,9.0,DAY,2026-04-13T14:03:39.700Z,2026-04-13T14:03:39.745Z
GRAL,GRAL,EQUITY,BUY,BUY,,FILLED,100.0,100.0,@46.94,46.87,DAY,2026-04-13T13:51:56.974Z,2026-04-13T13:51:57.042Z
MU260515P00340000,MU260515P00340000,OPTION,BUY,BTO,BUY_TO_OPEN,FILLED,3.0,3.0,@9.0,9.0,DAY,2026-04-13T13:51:47.975Z,2026-04-13T13:51:48.688Z
COIN260515P00150000,COIN260515P00150000,OPTION,SELL,STC,SELL_TO_CLOSE,FILLED,2.0,2.0,@6.8,6.8,DAY,2026-04-13T13:50:04.089Z,2026-04-13T13:50:04.170Z
MU260515P00340000,MU260515P00340000,OPTION,SELL,STC,SELL_TO_CLOSE,FILLED,5.0,5.0,@8.9,9.01,DAY,2026-04-13T13:49:58.137Z,2026-04-13T13:49:58.222Z
MU260515P00340000,MU260515P00340000,OPTION,BUY,BTO,BUY_TO_OPEN,FILLED,1.0,1.0,@9.55,9.55,DAY,2026-04-13T13:45:59.892Z,2026-04-13T13:46:05.134Z
ORCL260515P00140000,ORCL260515P00140000,OPTION,SELL,STC,SELL_TO_CLOSE,FILLED,1.0,1.0,@7.5,7.6,DAY,2026-04-13T13:42:57.364Z,2026-04-13T13:42:57.531Z
ORCL260515P00140000,ORCL260515P00140000,OPTION,SELL,STC,SELL_TO_CLOSE,FILLED,1.0,1.0,@7.5,7.9,DAY,2026-04-13T13:42:19.923Z,2026-04-13T13:42:20.087Z
MU260515P00340000,MU260515P00340000,OPTION,BUY,BTO,BUY_TO_OPEN,FILLED,2.0,2.0,@9.45,9.2,DAY,2026-04-13T13:42:08.994Z,2026-04-13T13:42:09.087Z
VET,VET,EQUITY,BUY,BUY,,FILLED,500.0,500.0,,12.84,DAY,2026-04-13T13:32:36.403Z,2026-04-13T13:32:46.417Z
INTC260417P00039000,INTC260417P00039000,OPTION,SELL,STC,SELL_TO_CLOSE,FILLED,30.0,30.0,@0.01,0.01,DAY,2026-04-13T13:32:04.371Z,2026-04-13T13:32:05.189Z
EWJ260417P00080000,EWJ260417P00080000,OPTION,SELL,STC,SELL_TO_CLOSE,CANCELLED,0.0,10.0,@0.45,,DAY,2026-04-13T13:31:44.576Z,
YINN260417C00036000,YINN260417C00036000,OPTION,SELL,STC,SELL_TO_CLOSE,FILLED,15.0,15.0,@0.1,0.18,DAY,2026-04-13T13:31:29.084Z,2026-04-13T13:31:29.236Z
GOOG260417P00300000,GOOG260417P00300000,OPTION,BUY,BTO,BUY_TO_OPEN,FILLED,8.0,8.0,@0.75,0.7,DAY,2026-04-13T13:31:24.451Z,2026-04-13T13:31:24.487Z
SPY260410P00676000,SPY260410P00676000,OPTION,SELL,STC,SELL_TO_CLOSE,FILLED,10.0,10.0,@0.03,0.03,DAY,2026-04-10T19:49:17.211Z,2026-04-10T19:49:17.245Z
YINN260417C00036000,YINN260417C00036000,OPTION,SELL,STC,SELL_TO_CLOSE,FILLED,5.0,5.0,@0.3,0.32,DAY,2026-04-10T19:33:00.342Z,2026-04-10T19:33:11.174Z
YINN260417C00036000,YINN260417C00036000,OPTION,BUY,BTO,BUY_TO_OPEN,FILLED,20.0,20.0,@0.38,0.36,DAY,2026-04-10T19:19:38.752Z,2026-04-10T19:19:38.788Z
SPY260410P00676000,SPY260410P00676000,OPTION,BUY,BTO,BUY_TO_OPEN,FILLED,9.0,9.0,@0.04,0.04,DAY,2026-04-10T19:10:56.532Z,2026-04-10T19:10:56.591Z
SPY260410P00676000,SPY260410P00676000,OPTION,BUY,BTO,BUY_TO_OPEN,FILLED,1.0,1.0,@0.04,0.04,DAY,2026-04-10T19:10:42.794Z,2026-04-10T19:10:42.830Z
MU260515P00340000,MU260515P00340000,OPTION,BUY,BTO,BUY_TO_OPEN,FILLED,2.0,2.0,@8.8,8.79,DAY,2026-04-10T15:44:35.157Z,2026-04-10T15:44:35.289Z
MU260515P00340000,MU260515P00340000,OPTION,SELL,STC,SELL_TO_CLOSE,FILLED,2.0,2.0,@8.15,8.3,DAY,2026-04-10T14:33:36.061Z,2026-04-10T14:33:36.290Z
COIN260515P00150000,COIN260515P00150000,OPTION,BUY,BTO,BUY_TO_OPEN,FILLED,2.0,2.0,@8.65,8.65,DAY,2026-04-10T13:42:42.542Z,2026-04-10T13:43:13.160Z
PANW260618P00150000,PANW260618P00150000,OPTION,BUY,BTO,BUY_TO_OPEN,CANCELLED,0.0,2.0,@7.75,,DAY,2026-04-10T13:41:24.096Z,
GRAL,GRAL,EQUITY,SHORT,SHORT,,FILLED,100.0,100.0,@45.68,45.68,DAY,2026-04-10T13:32:58.713Z,2026-04-10T13:32:58.753Z
ORCL260515P00140000,ORCL260515P00140000,OPTION,BUY,BTO,BUY_TO_OPEN,FILLED,2.0,2.0,@9.4,9.4,DAY,2026-04-09T16:37:53.286Z,2026-04-09T16:37:53.334Z
MSFT260515P00355000,MSFT260515P00355000,OPTION,SELL,STC,SELL_TO_CLOSE,FILLED,1.0,1.0,@9.15,9.15,DAY,2026-04-09T16:37:10.201Z,2026-04-09T16:38:03.313Z
ORCL260515P00140000,ORCL260515P00140000,OPTION,SELL,STC,SELL_TO_CLOSE,FILLED,1.0,1.0,@8.55,8.55,DAY,2026-04-09T16:08:45.167Z,2026-04-09T16:08:58.903Z
VET260515C00012500,VET260515C00012500,OPTION,SELL,STC,SELL_TO_CLOSE,FILLED,15.0,15.0,@0.85,0.85,DAY,2026-04-09T16:08:23.930Z,2026-04-09T16:08:28.907Z
ORCL260515P00140000,ORCL260515P00140000,OPTION,BUY,BTO,BUY_TO_OPEN,FILLED,1.0,1.0,@9.35,9.35,DAY,2026-04-09T15:00:26.298Z,2026-04-09T15:00:26.344Z
MU260515P00340000,MU260515P00340000,OPTION,BUY,BTO,BUY_TO_OPEN,FILLED,1.0,1.0,@11.65,11.65,DAY,2026-04-09T14:30:39.853Z,2026-04-09T14:30:43.216Z
MSFT260515P00355000,MSFT260515P00355000,OPTION,BUY,BTO,BUY_TO_OPEN,FILLED,1.0,1.0,@10.65,10.65,DAY,2026-04-09T13:56:08.797Z,2026-04-09T13:56:08.834Z
MU260515P00340000,MU260515P00340000,OPTION,SELL,STC,SELL_TO_CLOSE,FILLED,1.0,1.0,@9.8,9.8,DAY,2026-04-09T13:32:16.181Z,2026-04-09T13:32:16.228Z
MU260515P00340000,MU260515P00340000,OPTION,BUY,BTO,BUY_TO_OPEN,FILLED,1.0,1.0,@10.8,10.8,DAY,2026-04-08T19:55:56.733Z,2026-04-08T19:56:07.169Z
QQQ260408C00609000,QQQ260408C00609000,OPTION,SELL,STC,SELL_TO_CLOSE,FILLED,2.0,2.0,@0.46,0.47,DAY,2026-04-08T14:18:41.079Z,2026-04-08T14:18:41.114Z
MU260515P00340000,MU260515P00340000,OPTION,BUY,BTO,BUY_TO_OPEN,FILLED,1.0,1.0,@10.7,10.57,DAY,2026-04-08T14:10:42.962Z,2026-04-08T14:10:43.096Z
QQQ260408C00609000,QQQ260408C00609000,OPTION,BUY,BTO,BUY_TO_OPEN,FILLED,2.0,2.0,@1.08,1.08,DAY,2026-04-08T13:50:12.551Z,2026-04-08T13:50:16.713Z
UAL260515C00110000,UAL260515C00110000,OPTION,BUY,BTO,BUY_TO_OPEN,CANCELLED,0.0,2.0,@4.15,,DAY,2026-04-08T13:36:38.768Z,
EWJ260515P00080000,EWJ260515P00080000,OPTION,SELL,STC,SELL_TO_CLOSE,FILLED,7.0,7.0,@0.7,0.78,DAY,2026-04-08T13:32:09.446Z,2026-04-08T13:32:09.586Z
MU260515P00300000,MU260515P00300000,OPTION,SELL,STC,SELL_TO_CLOSE,FILLED,3.0,3.0,@3.9,3.9,DAY,2026-04-08T13:31:20.299Z,2026-04-08T13:31:20.341Z
MU260515P00280000,MU260515P00280000,OPTION,SELL,STC,SELL_TO_CLOSE,FILLED,5.0,5.0,@2.5,2.5,DAY,2026-04-08T13:31:08.239Z,2026-04-08T13:31:08.379Z
USO261016C00175000,USO261016C00175000,OPTION,SELL,STC,SELL_TO_CLOSE,FILLED,1.0,1.0,@6.8,6.8,DAY,2026-04-08T13:30:41.685Z,2026-04-08T13:30:41.730Z
NVDA260515P00200000,NVDA260515P00200000,OPTION,SELL,STC,SELL_TO_CLOSE,FILLED,2.0,2.0,@16.15,16.77,DAY,2026-04-08T13:30:19.859Z,2026-04-08T13:30:20.182Z
INTC260618P00055000,INTC260618P00055000,OPTION,SELL,STC,SELL_TO_CLOSE,FILLED,2.0,2.0,@5.5,6.0,DAY,2026-04-08T13:30:12.548Z,2026-04-08T13:30:12.713Z
EWY,EWY,EQUITY,SELL,SELL,,FILLED,100.0,100.0,@139.0,139.0,DAY,2026-04-08T11:31:41.378Z,2026-04-08T11:31:52.518Z
WLAC,WLAC,EQUITY,BUY,BUY,,FILLED,1200.0,1200.0,@10.8,10.8,DAY,2026-04-07T23:40:09.621Z,2026-04-07T23:40:09.664Z
EWY,EWY,EQUITY,BUY,BUY,,FILLED,100.0,100.0,@136.5,136.28,DAY,2026-04-07T23:27:08.826Z,2026-04-07T23:27:08.949Z
VET,VET,EQUITY,SELL,SELL,,FILLED,1000.0,1000.0,@13.0,13.2,DAY,2026-04-07T22:44:20.339Z,2026-04-07T22:44:20.378Z
SCO,SCO,EQUITY,BUY,BUY,,FILLED,1000.0,1000.0,@8.28,8.28,DAY,2026-04-07T22:39:03.357Z,2026-04-07T22:39:03.394Z
CTSH,CTSH,EQUITY,BUY,BUY,,FILLED,100.0,100.0,@61.86,61.86,DAY,2026-04-07T22:38:52.758Z,2026-04-07T23:50:16.400Z
NVDA260515P00200000,NVDA260515P00200000,OPTION,BUY,BTO,BUY_TO_OPEN,FILLED,2.0,2.0,@22.95,22.95,DAY,2026-04-07T19:57:32.752Z,2026-04-07T19:57:33.076Z
NVDA260515P00200000,NVDA260515P00200000,OPTION,SELL,STC,SELL_TO_CLOSE,FILLED,2.0,2.0,@23.3,23.37,DAY,2026-04-07T19:54:39.587Z,2026-04-07T19:54:39.721Z
UAL260417P00085000,UAL260417P00085000,OPTION,SELL,STC,SELL_TO_CLOSE,FILLED,3.0,3.0,@2.51,2.51,DAY,2026-04-07T19:49:44.580Z,2026-04-07T19:49:44.622Z
WEAT,WEAT,EQUITY,SELL,SELL,,FILLED,300.0,300.0,@22.89,22.89,DAY,2026-04-07T19:15:36.552Z,2026-04-07T19:15:36.620Z
VET260515C00020000,VET260515C00020000,OPTION,BUY,BTO,BUY_TO_OPEN,CANCELLED,0.0,10.0,@0.05,,DAY,2026-04-07T18:54:11.003Z,
VET260515C00012500,VET260515C00012500,OPTION,BUY,BTO,BUY_TO_OPEN,FILLED,3.0,3.0,@2.05,2.05,DAY,2026-04-07T18:51:28.344Z,2026-04-07T18:51:43.540Z
EWJ260417P00080000,EWJ260417P00080000,OPTION,BUY,BTO,BUY_TO_OPEN,FILLED,10.0,10.0,@0.85,0.84,DAY,2026-04-07T18:50:57.069Z,2026-04-07T18:51:09.961Z
UAL260417P00085000,UAL260417P00085000,OPTION,BUY,BTO,BUY_TO_OPEN,FILLED,3.0,3.0,@3.3,3.01,DAY,2026-04-07T13:40:41.073Z,2026-04-07T13:40:41.209Z
MU260515P00280000,MU260515P00280000,OPTION,BUY,BTO,BUY_TO_OPEN,FILLED,5.0,5.0,@5.1,5.1,DAY,2026-04-07T13:30:52.040Z,2026-04-07T13:30:52.183Z
VET260515C00012500,VET260515C00012500,OPTION,BUY,BTO,BUY_TO_OPEN,FILLED,8.0,8.0,@1.8,1.7,DAY,2026-04-06T17:42:32.210Z,2026-04-06T17:46:03.243Z
USO261016C00175000,USO261016C00175000,OPTION,BUY,BTO,BUY_TO_OPEN,FILLED,1.0,1.0,@16.3,16.25,DAY,2026-04-06T17:26:07.813Z,2026-04-06T17:26:25.407Z
INTC260618P00055000,INTC260618P00055000,OPTION,BUY,BTO,BUY_TO_OPEN,FILLED,2.0,2.0,@8.7,8.57,DAY,2026-04-06T17:07:33.189Z,2026-04-06T17:07:33.463Z
MU260515P00300000,MU260515P00300000,OPTION,BUY,BTO,BUY_TO_OPEN,FILLED,3.0,3.0,@7.85,7.85,DAY,2026-04-06T15:35:56.377Z,2026-04-06T15:35:56.413Z
HOOD260515P00050000,HOOD260515P00050000,OPTION,SELL,STC,SELL_TO_CLOSE,FILLED,16.0,16.0,@0.91,0.91,DAY,2026-04-06T13:45:30.298Z,2026-04-06T13:45:30.548Z
MU260515P00300000,MU260515P00300000,OPTION,SELL,STC,SELL_TO_CLOSE,FILLED,3.0,3.0,@7.85,8.25,DAY,2026-04-06T13:45:25.123Z,2026-04-06T13:45:25.260Z
SLV260417P00061000,SLV260417P00061000,OPTION,SELL,STC,SELL_TO_CLOSE,FILLED,5.0,5.0,@1.33,1.33,DAY,2026-04-06T13:44:24.892Z,2026-04-06T13:44:24.933Z
VET,VET,EQUITY,BUY,BUY,,FILLED,500.0,500.0,@13.61,13.61,DAY,2026-04-06T13:35:05.929Z,2026-04-06T13:35:05.966Z
VET,VET,EQUITY,BUY,BUY,,FILLED,500.0,500.0,,13.61,DAY,2026-04-06T13:33:16.232Z,2026-04-06T13:34:20.321Z
WEAT,WEAT,EQUITY,SELL,SELL,,FILLED,600.0,600.0,@22.7,22.7,DAY,2026-04-06T13:32:59.779Z,2026-04-06T13:32:59.837Z
INTC260417P00039000,INTC260417P00039000,OPTION,BUY,BTO,BUY_TO_OPEN,FILLED,15.0,15.0,@0.16,0.16,DAY,2026-04-02T19:40:33.249Z,2026-04-02T19:40:33.356Z
EWJ260515P00080000,EWJ260515P00080000,OPTION,BUY,BTO,BUY_TO_OPEN,FILLED,4.0,4.0,@1.9,1.9,DAY,2026-04-02T18:24:26.279Z,2026-04-02T18:33:04.814Z
EWJ260515P00080000,EWJ260515P00080000,OPTION,BUY,BTO,BUY_TO_OPEN,FILLED,3.0,3.0,@1.9,1.9,DAY,2026-04-02T17:59:04.991Z,2026-04-02T17:59:05.053Z
WEAT,WEAT,EQUITY,SELL,SELL,,FILLED,100.0,100.0,@22.95,22.95,DAY,2026-04-02T17:58:19.759Z,2026-04-02T17:58:26.147Z
VET260515C00012500,VET260515C00012500,OPTION,BUY,BTO,BUY_TO_OPEN,CANCELLED,0.0,5.0,@1.45,,DAY,2026-04-02T17:53:05.867Z,
WEAT,WEAT,EQUITY,BUY,BUY,,FILLED,500.0,500.0,@22.88,22.88,DAY,2026-04-02T15:56:50.818Z,2026-04-02T15:56:50.893Z
QQQ260402P00579000,QQQ260402P00579000,OPTION,BUY,BTO,BUY_TO_OPEN,FILLED,1.0,1.0,@0.84,0.84,DAY,2026-04-02T15:33:54.629Z,2026-04-02T15:33:58.300Z
QQQ260402P00579000,QQQ260402P00579000,OPTION,BUY,BTO,BUY_TO_OPEN,FILLED,1.0,1.0,@1.51,1.5,DAY,2026-04-02T14:51:00.602Z,2026-04-02T14:51:00.746Z
QQQ260402C00580000,QQQ260402C00580000,OPTION,SELL,STC,SELL_TO_CLOSE,FILLED,1.0,1.0,@1.54,1.58,DAY,2026-04-02T14:25:20.849Z,2026-04-02T14:25:28.984Z
QQQ260402C00580000,QQQ260402C00580000,OPTION,BUY,BTO,BUY_TO_OPEN,FILLED,1.0,1.0,@1.95,1.91,DAY,2026-04-02T14:22:07.723Z,2026-04-02T14:22:07.867Z
QQQ260402C00580000,QQQ260402C00580000,OPTION,SELL,STC,SELL_TO_CLOSE,FILLED,2.0,2.0,@1.82,1.92,DAY,2026-04-02T14:18:21.279Z,2026-04-02T14:18:21.549Z
QQQ260402C00580000,QQQ260402C00580000,OPTION,BUY,BTO,BUY_TO_OPEN,FILLED,2.0,2.0,@1.14,1.14,DAY,2026-04-02T13:59:35.488Z,2026-04-02T13:59:42.873Z
EWJ260402P00074000,EWJ260402P00074000,OPTION,SELL,STC,SELL_TO_CLOSE,CANCELLED,0.0,30.0,@0.05,,DAY,2026-04-02T13:35:40.144Z,
QQQ260402C00588000,QQQ260402C00588000,OPTION,SELL,STC,SELL_TO_CLOSE,FILLED,1.0,1.0,@0.02,0.03,DAY,2026-04-02T13:35:26.639Z,2026-04-02T13:35:26.810Z
HOOD260515P00050000,HOOD260515P00050000,OPTION,BUY,BTO,BUY_TO_OPEN,FILLED,4.0,4.0,@1.48,1.48,DAY,2026-04-02T13:35:09.086Z,2026-04-02T13:35:09.143Z
HOOD260515P00050000,HOOD260515P00050000,OPTION,BUY,BTO,BUY_TO_OPEN,FILLED,4.0,4.0,@1.41,1.41,DAY,2026-04-02T13:34:51.051Z,2026-04-02T13:34:51.106Z
WEAT,WEAT,EQUITY,BUY,BUY,,FILLED,500.0,500.0,@23.23,23.22,DAY,2026-04-02T13:33:40.898Z,2026-04-02T13:33:40.940Z
HOOD260515P00050000,HOOD260515P00050000,OPTION,BUY,BTO,BUY_TO_OPEN,FILLED,8.0,8.0,@1.36,1.36,DAY,2026-04-02T13:31:04.170Z,2026-04-02T13:31:19.125Z
SLV260417P00061000,SLV260417P00061000,OPTION,BUY,BTO,BUY_TO_OPEN,FILLED,5.0,5.0,@2.65,2.65,DAY,2026-04-02T13:30:21.732Z,2026-04-02T13:30:21.810Z
SCO,SCO,EQUITY,SHORT,SHORT,,FILLED,1000.0,1000.0,@7.95,7.96,DAY,2026-04-02T13:25:53.100Z,2026-04-02T13:25:53.136Z
NVDA260417P00145000,NVDA260417P00145000,OPTION,BUY,BTO,BUY_TO_OPEN,FILLED,30.0,30.0,@0.3,0.29,DAY,2026-04-01T19:59:30.846Z,2026-04-01T19:59:30.899Z
QQQ260402C00588000,QQQ260402C00588000,OPTION,BUY,BTO,BUY_TO_OPEN,FILLED,1.0,1.0,@1.99,1.96,DAY,2026-04-01T19:53:59.830Z,2026-04-01T19:53:59.971Z
MU260515P00300000,MU260515P00300000,OPTION,BUY,BTO,BUY_TO_OPEN,FILLED,1.0,1.0,@9.6,9.6,DAY,2026-04-01T18:04:57.077Z,2026-04-01T18:05:03.482Z
MU260515P00300000,MU260515P00300000,OPTION,BUY,BTO,BUY_TO_OPEN,FILLED,1.0,1.0,@8.85,8.85,DAY,2026-04-01T17:19:31.210Z,2026-04-01T17:19:47.142Z
WEAT,WEAT,EQUITY,SELL,SELL,,FILLED,400.0,400.0,,22.82,DAY,2026-04-01T14:44:14.593Z,2026-04-01T14:44:25.213Z
MU260515P00300000,MU260515P00300000,OPTION,BUY,BTO,BUY_TO_OPEN,FILLED,1.0,1.0,@10.5,10.31,DAY,2026-04-01T14:33:13.318Z,2026-04-01T14:33:13.458Z
QQQ260401P00578000,QQQ260401P00578000,OPTION,SELL,STC,SELL_TO_CLOSE,FILLED,3.0,3.0,@0.87,0.87,DAY,2026-04-01T13:58:47.203Z,2026-04-01T13:58:48.440Z
QQQ260401P00578000,QQQ260401P00578000,OPTION,BUY,BTO,BUY_TO_OPEN,FILLED,3.0,3.0,@1.0,0.97,DAY,2026-04-01T13:47:16.679Z,2026-04-01T13:47:16.824Z
MU260402C00372500,MU260402C00372500,OPTION,SELL,STC,SELL_TO_CLOSE,FILLED,1.0,1.0,@1.55,1.55,DAY,2026-04-01T13:43:44.442Z,2026-04-01T13:44:02.451Z
EWY260515P00110000,EWY260515P00110000,OPTION,SELL,STC,SELL_TO_CLOSE,FILLED,4.0,4.0,@4.4,4.4,DAY,2026-04-01T13:40:58.752Z,2026-04-01T13:40:58.804Z
EWY260424P00110000,EWY260424P00110000,OPTION,SELL,STC,SELL_TO_CLOSE,FILLED,5.0,5.0,@2.5,2.5,DAY,2026-04-01T13:40:49.621Z,2026-04-01T13:41:10.332Z
MU260402C00372500,MU260402C00372500,OPTION,BUY,BTO,BUY_TO_OPEN,FILLED,1.0,1.0,@2.04,2.04,DAY,2026-04-01T13:32:22.060Z,2026-04-01T13:32:22.110Z
MU260402C00350000,MU260402C00350000,OPTION,SELL,STC,SELL_TO_CLOSE,FILLED,2.0,2.0,@3.35,3.35,DAY,2026-03-31T19:54:23.203Z,2026-03-31T19:54:31.432Z
QQQ260417C00575000,QQQ260417C00575000,OPTION,SELL,STC,SELL_TO_CLOSE,FILLED,1.0,1.0,@12.93,12.95,DAY,2026-03-31T17:54:20.099Z,2026-03-31T17:54:20.237Z
AAOI260515P00055000,AAOI260515P00055000,OPTION,SELL,STC,SELL_TO_CLOSE,FILLED,3.0,3.0,@4.3,4.3,DAY,2026-03-31T16:52:04.880Z,2026-03-31T16:52:04.923Z
HOOD260417P00060000,HOOD260417P00060000,OPTION,SELL,STC,SELL_TO_CLOSE,FILLED,15.0,15.0,@1.3,1.3,DAY,2026-03-31T16:51:44.804Z,2026-03-31T16:51:51.093Z
CTSH260515P00060000,CTSH260515P00060000,OPTION,SELL,STC,SELL_TO_CLOSE,FILLED,5.0,5.0,@3.0,3.04,DAY,2026-03-31T16:51:36.852Z,2026-03-31T16:52:26.333Z
MU260402C00350000,MU260402C00350000,OPTION,BUY,BTO,BUY_TO_OPEN,FILLED,2.0,2.0,@2.45,2.39,DAY,2026-03-31T16:47:55.318Z,2026-03-31T16:47:55.484Z
GLD260417C00430000,GLD260417C00430000,OPTION,SELL,STC,SELL_TO_CLOSE,FILLED,1.0,1.0,@10.9,10.9,DAY,2026-03-31T16:34:46.608Z,2026-03-31T16:34:56.095Z
GLD260417C00430000,GLD260417C00430000,OPTION,BUY,BTO,BUY_TO_OPEN,FILLED,1.0,1.0,@11.25,11.09,DAY,2026-03-31T15:46:14.124Z,2026-03-31T15:46:14.266Z
QQQ260331C00566000,QQQ260331C00566000,OPTION,SELL,STC,SELL_TO_CLOSE,FILLED,1.0,1.0,@2.71,2.71,DAY,2026-03-31T15:38:32.888Z,2026-03-31T15:38:34.986Z
INTC260417P00039000,INTC260417P00039000,OPTION,BUY,BTO,BUY_TO_OPEN,FILLED,15.0,15.0,@0.98,0.95,DAY,2026-03-31T15:38:14.183Z,2026-03-31T15:38:14.219Z
VET260515C00012500,VET260515C00012500,OPTION,BUY,BTO,BUY_TO_OPEN,FILLED,4.0,4.0,@2.35,2.25,DAY,2026-03-31T14:32:49.401Z,2026-03-31T14:32:49.453Z
VET260515C00020000,VET260515C00020000,OPTION,BUY,BTO,BUY_TO_OPEN,FILLED,30.0,30.0,@0.2,0.16,DAY,2026-03-31T14:32:40.368Z,2026-03-31T14:33:00.837Z
UAL260515P00080000,UAL260515P00080000,OPTION,SELL,STC,SELL_TO_CLOSE,FILLED,4.0,4.0,@4.9,4.9,DAY,2026-03-31T14:00:41.880Z,2026-03-31T14:00:48.400Z
UAL260515P00080000,UAL260515P00080000,OPTION,SELL,STC,SELL_TO_CLOSE,CANCELLED,0.0,4.0,@5.2,,DAY,2026-03-31T13:46:52.270Z,
COIN260417P00175000,COIN260417P00175000,OPTION,SELL,STC,SELL_TO_CLOSE,FILLED,1.0,1.0,@16.85,16.85,DAY,2026-03-31T13:42:52.750Z,2026-03-31T13:42:52.810Z
NVDA260417P00145000,NVDA260417P00145000,OPTION,SELL,STC,SELL_TO_CLOSE,FILLED,20.0,20.0,@0.63,0.64,DAY,2026-03-31T13:42:26.784Z,2026-03-31T13:42:26.944Z
TSEM260417P00125000,TSEM260417P00125000,OPTION,SELL,STC,SELL_TO_CLOSE,FILLED,5.0,5.0,@1.15,1.15,DAY,2026-03-31T13:40:27.938Z,2026-03-31T13:40:50.431Z
INTC260402P00040500,INTC260402P00040500,OPTION,SELL,STC,SELL_TO_CLOSE,FILLED,10.0,10.0,@0.42,0.46,DAY,2026-03-31T13:40:12.512Z,2026-03-31T13:40:12.664Z
MU260515P00290000,MU260515P00290000,OPTION,SELL,STC,SELL_TO_CLOSE,FILLED,1.0,1.0,@16.6,16.6,DAY,2026-03-31T13:35:18.902Z,2026-03-31T13:35:18.990Z
QQQ260417C00575000,QQQ260417C00575000,OPTION,BUY,BTO,BUY_TO_OPEN,FILLED,1.0,1.0,@8.87,8.81,DAY,2026-03-31T13:33:45.060Z,2026-03-31T13:33:45.253Z
QQQ260331C00566000,QQQ260331C00566000,OPTION,BUY,BTO,BUY_TO_OPEN,FILLED,1.0,1.0,@2.27,2.18,DAY,2026-03-31T13:31:24.457Z,2026-03-31T13:31:39.199Z
MU260515P00260000,MU260515P00260000,OPTION,SELL,STC,SELL_TO_CLOSE,FILLED,5.0,5.0,@9.15,9.15,DAY,2026-03-31T13:30:17.488Z,2026-03-31T13:30:17.527Z
BE,BE,EQUITY,BUY,BUY,,FILLED,45.0,45.0,@122.0,121.98,DAY,2026-03-31T13:21:47.872Z,2026-03-31T13:21:48.002Z
UAL260515P00080000,UAL260515P00080000,OPTION,SELL,STC,SELL_TO_CLOSE,FILLED,4.0,4.0,@6.05,6.2,DAY,2026-03-30T19:12:55.064Z,2026-03-30T19:12:55.194Z
NVDA260417P00145000,NVDA260417P00145000,OPTION,SELL,STC,SELL_TO_CLOSE,FILLED,20.0,20.0,@1.23,1.24,DAY,2026-03-30T19:12:31.955Z,2026-03-30T19:12:32.274Z
AAOI260515P00055000,AAOI260515P00055000,OPTION,BUY,BTO,BUY_TO_OPEN,FILLED,3.0,3.0,@4.9,4.9,DAY,2026-03-30T15:19:20.989Z,2026-03-30T15:19:21.027Z
TSEM260417P00125000,TSEM260417P00125000,OPTION,SELL,STC,SELL_TO_CLOSE,FILLED,5.0,5.0,@2.5,2.57,DAY,2026-03-30T15:17:30.033Z,2026-03-30T15:17:30.173Z
UAL260515P00080000,UAL260515P00080000,OPTION,SELL,STC,SELL_TO_CLOSE,CANCELLED,0.0,4.0,@5.5,,DAY,2026-03-30T15:07:42.514Z,
WEAT,WEAT,EQUITY,BUY,BUY,,FILLED,400.0,400.0,@23.22,23.22,DAY,2026-03-30T14:44:04.251Z,2026-03-30T14:44:04.299Z
INTC260402P00040500,INTC260402P00040500,OPTION,SELL,STC,SELL_TO_CLOSE,FILLED,10.0,10.0,@0.61,0.64,DAY,2026-03-30T14:41:37.722Z,2026-03-30T14:41:37.825Z
TSEM260417P00125000,TSEM260417P00125000,OPTION,SELL,STC,SELL_TO_CLOSE,CANCELLED,0.0,5.0,@1.65,,DAY,2026-03-30T14:15:04.411Z,
USO260417C00130000,USO260417C00130000,OPTION,SELL,STC,SELL_TO_CLOSE,FILLED,2.0,2.0,@9.9,9.9,DAY,2026-03-30T14:11:32.815Z,2026-03-30T14:11:38.861Z
UVXY260410C00115000,UVXY260410C00115000,OPTION,SELL,STC,SELL_TO_CLOSE,FILLED,8.0,8.0,@0.59,0.59,DAY,2026-03-30T14:11:22.192Z,2026-03-30T14:11:22.229Z
MU260515P00290000,MU260515P00290000,OPTION,BUY,BTO,BUY_TO_OPEN,FILLED,1.0,1.0,@12.4,12.4,DAY,2026-03-30T13:56:08.892Z,2026-03-30T13:56:08.938Z
UVXY260410C00115000,UVXY260410C00115000,OPTION,SELL,STC,SELL_TO_CLOSE,CANCELLED,0.0,8.0,@1.24,,DAY,2026-03-30T13:31:00.453Z,
SPY260330P00611000,SPY260330P00611000,OPTION,SELL,STC,SELL_TO_CLOSE,CANCELLED,0.0,30.0,@0.02,,DAY,2026-03-30T13:28:13.413Z,
SPY260330P00611000,SPY260330P00611000,OPTION,BUY,BTO,BUY_TO_OPEN,FILLED,30.0,30.0,@0.36,0.35,DAY,2026-03-27T19:54:15.045Z,2026-03-27T19:54:15.096Z
GLD260417C00430000,GLD260417C00430000,OPTION,SELL,STC,SELL_TO_CLOSE,FILLED,1.0,1.0,@10.3,10.4,DAY,2026-03-27T19:38:54.348Z,2026-03-27T19:38:54.537Z
EWJ260402P00074000,EWJ260402P00074000,OPTION,BUY,BTO,BUY_TO_OPEN,FILLED,30.0,30.0,@0.35,0.28,DAY,2026-03-27T19:29:13.654Z,2026-03-27T19:29:49.219Z
TSEM260417P00125000,TSEM260417P00125000,OPTION,BUY,BTO,BUY_TO_OPEN,FILLED,10.0,10.0,@1.3,1.3,DAY,2026-03-27T18:54:44.157Z,2026-03-27T18:54:51.177Z
UVXY260402C00077000,UVXY260402C00077000,OPTION,BUY,BTO,BUY_TO_OPEN,CANCELLED,0.0,50.0,@0.06,,DAY,2026-03-27T18:30:06.887Z,
UVXY260402C00078000,UVXY260402C00078000,OPTION,SELL,BTO,BUY_TO_OPEN,CANCELLED,0.0,50.0,@0.06,,DAY,2026-03-27T18:30:06.887Z,
INTC260402P00040500,INTC260402P00040500,OPTION,BUY,BTO,BUY_TO_OPEN,FILLED,20.0,20.0,@0.53,0.52,DAY,2026-03-27T18:27:42.516Z,2026-03-27T18:27:42.598Z
INTC260327P00041000,INTC260327P00041000,OPTION,BUY,BTO,BUY_TO_OPEN,FILLED,75.0,75.0,@0.01,0.01,DAY,2026-03-27T16:40:17.807Z,2026-03-27T16:40:17.845Z
ORCL260327P00138000,ORCL260327P00138000,OPTION,SELL,STC,SELL_TO_CLOSE,FILLED,5.0,5.0,@0.05,0.05,DAY,2026-03-27T15:33:49.301Z,2026-03-27T15:33:49.336Z
GLD260417C00430000,GLD260417C00430000,OPTION,BUY,BTO,BUY_TO_OPEN,FILLED,1.0,1.0,@9.4,9.4,DAY,2026-03-27T15:00:06.410Z,2026-03-27T15:00:06.504Z
HOOD260417P00060000,HOOD260417P00060000,OPTION,BUY,BTO,BUY_TO_OPEN,FILLED,5.0,5.0,@2.2,2.16,DAY,2026-03-27T13:56:22.430Z,2026-03-27T13:56:22.574Z
KC,KC,EQUITY,SELL,SELL,,FILLED,500.0,500.0,@13.89,13.89,DAY,2026-03-27T13:47:11.753Z,2026-03-27T13:47:11.844Z
ORCL260327P00138000,ORCL260327P00138000,OPTION,BUY,BTO,BUY_TO_OPEN,FILLED,5.0,5.0,@0.83,0.83,DAY,2026-03-27T13:32:41.411Z,2026-03-27T13:32:41.451Z
HOOD260417P00060000,HOOD260417P00060000,OPTION,BUY,BTO,BUY_TO_OPEN,FILLED,10.0,10.0,@1.82,1.82,DAY,2026-03-27T13:30:53.682Z,2026-03-27T13:35:55.049Z
QQQ260327C00585000,QQQ260327C00585000,OPTION,BUY,BTO,BUY_TO_OPEN,FILLED,3.0,3.0,@0.33,0.32,DAY,2026-03-26T19:57:20.750Z,2026-03-26T19:57:20.904Z
COIN260417P00155000,COIN260417P00155000,OPTION,SELL,STC,SELL_TO_CLOSE,FILLED,1.0,1.0,@5.25,5.25,DAY,2026-03-26T19:42:53.946Z,2026-03-26T19:43:01.376Z
UVXY260410C00115000,UVXY260410C00115000,OPTION,BUY,BTO,BUY_TO_OPEN,FILLED,2.0,2.0,@0.55,0.55,DAY,2026-03-26T19:38:34.548Z,2026-03-26T19:38:34.596Z
UVXY260410C00115000,UVXY260410C00115000,OPTION,BUY,BTO,BUY_TO_OPEN,FILLED,6.0,6.0,@0.55,0.55,DAY,2026-03-26T19:38:06.252Z,2026-03-26T19:38:22.541Z
INTC260327P00041000,INTC260327P00041000,OPTION,BUY,BTO,BUY_TO_OPEN,FILLED,50.0,50.0,@0.03,0.02,DAY,2026-03-26T17:58:12.973Z,2026-03-26T17:58:13.132Z
QQQ260327C00585000,QQQ260327C00585000,OPTION,BUY,BTO,BUY_TO_OPEN,FILLED,5.0,5.0,@1.05,1.05,DAY,2026-03-26T17:09:04.335Z,2026-03-26T17:09:04.527Z
VET260417C00017500,VET260417C00017500,OPTION,BUY,BTO,BUY_TO_OPEN,CANCELLED,0.0,10.0,@0.05,,DAY,2026-03-26T16:20:28.971Z,
MU260515P00260000,MU260515P00260000,OPTION,SELL,STC,SELL_TO_CLOSE,CANCELLED,0.0,5.0,@4.5,,DAY,2026-03-26T15:51:28.991Z,
MU260327C00375000,MU260327C00375000,OPTION,SELL,STC,SELL_TO_CLOSE,FILLED,1.0,1.0,@3.3,3.3,DAY,2026-03-26T15:51:09.232Z,2026-03-26T15:51:09.286Z
NTR260618C00080000,NTR260618C00080000,OPTION,SELL,STC,SELL_TO_CLOSE,FILLED,5.0,5.0,@3.2,3.2,DAY,2026-03-26T15:50:26.286Z,2026-03-26T15:50:26.326Z
COIN260417P00155000,COIN260417P00155000,OPTION,BUY,BTO,BUY_TO_OPEN,FILLED,1.0,1.0,@5.65,5.65,DAY,2026-03-26T15:49:49.181Z,2026-03-26T15:49:49.220Z
NVDA260417P00145000,NVDA260417P00145000,OPTION,BUY,BTO,BUY_TO_OPEN,FILLED,40.0,40.0,@0.54,0.53,DAY,2026-03-26T15:49:31.050Z,2026-03-26T15:49:31.103Z
COIN260417P00175000,COIN260417P00175000,OPTION,SELL,STC,SELL_TO_CLOSE,FILLED,2.0,2.0,@12.75,12.75,DAY,2026-03-26T15:49:05.124Z,2026-03-26T15:49:05.164Z
BE,BE,EQUITY,SHORT,SHORT,,FILLED,45.0,45.0,@135.95,135.95,DAY,2026-03-26T15:23:42.806Z,2026-03-26T15:23:42.840Z
MU260327C00375000,MU260327C00375000,OPTION,BUY,BTO,BUY_TO_OPEN,FILLED,1.0,1.0,@2.65,2.61,DAY,2026-03-26T14:47:36.695Z,2026-03-26T14:47:36.855Z
MU260515P00260000,MU260515P00260000,OPTION,BUY,BTO,BUY_TO_OPEN,FILLED,5.0,5.0,@4.7,4.51,DAY,2026-03-26T14:44:11.018Z,2026-03-26T14:44:11.170Z
NIO260424C00007000,NIO260424C00007000,OPTION,SELL,STC,SELL_TO_CLOSE,FILLED,50.0,50.0,@0.06,0.06,DAY,2026-03-26T14:11:06.299Z,2026-03-26T14:11:06.339Z
NTR260618C00080000,NTR260618C00080000,OPTION,SELL,STC,SELL_TO_CLOSE,CANCELLED,0.0,5.0,@4.2,,DAY,2026-03-26T14:11:00.554Z,
CTSH,CTSH,EQUITY,SHORT,SHORT,,FILLED,99.0,99.0,@59.6,59.6,DAY,2026-03-26T13:31:14.147Z,2026-03-26T13:31:14.288Z
EWY260424P00110000,EWY260424P00110000,OPTION,BUY,BTO,BUY_TO_OPEN,FILLED,5.0,5.0,@3.6,3.6,DAY,2026-03-26T13:30:42.383Z,2026-03-26T13:33:59.450Z
CTSH,CTSH,EQUITY,SHORT,SHORT,,PARTIAL_FILLED,1.0,150.0,@59.88,59.77,DAY,2026-03-25T21:36:39.569Z,2026-03-25T21:39:31.915Z
KC,KC,EQUITY,BUY,BUY,,FILLED,500.0,500.0,@14.79,14.77,DAY,2026-03-25T21:33:38.144Z,2026-03-25T21:34:14.468Z
CTSH260515P00060000,CTSH260515P00060000,OPTION,BUY,BTO,BUY_TO_OPEN,FILLED,5.0,5.0,@3.8,3.8,DAY,2026-03-25T19:24:30.226Z,2026-03-25T19:24:30.289Z
TSLA260417P00375000,TSLA260417P00375000,OPTION,SELL,STC,SELL_TO_CLOSE,FILLED,1.0,1.0,@11.0,11.05,DAY,2026-03-25T18:58:40.841Z,2026-03-25T18:58:40.878Z
WEAT260515C00025000,WEAT260515C00025000,OPTION,SELL,STC,SELL_TO_CLOSE,FILLED,15.0,15.0,@0.75,0.75,DAY,2026-03-25T18:56:06.896Z,2026-03-25T18:56:39.260Z
AU260417C00105000,AU260417C00105000,OPTION,SELL,STC,SELL_TO_CLOSE,FILLED,5.0,5.0,@1.35,1.35,DAY,2026-03-25T18:55:17.511Z,2026-03-25T18:55:40.356Z
MU260515P00340000,MU260515P00340000,OPTION,SELL,STC,SELL_TO_CLOSE,FILLED,1.0,1.0,@17.9,17.9,DAY,2026-03-25T18:54:52.498Z,2026-03-25T18:55:01.808Z
NVDA260515P00200000,NVDA260515P00200000,OPTION,BUY,BTO,BUY_TO_OPEN,FILLED,2.0,2.0,@22.9,22.72,DAY,2026-03-25T18:51:42.528Z,2026-03-25T18:51:42.691Z
KC260821C00025000,KC260821C00025000,OPTION,BUY,BTO,BUY_TO_OPEN,CANCELLED,0.0,1.0,@0.1,,DAY,2026-03-25T18:41:53.292Z,
TSLA260417P00375000,TSLA260417P00375000,OPTION,BUY,BTO,BUY_TO_OPEN,FILLED,1.0,1.0,@10.15,10.12,DAY,2026-03-25T17:48:07.507Z,2026-03-25T17:48:07.638Z
WEAT260515C00025000,WEAT260515C00025000,OPTION,BUY,BTO,BUY_TO_OPEN,FILLED,15.0,15.0,@0.75,0.75,DAY,2026-03-25T16:52:02.258Z,2026-03-25T16:52:18.627Z
AU260417C00105000,AU260417C00105000,OPTION,BUY,BTO,BUY_TO_OPEN,FILLED,5.0,5.0,@1.5,1.4,DAY,2026-03-25T16:46:51.212Z,2026-03-25T16:46:51.389Z
MU260515P00340000,MU260515P00340000,OPTION,SELL,STC,SELL_TO_CLOSE,FILLED,1.0,1.0,@18.3,18.3,DAY,2026-03-25T16:42:21.801Z,2026-03-25T16:42:21.841Z
INTC260515P00036000,INTC260515P00036000,OPTION,SELL,STC,SELL_TO_CLOSE,FILLED,38.0,38.0,@0.82,0.82,DAY,2026-03-25T16:36:50.221Z,2026-03-25T16:36:50.257Z
COIN260417P00175000,COIN260417P00175000,OPTION,BUY,BTO,BUY_TO_OPEN,FILLED,2.0,2.0,@9.1,9.1,DAY,2026-03-25T15:19:36.784Z,2026-03-25T15:19:50.126Z
UAL260515P00080000,UAL260515P00080000,OPTION,BUY,BTO,BUY_TO_OPEN,FILLED,4.0,4.0,@2.8,2.8,DAY,2026-03-25T15:08:58.776Z,2026-03-25T15:09:31.825Z
ASML260417P01120000,ASML260417P01120000,OPTION,SELL,STC,SELL_TO_CLOSE,FILLED,1.0,1.0,@9.6,9.95,DAY,2026-03-25T14:41:41.975Z,2026-03-25T14:41:42.114Z
COIN260417P00175000,COIN260417P00175000,OPTION,SELL,STC,SELL_TO_CLOSE,FILLED,2.0,2.0,@8.0,8.0,DAY,2026-03-25T14:19:47.649Z,2026-03-25T14:19:47.703Z
EWY260515P00110000,EWY260515P00110000,OPTION,BUY,BTO,BUY_TO_OPEN,FILLED,4.0,4.0,@4.1,4.1,DAY,2026-03-25T14:19:13.176Z,2026-03-25T14:19:13.237Z
AMZN260515P00180000,AMZN260515P00180000,OPTION,SELL,STC,SELL_TO_CLOSE,FILLED,5.0,5.0,@2.95,2.96,DAY,2026-03-25T14:17:58.063Z,2026-03-25T14:17:58.250Z
UAL260515P00080000,UAL260515P00080000,OPTION,BUY,BTO,BUY_TO_OPEN,FILLED,4.0,4.0,@2.62,2.62,DAY,2026-03-25T14:04:23.234Z,2026-03-25T14:04:36.042Z
GLD260417C00410000,GLD260417C00410000,OPTION,SELL,STC,SELL_TO_CLOSE,FILLED,1.0,1.0,@20.6,20.6,DAY,2026-03-25T14:03:48.900Z,2026-03-25T14:03:48.968Z
MU260515P00340000,MU260515P00340000,OPTION,SELL,STC,SELL_TO_CLOSE,FILLED,1.0,1.0,@17.7,17.76,DAY,2026-03-25T13:38:33.628Z,2026-03-25T13:38:33.764Z
AMZN260417P00190000,AMZN260417P00190000,OPTION,SELL,STC,SELL_TO_CLOSE,FILLED,8.0,8.0,@1.19,1.2,DAY,2026-03-25T13:38:24.426Z,2026-03-25T13:38:24.627Z
USO260327C00146000,USO260327C00146000,OPTION,SELL,STC,SELL_TO_CLOSE,CANCELLED,0.0,10.0,@0.1,,DAY,2026-03-25T13:37:52.353Z,
USO260327C00147000,USO260327C00147000,OPTION,BUY,STC,SELL_TO_CLOSE,CANCELLED,0.0,10.0,@0.1,,DAY,2026-03-25T13:37:52.353Z,
LOGI260515P00080000,LOGI260515P00080000,OPTION,SELL,STC,SELL_TO_CLOSE,FILLED,10.0,10.0,@1.35,1.35,DAY,2026-03-25T13:30:53.618Z,2026-03-25T13:30:53.664Z
GLD260417C00410000,GLD260417C00410000,OPTION,BUY,BTO,BUY_TO_OPEN,FILLED,1.0,1.0,@14.95,14.95,DAY,2026-03-24T19:27:37.730Z,2026-03-24T19:27:37.772Z
NIO260424C00007000,NIO260424C00007000,OPTION,BUY,BTO,BUY_TO_OPEN,FILLED,50.0,50.0,@0.1,0.1,DAY,2026-03-24T17:29:12.668Z,2026-03-24T17:29:25.399Z
COIN260417P00175000,COIN260417P00175000,OPTION,SELL,STC,SELL_TO_CLOSE,FILLED,1.0,1.0,@10.3,10.6,DAY,2026-03-24T16:40:08.868Z,2026-03-24T16:40:08.964Z
QQQ260324C00588000,QQQ260324C00588000,OPTION,SELL,STC,SELL_TO_CLOSE,FILLED,2.0,2.0,@1.05,1.05,DAY,2026-03-24T15:48:19.514Z,2026-03-24T15:48:19.561Z
QQQ260324C00588000,QQQ260324C00588000,OPTION,BUY,BTO,BUY_TO_OPEN,FILLED,2.0,2.0,@0.99,0.99,DAY,2026-03-24T14:53:25.399Z,2026-03-24T14:53:39.004Z
NTR260618C00080000,NTR260618C00080000,OPTION,BUY,BTO,BUY_TO_OPEN,FILLED,5.0,5.0,@4.2,4.2,DAY,2026-03-24T14:33:52.233Z,2026-03-24T14:33:52.283Z
WEAT260717C00030000,WEAT260717C00030000,OPTION,SELL,STC,SELL_TO_CLOSE,FILLED,10.0,10.0,@0.55,0.55,DAY,2026-03-23T13:36:22.449Z,2026-03-23T13:36:40.596Z
MUR,MUR,EQUITY,SELL,SELL,,FILLED,150.0,150.0,,38.52,DAY,2026-03-23T13:36:07.830Z,2026-03-23T13:36:15.595Z
NTR,NTR,EQUITY,SELL,SELL,,FILLED,80.0,80.0,,72.39,DAY,2026-03-23T13:35:52.477Z,2026-03-23T13:35:52.525Z
WEAT,WEAT,EQUITY,SELL,SELL,,FILLED,750.0,750.0,,22.6,DAY,2026-03-23T13:35:31.673Z,2026-03-23T13:35:31.734Z
NTR,NTR,EQUITY,SELL,SELL,,CANCELLED,0.0,80.0,@72.54,,DAY,2026-03-23T13:35:16.858Z,
USO260327C00146000,USO260327C00146000,OPTION,BUY,BTO,BUY_TO_OPEN,FILLED,100.0,100.0,@0.09,0.08,DAY,2026-03-20T19:20:31.018Z,2026-03-20T19:20:31.242Z
USO260327C00147000,USO260327C00147000,OPTION,SELL,BTO,BUY_TO_OPEN,FILLED,100.0,100.0,@0.09,0.08,DAY,2026-03-20T19:20:31.018Z,2026-03-20T19:20:31.242Z
UVXY260327C00079000,UVXY260327C00079000,OPTION,BUY,BTO,BUY_TO_OPEN,FILLED,20.0,20.0,@0.1,0.1,DAY,2026-03-20T18:58:23.113Z,2026-03-20T18:58:23.223Z
UVXY260327C00080000,UVXY260327C00080000,OPTION,SELL,BTO,BUY_TO_OPEN,FILLED,20.0,20.0,@0.1,0.1,DAY,2026-03-20T18:58:23.113Z,2026-03-20T18:58:23.223Z
QQQ260323P00569000,QQQ260323P00569000,OPTION,BUY,BTO,BUY_TO_OPEN,FILLED,5.0,5.0,@1.11,1.11,DAY,2026-03-20T18:54:25.568Z,2026-03-20T18:54:27.025Z
USO260417C00130000,USO260417C00130000,OPTION,BUY,BTO,BUY_TO_OPEN,FILLED,2.0,2.0,@8.85,8.69,DAY,2026-03-20T17:21:03.652Z,2026-03-20T17:21:03.809Z
QQQ260320C00588000,QQQ260320C00588000,OPTION,SELL,STC,SELL_TO_CLOSE,FILLED,2.0,2.0,@1.06,1.06,DAY,2026-03-20T16:15:47.212Z,2026-03-20T16:15:47.975Z
QQQ260320C00588000,QQQ260320C00588000,OPTION,BUY,BTO,BUY_TO_OPEN,FILLED,2.0,2.0,@0.96,0.93,DAY,2026-03-20T16:00:33.788Z,2026-03-20T16:00:33.896Z
QQQ260320C00588000,QQQ260320C00588000,OPTION,SELL,STC,SELL_TO_CLOSE,FILLED,2.0,2.0,,0.78,DAY,2026-03-20T15:28:28.750Z,2026-03-20T15:28:28.794Z
QQQ260320C00588000,QQQ260320C00588000,OPTION,SELL,STC,SELL_TO_CLOSE,CANCELLED,0.0,2.0,@1.13,,DAY,2026-03-20T15:24:25.011Z,
LOGI260515P00080000,LOGI260515P00080000,OPTION,BUY,BTO,BUY_TO_OPEN,FILLED,10.0,10.0,@2.5,2.5,DAY,2026-03-20T15:20:01.073Z,2026-03-20T15:20:11.795Z
QQQ260320C00588000,QQQ260320C00588000,OPTION,BUY,BTO,BUY_TO_OPEN,FILLED,2.0,2.0,@0.97,0.93,DAY,2026-03-20T15:12:23.038Z,2026-03-20T15:12:23.173Z
SMH260320P00382500,SMH260320P00382500,OPTION,SELL,STC,SELL_TO_CLOSE,FILLED,2.0,2.0,@0.32,0.42,DAY,2026-03-20T15:12:07.730Z,2026-03-20T15:12:07.792Z
ASML260417P01120000,ASML260417P01120000,OPTION,BUY,BTO,BUY_TO_OPEN,FILLED,1.0,1.0,@21.5,21.5,DAY,2026-03-20T15:07:34.931Z,2026-03-20T15:07:35.014Z
NVDA260417P00160000,NVDA260417P00160000,OPTION,SELL,STC,SELL_TO_CLOSE,FILLED,10.0,10.0,@2.42,2.42,DAY,2026-03-20T15:07:17.036Z,2026-03-20T15:07:17.079Z
NVDA260417P00160000,NVDA260417P00160000,OPTION,BUY,BTO,BUY_TO_OPEN,FILLED,10.0,10.0,@2.54,2.54,DAY,2026-03-20T14:59:07.484Z,2026-03-20T14:59:07.522Z
VET,VET,EQUITY,SELL,SELL,,FILLED,500.0,500.0,@14.34,14.34,DAY,2026-03-20T14:58:16.972Z,2026-03-20T14:58:25.462Z
NTR260515C00090000,NTR260515C00090000,OPTION,SELL,STC,SELL_TO_CLOSE,FILLED,10.0,10.0,@0.7,0.7,DAY,2026-03-20T14:49:06.818Z,2026-03-20T14:49:06.997Z
WEAT260417C00025000,WEAT260417C00025000,OPTION,SELL,STC,SELL_TO_CLOSE,FILLED,30.0,30.0,@0.55,0.55,DAY,2026-03-20T14:39:32.536Z,2026-03-20T14:39:32.705Z
MU260515P00340000,MU260515P00340000,OPTION,BUY,BTO,BUY_TO_OPEN,FILLED,1.0,1.0,@12.65,12.3,DAY,2026-03-20T14:32:02.045Z,2026-03-20T14:32:02.183Z
NTR260417C00077500,NTR260417C00077500,OPTION,SELL,STC,SELL_TO_CLOSE,FILLED,5.0,5.0,@1.85,1.96,DAY,2026-03-20T14:27:50.902Z,2026-03-20T14:27:51.048Z
SMH260320P00382500,SMH260320P00382500,OPTION,BUY,BTO,BUY_TO_OPEN,FILLED,2.0,2.0,@1.72,1.72,DAY,2026-03-19T14:44:20.953Z,2026-03-19T14:44:22.300Z
SMH260320P00380000,SMH260320P00380000,OPTION,SELL,STC,SELL_TO_CLOSE,FILLED,1.0,1.0,@1.03,1.03,DAY,2026-03-19T14:35:39.546Z,2026-03-19T14:35:39.615Z
MU260515P00340000,MU260515P00340000,OPTION,BUY,BTO,BUY_TO_OPEN,FILLED,1.0,1.0,@11.7,11.42,DAY,2026-03-19T13:49:58.488Z,2026-03-19T13:49:58.944Z
MU260515P00340000,MU260515P00340000,OPTION,BUY,BTO,BUY_TO_OPEN,FILLED,1.0,1.0,@11.7,11.45,DAY,2026-03-19T13:49:47.495Z,2026-03-19T13:49:47.639Z
HOOD260515P00070000,HOOD260515P00070000,OPTION,SELL,STC,SELL_TO_CLOSE,FILLED,3.0,3.0,@6.3,6.3,DAY,2026-03-19T13:49:13.769Z,2026-03-19T13:49:13.814Z
WEAT,WEAT,EQUITY,SELL,SELL,,FILLED,50.0,50.0,,23.01,DAY,2026-03-19T13:47:55.588Z,2026-03-19T13:47:55.701Z
NTR,NTR,EQUITY,SELL,SELL,,FILLED,20.0,20.0,,77.0,DAY,2026-03-19T13:46:58.189Z,2026-03-19T13:46:58.301Z
NVDA,NVDA,EQUITY,BUY,BUY,,FILLED,25.0,25.0,,176.29,DAY,2026-03-19T13:46:40.536Z,2026-03-19T13:46:40.594Z
WEAT,WEAT,EQUITY,SELL,SELL,,FILLED,100.0,100.0,@23.04,23.04,DAY,2026-03-19T13:42:20.700Z,2026-03-19T13:42:24.024Z
NVDA,NVDA,EQUITY,BUY,BUY,,FILLED,25.0,25.0,,176.73,DAY,2026-03-19T13:41:21.314Z,2026-03-19T13:41:53.818Z
SSL,SSL,EQUITY,SELL,SELL,,FILLED,250.0,250.0,,12.21,DAY,2026-03-19T13:40:46.032Z,2026-03-19T13:40:58.071Z
NVDA,NVDA,EQUITY,BUY,BUY,,FILLED,25.0,25.0,,176.32,DAY,2026-03-19T13:37:35.152Z,2026-03-19T13:47:39.753Z
HOOD260515P00070000,HOOD260515P00070000,OPTION,SELL,STC,SELL_TO_CLOSE,FILLED,1.0,1.0,@6.5,6.5,DAY,2026-03-19T13:37:23.415Z,2026-03-19T13:37:23.458Z
USO260320C00130000,USO260320C00130000,OPTION,SELL,STC,SELL_TO_CLOSE,FILLED,3.0,3.0,@0.6,0.62,DAY,2026-03-19T13:37:10.209Z,2026-03-19T13:37:10.284Z
SMH260320P00380000,SMH260320P00380000,OPTION,SELL,STC,SELL_TO_CLOSE,FILLED,1.0,1.0,@4.4,4.55,DAY,2026-03-19T13:36:47.899Z,2026-03-19T13:36:48.038Z
NVDA,NVDA,EQUITY,BUY,BUY,,FILLED,25.0,25.0,@175.97,175.96,DAY,2026-03-19T13:36:27.184Z,2026-03-19T13:36:27.315Z
INTC260327P00041000,INTC260327P00041000,OPTION,BUY,BTO,BUY_TO_OPEN,FILLED,10.0,10.0,@0.51,0.51,DAY,2026-03-18T19:58:56.589Z,2026-03-18T19:58:56.629Z
AMZN260515P00180000,AMZN260515P00180000,OPTION,BUY,BTO,BUY_TO_OPEN,FILLED,2.0,2.0,@3.75,3.7,DAY,2026-03-18T19:56:53.990Z,2026-03-18T19:56:54.123Z
AMZN260417P00190000,AMZN260417P00190000,OPTION,BUY,BTO,BUY_TO_OPEN,FILLED,2.0,2.0,@2.29,2.29,DAY,2026-03-18T19:51:33.265Z,2026-03-18T19:51:33.308Z
WEAT,WEAT,EQUITY,BUY,BUY,,FILLED,500.0,500.0,@23.2,23.2,DAY,2026-03-18T19:51:14.592Z,2026-03-18T19:51:14.645Z
WLAC,WLAC,EQUITY,SELL,SELL,,FILLED,1200.0,1200.0,@10.83,10.83,DAY,2026-03-18T19:50:46.148Z,2026-03-18T19:50:54.905Z
INTC260515P00036000,INTC260515P00036000,OPTION,BUY,BTO,BUY_TO_OPEN,FILLED,8.0,8.0,@1.23,1.22,DAY,2026-03-18T19:42:01.285Z,2026-03-18T19:42:01.342Z
UAL260327P00087000,UAL260327P00087000,OPTION,SELL,STC,SELL_TO_CLOSE,FILLED,7.0,7.0,@1.5,1.5,DAY,2026-03-18T19:41:44.418Z,2026-03-18T19:41:44.453Z
AMZN260417P00190000,AMZN260417P00190000,OPTION,BUY,BTO,BUY_TO_OPEN,FILLED,1.0,1.0,@2.18,2.17,DAY,2026-03-18T19:29:49.608Z,2026-03-18T19:29:49.750Z
SMH260320P00380000,SMH260320P00380000,OPTION,BUY,BTO,BUY_TO_OPEN,FILLED,2.0,2.0,@1.61,1.61,DAY,2026-03-18T19:29:25.700Z,2026-03-18T19:29:26.080Z
QQQ260318P00597000,QQQ260318P00597000,OPTION,SELL,STC,SELL_TO_CLOSE,FILLED,4.0,4.0,@1.15,1.17,DAY,2026-03-18T19:25:02.281Z,2026-03-18T19:25:02.313Z
QQQ260318P00597000,QQQ260318P00597000,OPTION,BUY,BTO,BUY_TO_OPEN,FILLED,4.0,4.0,@0.92,0.89,DAY,2026-03-18T16:34:34.812Z,2026-03-18T16:34:34.959Z
UAL260327P00087000,UAL260327P00087000,OPTION,BUY,BTO,BUY_TO_OPEN,FILLED,7.0,7.0,@1.58,1.58,DAY,2026-03-18T14:41:56.820Z,2026-03-18T14:42:10.920Z
WLAC,WLAC,EQUITY,SELL,SELL,,FILLED,100.0,100.0,@10.82,10.82,DAY,2026-03-18T14:39:53.487Z,2026-03-18T14:41:34.702Z
USO260320C00130000,USO260320C00130000,OPTION,BUY,BTO,BUY_TO_OPEN,FILLED,3.0,3.0,@1.65,1.64,DAY,2026-03-18T14:32:49.126Z,2026-03-18T14:32:49.288Z
MUR,MUR,EQUITY,BUY,BUY,,FILLED,75.0,75.0,@37.49,37.49,DAY,2026-03-18T14:30:12.800Z,2026-03-18T14:30:12.887Z
COIN260417P00175000,COIN260417P00175000,OPTION,BUY,BTO,BUY_TO_OPEN,FILLED,2.0,2.0,@5.65,5.65,DAY,2026-03-18T14:29:45.079Z,2026-03-18T14:29:45.140Z
COIN260417P00175000,COIN260417P00175000,OPTION,BUY,BTO,BUY_TO_OPEN,FILLED,2.0,2.0,@5.7,5.7,DAY,2026-03-18T14:28:51.663Z,2026-03-18T14:29:11.827Z
HOOD260515P00070000,HOOD260515P00070000,OPTION,BUY,BTO,BUY_TO_OPEN,FILLED,2.0,2.0,@5.2,5.16,DAY,2026-03-18T14:21:05.452Z,2026-03-18T14:21:05.593Z
WLAC,WLAC,EQUITY,SELL,SELL,,FILLED,400.0,400.0,@10.79,10.79,DAY,2026-03-18T14:20:53.175Z,2026-03-18T14:20:53.212Z
NTR260515C00090000,NTR260515C00090000,OPTION,SELL,STC,SELL_TO_CLOSE,CANCELLED,0.0,5.0,@1.75,,DAY,2026-03-18T13:37:25.291Z,
AMZN260320P00200000,AMZN260320P00200000,OPTION,BUY,BTO,BUY_TO_OPEN,FILLED,2.0,2.0,@0.19,0.19,DAY,2026-03-18T13:33:44.148Z,2026-03-18T13:33:44.184Z
NTR260515C00090000,NTR260515C00090000,OPTION,BUY,BTO,BUY_TO_OPEN,FILLED,5.0,5.0,@2.05,2.05,DAY,2026-03-18T13:31:49.136Z,2026-03-18T13:32:55.700Z
NVDA,NVDA,EQUITY,SHORT,SHORT,,FILLED,50.0,50.0,@182.42,182.42,DAY,2026-03-17T19:16:35.339Z,2026-03-17T19:16:51.098Z
INTC260327P00041000,INTC260327P00041000,OPTION,BUY,BTO,BUY_TO_OPEN,FILLED,15.0,15.0,@0.68,0.68,DAY,2026-03-17T15:35:29.722Z,2026-03-17T15:35:29.764Z
INTC260327P00044500,INTC260327P00044500,OPTION,SELL,STC,SELL_TO_CLOSE,FILLED,10.0,10.0,@1.57,1.6,DAY,2026-03-17T14:22:16.369Z,2026-03-17T14:22:16.613Z
HOOD260515P00070000,HOOD260515P00070000,OPTION,BUY,BTO,BUY_TO_OPEN,FILLED,2.0,2.0,@5.4,5.4,DAY,2026-03-17T14:04:42.935Z,2026-03-17T14:04:42.987Z
WEAT,WEAT,EQUITY,BUY,BUY,,FILLED,400.0,400.0,@22.67,22.67,DAY,2026-03-17T13:36:52.913Z,2026-03-17T13:36:52.954Z
NVDA,NVDA,EQUITY,SHORT,SHORT,,FILLED,50.0,50.0,@183.8,183.8,DAY,2026-03-17T13:36:08.310Z,2026-03-17T13:36:31.872Z
WLAC,WLAC,EQUITY,SELL,SELL,,FILLED,300.0,300.0,,10.82,DAY,2026-03-17T13:31:43.584Z,2026-03-17T13:31:57.205Z
QQQ260316P00599000,QQQ260316P00599000,OPTION,SELL,STC,SELL_TO_CLOSE,FILLED,2.0,2.0,@0.1,0.11,DAY,2026-03-16T18:49:47.582Z,2026-03-16T18:49:47.765Z
MUR,MUR,EQUITY,SELL,SELL,,FILLED,125.0,125.0,@36.3,36.3,DAY,2026-03-16T18:28:40.883Z,2026-03-16T18:28:40.920Z
NVDA,NVDA,EQUITY,BUY,BUY,,FILLED,199.0,199.0,@185.08,185.06,DAY,2026-03-16T18:28:10.729Z,2026-03-16T18:28:10.803Z
INTC260327P00044500,INTC260327P00044500,OPTION,SELL,STC,SELL_TO_CLOSE,FILLED,10.0,10.0,@0.93,0.93,DAY,2026-03-16T18:00:55.508Z,2026-03-16T18:00:55.552Z
QQQ260316P00599000,QQQ260316P00599000,OPTION,BUY,BTO,BUY_TO_OPEN,FILLED,2.0,2.0,@0.44,0.41,DAY,2026-03-16T17:51:30.121Z,2026-03-16T17:51:30.168Z
NVDA,NVDA,EQUITY,BUY,BUY,,FILLED,1.0,1.0,@184.46,184.46,DAY,2026-03-16T17:51:07.557Z,2026-03-16T17:51:07.593Z
QQQ260316P00600000,QQQ260316P00600000,OPTION,SELL,STC,SELL_TO_CLOSE,FILLED,1.0,1.0,@0.78,0.81,DAY,2026-03-16T16:53:43.763Z,2026-03-16T16:53:43.797Z
INTC260327P00044500,INTC260327P00044500,OPTION,BUY,BTO,BUY_TO_OPEN,FILLED,17.0,17.0,@1.05,1.05,DAY,2026-03-16T16:38:46.374Z,2026-03-16T16:38:46.420Z
INTC260327P00044500,INTC260327P00044500,OPTION,BUY,BTO,BUY_TO_OPEN,FILLED,3.0,3.0,@1.07,1.07,DAY,2026-03-16T16:32:50.066Z,2026-03-16T16:32:50.102Z
INTC260515P00036000,INTC260515P00036000,OPTION,BUY,BTO,BUY_TO_OPEN,FILLED,15.0,15.0,@1.03,1.03,DAY,2026-03-16T16:17:51.320Z,2026-03-16T16:17:51.367Z
INTC260515P00036000,INTC260515P00036000,OPTION,BUY,BTO,BUY_TO_OPEN,FILLED,15.0,15.0,@1.08,1.03,DAY,2026-03-16T16:17:25.931Z,2026-03-16T16:17:26.008Z
INTC260424P00039000,INTC260424P00039000,OPTION,BUY,BTO,BUY_TO_OPEN,CANCELLED,0.0,15.0,@1.03,,DAY,2026-03-16T16:16:08.376Z,
PLTR260320P00115000,PLTR260320P00115000,OPTION,SELL,STC,SELL_TO_CLOSE,FILLED,20.0,20.0,@0.02,0.02,DAY,2026-03-16T14:44:23.459Z,2026-03-16T14:44:29.669Z
PLTR260320P00095000,PLTR260320P00095000,OPTION,BUY,STC,SELL_TO_CLOSE,FILLED,20.0,20.0,@0.02,0.02,DAY,2026-03-16T14:44:23.459Z,2026-03-16T14:44:29.669Z
QQQ260316P00600000,QQQ260316P00600000,OPTION,SELL,STC,SELL_TO_CLOSE,FILLED,1.0,1.0,@1.92,1.93,DAY,2026-03-16T14:44:05.113Z,2026-03-16T14:44:05.197Z
UVXY260327C00079000,UVXY260327C00079000,OPTION,SELL,STC,SELL_TO_CLOSE,CANCELLED,0.0,20.0,@0.22,,DAY,2026-03-16T14:43:22.215Z,
UVXY260327C00080000,UVXY260327C00080000,OPTION,BUY,STC,SELL_TO_CLOSE,CANCELLED,0.0,20.0,@0.22,,DAY,2026-03-16T14:43:22.215Z,
QQQ260316P00600000,QQQ260316P00600000,OPTION,SELL,STC,SELL_TO_CLOSE,FILLED,1.0,1.0,@1.79,1.79,DAY,2026-03-16T14:40:16.205Z,2026-03-16T14:40:27.613Z
QQQ260316P00600000,QQQ260316P00600000,OPTION,BUY,BTO,BUY_TO_OPEN,FILLED,3.0,3.0,@0.92,0.92,DAY,2026-03-16T14:23:50.568Z,2026-03-16T14:23:54.831Z
QQQ260316C00603000,QQQ260316C00603000,OPTION,SELL,STC,SELL_TO_CLOSE,FILLED,5.0,5.0,@0.86,0.9,DAY,2026-03-16T13:45:19.043Z,2026-03-16T13:45:19.075Z
NTR260515C00090000,NTR260515C00090000,OPTION,BUY,BTO,BUY_TO_OPEN,FILLED,5.0,5.0,@2.5,2.43,DAY,2026-03-16T13:38:20.611Z,2026-03-16T13:38:20.757Z
BMNR260417P00017000,BMNR260417P00017000,OPTION,SELL,STC,SELL_TO_CLOSE,FILLED,30.0,30.0,@0.51,0.51,DAY,2026-03-16T13:33:31.703Z,2026-03-16T13:33:47.344Z
XLF260417P00045000,XLF260417P00045000,OPTION,SELL,STC,SELL_TO_CLOSE,FILLED,30.0,30.0,@0.44,0.44,DAY,2026-03-16T13:32:58.466Z,2026-03-16T13:33:06.340Z
KC260515C00012500,KC260515C00012500,OPTION,SELL,STC,SELL_TO_CLOSE,FILLED,5.0,5.0,@2.25,2.25,DAY,2026-03-16T13:31:55.076Z,2026-03-16T13:32:38.618Z
USO260318C00130000,USO260318C00130000,OPTION,SELL,STC,SELL_TO_CLOSE,FILLED,3.0,3.0,@1.1,1.11,DAY,2026-03-16T13:31:35.551Z,2026-03-16T13:31:35.695Z
NTR260417C00077500,NTR260417C00077500,OPTION,BUY,BTO,BUY_TO_OPEN,FILLED,3.0,3.0,@7.4,7.4,DAY,2026-03-13T19:40:33.064Z,2026-03-13T19:40:33.109Z
UVXY260327C00079000,UVXY260327C00079000,OPTION,BUY,BTO,BUY_TO_OPEN,CANCELLED,0.0,40.0,@0.05,,DAY,2026-03-13T19:27:50.751Z,
UVXY260327C00080000,UVXY260327C00080000,OPTION,SELL,BTO,BUY_TO_OPEN,CANCELLED,0.0,40.0,@0.05,,DAY,2026-03-13T19:27:50.751Z,
UVXY260327C00079000,UVXY260327C00079000,OPTION,BUY,BTO,BUY_TO_OPEN,FILLED,10.0,10.0,@0.1,0.09,DAY,2026-03-13T19:27:22.222Z,2026-03-13T19:27:22.386Z
UVXY260327C00080000,UVXY260327C00080000,OPTION,SELL,BTO,BUY_TO_OPEN,FILLED,10.0,10.0,@0.1,0.09,DAY,2026-03-13T19:27:22.222Z,2026-03-13T19:27:22.386Z
UVXY260327C00079000,UVXY260327C00079000,OPTION,BUY,BTO,BUY_TO_OPEN,FILLED,10.0,10.0,@0.1,0.1,DAY,2026-03-13T19:26:59.216Z,2026-03-13T19:26:59.274Z
UVXY260327C00080000,UVXY260327C00080000,OPTION,SELL,BTO,BUY_TO_OPEN,FILLED,10.0,10.0,@0.1,0.1,DAY,2026-03-13T19:26:59.216Z,2026-03-13T19:26:59.274Z
QQQ260313P00591000,QQQ260313P00591000,OPTION,SELL,STC,SELL_TO_CLOSE,FILLED,3.0,3.0,@0.09,0.09,DAY,2026-03-13T18:54:39.011Z,2026-03-13T18:54:46.696Z
NTR260417C00077500,NTR260417C00077500,OPTION,SELL,STC,SELL_TO_CLOSE,FILLED,3.0,3.0,@7.1,7.46,DAY,2026-03-13T18:44:04.661Z,2026-03-13T18:44:04.706Z
HL260417P00016000,HL260417P00016000,OPTION,SELL,STC,SELL_TO_CLOSE,FILLED,10.0,10.0,@0.5,0.52,DAY,2026-03-13T18:03:52.704Z,2026-03-13T18:03:52.760Z
QQQ260316C00603000,QQQ260316C00603000,OPTION,BUY,BTO,BUY_TO_OPEN,FILLED,5.0,5.0,@1.17,1.17,DAY,2026-03-13T17:54:27.442Z,2026-03-13T17:54:32.387Z
USO260318C00130000,USO260318C00130000,OPTION,BUY,BTO,BUY_TO_OPEN,FILLED,3.0,3.0,@3.3,3.09,DAY,2026-03-13T17:54:04.255Z,2026-03-13T17:54:04.390Z
UVXY260313C00061000,UVXY260313C00061000,OPTION,SELL,STC,SELL_TO_CLOSE,CANCELLED,0.0,100.0,@0.01,,DAY,2026-03-13T17:19:27.428Z,
UVXY260313C00062000,UVXY260313C00062000,OPTION,BUY,STC,SELL_TO_CLOSE,CANCELLED,0.0,100.0,@0.01,,DAY,2026-03-13T17:19:27.428Z,
UVXY260327C00071000,UVXY260327C00071000,OPTION,BUY,BTO,BUY_TO_OPEN,CANCELLED,0.0,10.0,@0.1,,DAY,2026-03-13T17:03:05.239Z,
UVXY260327C00072000,UVXY260327C00072000,OPTION,SELL,BTO,BUY_TO_OPEN,CANCELLED,0.0,10.0,@0.1,,DAY,2026-03-13T17:03:05.239Z,
MUR,MUR,EQUITY,BUY,BUY,,FILLED,200.0,200.0,@35.94,35.94,DAY,2026-03-13T16:54:27.903Z,2026-03-13T16:54:45.106Z
BTU,BTU,EQUITY,SELL,SELL,,FILLED,150.0,150.0,@34.36,34.36,DAY,2026-03-13T16:42:35.369Z,2026-03-13T16:42:35.410Z
QQQ260313P00591000,QQQ260313P00591000,OPTION,BUY,BTO,BUY_TO_OPEN,FILLED,3.0,3.0,@0.67,0.66,DAY,2026-03-13T16:18:05.431Z,2026-03-13T16:18:05.504Z
SSL,SSL,EQUITY,SELL,SELL,,FILLED,250.0,250.0,@11.47,11.5,DAY,2026-03-13T16:11:58.860Z,2026-03-13T16:11:58.898Z
SSL,SSL,EQUITY,SELL,SELL,,CANCELLED,0.0,250.0,,,DAY,2026-03-13T16:11:30.717Z,
HL260417P00016000,HL260417P00016000,OPTION,BUY,BTO,BUY_TO_OPEN,FILLED,10.0,10.0,@0.58,0.58,DAY,2026-03-13T16:00:59.649Z,2026-03-13T16:00:59.684Z
AMZN260515P00180000,AMZN260515P00180000,OPTION,BUY,BTO,BUY_TO_OPEN,FILLED,3.0,3.0,@5.0,4.94,DAY,2026-03-13T16:00:22.661Z,2026-03-13T16:00:22.821Z
AMZN260320P00200000,AMZN260320P00200000,OPTION,SELL,STC,SELL_TO_CLOSE,FILLED,8.0,8.0,@1.97,2.0,DAY,2026-03-13T15:59:59.949Z,2026-03-13T16:00:00.081Z
WEAT260717C00030000,WEAT260717C00030000,OPTION,BUY,BTO,BUY_TO_OPEN,FILLED,10.0,10.0,@0.8,0.79,DAY,2026-03-13T15:22:51.267Z,2026-03-13T15:22:51.325Z
QQQ260313P00593000,QQQ260313P00593000,OPTION,SELL,STC,SELL_TO_CLOSE,FILLED,3.0,3.0,@0.74,0.76,DAY,2026-03-13T15:09:40.831Z,2026-03-13T15:09:40.965Z
NVDA,NVDA,EQUITY,BUY,BUY,,CANCELLED,0.0,150.0,,,GTC,2026-03-13T15:03:07.028Z,
NVDA,NVDA,EQUITY,SHORT,SHORT,,FILLED,100.0,100.0,@181.69,181.79,DAY,2026-03-13T15:02:16.532Z,2026-03-13T15:02:16.570Z
BMNR260417P00017000,BMNR260417P00017000,OPTION,BUY,BTO,BUY_TO_OPEN,FILLED,15.0,15.0,@0.7,0.7,DAY,2026-03-13T14:55:56.123Z,2026-03-13T14:57:39.626Z
XLF260417P00045000,XLF260417P00045000,OPTION,BUY,BTO,BUY_TO_OPEN,FILLED,30.0,30.0,@0.5,0.5,DAY,2026-03-13T14:53:58.553Z,2026-03-13T14:53:58.654Z
QQQ260313P00593000,QQQ260313P00593000,OPTION,BUY,BTO,BUY_TO_OPEN,FILLED,3.0,3.0,@0.73,0.65,DAY,2026-03-13T14:53:06.217Z,2026-03-13T14:53:06.486Z
XLF260417P00045000,XLF260417P00045000,OPTION,SELL,STC,SELL_TO_CLOSE,FILLED,60.0,60.0,@0.46,0.46,DAY,2026-03-13T14:34:00.046Z,2026-03-13T14:34:00.191Z
BMNR260417P00017000,BMNR260417P00017000,OPTION,SELL,STC,SELL_TO_CLOSE,FILLED,15.0,15.0,@0.57,0.57,DAY,2026-03-13T14:32:12.250Z,2026-03-13T14:32:28.778Z
QQQ260313P00592000,QQQ260313P00592000,OPTION,SELL,STC,SELL_TO_CLOSE,FILLED,6.0,6.0,@0.24,0.24,DAY,2026-03-13T14:20:21.085Z,2026-03-13T14:20:29.770Z
BMNR260417P00017000,BMNR260417P00017000,OPTION,BUY,BTO,BUY_TO_OPEN,FILLED,30.0,30.0,@0.65,0.62,DAY,2026-03-13T14:19:26.712Z,2026-03-13T14:19:26.935Z
BTU,BTU,EQUITY,SELL,SELL,,FILLED,150.0,150.0,@35.33,35.33,DAY,2026-03-13T14:07:16.103Z,2026-03-13T14:07:16.139Z
UVXY260313C00080000,UVXY260313C00080000,OPTION,SELL,STC,SELL_TO_CLOSE,FILLED,2.0,2.0,@0.01,0.01,DAY,2026-03-13T14:00:33.104Z,2026-03-13T14:26:20.566Z
QQQ260313P00592000,QQQ260313P00592000,OPTION,BUY,BTO,BUY_TO_OPEN,FILLED,3.0,3.0,@0.24,0.24,DAY,2026-03-13T13:59:18.384Z,2026-03-13T13:59:18.418Z
WLAC,WLAC,EQUITY,BUY,BUY,,FILLED,1000.0,1000.0,@10.81,10.81,DAY,2026-03-13T13:53:58.357Z,2026-03-13T14:03:26.206Z
AMZN260313P00190000,AMZN260313P00190000,OPTION,SELL,STC,SELL_TO_CLOSE,FILLED,11.0,11.0,@0.01,0.02,DAY,2026-03-13T13:53:16.096Z,2026-03-13T13:53:16.329Z
DOCU260417P00047500,DOCU260417P00047500,OPTION,SELL,STC,SELL_TO_CLOSE,FILLED,2.0,2.0,@4.2,4.27,DAY,2026-03-13T13:47:15.601Z,2026-03-13T13:47:15.637Z
BTU,BTU,EQUITY,BUY,BUY,,FILLED,300.0,300.0,,36.37,DAY,2026-03-13T13:38:51.486Z,2026-03-13T13:39:04.457Z
DOCU260417P00047500,DOCU260417P00047500,OPTION,BUY,BTO,BUY_TO_OPEN,FILLED,2.0,2.0,@4.8,4.8,DAY,2026-03-13T13:36:30.284Z,2026-03-13T13:36:39.118Z
NTR260417C00090000,NTR260417C00090000,OPTION,SELL,STC,SELL_TO_CLOSE,FILLED,5.0,5.0,@2.2,2.46,DAY,2026-03-13T13:33:38.863Z,2026-03-13T13:33:38.903Z
UAL260417P00075000,UAL260417P00075000,OPTION,SELL,STC,SELL_TO_CLOSE,FILLED,5.0,5.0,@2.61,2.61,DAY,2026-03-13T13:30:43.311Z,2026-03-13T13:30:56.732Z
MARPS,MARPS,EQUITY,SELL,SELL,,FILLED,1000.0,1000.0,@5.2,5.29,DAY,2026-03-13T13:26:13.041Z,2026-03-13T13:30:00.735Z
QQQ260313P00592000,QQQ260313P00592000,OPTION,BUY,BTO,BUY_TO_OPEN,FILLED,3.0,3.0,@1.68,1.65,DAY,2026-03-12T19:49:01.473Z,2026-03-12T19:49:01.533Z
QQQ260312P00598000,QQQ260312P00598000,OPTION,SELL,STC,SELL_TO_CLOSE,FILLED,2.0,2.0,@0.66,0.66,DAY,2026-03-12T19:47:31.689Z,2026-03-12T19:47:58.178Z
QQQ260313P00592000,QQQ260313P00592000,OPTION,SELL,STC,SELL_TO_CLOSE,FILLED,3.0,3.0,@1.63,1.65,DAY,2026-03-12T19:05:12.763Z,2026-03-12T19:05:12.798Z
QQQ260312P00598000,QQQ260312P00598000,OPTION,BUY,BTO,BUY_TO_OPEN,FILLED,2.0,2.0,@0.92,0.89,DAY,2026-03-12T19:02:42.730Z,2026-03-12T19:02:42.789Z
QQQ260313P00592000,QQQ260313P00592000,OPTION,BUY,BTO,BUY_TO_OPEN,FILLED,3.0,3.0,@1.72,1.69,DAY,2026-03-12T19:02:24.890Z,2026-03-12T19:02:25.045Z
QQQ260312P00599000,QQQ260312P00599000,OPTION,SELL,STC,SELL_TO_CLOSE,FILLED,3.0,3.0,@1.06,1.07,DAY,2026-03-12T18:01:40.698Z,2026-03-12T18:01:40.834Z
QQQ260312P00599000,QQQ260312P00599000,OPTION,BUY,BTO,BUY_TO_OPEN,FILLED,1.0,1.0,@1.31,1.3,DAY,2026-03-12T17:45:38.049Z,2026-03-12T17:45:57.919Z
QQQ260312P00599000,QQQ260312P00599000,OPTION,BUY,BTO,BUY_TO_OPEN,FILLED,2.0,2.0,@1.02,1.0,DAY,2026-03-12T17:43:30.995Z,2026-03-12T17:43:31.118Z
MSTR260417P00115000,MSTR260417P00115000,OPTION,SELL,STC,SELL_TO_CLOSE,FILLED,3.0,3.0,@4.75,4.95,DAY,2026-03-12T17:22:13.446Z,2026-03-12T17:22:13.583Z
UAL260417P00075000,UAL260417P00075000,OPTION,SELL,STC,SELL_TO_CLOSE,FILLED,5.0,5.0,@2.94,2.95,DAY,2026-03-12T15:13:27.932Z,2026-03-12T15:13:27.982Z
AMZN260417P00190000,AMZN260417P00190000,OPTION,BUY,BTO,BUY_TO_OPEN,FILLED,5.0,5.0,@3.45,3.45,DAY,2026-03-12T15:13:07.946Z,2026-03-12T15:13:08.025Z
VET,VET,EQUITY,BUY,BUY,,FILLED,500.0,500.0,@11.92,11.92,DAY,2026-03-12T14:34:49.758Z,2026-03-12T14:34:49.833Z
NTR260417C00090000,NTR260417C00090000,OPTION,SELL,STC,SELL_TO_CLOSE,FILLED,5.0,5.0,@2.5,2.7,DAY,2026-03-12T14:12:11.621Z,2026-03-12T14:12:11.776Z
QQQ260312P00600000,QQQ260312P00600000,OPTION,SELL,STC,SELL_TO_CLOSE,FILLED,2.0,2.0,@1.8,1.8,DAY,2026-03-12T14:01:38.794Z,2026-03-12T14:01:46.314Z
XLF260417P00050000,XLF260417P00050000,OPTION,SELL,STC,SELL_TO_CLOSE,FILLED,14.0,14.0,@2.05,2.06,DAY,2026-03-12T14:00:07.568Z,2026-03-12T14:00:07.726Z
MSTR260417P00115000,MSTR260417P00115000,OPTION,BUY,BTO,BUY_TO_OPEN,FILLED,3.0,3.0,@5.1,5.1,DAY,2026-03-12T13:58:41.559Z,2026-03-12T13:59:15.445Z
WEAT260417C00025000,WEAT260417C00025000,OPTION,BUY,BTO,BUY_TO_OPEN,FILLED,30.0,30.0,@0.7,0.7,DAY,2026-03-12T13:40:15.091Z,2026-03-12T13:40:35.367Z
SSL,SSL,EQUITY,BUY,BUY,,FILLED,500.0,500.0,@10.25,10.24,DAY,2026-03-12T13:37:15.979Z,2026-03-12T13:37:46.403Z
NTR260417C00090000,NTR260417C00090000,OPTION,SELL,STC,SELL_TO_CLOSE,FILLED,10.0,10.0,@1.75,2.09,DAY,2026-03-12T13:33:43.070Z,2026-03-12T13:33:43.235Z
NTR260417C00077500,NTR260417C00077500,OPTION,SELL,STC,SELL_TO_CLOSE,FILLED,3.0,3.0,@6.8,8.23,DAY,2026-03-12T13:33:30.007Z,2026-03-12T13:33:30.143Z
QQQ260312P00600000,QQQ260312P00600000,OPTION,BUY,BTO,BUY_TO_OPEN,FILLED,2.0,2.0,,1.6,DAY,2026-03-12T13:30:36.126Z,2026-03-12T13:30:36.265Z
NTR260417C00090000,NTR260417C00090000,OPTION,BUY,BTO,BUY_TO_OPEN,FILLED,20.0,20.0,@0.6,0.6,DAY,2026-03-11T19:04:58.925Z,2026-03-11T19:04:58.985Z
WLAC,WLAC,EQUITY,BUY,BUY,,FILLED,500.0,500.0,@10.69,10.69,DAY,2026-03-11T18:53:46.149Z,2026-03-11T18:53:46.219Z
WLAC,WLAC,EQUITY,BUY,BUY,,FILLED,500.0,500.0,@10.69,10.69,DAY,2026-03-11T18:52:29.307Z,2026-03-11T18:52:29.345Z
QQQ260311P00604000,QQQ260311P00604000,OPTION,SELL,STC,SELL_TO_CLOSE,FILLED,5.0,5.0,@0.21,0.22,DAY,2026-03-11T18:33:14.497Z,2026-03-11T18:33:14.632Z
QQQ260311P00604000,QQQ260311P00604000,OPTION,BUY,BTO,BUY_TO_OPEN,FILLED,5.0,5.0,@0.46,0.45,DAY,2026-03-11T17:55:26.706Z,2026-03-11T17:55:26.984Z
NVDA,NVDA,EQUITY,SHORT,SHORT,,FILLED,40.0,40.0,@185.06,185.06,DAY,2026-03-11T17:49:10.591Z,2026-03-11T17:49:10.975Z
NVDA,NVDA,EQUITY,SHORT,SHORT,,FILLED,60.0,60.0,@185.08,185.08,DAY,2026-03-11T17:45:01.679Z,2026-03-11T17:45:24.246Z
UVXY260313C00061000,UVXY260313C00061000,OPTION,BUY,BTO,BUY_TO_OPEN,FILLED,50.0,50.0,@0.03,0.03,DAY,2026-03-11T16:25:55.287Z,2026-03-11T19:54:38.425Z
UVXY260313C00062000,UVXY260313C00062000,OPTION,SELL,BTO,BUY_TO_OPEN,FILLED,50.0,50.0,@0.03,0.03,DAY,2026-03-11T16:25:55.287Z,2026-03-11T19:54:38.425Z
QQQ260311P00607000,QQQ260311P00607000,OPTION,SELL,STC,SELL_TO_CLOSE,FILLED,2.0,2.0,@2.26,2.3,DAY,2026-03-11T16:07:00.207Z,2026-03-11T16:07:00.356Z
AMZN260320P00200000,AMZN260320P00200000,OPTION,BUY,BTO,BUY_TO_OPEN,FILLED,10.0,10.0,@1.26,1.26,DAY,2026-03-11T14:35:45.761Z,2026-03-11T14:35:55.081Z
QQQ260311P00607000,QQQ260311P00607000,OPTION,BUY,BTO,BUY_TO_OPEN,FILLED,2.0,2.0,@1.37,1.27,DAY,2026-03-11T13:53:09.727Z,2026-03-11T13:53:10.094Z
AMZN260320P00190000,AMZN260320P00190000,OPTION,SELL,STC,SELL_TO_CLOSE,FILLED,10.0,10.0,@0.47,0.47,DAY,2026-03-11T13:51:46.524Z,2026-03-11T13:51:46.936Z
AAOI,AAOI,EQUITY,BUY,BUY,,FILLED,30.0,30.0,@118.14,118.14,DAY,2026-03-11T13:50:30.091Z,2026-03-11T13:50:30.126Z
SLV260417C00090000,SLV260417C00090000,OPTION,SELL,STC,SELL_TO_CLOSE,FILLED,5.0,5.0,@2.86,2.86,DAY,2026-03-11T13:50:19.344Z,2026-03-11T13:50:19.429Z
CF260417C00120000,CF260417C00120000,OPTION,BUY,BTO,BUY_TO_OPEN,CANCELLED,0.0,3.0,@4.0,,DAY,2026-03-11T13:44:33.970Z,
NIO260417C00006000,NIO260417C00006000,OPTION,SELL,STC,SELL_TO_CLOSE,FILLED,20.0,20.0,@0.34,0.35,DAY,2026-03-11T13:40:23.587Z,2026-03-11T13:40:23.886Z
QQQ260311P00600000,QQQ260311P00600000,OPTION,SELL,STC,SELL_TO_CLOSE,FILLED,4.0,4.0,@0.26,0.27,DAY,2026-03-11T13:33:47.866Z,2026-03-11T13:33:47.909Z
KB260618P00100000,KB260618P00100000,OPTION,SELL,STC,SELL_TO_CLOSE,FILLED,2.0,2.0,@3.6,5.52,DAY,2026-03-11T13:31:17.067Z,2026-03-11T13:31:17.261Z
UVXY260313C00061000,UVXY260313C00061000,OPTION,SELL,STC,SELL_TO_CLOSE,CANCELLED,0.0,25.0,@0.3,,DAY,2026-03-10T19:58:12.558Z,
UVXY260313C00062000,UVXY260313C00062000,OPTION,BUY,STC,SELL_TO_CLOSE,CANCELLED,0.0,25.0,@0.3,,DAY,2026-03-10T19:58:12.558Z,
MARPS,MARPS,EQUITY,BUY,BUY,,FILLED,1000.0,1000.0,@5.0,4.999,DAY,2026-03-10T19:36:39.292Z,2026-03-10T19:36:39.332Z
QQQ260311P00600000,QQQ260311P00600000,OPTION,BUY,BTO,BUY_TO_OPEN,FILLED,2.0,2.0,@1.32,1.32,DAY,2026-03-10T19:22:10.508Z,2026-03-10T19:22:10.800Z
NIO260410C00005500,NIO260410C00005500,OPTION,SELL,STC,SELL_TO_CLOSE,FILLED,10.0,10.0,@0.5,0.52,DAY,2026-03-10T19:17:49.760Z,2026-03-10T19:17:55.059Z
AMZN260320P00190000,AMZN260320P00190000,OPTION,BUY,BTO,BUY_TO_OPEN,FILLED,10.0,10.0,@0.58,0.57,DAY,2026-03-10T19:17:23.501Z,2026-03-10T19:17:23.657Z
QQQ260311P00600000,QQQ260311P00600000,OPTION,BUY,BTO,BUY_TO_OPEN,FILLED,2.0,2.0,@1.27,1.27,DAY,2026-03-10T19:13:23.953Z,2026-03-10T19:13:30.935Z
AAOI,AAOI,EQUITY,SHORT,SHORT,,FILLED,30.0,30.0,@121.08,121.08,DAY,2026-03-10T19:06:09.733Z,2026-03-10T19:06:09.777Z
UAL260417P00075000,UAL260417P00075000,OPTION,BUY,BTO,BUY_TO_OPEN,FILLED,10.0,10.0,@2.19,2.19,DAY,2026-03-10T18:53:05.388Z,2026-03-10T18:53:05.599Z
MU260417P00310000,MU260417P00310000,OPTION,SELL,STC,SELL_TO_CLOSE,FILLED,2.0,2.0,@7.0,7.0,DAY,2026-03-10T16:43:59.903Z,2026-03-10T16:43:59.938Z
QQQ260310P00597000,QQQ260310P00597000,OPTION,SELL,STC,SELL_TO_CLOSE,FILLED,5.0,5.0,@0.26,0.26,DAY,2026-03-10T14:35:27.710Z,2026-03-10T18:14:56.081Z
NIO260417C00006000,NIO260417C00006000,OPTION,BUY,BTO,BUY_TO_OPEN,FILLED,20.0,20.0,@0.3,0.29,DAY,2026-03-10T13:47:08.022Z,2026-03-10T13:47:08.120Z
SLV260417C00090000,SLV260417C00090000,OPTION,BUY,BTO,BUY_TO_OPEN,FILLED,5.0,5.0,@4.45,4.42,DAY,2026-03-10T13:31:24.039Z,2026-03-10T13:31:24.376Z
QQQ260310P00597000,QQQ260310P00597000,OPTION,BUY,BTO,BUY_TO_OPEN,FILLED,5.0,5.0,@1.08,1.06,DAY,2026-03-09T19:53:08.173Z,2026-03-09T19:53:08.220Z
SPY260310C00684000,SPY260310C00684000,OPTION,SELL,STC,SELL_TO_CLOSE,FILLED,5.0,5.0,@0.7,0.75,DAY,2026-03-09T19:52:20.524Z,2026-03-09T19:52:20.660Z
MARPS,MARPS,EQUITY,SELL,SELL,,FILLED,2200.0,2200.0,@4.9,4.903,DAY,2026-03-09T19:49:26.700Z,2026-03-09T19:49:26.743Z
SPY260310C00684000,SPY260310C00684000,OPTION,BUY,BTO,BUY_TO_OPEN,FILLED,5.0,5.0,@0.9,0.9,DAY,2026-03-09T19:29:22.083Z,2026-03-09T19:29:22.524Z
QQQ260309P00600000,QQQ260309P00600000,OPTION,SELL,STC,SELL_TO_CLOSE,FILLED,3.0,3.0,@0.01,0.01,DAY,2026-03-09T19:28:37.887Z,2026-03-09T19:29:39.543Z
QQQ260309P00599000,QQQ260309P00599000,OPTION,BUY,STC,SELL_TO_CLOSE,FILLED,3.0,3.0,@0.01,0.01,DAY,2026-03-09T19:28:37.887Z,2026-03-09T19:29:39.543Z
SPY260310C00676000,SPY260310C00676000,OPTION,SELL,STC,SELL_TO_CLOSE,FILLED,15.0,15.0,@0.54,0.56,DAY,2026-03-09T19:28:21.924Z,2026-03-09T19:28:22.062Z
SPY260310C00677000,SPY260310C00677000,OPTION,BUY,STC,SELL_TO_CLOSE,FILLED,15.0,15.0,@0.54,0.56,DAY,2026-03-09T19:28:21.924Z,2026-03-09T19:28:22.062Z
SPY260310C00676000,SPY260310C00676000,OPTION,BUY,BTO,BUY_TO_OPEN,FILLED,15.0,15.0,@0.3,0.3,DAY,2026-03-09T19:13:02.403Z,2026-03-09T19:13:02.544Z
SPY260310C00677000,SPY260310C00677000,OPTION,SELL,BTO,BUY_TO_OPEN,FILLED,15.0,15.0,@0.3,0.3,DAY,2026-03-09T19:13:02.403Z,2026-03-09T19:13:02.544Z
QQQ260309P00600000,QQQ260309P00600000,OPTION,SELL,STC,SELL_TO_CLOSE,FILLED,7.0,7.0,@0.41,0.41,DAY,2026-03-09T18:58:04.984Z,2026-03-09T18:58:05.135Z
QQQ260309P00599000,QQQ260309P00599000,OPTION,BUY,STC,SELL_TO_CLOSE,FILLED,7.0,7.0,@0.41,0.41,DAY,2026-03-09T18:58:04.984Z,2026-03-09T18:58:05.135Z
QQQ260309P00600000,QQQ260309P00600000,OPTION,BUY,BTO,BUY_TO_OPEN,FILLED,10.0,10.0,@0.25,0.25,DAY,2026-03-09T18:48:48.077Z,2026-03-09T18:49:00.659Z
QQQ260309P00599000,QQQ260309P00599000,OPTION,SELL,BTO,BUY_TO_OPEN,FILLED,10.0,10.0,@0.25,0.25,DAY,2026-03-09T18:48:48.077Z,2026-03-09T18:49:00.659Z
QQQ260310P00590000,QQQ260310P00590000,OPTION,SELL,STC,SELL_TO_CLOSE,FILLED,2.0,2.0,@1.09,1.09,DAY,2026-03-09T18:29:11.890Z,2026-03-09T18:29:11.927Z
UVXY260313C00061000,UVXY260313C00061000,OPTION,BUY,BTO,BUY_TO_OPEN,FILLED,25.0,25.0,@0.13,0.13,DAY,2026-03-09T17:35:10.349Z,2026-03-09T17:35:20.493Z
UVXY260313C00062000,UVXY260313C00062000,OPTION,SELL,BTO,BUY_TO_OPEN,FILLED,25.0,25.0,@0.13,0.13,DAY,2026-03-09T17:35:10.349Z,2026-03-09T17:35:20.493Z
UVXY260313C00061000,UVXY260313C00061000,OPTION,BUY,BTO,BUY_TO_OPEN,FILLED,25.0,25.0,@0.15,0.15,DAY,2026-03-09T17:34:28.661Z,2026-03-09T17:34:56.599Z
UVXY260313C00062000,UVXY260313C00062000,OPTION,SELL,BTO,BUY_TO_OPEN,FILLED,25.0,25.0,@0.15,0.15,DAY,2026-03-09T17:34:28.661Z,2026-03-09T17:34:56.599Z
QQQ260310P00590000,QQQ260310P00590000,OPTION,BUY,BTO,BUY_TO_OPEN,FILLED,2.0,2.0,@1.46,1.46,DAY,2026-03-09T17:22:30.515Z,2026-03-09T17:22:36.038Z
KC260515C00012500,KC260515C00012500,OPTION,SELL,STC,SELL_TO_CLOSE,FILLED,5.0,5.0,@2.85,2.86,DAY,2026-03-09T17:21:43.774Z,2026-03-09T17:21:43.906Z
MUR,MUR,EQUITY,SELL,SELL,,FILLED,200.0,200.0,@34.14,34.14,DAY,2026-03-09T16:28:23.991Z,2026-03-09T16:28:24.033Z
NIO260410C00005500,NIO260410C00005500,OPTION,BUY,BTO,BUY_TO_OPEN,FILLED,10.0,10.0,@0.23,0.22,DAY,2026-03-09T16:04:20.141Z,2026-03-09T16:04:20.276Z
EWY,EWY,EQUITY,BUY,BUY,,FILLED,75.0,75.0,@127.7,127.62,DAY,2026-03-09T16:03:23.206Z,2026-03-09T16:03:23.327Z
KC260515C00012500,KC260515C00012500,OPTION,BUY,BTO,BUY_TO_OPEN,FILLED,10.0,10.0,@2.95,2.95,DAY,2026-03-09T16:02:46.028Z,2026-03-09T16:02:55.188Z
SLV260417C00185000,SLV260417C00185000,OPTION,SELL,STC,SELL_TO_CLOSE,FILLED,30.0,30.0,@0.11,0.11,DAY,2026-03-09T15:28:28.571Z,2026-03-09T15:28:28.622Z
MU260417P00310000,MU260417P00310000,OPTION,SELL,STC,SELL_TO_CLOSE,FILLED,1.0,1.0,@12.75,13.03,DAY,2026-03-09T15:28:21.010Z,2026-03-09T15:28:21.263Z
QQQ260309P00577000,QQQ260309P00577000,OPTION,SELL,STC,SELL_TO_CLOSE,FILLED,40.0,40.0,@0.04,0.04,DAY,2026-03-09T15:28:10.216Z,2026-03-09T15:28:10.287Z
MU260417P00310000,MU260417P00310000,OPTION,BUY,BTO,BUY_TO_OPEN,FILLED,2.0,2.0,@17.1,17.1,DAY,2026-03-09T14:06:30.896Z,2026-03-09T14:06:30.934Z
MU260417P00310000,MU260417P00310000,OPTION,SELL,STC,SELL_TO_CLOSE,FILLED,2.0,2.0,@16.1,16.65,DAY,2026-03-09T14:05:33.750Z,2026-03-09T14:05:33.884Z
AMZN260313P00190000,AMZN260313P00190000,OPTION,SELL,STC,SELL_TO_CLOSE,FILLED,22.0,22.0,@0.77,0.79,DAY,2026-03-09T14:05:10.232Z,2026-03-09T14:05:10.368Z
QQQ260309P00577000,QQQ260309P00577000,OPTION,BUY,BTO,BUY_TO_OPEN,FILLED,20.0,20.0,@0.11,0.11,DAY,2026-03-09T13:37:59.418Z,2026-03-09T13:37:59.454Z
UVXY260313C00050000,UVXY260313C00050000,OPTION,SELL,STC,SELL_TO_CLOSE,FILLED,10.0,10.0,@5.52,5.54,DAY,2026-03-09T13:33:02.137Z,2026-03-09T13:33:02.292Z
UVXY260313C00070000,UVXY260313C00070000,OPTION,BUY,STC,SELL_TO_CLOSE,FILLED,10.0,10.0,@5.52,5.54,DAY,2026-03-09T13:33:02.137Z,2026-03-09T13:33:02.292Z
AMZN260313P00190000,AMZN260313P00190000,OPTION,SELL,STC,SELL_TO_CLOSE,FILLED,33.0,33.0,@0.61,0.65,DAY,2026-03-09T13:32:40.967Z,2026-03-09T13:32:41.110Z
QQQ260309P00577000,QQQ260309P00577000,OPTION,BUY,BTO,BUY_TO_OPEN,FILLED,20.0,20.0,@0.53,0.53,DAY,2026-03-06T20:58:42.290Z,2026-03-06T20:58:42.339Z
AMD260417P00170000,AMD260417P00170000,OPTION,SELL,STC,SELL_TO_CLOSE,FILLED,3.0,3.0,@6.9,6.9,DAY,2026-03-06T20:56:52.263Z,2026-03-06T20:56:52.319Z
UVXY260313C00080000,UVXY260313C00080000,OPTION,BUY,BTO,BUY_TO_OPEN,FILLED,2.0,2.0,@1.61,1.6,DAY,2026-03-06T20:55:02.149Z,2026-03-06T20:55:02.433Z
UVXY260306C00055000,UVXY260306C00055000,OPTION,SELL,STC,SELL_TO_CLOSE,FILLED,40.0,40.0,@0.02,0.02,DAY,2026-03-06T20:52:28.768Z,2026-03-06T20:52:30.025Z
QQQ260306P00599000,QQQ260306P00599000,OPTION,SELL,STC,SELL_TO_CLOSE,FILLED,7.0,7.0,@0.83,0.83,DAY,2026-03-06T20:35:56.769Z,2026-03-06T20:36:16.425Z
AMZN260313P00190000,AMZN260313P00190000,OPTION,BUY,BTO,BUY_TO_OPEN,FILLED,33.0,33.0,@0.67,0.65,DAY,2026-03-06T20:16:01.452Z,2026-03-06T20:16:01.595Z
AMZN260313P00190000,AMZN260313P00190000,OPTION,BUY,BTO,BUY_TO_OPEN,FILLED,33.0,33.0,@0.6,0.6,DAY,2026-03-06T20:09:24.026Z,2026-03-06T20:09:24.940Z
QQQ260306P00599000,QQQ260306P00599000,OPTION,BUY,BTO,BUY_TO_OPEN,FILLED,2.0,2.0,@0.63,0.63,DAY,2026-03-06T17:47:04.448Z,2026-03-06T17:47:04.546Z
XLF260417P00050000,XLF260417P00050000,OPTION,BUY,BTO,BUY_TO_OPEN,FILLED,7.0,7.0,@1.62,1.6,DAY,2026-03-06T17:44:18.571Z,2026-03-06T17:44:30.088Z
UVXY260313C00050000,UVXY260313C00050000,OPTION,BUY,BTO,BUY_TO_OPEN,FILLED,5.0,5.0,@3.15,3.1,DAY,2026-03-06T16:53:33.158Z,2026-03-06T16:53:33.304Z
UVXY260313C00070000,UVXY260313C00070000,OPTION,SELL,BTO,BUY_TO_OPEN,FILLED,5.0,5.0,@3.15,3.1,DAY,2026-03-06T16:53:33.158Z,2026-03-06T16:53:33.304Z
QQQ260306P00599000,QQQ260306P00599000,OPTION,BUY,BTO,BUY_TO_OPEN,FILLED,5.0,5.0,@0.71,0.71,DAY,2026-03-06T16:23:59.916Z,2026-03-06T16:23:59.967Z
QQQ260306P00599000,QQQ260306P00599000,OPTION,SELL,STC,SELL_TO_CLOSE,FILLED,5.0,5.0,@0.59,0.59,DAY,2026-03-06T15:55:47.288Z,2026-03-06T15:56:02.061Z
UVXY260306C00055000,UVXY260306C00055000,OPTION,BUY,BTO,BUY_TO_OPEN,FILLED,20.0,20.0,@0.17,0.17,DAY,2026-03-06T15:53:51.145Z,2026-03-06T15:53:51.176Z
MU260417P00310000,MU260417P00310000,OPTION,BUY,BTO,BUY_TO_OPEN,FILLED,1.0,1.0,@12.1,12.1,DAY,2026-03-06T15:43:26.341Z,2026-03-06T15:43:26.383Z
QQQ260306P00599000,QQQ260306P00599000,OPTION,BUY,BTO,BUY_TO_OPEN,FILLED,5.0,5.0,@0.59,0.59,DAY,2026-03-06T15:41:09.478Z,2026-03-06T15:41:15.402Z
MU260417P00310000,MU260417P00310000,OPTION,SELL,STC,SELL_TO_CLOSE,FILLED,1.0,1.0,@11.4,11.7,DAY,2026-03-06T15:37:32.499Z,2026-03-06T15:37:32.743Z
XLF260417P00050000,XLF260417P00050000,OPTION,BUY,BTO,BUY_TO_OPEN,FILLED,7.0,7.0,@1.53,1.47,DAY,2026-03-06T15:37:11.488Z,2026-03-06T15:37:11.619Z
XLF260417P00050000,XLF260417P00050000,OPTION,SELL,STC,SELL_TO_CLOSE,FILLED,5.0,5.0,@1.56,1.56,DAY,2026-03-06T15:24:48.586Z,2026-03-06T15:25:04.180Z
UVXY260306C00047000,UVXY260306C00047000,OPTION,SELL,STC,SELL_TO_CLOSE,FILLED,2.0,2.0,@3.45,3.45,DAY,2026-03-06T14:51:29.818Z,2026-03-06T14:51:29.857Z
UVXY260306C00047000,UVXY260306C00047000,OPTION,SELL,STC,SELL_TO_CLOSE,FILLED,3.0,3.0,@4.15,4.15,DAY,2026-03-06T14:50:34.532Z,2026-03-06T14:50:45.247Z
EWY,EWY,EQUITY,SHORT,SHORT,,FILLED,75.0,75.0,@125.5,125.5,DAY,2026-03-05T22:18:03.462Z,2026-03-05T22:18:03.498Z
QQQ260306P00597000,QQQ260306P00597000,OPTION,SELL,STC,SELL_TO_CLOSE,FILLED,2.0,2.0,@1.73,1.77,DAY,2026-03-05T19:43:58.436Z,2026-03-05T19:43:58.582Z
QQQ260306P00597000,QQQ260306P00597000,OPTION,BUY,BTO,BUY_TO_OPEN,FILLED,2.0,2.0,@2.03,2.02,DAY,2026-03-05T19:35:34.585Z,2026-03-05T19:35:34.756Z
UVXY260306C00047000,UVXY260306C00047000,OPTION,BUY,BTO,BUY_TO_OPEN,FILLED,2.0,2.0,@2.32,2.32,DAY,2026-03-05T19:35:06.478Z,2026-03-05T19:35:06.513Z
QQQ260306C00611000,QQQ260306C00611000,OPTION,SELL,STC,SELL_TO_CLOSE,FILLED,2.0,2.0,@1.15,1.16,DAY,2026-03-05T19:34:00.499Z,2026-03-05T19:34:00.648Z
UVXY260306C00047000,UVXY260306C00047000,OPTION,SELL,STC,SELL_TO_CLOSE,FILLED,2.0,2.0,@2.16,2.21,DAY,2026-03-05T19:33:55.211Z,2026-03-05T19:34:11.328Z
QQQ260306C00611000,QQQ260306C00611000,OPTION,BUY,BTO,BUY_TO_OPEN,FILLED,2.0,2.0,@1.19,1.19,DAY,2026-03-05T19:05:21.588Z,2026-03-05T19:05:29.846Z
QQQ260305P00602000,QQQ260305P00602000,OPTION,SELL,STC,SELL_TO_CLOSE,FILLED,3.0,3.0,@0.9,0.9,DAY,2026-03-05T18:50:25.413Z,2026-03-05T18:50:31.525Z
UVXY260306C00055000,UVXY260306C00055000,OPTION,BUY,BTO,BUY_TO_OPEN,FILLED,20.0,20.0,@0.28,0.28,DAY,2026-03-05T18:50:20.816Z,2026-03-05T18:50:20.857Z
UVXY260306C00067000,UVXY260306C00067000,OPTION,BUY,BTC,BUY_TO_CLOSE,FILLED,5.0,5.0,@0.03,0.02,DAY,2026-03-05T18:48:48.687Z,2026-03-05T18:48:48.825Z
GOOG260417P00275000,GOOG260417P00275000,OPTION,SELL,STC,SELL_TO_CLOSE,FILLED,5.0,5.0,@5.15,5.15,DAY,2026-03-05T18:00:53.018Z,2026-03-05T18:00:53.061Z
QQQ260305P00602000,QQQ260305P00602000,OPTION,SELL,STC,SELL_TO_CLOSE,FILLED,4.0,4.0,@1.13,1.13,DAY,2026-03-05T17:52:46.240Z,2026-03-05T17:52:46.280Z
HL260320P00017000,HL260320P00017000,OPTION,SELL,STC,SELL_TO_CLOSE,FILLED,10.0,10.0,@0.25,0.25,DAY,2026-03-05T17:52:13.595Z,2026-03-05T17:52:13.638Z
AMD260417P00170000,AMD260417P00170000,OPTION,BUY,BTO,BUY_TO_OPEN,FILLED,3.0,3.0,@5.7,5.7,DAY,2026-03-05T17:52:04.386Z,2026-03-05T17:52:04.426Z
EWY260417P00100000,EWY260417P00100000,OPTION,SELL,STC,SELL_TO_CLOSE,FILLED,3.0,3.0,@4.1,4.1,DAY,2026-03-05T17:50:39.645Z,2026-03-05T17:50:39.734Z
MU260417P00310000,MU260417P00310000,OPTION,BUY,BTO,BUY_TO_OPEN,FILLED,3.0,3.0,@13.25,12.98,DAY,2026-03-05T17:50:35.236Z,2026-03-05T17:50:35.376Z
KB260618P00100000,KB260618P00100000,OPTION,BUY,BTO,BUY_TO_OPEN,FILLED,2.0,2.0,@7.0,6.78,DAY,2026-03-05T17:36:24.368Z,2026-03-05T17:36:33.396Z
QQQ260305P00602000,QQQ260305P00602000,OPTION,SELL,STC,SELL_TO_CLOSE,FILLED,3.0,3.0,@0.99,0.99,DAY,2026-03-05T17:32:18.691Z,2026-03-05T17:32:21.766Z
QQQ260305P00602000,QQQ260305P00602000,OPTION,BUY,BTO,BUY_TO_OPEN,FILLED,10.0,10.0,@0.36,0.35,DAY,2026-03-05T17:26:50.410Z,2026-03-05T17:26:50.562Z
QQQ260305P00604000,QQQ260305P00604000,OPTION,SELL,STC,SELL_TO_CLOSE,FILLED,5.0,5.0,@0.77,0.77,DAY,2026-03-05T17:23:46.476Z,2026-03-05T17:23:46.516Z
QQQ260305P00604000,QQQ260305P00604000,OPTION,SELL,STC,SELL_TO_CLOSE,FILLED,5.0,5.0,@0.56,0.57,DAY,2026-03-05T17:16:25.790Z,2026-03-05T17:16:25.880Z
QQQ260305P00604000,QQQ260305P00604000,OPTION,BUY,BTO,BUY_TO_OPEN,FILLED,10.0,10.0,@0.27,0.27,DAY,2026-03-05T17:08:24.003Z,2026-03-05T17:08:24.036Z
UVXY260306C00047000,UVXY260306C00047000,OPTION,SELL,STC,SELL_TO_CLOSE,FILLED,5.0,5.0,@0.86,0.86,DAY,2026-03-05T16:28:11.988Z,2026-03-05T16:28:30.078Z
UVXY260306C00067000,UVXY260306C00067000,OPTION,BUY,STC,SELL_TO_CLOSE,FILLED,5.0,5.0,@0.86,0.86,DAY,2026-03-05T16:28:11.988Z,2026-03-05T16:28:30.078Z
QQQ260305P00604000,QQQ260305P00604000,OPTION,SELL,STC,SELL_TO_CLOSE,FILLED,6.0,6.0,@0.84,0.84,DAY,2026-03-05T16:24:04.936Z,2026-03-05T16:24:05.078Z
GLD260306P00453000,GLD260306P00453000,OPTION,SELL,STC,SELL_TO_CLOSE,FILLED,1.0,1.0,@1.08,1.27,DAY,2026-03-05T16:23:52.047Z,2026-03-05T16:23:52.184Z
GOOG260417P00275000,GOOG260417P00275000,OPTION,BUY,BTO,BUY_TO_OPEN,FILLED,3.0,3.0,@5.3,5.3,DAY,2026-03-05T16:21:40.679Z,2026-03-05T16:21:48.318Z
QQQ260305P00604000,QQQ260305P00604000,OPTION,BUY,BTO,BUY_TO_OPEN,FILLED,6.0,6.0,@0.57,0.55,DAY,2026-03-05T16:04:52.050Z,2026-03-05T16:04:52.187Z
HL260320P00017000,HL260320P00017000,OPTION,BUY,BTO,BUY_TO_OPEN,FILLED,10.0,10.0,@0.24,0.24,DAY,2026-03-05T15:54:54.318Z,2026-03-05T15:54:54.356Z
GLD260306P00453000,GLD260306P00453000,OPTION,BUY,BTO,BUY_TO_OPEN,FILLED,1.0,1.0,@0.99,0.88,DAY,2026-03-05T15:54:32.357Z,2026-03-05T15:54:32.441Z
UVXY260306C00047000,UVXY260306C00047000,OPTION,SELL,STC,SELL_TO_CLOSE,FILLED,5.0,5.0,@0.7,0.7,DAY,2026-03-05T15:34:58.764Z,2026-03-05T15:34:58.807Z
UVXY260306C00067000,UVXY260306C00067000,OPTION,BUY,STC,SELL_TO_CLOSE,FILLED,5.0,5.0,@0.7,0.7,DAY,2026-03-05T15:34:58.764Z,2026-03-05T15:34:58.807Z
QQQ260305P00606000,QQQ260305P00606000,OPTION,SELL,STC,SELL_TO_CLOSE,FILLED,3.0,3.0,@1.64,1.65,DAY,2026-03-05T15:33:42.544Z,2026-03-05T15:33:42.687Z
UVXY260313C00050000,UVXY260313C00050000,OPTION,BUY,BTO,BUY_TO_OPEN,FILLED,5.0,5.0,@1.37,1.37,DAY,2026-03-05T15:33:26.075Z,2026-03-05T15:34:50.515Z
UVXY260313C00070000,UVXY260313C00070000,OPTION,SELL,BTO,BUY_TO_OPEN,FILLED,5.0,5.0,@1.37,1.37,DAY,2026-03-05T15:33:26.075Z,2026-03-05T15:34:50.515Z
QQQ260305P00606000,QQQ260305P00606000,OPTION,SELL,STC,SELL_TO_CLOSE,FILLED,2.0,2.0,@2.09,2.15,DAY,2026-03-05T15:31:52.750Z,2026-03-05T15:31:52.986Z
UVXY260306C00047000,UVXY260306C00047000,OPTION,SELL,STC,SELL_TO_CLOSE,FILLED,15.0,15.0,@0.9,0.9,DAY,2026-03-05T15:31:26.400Z,2026-03-05T15:32:08.555Z
UVXY260306C00067000,UVXY260306C00067000,OPTION,BUY,STC,SELL_TO_CLOSE,FILLED,15.0,15.0,@0.9,0.9,DAY,2026-03-05T15:31:26.400Z,2026-03-05T15:32:08.555Z
QQQ260305P00606000,QQQ260305P00606000,OPTION,BUY,BTO,BUY_TO_OPEN,FILLED,5.0,5.0,@0.94,0.94,DAY,2026-03-05T15:22:38.606Z,2026-03-05T15:22:40.074Z
GOOG260417P00275000,GOOG260417P00275000,OPTION,BUY,BTO,BUY_TO_OPEN,FILLED,2.0,2.0,@5.0,5.0,DAY,2026-03-05T14:44:48.732Z,2026-03-05T14:44:48.794Z
EWY260417P00100000,EWY260417P00100000,OPTION,BUY,BTO,BUY_TO_OPEN,FILLED,3.0,3.0,@3.0,3.0,DAY,2026-03-05T14:44:19.835Z,2026-03-05T14:44:19.954Z
MUR,MUR,EQUITY,BUY,BUY,,FILLED,200.0,200.0,@34.99,34.99,DAY,2026-03-05T14:33:45.680Z,2026-03-05T14:33:45.718Z
NTR260417C00077500,NTR260417C00077500,OPTION,BUY,BTO,BUY_TO_OPEN,FILLED,8.0,8.0,@1.95,1.95,DAY,2026-03-05T14:31:30.321Z,2026-03-05T14:31:59.264Z
XLF260417P00050000,XLF260417P00050000,OPTION,BUY,BTO,BUY_TO_OPEN,FILLED,5.0,5.0,@1.09,1.09,DAY,2026-03-05T14:31:05.603Z,2026-03-05T14:31:05.649Z
SPY260320C00701000,SPY260320C00701000,OPTION,SELL,STC,SELL_TO_CLOSE,FILLED,18.0,18.0,@0.3,0.31,DAY,2026-03-04T18:03:10.464Z,2026-03-04T18:03:16.284Z
SPY260320C00702000,SPY260320C00702000,OPTION,BUY,STC,SELL_TO_CLOSE,FILLED,18.0,18.0,@0.3,0.31,DAY,2026-03-04T18:03:10.464Z,2026-03-04T18:03:16.284Z
SPY260320C00701000,SPY260320C00701000,OPTION,BUY,BTO,BUY_TO_OPEN,FILLED,18.0,18.0,@0.31,0.31,DAY,2026-03-04T15:20:55.981Z,2026-03-04T15:21:13.679Z
SPY260320C00702000,SPY260320C00702000,OPTION,SELL,BTO,BUY_TO_OPEN,FILLED,18.0,18.0,@0.31,0.31,DAY,2026-03-04T15:20:55.981Z,2026-03-04T15:21:13.679Z
MU260320P00350000,MU260320P00350000,OPTION,SELL,STC,SELL_TO_CLOSE,FILLED,1.0,1.0,@11.9,11.9,DAY,2026-03-04T15:01:47.158Z,2026-03-04T15:01:47.262Z
JEF,JEF,EQUITY,BUY,BUY,,FILLED,250.0,250.0,@44.64,44.64,DAY,2026-03-04T15:01:30.050Z,2026-03-04T15:01:30.088Z
QQQ260304P00589000,QQQ260304P00589000,OPTION,BUY,BTO,BUY_TO_OPEN,FILLED,10.0,10.0,@0.11,0.11,DAY,2026-03-04T14:37:02.468Z,2026-03-04T14:37:02.636Z
MU260320P00350000,MU260320P00350000,OPTION,SELL,STC,SELL_TO_CLOSE,FILLED,1.0,1.0,@12.4,12.4,DAY,2026-03-04T14:31:50.144Z,2026-03-04T14:31:59.436Z
JPM260417P00270000,JPM260417P00270000,OPTION,SELL,STC,SELL_TO_CLOSE,FILLED,2.0,2.0,@4.4,4.4,DAY,2026-03-04T14:31:26.340Z,2026-03-04T14:31:26.414Z
AMD260417P00200000,AMD260417P00200000,OPTION,SELL,STC,SELL_TO_CLOSE,FILLED,1.0,1.0,@17.85,17.85,DAY,2026-03-04T14:31:12.436Z,2026-03-04T14:32:12.361Z
MARPS,MARPS,EQUITY,SELL,SELL,,CANCELLED,0.0,2200.0,@5.2,,DAY,2026-03-04T13:41:44.919Z,
JEF,JEF,EQUITY,BUY,BUY,,CANCELLED,0.0,250.0,@44.65,,DAY,2026-03-04T13:10:09.266Z,
MARPS,MARPS,EQUITY,SELL,SELL,,CANCELLED,0.0,2200.0,@5.25,,DAY,2026-03-04T13:10:03.528Z,
UAL260417P00100000,UAL260417P00100000,OPTION,SELL,STC,SELL_TO_CLOSE,FILLED,1.0,1.0,@7.0,7.32,DAY,2026-03-03T20:30:31.031Z,2026-03-03T20:30:31.237Z
UVXY,UVXY,EQUITY,SELL,SELL,,FILLED,120.0,120.0,@42.71,42.71,DAY,2026-03-03T20:30:23.957Z,2026-03-03T20:30:24.008Z
UVXY260306C00047000,UVXY260306C00047000,OPTION,BUY,BTO,BUY_TO_OPEN,FILLED,15.0,15.0,@1.1,1.1,DAY,2026-03-03T20:29:44.930Z,2026-03-03T20:30:07.949Z
UVXY260306C00067000,UVXY260306C00067000,OPTION,SELL,BTO,BUY_TO_OPEN,FILLED,15.0,15.0,@1.1,1.1,DAY,2026-03-03T20:29:44.930Z,2026-03-03T20:30:07.949Z
CRWV,CRWV,EQUITY,BUY,BUY,,FILLED,33.0,33.0,@73.96,73.96,DAY,2026-03-03T20:29:23.862Z,2026-03-03T20:29:23.899Z
CRWV260320P00040000,CRWV260320P00040000,OPTION,SELL,STC,SELL_TO_CLOSE,FILLED,20.0,20.0,@0.16,0.16,DAY,2026-03-03T20:29:16.264Z,2026-03-03T20:29:16.312Z
AMD260417P00200000,AMD260417P00200000,OPTION,SELL,STC,SELL_TO_CLOSE,FILLED,1.0,1.0,@18.7,18.7,DAY,2026-03-03T20:29:06.066Z,2026-03-03T20:29:06.103Z
QQQ260304P00589000,QQQ260304P00589000,OPTION,BUY,BTO,BUY_TO_OPEN,FILLED,10.0,10.0,@0.55,0.53,DAY,2026-03-03T20:15:22.954Z,2026-03-03T20:15:23.121Z
QQQ260303C00601000,QQQ260303C00601000,OPTION,SELL,STC,SELL_TO_CLOSE,FILLED,1.0,1.0,@1.09,1.09,DAY,2026-03-03T17:01:17.270Z,2026-03-03T17:01:28.822Z
QQQ260303P00595000,QQQ260303P00595000,OPTION,BUY,BTO,BUY_TO_OPEN,FILLED,10.0,10.0,@0.54,0.53,DAY,2026-03-03T16:51:13.563Z,2026-03-03T16:51:13.602Z
QQQ260303C00601000,QQQ260303C00601000,OPTION,BUY,BTO,BUY_TO_OPEN,FILLED,1.0,1.0,@0.86,0.8,DAY,2026-03-03T16:19:02.138Z,2026-03-03T16:19:02.179Z
AMD260417P00200000,AMD260417P00200000,OPTION,BUY,BTO,BUY_TO_OPEN,FILLED,1.0,1.0,@20.25,20.25,DAY,2026-03-03T16:12:10.055Z,2026-03-03T16:12:10.093Z
QQQ260303P00596000,QQQ260303P00596000,OPTION,SELL,STC,SELL_TO_CLOSE,FILLED,5.0,5.0,@3.16,3.16,DAY,2026-03-03T15:41:40.883Z,2026-03-03T15:41:44.317Z
UVXY260306C00047000,UVXY260306C00047000,OPTION,SELL,STC,SELL_TO_CLOSE,FILLED,5.0,5.0,@2.56,2.61,DAY,2026-03-03T14:58:16.709Z,2026-03-03T14:58:16.856Z
UVXY260306C00067000,UVXY260306C00067000,OPTION,BUY,STC,SELL_TO_CLOSE,FILLED,5.0,5.0,@2.56,2.61,DAY,2026-03-03T14:58:16.709Z,2026-03-03T14:58:16.856Z
UAL260417P00100000,UAL260417P00100000,OPTION,SELL,STC,SELL_TO_CLOSE,FILLED,1.0,1.0,@9.4,9.6,DAY,2026-03-03T14:53:46.504Z,2026-03-03T14:53:46.643Z
MU260306P00350000,MU260306P00350000,OPTION,SELL,STC,SELL_TO_CLOSE,FILLED,2.0,2.0,@3.35,3.5,DAY,2026-03-03T14:51:43.922Z,2026-03-03T14:51:44.062Z
PLTR260320P00115000,PLTR260320P00115000,OPTION,BUY,BTO,BUY_TO_OPEN,FILLED,20.0,20.0,@0.76,0.76,DAY,2026-03-03T14:51:23.733Z,2026-03-03T14:51:34.968Z
PLTR260320P00095000,PLTR260320P00095000,OPTION,SELL,BTO,BUY_TO_OPEN,FILLED,20.0,20.0,@0.76,0.76,DAY,2026-03-03T14:51:23.733Z,2026-03-03T14:51:34.968Z
GLD260417C00455000,GLD260417C00455000,OPTION,SELL,STC,SELL_TO_CLOSE,FILLED,1.0,1.0,@27.7,27.7,DAY,2026-03-03T14:43:31.006Z,2026-03-03T14:43:31.120Z
MU260306P00350000,MU260306P00350000,OPTION,SELL,STC,SELL_TO_CLOSE,FILLED,2.0,2.0,@4.3,4.3,DAY,2026-03-03T14:35:56.381Z,2026-03-03T14:35:56.639Z
MU260306P00350000,MU260306P00350000,OPTION,BUY,BTO,BUY_TO_OPEN,FILLED,4.0,4.0,@4.9,4.9,DAY,2026-03-03T14:35:31.768Z,2026-03-03T14:35:33.021Z
GLD260417C00455000,GLD260417C00455000,OPTION,SELL,STC,SELL_TO_CLOSE,FILLED,1.0,1.0,@30.15,30.15,DAY,2026-03-03T14:34:49.760Z,2026-03-03T14:34:49.803Z
QQQ260303P00596000,QQQ260303P00596000,OPTION,SELL,STC,SELL_TO_CLOSE,FILLED,5.0,5.0,@2.8,2.8,DAY,2026-03-03T14:30:34.712Z,2026-03-03T14:30:36.208Z
UVXY,UVXY,EQUITY,BUY,BUY,,FILLED,120.0,120.0,@44.6,44.6,DAY,2026-03-03T13:23:48.166Z,2026-03-03T13:24:15.539Z
JEF,JEF,EQUITY,SHORT,SHORT,,FILLED,250.0,250.0,@42.0,43.63,DAY,2026-03-03T13:22:27.940Z,2026-03-03T13:23:02.166Z
JEF,JEF,EQUITY,SELL,SELL,,FILLED,250.0,250.0,@44.0,44.0,DAY,2026-03-03T13:22:12.797Z,2026-03-03T13:22:12.941Z
JEF,JEF,EQUITY,BUY,BUY,,FILLED,250.0,250.0,@44.0,44.0,DAY,2026-03-03T13:21:50.453Z,2026-03-03T13:21:50.543Z
QQQ260303P00596000,QQQ260303P00596000,OPTION,BUY,BTO,BUY_TO_OPEN,FILLED,10.0,10.0,@0.53,0.51,DAY,2026-03-02T20:48:01.900Z,2026-03-02T20:48:02.042Z
QQQ260302P00590000,QQQ260302P00590000,OPTION,SELL,STC,SELL_TO_CLOSE,CANCELLED,0.0,15.0,@0.01,,DAY,2026-03-02T20:47:42.817Z,
SLV260417C00100000,SLV260417C00100000,OPTION,SELL,STC,SELL_TO_CLOSE,FILLED,5.0,5.0,@4.3,4.38,DAY,2026-03-02T15:19:31.020Z,2026-03-02T15:19:31.217Z
SMH,SMH,EQUITY,BUY,BUY,,FILLED,39.0,39.0,@403.92,403.92,DAY,2026-03-02T14:36:57.770Z,2026-03-02T14:36:57.924Z
JEF,JEF,EQUITY,BUY,BUY,,FILLED,100.0,100.0,@44.59,44.31,DAY,2026-03-02T14:36:53.667Z,2026-03-02T14:36:53.706Z
UAL260417P00100000,UAL260417P00100000,OPTION,SELL,STC,SELL_TO_CLOSE,FILLED,1.0,1.0,@8.55,8.55,DAY,2026-03-02T14:34:26.110Z,2026-03-02T14:34:44.661Z
IGV,IGV,EQUITY,SELL,SELL,,FILLED,50.0,50.0,@81.15,81.15,DAY,2026-03-02T14:30:59.148Z,2026-03-02T14:30:59.475Z
QQQ260302P00590000,QQQ260302P00590000,OPTION,BUY,BTO,BUY_TO_OPEN,FILLED,15.0,15.0,@0.75,0.71,DAY,2026-03-02T14:30:40.221Z,2026-03-02T14:30:40.266Z
VGK,VGK,EQUITY,SELL,SELL,,FILLED,100.0,100.0,@90.36,90.36,DAY,2026-02-27T20:32:47.444Z,2026-02-27T20:32:47.495Z
UVXY260306C00047000,UVXY260306C00047000,OPTION,BUY,BTO,BUY_TO_OPEN,FILLED,10.0,10.0,@0.8,0.79,DAY,2026-02-27T20:27:31.895Z,2026-02-27T20:27:45.173Z
UVXY260306C00067000,UVXY260306C00067000,OPTION,SELL,BTO,BUY_TO_OPEN,FILLED,10.0,10.0,@0.8,0.79,DAY,2026-02-27T20:27:31.895Z,2026-02-27T20:27:45.173Z
MU260320P00350000,MU260320P00350000,OPTION,SELL,STC,SELL_TO_CLOSE,CANCELLED,0.0,2.0,@9.45,,DAY,2026-02-27T17:49:54.344Z,
QQQ260302P00593000,QQQ260302P00593000,OPTION,SELL,STC,SELL_TO_CLOSE,FILLED,2.0,2.0,@0.68,0.68,DAY,2026-02-27T17:14:31.107Z,2026-02-27T17:14:31.207Z
UVXY260306C00047000,UVXY260306C00047000,OPTION,BUY,BTO,BUY_TO_OPEN,CANCELLED,0.0,10.0,@0.54,,DAY,2026-02-27T17:14:24.811Z,
UVXY260306C00067000,UVXY260306C00067000,OPTION,SELL,BTO,BUY_TO_OPEN,CANCELLED,0.0,10.0,@0.54,,DAY,2026-02-27T17:14:24.811Z,
QQQ260305P00586000,QQQ260305P00586000,OPTION,SELL,STC,SELL_TO_CLOSE,FILLED,3.0,3.0,@1.74,1.75,DAY,2026-02-27T17:13:58.157Z,2026-02-27T17:13:58.296Z
UVXY260306C00047000,UVXY260306C00047000,OPTION,BUY,BTO,BUY_TO_OPEN,FILLED,10.0,10.0,@0.63,0.622,DAY,2026-02-27T17:13:52.535Z,2026-02-27T17:14:09.440Z
UVXY260306C00067000,UVXY260306C00067000,OPTION,SELL,BTO,BUY_TO_OPEN,FILLED,10.0,10.0,@0.63,0.622,DAY,2026-02-27T17:13:52.535Z,2026-02-27T17:14:09.440Z
GLD260227C00482000,GLD260227C00482000,OPTION,SELL,STC,SELL_TO_CLOSE,FILLED,1.0,1.0,@1.1,1.18,DAY,2026-02-27T16:22:40.624Z,2026-02-27T16:22:40.762Z
GLD260227C00482000,GLD260227C00482000,OPTION,SELL,STC,SELL_TO_CLOSE,FILLED,1.0,1.0,@1.81,1.81,DAY,2026-02-27T16:19:05.889Z,2026-02-27T16:19:15.140Z
MARPS,MARPS,EQUITY,BUY,BUY,,FILLED,1100.0,1100.0,@4.97,4.97,DAY,2026-02-27T15:38:48.321Z,2026-02-27T15:39:11.397Z
MARPS,MARPS,EQUITY,BUY,BUY,,FILLED,1100.0,1100.0,,4.974,DAY,2026-02-27T15:36:29.238Z,1772206600501
MARPS,MARPS,EQUITY,SELL,SELL,,CANCELLED,0.0,1100.0,,,DAY,2026-02-27T15:36:29.238Z,
GLD260227C00482000,GLD260227C00482000,OPTION,BUY,BTO,BUY_TO_OPEN,FILLED,2.0,2.0,@1.16,1.16,DAY,2026-02-27T15:32:06.699Z,2026-02-27T15:32:07.595Z
QQQ260227C00608000,QQQ260227C00608000,OPTION,SELL,STC,SELL_TO_CLOSE,FILLED,2.0,2.0,@1.32,1.33,DAY,2026-02-27T15:09:45.654Z,2026-02-27T15:09:45.721Z
QQQ260227C00608000,QQQ260227C00608000,OPTION,BUY,BTO,BUY_TO_OPEN,FILLED,2.0,2.0,@1.26,1.22,DAY,2026-02-27T15:07:07.000Z,2026-02-27T15:07:07.141Z
CRWV260227P00076000,CRWV260227P00076000,OPTION,SELL,STC,SELL_TO_CLOSE,FILLED,2.0,2.0,@0.27,0.32,DAY,2026-02-27T14:58:12.436Z,2026-02-27T14:58:12.637Z
JPM260417P00270000,JPM260417P00270000,OPTION,SELL,STC,SELL_TO_CLOSE,FILLED,2.0,2.0,@4.95,4.95,DAY,2026-02-27T14:54:44.910Z,2026-02-27T14:54:44.945Z
ASAN,ASAN,EQUITY,SELL,SELL,,FILLED,500.0,500.0,@7.05,7.05,DAY,2026-02-27T14:54:33.375Z,2026-02-27T14:54:33.421Z
AMD260417P00200000,AMD260417P00200000,OPTION,SELL,STC,SELL_TO_CLOSE,FILLED,1.0,1.0,@15.4,15.4,DAY,2026-02-27T14:54:26.814Z,2026-02-27T14:55:07.901Z
XLF260417P00045000,XLF260417P00045000,OPTION,BUY,BTO,BUY_TO_OPEN,FILLED,60.0,60.0,@0.36,0.36,DAY,2026-02-27T14:54:08.743Z,2026-02-27T14:54:17.433Z
ASAN,ASAN,EQUITY,SELL,SELL,,FILLED,500.0,500.0,@6.97,6.97,DAY,2026-02-27T14:47:22.015Z,2026-02-27T14:47:22.051Z
JPM260417P00270000,JPM260417P00270000,OPTION,BUY,BTO,BUY_TO_OPEN,FILLED,1.0,1.0,@4.9,4.9,DAY,2026-02-27T14:42:29.656Z,2026-02-27T14:42:38.529Z
JPM260417P00270000,JPM260417P00270000,OPTION,BUY,BTO,BUY_TO_OPEN,FILLED,3.0,3.0,@4.8,4.79,DAY,2026-02-27T14:41:28.204Z,2026-02-27T14:41:47.872Z
JEF,JEF,EQUITY,SELL,SELL,,CANCELLED,0.0,100.0,@45.1,,DAY,2026-02-27T14:40:45.193Z,
QCOM260320P00134000,QCOM260320P00134000,OPTION,SELL,STC,SELL_TO_CLOSE,FILLED,5.0,5.0,@1.84,1.84,DAY,2026-02-27T14:35:45.831Z,2026-02-27T14:35:48.837Z
CRWV260227P00076000,CRWV260227P00076000,OPTION,BUY,BTO,BUY_TO_OPEN,FILLED,2.0,2.0,@0.82,0.82,DAY,2026-02-27T14:32:34.600Z,2026-02-27T14:32:34.639Z
QCOM260320P00134000,QCOM260320P00134000,OPTION,BUY,BTO,BUY_TO_OPEN,FILLED,5.0,5.0,@1.95,1.95,DAY,2026-02-27T14:31:38.969Z,2026-02-27T14:31:55.392Z
QQQ260305P00586000,QQQ260305P00586000,OPTION,BUY,BTO,BUY_TO_OPEN,FILLED,3.0,3.0,@3.02,3.02,DAY,2026-02-27T14:30:34.357Z,2026-02-27T14:30:34.492Z
IGV,IGV,EQUITY,SELL,SELL,,FILLED,150.0,150.0,@80.95,80.95,DAY,2026-02-27T13:12:16.715Z,2026-02-27T13:12:16.848Z
ASAN,ASAN,EQUITY,BUY,BUY,,FILLED,1000.0,1000.0,@7.4,7.4,DAY,2026-02-26T21:39:55.312Z,2026-02-26T21:39:55.384Z
CRWV,CRWV,EQUITY,SHORT,SHORT,,FILLED,4.0,4.0,@98.23,98.23,DAY,2026-02-26T20:38:56.265Z,2026-02-26T20:39:01.574Z
CRWV,CRWV,EQUITY,BUY,BUY,,FILLED,2.0,2.0,@98.22,98.22,DAY,2026-02-26T20:38:30.846Z,2026-02-26T20:38:45.263Z
CRWV,CRWV,EQUITY,SHORT,SHORT,,FILLED,31.0,31.0,@98.17,98.17,DAY,2026-02-26T20:38:23.756Z,2026-02-26T20:38:24.567Z
SLV260227P00075000,SLV260227P00075000,OPTION,SELL,STC,SELL_TO_CLOSE,FILLED,4.0,4.0,@0.15,0.16,DAY,2026-02-26T20:15:50.035Z,2026-02-26T20:15:50.174Z
QQQ260302P00593000,QQQ260302P00593000,OPTION,BUY,BTO,BUY_TO_OPEN,FILLED,2.0,2.0,@1.04,1.03,DAY,2026-02-26T20:13:07.869Z,2026-02-26T20:13:19.651Z
TSLA260417P00340000,TSLA260417P00340000,OPTION,SELL,STC,SELL_TO_CLOSE,FILLED,2.0,2.0,@5.7,5.7,DAY,2026-02-26T18:15:22.349Z,2026-02-26T18:15:22.534Z
TSLA260417P00340000,TSLA260417P00340000,OPTION,BUY,BTO,BUY_TO_OPEN,FILLED,2.0,2.0,@5.75,5.73,DAY,2026-02-26T18:12:19.013Z,2026-02-26T18:13:07.539Z
UAL260417P00100000,UAL260417P00100000,OPTION,BUY,BTO,BUY_TO_OPEN,FILLED,3.0,3.0,@3.55,3.55,DAY,2026-02-26T17:33:37.629Z,2026-02-26T17:33:53.033Z
QQQ260226P00601000,QQQ260226P00601000,OPTION,BUY,BTO,BUY_TO_OPEN,FILLED,2.0,2.0,@1.02,1.01,DAY,2026-02-26T15:18:38.084Z,2026-02-26T15:18:38.166Z
NVDA260227P00182500,NVDA260227P00182500,OPTION,SELL,STC,SELL_TO_CLOSE,FILLED,4.0,4.0,@0.87,0.88,DAY,2026-02-26T15:04:11.720Z,2026-02-26T15:04:11.860Z
SMH,SMH,EQUITY,SELL,SELL,,FILLED,20.0,20.0,@417.32,417.46,DAY,2026-02-26T14:46:31.389Z,2026-02-26T14:46:31.425Z
IGV,IGV,EQUITY,BUY,BUY,,FILLED,100.0,100.0,@81.91,81.91,DAY,2026-02-26T14:46:19.104Z,2026-02-26T14:46:19.631Z
UEC,UEC,EQUITY,SELL,SELL,,FILLED,250.0,250.0,@15.22,15.22,DAY,2026-02-26T14:42:30.211Z,2026-02-26T14:42:30.475Z
BABA260417C00195000,BABA260417C00195000,OPTION,SELL,STC,SELL_TO_CLOSE,FILLED,8.0,8.0,@0.74,0.91,DAY,2026-02-26T14:34:48.532Z,2026-02-26T14:34:48.767Z
SLV260227P00075000,SLV260227P00075000,OPTION,BUY,BTO,BUY_TO_OPEN,FILLED,4.0,4.0,@0.54,0.51,DAY,2026-02-26T14:34:37.564Z,2026-02-26T14:34:37.610Z
NVDA260227P00182500,NVDA260227P00182500,OPTION,BUY,BTO,BUY_TO_OPEN,FILLED,4.0,4.0,@0.54,0.54,DAY,2026-02-26T14:30:45.464Z,2026-02-26T14:30:46.143Z
UEC,UEC,EQUITY,SELL,SELL,,FILLED,250.0,250.0,@15.7,15.7,DAY,2026-02-25T20:47:45.223Z,2026-02-25T20:47:45.257Z
AA,AA,EQUITY,SELL,SELL,,FILLED,100.0,100.0,@65.16,65.17,DAY,2026-02-25T20:47:05.003Z,2026-02-25T20:47:53.780Z
SLV260417C00185000,SLV260417C00185000,OPTION,BUY,BTO,BUY_TO_OPEN,FILLED,15.0,15.0,@0.63,0.62,DAY,2026-02-25T20:19:54.975Z,2026-02-25T20:20:08.677Z
SMH,SMH,EQUITY,SHORT,SHORT,,FILLED,19.0,19.0,@424.82,424.82,DAY,2026-02-25T16:06:24.393Z,2026-02-25T16:06:35.447Z
IGV,IGV,EQUITY,BUY,BUY,,FILLED,100.0,100.0,@80.0,80.0,DAY,2026-02-25T16:06:04.160Z,2026-02-25T16:06:04.235Z
AA,AA,EQUITY,BUY,BUY,,FILLED,100.0,100.0,@63.87,63.87,DAY,2026-02-25T15:05:05.404Z,2026-02-25T15:05:06.241Z
BMNR260417P00015000,BMNR260417P00015000,OPTION,SELL,STC,SELL_TO_CLOSE,FILLED,20.0,20.0,@0.6,0.64,DAY,2026-02-25T15:03:11.552Z,2026-02-25T15:03:11.689Z
QQQ260225P00601000,QQQ260225P00601000,OPTION,SELL,STC,SELL_TO_CLOSE,FILLED,2.0,2.0,@0.2,0.2,DAY,2026-02-25T14:37:48.297Z,2026-02-25T14:37:48.326Z
UEC,UEC,EQUITY,BUY,BUY,,FILLED,500.0,500.0,@16.69,16.69,DAY,2026-02-25T14:30:39.743Z,2026-02-25T14:30:39.979Z
MU260320P00350000,MU260320P00350000,OPTION,BUY,BTO,BUY_TO_OPEN,FILLED,1.0,1.0,@9.7,9.47,DAY,2026-02-24T20:59:55.365Z,2026-02-24T20:59:56.973Z
MU260320P00350000,MU260320P00350000,OPTION,BUY,BTO,BUY_TO_OPEN,FILLED,1.0,1.0,@9.9,9.9,DAY,2026-02-24T20:22:30.079Z,2026-02-24T20:22:30.116Z
QQQ260225P00601000,QQQ260225P00601000,OPTION,BUY,BTO,BUY_TO_OPEN,FILLED,2.0,2.0,@1.06,1.04,DAY,2026-02-24T17:44:10.377Z,2026-02-24T17:44:10.682Z
NVDA260302C00210000,NVDA260302C00210000,OPTION,SELL,STC,SELL_TO_CLOSE,FILLED,5.0,5.0,@0.98,0.98,DAY,2026-02-24T17:43:53.249Z,2026-02-24T17:43:53.356Z
BABA,BABA,EQUITY,SELL,SELL,,FILLED,50.0,50.0,@153.23,153.23,DAY,2026-02-24T17:15:51.908Z,2026-02-24T17:15:51.965Z
JPM260320P00285000,JPM260320P00285000,OPTION,SELL,STC,SELL_TO_CLOSE,FILLED,2.0,2.0,@4.3,4.3,DAY,2026-02-24T17:14:58.801Z,2026-02-24T17:15:16.966Z
QQQ260224P00604000,QQQ260224P00604000,OPTION,SELL,STC,SELL_TO_CLOSE,FILLED,5.0,5.0,@0.14,0.15,DAY,2026-02-24T17:11:54.404Z,2026-02-24T17:11:54.926Z
NVDA260302C00210000,NVDA260302C00210000,OPTION,BUY,BTO,BUY_TO_OPEN,FILLED,5.0,5.0,@1.06,1.05,DAY,2026-02-24T17:11:49.057Z,2026-02-24T17:12:03.553Z
FCX260417C00060000,FCX260417C00060000,OPTION,SELL,STC,SELL_TO_CLOSE,FILLED,2.0,2.0,@10.0,10.0,DAY,2026-02-24T17:01:41.529Z,2026-02-24T17:01:41.602Z
CVNA260417P00220000,CVNA260417P00220000,OPTION,SELL,STC,SELL_TO_CLOSE,FILLED,2.0,2.0,@6.35,6.35,DAY,2026-02-24T16:50:57.528Z,2026-02-24T16:50:57.609Z
META260417P00600000,META260417P00600000,OPTION,SELL,STC,SELL_TO_CLOSE,FILLED,1.0,1.0,@15.5,15.5,DAY,2026-02-24T16:50:34.955Z,2026-02-24T16:50:49.998Z
QQQ260224P00604000,QQQ260224P00604000,OPTION,BUY,BTO,BUY_TO_OPEN,FILLED,5.0,5.0,@0.45,0.39,DAY,2026-02-24T16:43:53.953Z,2026-02-24T16:43:54.164Z
QQQ260224P00604000,QQQ260224P00604000,OPTION,SELL,STC,SELL_TO_CLOSE,FILLED,6.0,6.0,@0.43,0.45,DAY,2026-02-24T16:31:56.344Z,2026-02-24T16:32:13.165Z
QQQ260224P00604000,QQQ260224P00604000,OPTION,BUY,BTO,BUY_TO_OPEN,FILLED,6.0,6.0,@0.34,0.34,DAY,2026-02-24T16:19:40.525Z,2026-02-24T16:19:40.677Z
SLV260417C00185000,SLV260417C00185000,OPTION,BUY,BTO,BUY_TO_OPEN,FILLED,15.0,15.0,@0.73,0.73,DAY,2026-02-24T15:59:02.629Z,2026-02-24T15:59:02.754Z
APP,APP,EQUITY,BUY,BUY,,FILLED,20.0,20.0,@381.37,381.37,DAY,2026-02-24T15:48:00.827Z,2026-02-24T15:48:00.952Z
APP,APP,EQUITY,SHORT,SHORT,,FILLED,20.0,20.0,@367.49,367.49,DAY,2026-02-24T15:05:42.885Z,2026-02-24T15:05:51.686Z
QQQ260224P00602000,QQQ260224P00602000,OPTION,SELL,STC,SELL_TO_CLOSE,FILLED,2.0,2.0,@1.45,1.46,DAY,2026-02-24T14:59:03.171Z,2026-02-24T14:59:03.435Z
QQQ260224P00602000,QQQ260224P00602000,OPTION,BUY,BTO,BUY_TO_OPEN,FILLED,2.0,2.0,@1.11,1.1,DAY,2026-02-24T14:54:01.973Z,2026-02-24T14:54:02.102Z
CTSH260417P00055000,CTSH260417P00055000,OPTION,SELL,STC,SELL_TO_CLOSE,FILLED,5.0,5.0,@1.8,1.8,DAY,2026-02-24T14:48:24.098Z,2026-02-24T14:48:59.321Z
FCX260417C00060000,FCX260417C00060000,OPTION,BUY,BTO,BUY_TO_OPEN,FILLED,2.0,2.0,@9.65,9.65,DAY,2026-02-24T14:46:16.308Z,2026-02-24T14:46:21.014Z
LMND,LMND,EQUITY,BUY,BUY,,FILLED,30.0,30.0,@49.93,49.93,DAY,2026-02-24T14:44:10.207Z,2026-02-24T14:44:10.478Z
JPM260320P00285000,JPM260320P00285000,OPTION,BUY,BTO,BUY_TO_OPEN,FILLED,2.0,2.0,@5.3,5.3,DAY,2026-02-24T14:40:47.933Z,2026-02-24T14:40:47.981Z
QQQ260224P00594000,QQQ260224P00594000,OPTION,SELL,STC,SELL_TO_CLOSE,FILLED,2.0,2.0,@0.4,0.4,DAY,2026-02-24T14:40:22.207Z,2026-02-24T14:40:22.753Z
QQQ260224C00610000,QQQ260224C00610000,OPTION,SELL,STC,SELL_TO_CLOSE,FILLED,10.0,10.0,@0.12,0.13,DAY,2026-02-24T14:37:06.052Z,2026-02-24T14:37:13.745Z
LMND,LMND,EQUITY,BUY,BUY,,FILLED,30.0,30.0,@49.23,49.23,DAY,2026-02-24T14:36:12.834Z,2026-02-24T14:36:18.700Z
META260417P00600000,META260417P00600000,OPTION,BUY,BTO,BUY_TO_OPEN,FILLED,1.0,1.0,@18.3,18.3,DAY,2026-02-24T14:34:22.426Z,2026-02-24T14:34:22.474Z
USO260320C00100000,USO260320C00100000,OPTION,SELL,STC,SELL_TO_CLOSE,FILLED,10.0,10.0,@1.16,1.16,DAY,2026-02-24T14:32:30.640Z,2026-02-24T14:32:30.703Z
SLV260417C00100000,SLV260417C00100000,OPTION,SELL,STC,SELL_TO_CLOSE,FILLED,5.0,5.0,@5.05,5.05,DAY,2026-02-24T14:32:10.528Z,2026-02-24T14:32:10.722Z
BABA,BABA,EQUITY,SELL,SELL,,FILLED,50.0,50.0,,151.26,DAY,2026-02-24T14:31:30.205Z,2026-02-24T14:39:15.625Z
AMD260320P00165000,AMD260320P00165000,OPTION,SELL,STC,SELL_TO_CLOSE,FILLED,5.0,5.0,@1.56,1.56,DAY,2026-02-24T14:30:39.010Z,2026-02-24T14:30:39.055Z
QQQ260224C00610000,QQQ260224C00610000,OPTION,BUY,BTO,BUY_TO_OPEN,FILLED,10.0,10.0,@0.23,0.22,DAY,2026-02-23T20:40:03.960Z,2026-02-23T20:40:04.095Z
QQQ260224P00594000,QQQ260224P00594000,OPTION,BUY,BTO,BUY_TO_OPEN,FILLED,2.0,2.0,@1.11,1.1,DAY,2026-02-23T20:39:42.930Z,2026-02-23T20:39:43.068Z
VGK,VGK,EQUITY,BUY,BUY,,FILLED,100.0,100.0,@89.63,89.63,DAY,2026-02-23T18:42:53.739Z,2026-02-23T18:42:54.286Z
BMNR260417P00015000,BMNR260417P00015000,OPTION,BUY,BTO,BUY_TO_OPEN,FILLED,20.0,20.0,@1.05,1.03,DAY,2026-02-23T17:28:36.144Z,2026-02-23T17:28:51.420Z
META260417P00595000,META260417P00595000,OPTION,SELL,STC,SELL_TO_CLOSE,FILLED,2.0,2.0,@13.8,13.8,DAY,2026-02-23T17:28:08.982Z,2026-02-23T17:28:09.114Z
CVNA260417P00220000,CVNA260417P00220000,OPTION,SELL,STC,SELL_TO_CLOSE,CANCELLED,0.0,2.0,@7.4,,DAY,2026-02-23T17:08:06.243Z,
CTSH260417P00055000,CTSH260417P00055000,OPTION,BUY,BTO,BUY_TO_OPEN,FILLED,5.0,5.0,@1.45,1.44,DAY,2026-02-23T16:10:08.552Z,2026-02-23T16:10:21.289Z
META260417P00595000,META260417P00595000,OPTION,BUY,BTO,BUY_TO_OPEN,FILLED,2.0,2.0,@13.85,13.85,DAY,2026-02-23T16:05:03.701Z,2026-02-23T16:05:03.765Z
JEF,JEF,EQUITY,SHORT,SHORT,,FILLED,100.0,100.0,@50.33,50.33,DAY,2026-02-23T15:37:46.794Z,2026-02-23T15:37:46.838Z
QQQ260223C00617000,QQQ260223C00617000,OPTION,SELL,STC,SELL_TO_CLOSE,FILLED,10.0,10.0,@0.01,0.02,DAY,2026-02-23T14:45:39.710Z,2026-02-23T14:45:39.872Z
PLTR260227P00125000,PLTR260227P00125000,OPTION,SELL,STC,SELL_TO_CLOSE,FILLED,1.0,1.0,@2.78,2.94,DAY,2026-02-23T14:45:33.080Z,2026-02-23T14:45:33.159Z
SLV260417C00100000,SLV260417C00100000,OPTION,SELL,STC,SELL_TO_CLOSE,CANCELLED,0.0,5.0,@5.35,,DAY,2026-02-23T14:42:14.336Z,
CVNA260417P00220000,CVNA260417P00220000,OPTION,SELL,STC,SELL_TO_CLOSE,CANCELLED,0.0,1.0,@7.0,,DAY,2026-02-23T14:38:50.418Z,
CRWV260320P00040000,CRWV260320P00040000,OPTION,SELL,STC,SELL_TO_CLOSE,FILLED,15.0,15.0,@0.38,0.38,DAY,2026-02-23T14:37:59.483Z,2026-02-23T14:38:29.694Z
QQQ260223P00590000,QQQ260223P00590000,OPTION,SELL,STC,SELL_TO_CLOSE,FILLED,8.0,8.0,@0.04,0.04,DAY,2026-02-23T14:32:55.323Z,2026-02-23T14:32:55.392Z
PLTR260227P00125000,PLTR260227P00125000,OPTION,BUY,BTO,BUY_TO_OPEN,FILLED,1.0,1.0,@2.2,2.14,DAY,2026-02-23T14:32:32.069Z,2026-02-23T14:32:32.209Z
QQQ260223P00590000,QQQ260223P00590000,OPTION,BUY,BTO,BUY_TO_OPEN,FILLED,8.0,8.0,@0.26,0.25,DAY,2026-02-20T20:56:38.396Z,2026-02-20T20:56:38.605Z
QQQ260223C00617000,QQQ260223C00617000,OPTION,BUY,BTO,BUY_TO_OPEN,FILLED,10.0,10.0,@0.19,0.19,DAY,2026-02-20T20:56:08.083Z,2026-02-20T20:56:08.186Z
QQQ260220P00602000,QQQ260220P00602000,OPTION,SELL,STC,SELL_TO_CLOSE,FILLED,5.0,5.0,@0.01,0.02,DAY,2026-02-20T20:44:31.668Z,2026-02-20T20:44:31.809Z
TSLA260320P00380000,TSLA260320P00380000,OPTION,SELL,STC,SELL_TO_CLOSE,FILLED,2.0,2.0,@7.4,7.47,DAY,2026-02-20T18:29:56.943Z,2026-02-20T18:29:57.082Z
CRWV260320P00040000,CRWV260320P00040000,OPTION,BUY,BTO,BUY_TO_OPEN,FILLED,15.0,15.0,@0.46,0.46,DAY,2026-02-20T18:04:46.757Z,2026-02-20T18:04:46.825Z
CRWV260320P00040000,CRWV260320P00040000,OPTION,BUY,BTO,BUY_TO_OPEN,CANCELLED,0.0,20.0,@0.45,,DAY,2026-02-20T17:45:09.822Z,
TSLA260320P00380000,TSLA260320P00380000,OPTION,BUY,BTO,BUY_TO_OPEN,FILLED,2.0,2.0,@8.15,8.07,DAY,2026-02-20T17:27:46.209Z,2026-02-20T17:27:46.382Z
QQQ260220P00602000,QQQ260220P00602000,OPTION,BUY,BTO,BUY_TO_OPEN,FILLED,4.0,4.0,@0.9,0.88,DAY,2026-02-20T17:15:55.982Z,2026-02-20T17:16:09.273Z
BABA260417C00195000,BABA260417C00195000,OPTION,BUY,BTO,BUY_TO_OPEN,FILLED,8.0,8.0,@1.73,1.66,DAY,2026-02-20T17:14:38.058Z,2026-02-20T17:14:38.335Z
BABA,BABA,EQUITY,BUY,BUY,,FILLED,50.0,50.0,@154.74,154.74,DAY,2026-02-20T16:46:41.526Z,2026-02-20T16:46:41.616Z
TSLA260320P00380000,TSLA260320P00380000,OPTION,SELL,STC,SELL_TO_CLOSE,FILLED,2.0,2.0,@6.4,6.4,DAY,2026-02-20T16:06:54.933Z,2026-02-20T16:06:55.042Z
CVNA260417P00220000,CVNA260417P00220000,OPTION,SELL,STC,SELL_TO_CLOSE,CANCELLED,0.0,2.0,@6.25,,DAY,2026-02-20T16:06:23.304Z,
SLV260417C00100000,SLV260417C00100000,OPTION,SELL,STC,SELL_TO_CLOSE,FILLED,5.0,5.0,@2.69,2.69,DAY,2026-02-20T16:05:46.293Z,2026-02-20T16:05:52.684Z
SLV260417C00100000,SLV260417C00100000,OPTION,BUY,BTO,BUY_TO_OPEN,FILLED,10.0,10.0,@2.69,2.69,DAY,2026-02-20T16:05:29.016Z,2026-02-20T16:05:29.061Z
QQQ260220P00602000,QQQ260220P00602000,OPTION,BUY,BTO,BUY_TO_OPEN,FILLED,1.0,1.0,@1.2,1.2,DAY,2026-02-20T15:33:26.661Z,2026-02-20T15:33:40.879Z
NKE260220C00069000,NKE260220C00069000,OPTION,SELL,STC,SELL_TO_CLOSE,FILLED,10.0,10.0,@0.09,0.09,DAY,2026-02-20T15:20:35.531Z,2026-02-20T15:20:56.691Z
QQQ260220C00612000,QQQ260220C00612000,OPTION,SELL,STC,SELL_TO_CLOSE,FILLED,2.0,2.0,@0.18,0.18,DAY,2026-02-20T15:17:07.731Z,2026-02-20T15:17:07.769Z
NKE260220C00069000,NKE260220C00069000,OPTION,BUY,BTO,BUY_TO_OPEN,FILLED,10.0,10.0,@0.08,0.08,DAY,2026-02-20T15:16:59.992Z,2026-02-20T15:17:00.132Z
QQQ260220C00612000,QQQ260220C00612000,OPTION,BUY,BTO,BUY_TO_OPEN,FILLED,2.0,2.0,@0.92,0.85,DAY,2026-02-20T15:02:30.072Z,2026-02-20T15:02:30.219Z
QQQ260220C00606000,QQQ260220C00606000,OPTION,SELL,STC,SELL_TO_CLOSE,FILLED,1.0,1.0,@1.39,1.41,DAY,2026-02-20T14:55:31.712Z,2026-02-20T14:55:31.762Z
SLV260417C00100000,SLV260417C00100000,OPTION,BUY,BTO,BUY_TO_OPEN,FILLED,5.0,5.0,@2.65,2.61,DAY,2026-02-20T14:49:52.313Z,2026-02-20T14:49:52.496Z
QQQ260220C00606000,QQQ260220C00606000,OPTION,SELL,STC,SELL_TO_CLOSE,FILLED,1.0,1.0,@1.44,1.44,DAY,2026-02-20T14:38:32.435Z,2026-02-20T14:38:33.935Z
LMND,LMND,EQUITY,BUY,BUY,,FILLED,60.0,60.0,@58.28,58.28,DAY,2026-02-20T14:38:18.787Z,2026-02-20T14:38:18.825Z
MSTR260320P00100000,MSTR260320P00100000,OPTION,SELL,STC,SELL_TO_CLOSE,FILLED,3.0,3.0,@2.63,2.63,DAY,2026-02-20T14:37:07.745Z,2026-02-20T14:37:07.785Z
CRWV260320P00040000,CRWV260320P00040000,OPTION,SELL,STC,SELL_TO_CLOSE,CANCELLED,0.0,20.0,@0.36,,DAY,2026-02-20T14:36:47.763Z,
QQQ260220C00606000,QQQ260220C00606000,OPTION,BUY,BTO,BUY_TO_OPEN,FILLED,2.0,2.0,@1.09,1.05,DAY,2026-02-20T14:35:08.551Z,2026-02-20T14:35:08.692Z
AMD260417P00200000,AMD260417P00200000,OPTION,BUY,BTO,BUY_TO_OPEN,FILLED,1.0,1.0,@15.35,15.35,DAY,2026-02-19T20:12:16.614Z,2026-02-19T20:12:26.059Z
AMD260417P00200000,AMD260417P00200000,OPTION,BUY,BTO,BUY_TO_OPEN,FILLED,1.0,1.0,@15.25,15.25,DAY,2026-02-19T20:04:32.862Z,2026-02-19T20:04:32.899Z
BABA,BABA,EQUITY,SELL,SELL,,FILLED,50.0,50.0,@153.58,153.58,DAY,2026-02-19T19:03:08.989Z,2026-02-19T19:03:09.133Z
YETI,YETI,EQUITY,BUY,BUY,,FILLED,200.0,200.0,@46.08,46.05,DAY,2026-02-19T18:27:01.534Z,2026-02-19T18:27:07.429Z
GLD260417C00455000,GLD260417C00455000,OPTION,BUY,BTO,BUY_TO_OPEN,FILLED,2.0,2.0,@25.2,25.2,DAY,2026-02-19T15:58:13.120Z,2026-02-19T15:58:29.290Z
QQQ260219C00608000,QQQ260219C00608000,OPTION,SELL,STC,SELL_TO_CLOSE,FILLED,3.0,3.0,@0.34,0.34,DAY,2026-02-19T15:52:13.573Z,2026-02-19T15:52:13.615Z
AMD260320P00165000,AMD260320P00165000,OPTION,BUY,BTO,BUY_TO_OPEN,FILLED,5.0,5.0,@2.31,2.31,DAY,2026-02-19T15:21:14.846Z,2026-02-19T15:21:14.888Z
MU260320P00320000,MU260320P00320000,OPTION,SELL,STC,SELL_TO_CLOSE,FILLED,2.0,2.0,@6.05,6.05,DAY,2026-02-19T15:20:36.628Z,2026-02-19T15:20:51.395Z
NTR,NTR,EQUITY,BUY,BUY,,FILLED,100.0,100.0,@71.45,71.45,DAY,2026-02-19T15:13:24.441Z,2026-02-19T15:13:24.477Z
LMND,LMND,EQUITY,SHORT,SHORT,,FILLED,120.0,120.0,@63.17,63.17,DAY,2026-02-19T15:12:34.216Z,2026-02-19T15:12:34.254Z
YETI,YETI,EQUITY,SHORT,SHORT,,FILLED,200.0,200.0,@44.07,44.27,DAY,2026-02-19T15:07:31.604Z,2026-02-19T15:07:31.641Z
CVNA260417P00220000,CVNA260417P00220000,OPTION,BUY,BTO,BUY_TO_OPEN,FILLED,1.0,1.0,@7.6,7.6,DAY,2026-02-19T14:35:17.810Z,2026-02-19T14:35:17.848Z
QQQ260219C00608000,QQQ260219C00608000,OPTION,BUY,BTO,BUY_TO_OPEN,FILLED,3.0,3.0,@0.67,0.67,DAY,2026-02-19T14:34:11.992Z,2026-02-19T14:34:12.132Z
TSLA260225P00385000,TSLA260225P00385000,OPTION,SELL,STC,SELL_TO_CLOSE,FILLED,2.0,2.0,@2.9,2.9,DAY,2026-02-19T14:32:52.825Z,2026-02-19T14:32:52.861Z
CVNA260417P00220000,CVNA260417P00220000,OPTION,BUY,BTO,BUY_TO_OPEN,FILLED,1.0,1.0,@6.7,6.7,DAY,2026-02-19T14:32:13.274Z,2026-02-19T14:32:16.929Z
TSLA260225P00380000,TSLA260225P00380000,OPTION,BUY,BTC,BUY_TO_CLOSE,FILLED,2.0,2.0,@1.73,1.73,DAY,2026-02-18T20:28:10.340Z,2026-02-18T20:28:10.378Z
QQQ260218P00603000,QQQ260218P00603000,OPTION,SELL,STC,SELL_TO_CLOSE,FILLED,4.0,4.0,@0.38,0.38,DAY,2026-02-18T20:23:51.724Z,2026-02-18T20:23:56.915Z
TSLA260220P00385000,TSLA260220P00385000,OPTION,BUY,BTO,BUY_TO_OPEN,FILLED,10.0,10.0,@0.19,0.19,DAY,2026-02-18T19:59:09.705Z,2026-02-18T19:59:22.023Z
TSLA260220P00380000,TSLA260220P00380000,OPTION,SELL,BTO,BUY_TO_OPEN,FILLED,10.0,10.0,@0.19,0.19,DAY,2026-02-18T19:59:09.705Z,2026-02-18T19:59:22.023Z
QQQ260218P00603000,QQQ260218P00603000,OPTION,BUY,BTO,BUY_TO_OPEN,FILLED,4.0,4.0,@0.39,0.39,DAY,2026-02-18T19:55:42.500Z,2026-02-18T19:55:58.455Z
QQQ260218P00603000,QQQ260218P00603000,OPTION,SELL,STC,SELL_TO_CLOSE,FILLED,8.0,8.0,@0.35,0.36,DAY,2026-02-18T19:55:04.848Z,2026-02-18T19:55:04.885Z
COPX260417C00100000,COPX260417C00100000,OPTION,SELL,STC,SELL_TO_CLOSE,FILLED,2.0,2.0,@3.2,3.2,DAY,2026-02-18T18:48:59.470Z,2026-02-18T18:48:59.519Z
USO260320C00100000,USO260320C00100000,OPTION,BUY,BTO,BUY_TO_OPEN,FILLED,10.0,10.0,@0.94,0.94,DAY,2026-02-18T18:30:36.157Z,2026-02-18T18:30:36.197Z
QQQ260218P00603000,QQQ260218P00603000,OPTION,BUY,BTO,BUY_TO_OPEN,FILLED,8.0,8.0,@0.28,0.27,DAY,2026-02-18T15:54:52.790Z,2026-02-18T15:54:52.826Z
TSLA260220P00385000,TSLA260220P00385000,OPTION,SELL,STC,SELL_TO_CLOSE,CANCELLED,0.0,10.0,@0.16,,DAY,2026-02-18T15:39:19.804Z,
TSLA260220P00380000,TSLA260220P00380000,OPTION,BUY,STC,SELL_TO_CLOSE,CANCELLED,0.0,10.0,@0.16,,DAY,2026-02-18T15:39:19.804Z,
TSLA260220P00380000,TSLA260220P00380000,OPTION,BUY,BTO,BUY_TO_OPEN,FILLED,10.0,10.0,@0.29,0.29,DAY,2026-02-18T15:01:58.790Z,2026-02-18T15:16:39.839Z
TSLA260220P00385000,TSLA260220P00385000,OPTION,SELL,BTO,BUY_TO_OPEN,FILLED,10.0,10.0,@0.29,0.29,DAY,2026-02-18T15:01:58.790Z,2026-02-18T15:16:39.839Z
TSLA260225P00380000,TSLA260225P00380000,OPTION,SELL,BTO,BUY_TO_OPEN,FILLED,10.0,10.0,@0.29,0.29,DAY,2026-02-18T15:01:58.790Z,2026-02-18T15:16:39.839Z
TSLA260225P00385000,TSLA260225P00385000,OPTION,BUY,BTO,BUY_TO_OPEN,FILLED,10.0,10.0,@0.29,0.29,DAY,2026-02-18T15:01:58.790Z,2026-02-18T15:16:39.839Z
ALAB260320P00120000,ALAB260320P00120000,OPTION,SELL,STC,SELL_TO_CLOSE,FILLED,1.0,1.0,@8.8,8.8,DAY,2026-02-18T15:00:34.754Z,2026-02-18T15:00:34.837Z
ALAB260320P00120000,ALAB260320P00120000,OPTION,SELL,STC,SELL_TO_CLOSE,FILLED,1.0,1.0,@8.8,8.8,DAY,2026-02-18T14:59:57.001Z,2026-02-18T15:00:15.535Z
MAGS260320P00060000,MAGS260320P00060000,OPTION,SELL,STC,SELL_TO_CLOSE,FILLED,7.0,7.0,@1.35,1.35,DAY,2026-02-18T14:59:46.016Z,2026-02-18T14:59:46.055Z
MSTR260320P00100000,MSTR260320P00100000,OPTION,BUY,BTO,BUY_TO_OPEN,FILLED,3.0,3.0,@3.6,3.6,DAY,2026-02-18T14:36:37.628Z,2026-02-18T14:36:40.411Z
MU260320P00320000,MU260320P00320000,OPTION,BUY,BTO,BUY_TO_OPEN,FILLED,2.0,2.0,@8.25,8.25,DAY,2026-02-17T18:33:23.384Z,2026-02-17T18:33:23.421Z
MAGS260320P00060000,MAGS260320P00060000,OPTION,SELL,STC,SELL_TO_CLOSE,FILLED,8.0,8.0,@1.6,1.6,DAY,2026-02-17T18:32:42.038Z,2026-02-17T18:32:50.850Z
QQQ260217P00590000,QQQ260217P00590000,OPTION,BUY,BTO,BUY_TO_OPEN,FILLED,2.0,2.0,@1.05,1.03,DAY,2026-02-17T15:02:28.487Z,2026-02-17T15:02:36.179Z
TQQQ,TQQQ,EQUITY,SELL,SELL,,FILLED,200.0,200.0,@48.36,48.36,DAY,2026-02-13T21:29:38.173Z,2026-02-13T21:29:38.212Z
TQQQ,TQQQ,EQUITY,BUY,BUY,,FILLED,200.0,200.0,@48.43,48.41,DAY,2026-02-13T20:58:24.808Z,2026-02-13T20:58:39.107Z
TSLA260220P00385000,TSLA260220P00385000,OPTION,BUY,BTO,BUY_TO_OPEN,FILLED,10.0,10.0,@0.33,0.33,DAY,2026-02-13T20:40:09.424Z,2026-02-13T20:40:20.616Z
TSLA260220P00380000,TSLA260220P00380000,OPTION,SELL,BTO,BUY_TO_OPEN,FILLED,10.0,10.0,@0.33,0.33,DAY,2026-02-13T20:40:09.424Z,2026-02-13T20:40:20.616Z
TSLA260320P00380000,TSLA260320P00380000,OPTION,BUY,BTO,BUY_TO_OPEN,FILLED,2.0,2.0,@8.1,8.07,DAY,2026-02-13T20:18:07.335Z,2026-02-13T20:18:07.491Z
PLTR,PLTR,EQUITY,BUY,BUY,,FILLED,100.0,100.0,@133.07,133.07,DAY,2026-02-13T17:24:57.438Z,2026-02-13T17:24:57.517Z
QQQ260213C00606000,QQQ260213C00606000,OPTION,SELL,STC,SELL_TO_CLOSE,FILLED,1.0,1.0,@1.0,1.0,DAY,2026-02-13T17:09:44.705Z,2026-02-13T17:09:44.747Z
ALAB260320P00120000,ALAB260320P00120000,OPTION,BUY,BTO,BUY_TO_OPEN,FILLED,2.0,2.0,@9.15,9.15,DAY,2026-02-13T17:02:01.253Z,2026-02-13T17:02:14.729Z
USO260220C00090000,USO260220C00090000,OPTION,SELL,STC,SELL_TO_CLOSE,FILLED,30.0,30.0,@0.11,0.12,DAY,2026-02-13T17:00:32.087Z,2026-02-13T17:00:32.235Z
COPX260417C00100000,COPX260417C00100000,OPTION,SELL,STC,SELL_TO_CLOSE,FILLED,3.0,3.0,@3.6,3.6,DAY,2026-02-13T16:42:05.190Z,2026-02-13T16:42:05.243Z
HL260320P00017000,HL260320P00017000,OPTION,SELL,STC,SELL_TO_CLOSE,FILLED,20.0,20.0,@0.38,0.38,DAY,2026-02-13T16:38:34.314Z,2026-02-13T16:38:34.353Z
COPX260417C00100000,COPX260417C00100000,OPTION,BUY,BTO,BUY_TO_OPEN,FILLED,5.0,5.0,@3.6,3.6,DAY,2026-02-13T16:15:26.373Z,2026-02-13T16:15:39.746Z
ALAB260320P00120000,ALAB260320P00120000,OPTION,SELL,STC,SELL_TO_CLOSE,FILLED,4.0,4.0,@8.8,8.8,DAY,2026-02-13T16:06:38.386Z,2026-02-13T16:06:38.452Z
BABA,BABA,EQUITY,BUY,BUY,,FILLED,100.0,100.0,@156.65,156.65,DAY,2026-02-13T14:53:01.262Z,2026-02-13T14:53:07.048Z
QQQ260213C00606000,QQQ260213C00606000,OPTION,BUY,BTO,BUY_TO_OPEN,FILLED,1.0,1.0,@1.67,1.67,DAY,2026-02-13T14:48:53.030Z,2026-02-13T14:48:56.143Z
BABA,BABA,EQUITY,SELL,SELL,,FILLED,25.0,25.0,@155.6,155.6,DAY,2026-02-13T14:48:35.670Z,2026-02-13T14:48:35.751Z
GOOG260320P00275000,GOOG260320P00275000,OPTION,SELL,STC,SELL_TO_CLOSE,FILLED,6.0,6.0,@2.97,3.03,DAY,2026-02-13T14:47:30.792Z,2026-02-13T14:47:41.866Z
AAPL260320P00230000,AAPL260320P00230000,OPTION,SELL,STC,SELL_TO_CLOSE,FILLED,10.0,10.0,@1.54,1.54,DAY,2026-02-13T14:46:48.386Z,2026-02-13T14:46:56.753Z
NVDA260213P00182500,NVDA260213P00182500,OPTION,SELL,STC,SELL_TO_CLOSE,FILLED,4.0,4.0,@0.56,0.58,DAY,2026-02-13T14:46:28.459Z,2026-02-13T14:46:28.604Z
NVDA260213P00182500,NVDA260213P00182500,OPTION,SELL,STC,SELL_TO_CLOSE,CANCELLED,0.0,2.0,@1.65,,DAY,2026-02-13T14:42:18.978Z,
QQQ260213C00606000,QQQ260213C00606000,OPTION,SELL,STC,SELL_TO_CLOSE,FILLED,3.0,3.0,@0.53,0.54,DAY,2026-02-13T14:42:10.966Z,2026-02-13T14:42:11.034Z
NVDA260213P00182500,NVDA260213P00182500,OPTION,BUY,BTO,BUY_TO_OPEN,FILLED,4.0,4.0,@0.84,0.84,DAY,2026-02-13T14:38:40.501Z,2026-02-13T14:38:45.963Z
HL260320P00017000,HL260320P00017000,OPTION,BUY,BTO,BUY_TO_OPEN,FILLED,20.0,20.0,@0.48,0.48,DAY,2026-02-13T14:34:07.909Z,2026-02-13T14:48:06.350Z
NVDA260213P00182500,NVDA260213P00182500,OPTION,SELL,STC,SELL_TO_CLOSE,FILLED,3.0,3.0,@0.42,0.43,DAY,2026-02-13T14:33:09.611Z,2026-02-13T14:33:09.897Z
QQQ260213C00606000,QQQ260213C00606000,OPTION,BUY,BTO,BUY_TO_OPEN,FILLED,3.0,3.0,@1.26,1.25,DAY,2026-02-13T14:33:03.056Z,2026-02-13T14:33:03.232Z
BABA,BABA,EQUITY,SELL,SELL,,FILLED,75.0,75.0,@153.5,153.59,DAY,2026-02-13T14:32:46.934Z,2026-02-13T14:32:46.991Z
COIN260213P00131000,COIN260213P00131000,OPTION,SELL,STC,SELL_TO_CLOSE,FILLED,1.0,1.0,@0.08,0.15,DAY,2026-02-13T14:31:12.513Z,2026-02-13T14:31:26.624Z
BABA,BABA,EQUITY,SELL,SELL,,CANCELLED,0.0,100.0,@152.3,,DAY,2026-02-13T13:52:15.674Z,
BABA,BABA,EQUITY,SELL,SELL,,CANCELLED,0.0,100.0,@152.96,,DAY,2026-02-13T13:46:27.755Z,
BABA,BABA,EQUITY,SELL,SELL,,CANCELLED,0.0,100.0,@152.37,,DAY,2026-02-13T13:37:52.885Z,
JEF,JEF,EQUITY,SHORT,SHORT,,CANCELLED,0.0,100.0,@55.98,,DAY,2026-02-12T21:15:34.675Z,
COIN260213P00131000,COIN260213P00131000,OPTION,BUY,BTO,BUY_TO_OPEN,FILLED,1.0,1.0,@2.3,2.3,DAY,2026-02-12T20:52:58.366Z,2026-02-12T20:52:58.456Z
USO260220C00090000,USO260220C00090000,OPTION,BUY,BTO,BUY_TO_OPEN,FILLED,15.0,15.0,@0.18,0.18,DAY,2026-02-12T18:26:43.638Z,2026-02-12T18:26:43.678Z
AAPL260320P00230000,AAPL260320P00230000,OPTION,BUY,BTO,BUY_TO_OPEN,FILLED,10.0,10.0,@1.6,1.6,DAY,2026-02-12T18:12:01.936Z,2026-02-12T18:12:01.980Z
AAPL260320P00230000,AAPL260320P00230000,OPTION,SELL,STC,SELL_TO_CLOSE,FILLED,10.0,10.0,@1.42,1.42,DAY,2026-02-12T18:07:38.591Z,2026-02-12T18:07:38.751Z
NVDA260213P00182500,NVDA260213P00182500,OPTION,SELL,STC,SELL_TO_CLOSE,FILLED,2.0,2.0,@0.76,0.76,DAY,2026-02-12T16:28:31.195Z,2026-02-12T16:28:45.228Z
AAPL260320P00230000,AAPL260320P00230000,OPTION,BUY,BTO,BUY_TO_OPEN,FILLED,10.0,10.0,@1.01,1.01,DAY,2026-02-12T16:24:31.940Z,2026-02-12T16:24:32.239Z
GLD260331C00475000,GLD260331C00475000,OPTION,SELL,STC,SELL_TO_CLOSE,FILLED,1.0,1.0,@8.45,8.45,DAY,2026-02-12T16:18:37.537Z,2026-02-12T16:18:40.355Z
NVDA260213P00182500,NVDA260213P00182500,OPTION,BUY,BTO,BUY_TO_OPEN,FILLED,5.0,5.0,@0.28,0.27,DAY,2026-02-12T15:47:03.093Z,2026-02-12T15:47:03.127Z
ALAB260320P00120000,ALAB260320P00120000,OPTION,BUY,BTO,BUY_TO_OPEN,FILLED,2.0,2.0,@6.55,6.55,DAY,2026-02-12T15:39:54.969Z,2026-02-12T15:40:06.208Z
COPX260417C00125000,COPX260417C00125000,OPTION,SELL,STC,SELL_TO_CLOSE,FILLED,6.0,6.0,@1.2,1.2,DAY,2026-02-12T15:38:53.451Z,2026-02-12T15:39:12.750Z
JEF,JEF,EQUITY,SHORT,SHORT,,CANCELLED,0.0,200.0,@56.3,,DAY,2026-02-12T15:38:22.946Z,
JEF,JEF,EQUITY,BUY,BUY,,CANCELLED,0.0,200.0,,,DAY,2026-02-12T15:38:22.946Z,
PLTR,PLTR,EQUITY,SHORT,SHORT,,FILLED,100.0,100.0,@131.57,131.57,DAY,2026-02-12T15:37:10.097Z,2026-02-12T15:37:15.669Z
ALAB260320P00120000,ALAB260320P00120000,OPTION,BUY,BTO,BUY_TO_OPEN,FILLED,2.0,2.0,@5.75,5.75,DAY,2026-02-12T14:54:11.380Z,2026-02-12T14:54:11.439Z
UUUU260417C00020000,UUUU260417C00020000,OPTION,SELL,STC,SELL_TO_CLOSE,FILLED,1.0,1.0,@5.0,5.0,DAY,2026-02-12T14:53:47.032Z,2026-02-12T14:54:12.979Z
MSTR260320P00090000,MSTR260320P00090000,OPTION,SELL,STC,SELL_TO_CLOSE,FILLED,3.0,3.0,@2.58,2.58,DAY,2026-02-12T14:53:02.998Z,2026-02-12T14:53:03.162Z
MSTR260320P00090000,MSTR260320P00090000,OPTION,BUY,BTO,BUY_TO_OPEN,FILLED,3.0,3.0,@3.05,2.99,DAY,2026-02-11T17:12:16.227Z,2026-02-11T17:12:16.360Z
MAGS260320P00060000,MAGS260320P00060000,OPTION,BUY,BTO,BUY_TO_OPEN,FILLED,15.0,15.0,@1.1,1.1,DAY,2026-02-11T17:01:53.567Z,2026-02-11T17:02:03.577Z
UUUU260417C00020000,UUUU260417C00020000,OPTION,SELL,STC,SELL_TO_CLOSE,FILLED,2.0,2.0,@4.15,4.15,DAY,2026-02-11T15:31:30.338Z,2026-02-11T15:31:30.505Z
BABA260417C00130000,BABA260417C00130000,OPTION,SELL,STC,SELL_TO_CLOSE,FILLED,1.0,1.0,@34.1,34.1,DAY,2026-02-11T15:31:14.609Z,2026-02-11T15:31:14.647Z
USO260211C00085000,USO260211C00085000,OPTION,SELL,STC,SELL_TO_CLOSE,CANCELLED,0.0,30.0,@0.02,,DAY,2026-02-11T14:32:37.460Z,
COPX260417C00125000,COPX260417C00125000,OPTION,SELL,STC,SELL_TO_CLOSE,FILLED,6.0,6.0,@1.25,1.25,DAY,2026-02-10T20:33:24.894Z,2026-02-10T20:33:24.943Z
ASAN260320C00010000,ASAN260320C00010000,OPTION,SELL,STC,SELL_TO_CLOSE,FILLED,15.0,15.0,@0.4,0.43,DAY,2026-02-10T20:32:59.349Z,2026-02-10T20:33:05.515Z
QQQ260210P00610000,QQQ260210P00610000,OPTION,SELL,STC,SELL_TO_CLOSE,FILLED,3.0,3.0,@0.45,0.46,DAY,2026-02-10T14:55:02.335Z,2026-02-10T14:55:02.538Z
QQQ260210P00610000,QQQ260210P00610000,OPTION,BUY,BTO,BUY_TO_OPEN,FILLED,3.0,3.0,@0.92,0.88,DAY,2026-02-10T14:39:13.965Z,2026-02-10T14:39:14.102Z
USO260211C00085000,USO260211C00085000,OPTION,SELL,STC,SELL_TO_CLOSE,CANCELLED,0.0,30.0,@0.12,,DAY,2026-02-09T20:16:12.682Z,
GLD260209C00468000,GLD260209C00468000,OPTION,SELL,STC,SELL_TO_CLOSE,FILLED,5.0,5.0,@0.2,0.21,DAY,2026-02-09T17:41:12.388Z,2026-02-09T17:41:29.758Z
USO260211C00085000,USO260211C00085000,OPTION,BUY,BTO,BUY_TO_OPEN,FILLED,30.0,30.0,@0.18,0.18,DAY,2026-02-09T17:40:43.287Z,2026-02-09T17:41:02.755Z
GLD260209C00468000,GLD260209C00468000,OPTION,BUY,BTO,BUY_TO_OPEN,FILLED,5.0,5.0,@0.67,0.67,DAY,2026-02-09T16:44:08.606Z,2026-02-09T16:44:08.652Z
NET260213C00185000,NET260213C00185000,OPTION,SELL,STC,SELL_TO_CLOSE,FILLED,1.0,1.0,@6.25,6.25,DAY,2026-02-09T15:57:49.260Z,2026-02-09T15:57:49.316Z
COPX260417C00125000,COPX260417C00125000,OPTION,BUY,BTO,BUY_TO_OPEN,FILLED,12.0,12.0,@1.35,1.34,DAY,2026-02-09T15:57:34.678Z,2026-02-09T15:57:42.307Z
UUUU260417C00020000,UUUU260417C00020000,OPTION,BUY,BTO,BUY_TO_OPEN,FILLED,3.0,3.0,@5.3,5.3,DAY,2026-02-09T15:55:58.844Z,2026-02-09T15:55:58.878Z
MU260213P00345000,MU260213P00345000,OPTION,SELL,STC,SELL_TO_CLOSE,FILLED,1.0,1.0,@2.0,2.0,DAY,2026-02-09T15:54:53.514Z,2026-02-09T15:55:30.913Z
ASAN260320C00010000,ASAN260320C00010000,OPTION,BUY,BTO,BUY_TO_OPEN,FILLED,15.0,15.0,@0.4,0.4,DAY,2026-02-09T15:09:36.036Z,2026-02-09T18:28:10.758Z
MU260213P00345000,MU260213P00345000,OPTION,BUY,BTO,BUY_TO_OPEN,FILLED,1.0,1.0,@4.9,4.9,DAY,2026-02-09T14:31:53.131Z,2026-02-09T14:31:53.811Z
BABA260417C00130000,BABA260417C00130000,OPTION,BUY,BTO,BUY_TO_OPEN,FILLED,1.0,1.0,@35.35,35.35,DAY,2026-02-06T20:56:40.922Z,2026-02-06T20:56:47.381Z
NET260213C00185000,NET260213C00185000,OPTION,BUY,BTO,BUY_TO_OPEN,FILLED,1.0,1.0,@4.95,4.95,DAY,2026-02-06T16:09:08.556Z,2026-02-06T16:09:25.131Z
GOOG260320P00275000,GOOG260320P00275000,OPTION,BUY,BTO,BUY_TO_OPEN,FILLED,3.0,3.0,@2.08,2.08,DAY,2026-02-06T14:59:41.022Z,2026-02-06T14:59:41.064Z
COIN260206C00155000,COIN260206C00155000,OPTION,SELL,STC,SELL_TO_CLOSE,FILLED,2.0,2.0,@3.9,3.9,DAY,2026-02-06T14:37:17.951Z,2026-02-06T14:37:18.007Z
AMZN260206P00210000,AMZN260206P00210000,OPTION,SELL,STC,SELL_TO_CLOSE,FILLED,1.0,1.0,@9.4,9.55,DAY,2026-02-06T14:32:03.580Z,2026-02-06T14:32:03.767Z
COIN260206C00155000,COIN260206C00155000,OPTION,SELL,STC,SELL_TO_CLOSE,FILLED,1.0,1.0,@3.7,3.7,DAY,2026-02-06T14:31:56.597Z,2026-02-06T14:32:19.744Z
CRWV260220P00060000,CRWV260220P00060000,OPTION,SELL,STC,SELL_TO_CLOSE,FILLED,9.0,9.0,@1.2,1.2,DAY,2026-02-06T14:31:08.144Z,2026-02-06T14:31:08.216Z
CRWV260320P00040000,CRWV260320P00040000,OPTION,SELL,STC,SELL_TO_CLOSE,CANCELLED,0.0,20.0,@1.6,,DAY,2026-02-06T14:30:46.582Z,
MSTR260206P00095000,MSTR260206P00095000,OPTION,SELL,STC,SELL_TO_CLOSE,FILLED,5.0,5.0,@0.15,0.21,DAY,2026-02-06T14:30:32.210Z,2026-02-06T14:30:32.395Z
MSTR260213P00104000,MSTR260213P00104000,OPTION,SELL,STC,SELL_TO_CLOSE,FILLED,1.0,1.0,@3.6,4.2,DAY,2026-02-06T14:30:23.969Z,2026-02-06T14:30:24.116Z
COIN260206C00155000,COIN260206C00155000,OPTION,BUY,BTO,BUY_TO_OPEN,FILLED,3.0,3.0,@1.84,1.73,DAY,2026-02-05T20:48:43.792Z,2026-02-05T20:48:43.932Z
MSTR260206P00095000,MSTR260206P00095000,OPTION,SELL,STC,SELL_TO_CLOSE,FILLED,5.0,5.0,@2.4,2.44,DAY,2026-02-05T20:39:19.196Z,2026-02-05T20:39:19.331Z
IBIT260206P00035000,IBIT260206P00035000,OPTION,SELL,STC,SELL_TO_CLOSE,FILLED,5.0,5.0,@0.85,0.85,DAY,2026-02-05T20:39:06.876Z,2026-02-05T20:39:22.220Z
AMZN260206P00210000,AMZN260206P00210000,OPTION,BUY,BTO,BUY_TO_OPEN,FILLED,1.0,1.0,@4.4,4.4,DAY,2026-02-05T20:31:24.725Z,2026-02-05T20:31:24.762Z
AMZN260206P00200000,AMZN260206P00200000,OPTION,SELL,STC,SELL_TO_CLOSE,FILLED,2.0,2.0,@1.87,1.87,DAY,2026-02-05T20:31:01.986Z,2026-02-05T20:31:02.057Z
AMZN260206P00200000,AMZN260206P00200000,OPTION,BUY,BTO,BUY_TO_OPEN,FILLED,2.0,2.0,@1.94,1.9,DAY,2026-02-05T20:30:38.807Z,2026-02-05T20:30:38.953Z
IBIT260206P00035000,IBIT260206P00035000,OPTION,BUY,BTO,BUY_TO_OPEN,FILLED,5.0,5.0,@0.53,0.53,DAY,2026-02-05T19:56:32.648Z,2026-02-05T19:56:35.441Z
CRWV260220P00060000,CRWV260220P00060000,OPTION,SELL,STC,SELL_TO_CLOSE,FILLED,1.0,1.0,@1.46,1.6,DAY,2026-02-05T19:54:22.543Z,2026-02-05T19:54:22.691Z
CRWV260320P00040000,CRWV260320P00040000,OPTION,BUY,BTO,BUY_TO_OPEN,FILLED,20.0,20.0,@0.87,0.87,DAY,2026-02-05T19:53:52.919Z,2026-02-05T19:54:07.301Z
CRWV260227P00050000,CRWV260227P00050000,OPTION,BUY,BTO,BUY_TO_OPEN,CANCELLED,0.0,20.0,@0.77,,DAY,2026-02-05T19:52:34.019Z,
MSTR260213P00104000,MSTR260213P00104000,OPTION,SELL,STC,SELL_TO_CLOSE,FILLED,1.0,1.0,@7.0,7.0,DAY,2026-02-05T19:07:17.386Z,2026-02-05T19:07:17.431Z
MSTR260320P00120000,MSTR260320P00120000,OPTION,SELL,STC,SELL_TO_CLOSE,FILLED,1.0,1.0,@20.7,20.7,DAY,2026-02-05T19:07:03.877Z,2026-02-05T19:07:03.915Z
QQQ260205P00589000,QQQ260205P00589000,OPTION,SELL,STC,SELL_TO_CLOSE,FILLED,3.0,3.0,@0.47,0.47,DAY,2026-02-05T16:20:10.829Z,2026-02-05T16:20:12.463Z
QQQ260220P00600000,QQQ260220P00600000,OPTION,SELL,STC,SELL_TO_CLOSE,FILLED,3.0,3.0,@8.26,8.26,DAY,2026-02-05T15:36:05.792Z,2026-02-05T15:36:07.284Z
QQQ260220P00575000,QQQ260220P00575000,OPTION,BUY,STC,SELL_TO_CLOSE,FILLED,3.0,3.0,@8.26,8.26,DAY,2026-02-05T15:36:05.792Z,2026-02-05T15:36:07.284Z
MSTR260320P00120000,MSTR260320P00120000,OPTION,SELL,STC,SELL_TO_CLOSE,FILLED,1.0,1.0,@20.3,20.3,DAY,2026-02-05T15:35:11.405Z,2026-02-05T15:35:17.902Z
MSTR260320P00120000,MSTR260320P00120000,OPTION,SELL,STC,SELL_TO_CLOSE,FILLED,1.0,1.0,@19.7,19.81,DAY,2026-02-05T15:29:47.663Z,2026-02-05T15:29:47.799Z
MSTR260213P00104000,MSTR260213P00104000,OPTION,SELL,STC,SELL_TO_CLOSE,FILLED,1.0,1.0,@5.6,5.6,DAY,2026-02-05T15:25:03.518Z,2026-02-05T15:26:18.436Z
MSTR260213P00104000,MSTR260213P00104000,OPTION,SELL,STC,SELL_TO_CLOSE,FILLED,2.0,2.0,@5.6,5.6,DAY,2026-02-05T15:22:12.946Z,2026-02-05T15:22:12.992Z
MSTR260206P00095000,MSTR260206P00095000,OPTION,BUY,BTO,BUY_TO_OPEN,FILLED,10.0,10.0,@1.14,1.11,DAY,2026-02-05T15:21:59.488Z,2026-02-05T15:21:59.631Z
CRWV260220P00060000,CRWV260220P00060000,OPTION,BUY,BTO,BUY_TO_OPEN,FILLED,10.0,10.0,@1.2,1.2,DAY,2026-02-05T14:59:39.193Z,2026-02-05T14:59:39.236Z
QQQ260205P00589000,QQQ260205P00589000,OPTION,BUY,BTO,BUY_TO_OPEN,FILLED,3.0,3.0,@1.06,0.97,DAY,2026-02-05T14:34:24.757Z,2026-02-05T14:34:24.946Z
GOOG260206P00315000,GOOG260206P00315000,OPTION,SELL,STC,SELL_TO_CLOSE,FILLED,1.0,1.0,@7.1,7.1,DAY,2026-02-05T14:33:01.037Z,2026-02-05T14:33:01.120Z
GOOG260320P00275000,GOOG260320P00275000,OPTION,BUY,BTO,BUY_TO_OPEN,FILLED,3.0,3.0,@3.85,3.85,DAY,2026-02-05T14:32:23.592Z,2026-02-05T14:32:23.660Z
GLD260331C00475000,GLD260331C00475000,OPTION,SELL,STC,SELL_TO_CLOSE,FILLED,1.0,1.0,@10.45,10.45,DAY,2026-02-05T14:31:51.633Z,2026-02-05T14:31:51.671Z
MSTR260213P00104000,MSTR260213P00104000,OPTION,BUY,BTO,BUY_TO_OPEN,FILLED,5.0,5.0,@2.9,2.9,DAY,2026-02-05T14:31:32.351Z,2026-02-05T14:31:32.446Z
GOOG,GOOG,EQUITY,SELL,SELL,,FILLED,10.0,10.0,@315.5,315.5,DAY,2026-02-04T21:04:45.748Z,2026-02-04T21:04:46.402Z
GOOG,GOOG,EQUITY,BUY,BUY,,FILLED,10.0,10.0,@334.14,334.14,DAY,2026-02-04T20:37:39.370Z,2026-02-04T20:37:39.469Z
GOOG260206P00315000,GOOG260206P00315000,OPTION,BUY,BTO,BUY_TO_OPEN,FILLED,1.0,1.0,@3.9,3.9,DAY,2026-02-04T20:36:19.164Z,2026-02-04T20:36:19.201Z
USO260220C00090000,USO260220C00090000,OPTION,BUY,BTO,BUY_TO_OPEN,FILLED,5.0,5.0,@1.0,1.0,DAY,2026-02-04T19:51:36.693Z,2026-02-04T19:51:49.406Z
MU260206P00365000,MU260206P00365000,OPTION,SELL,STC,SELL_TO_CLOSE,FILLED,1.0,1.0,@9.25,9.25,DAY,2026-02-04T18:28:22.593Z,2026-02-04T18:28:28.018Z
CRWV260206P00080000,CRWV260206P00080000,OPTION,SELL,STC,SELL_TO_CLOSE,FILLED,3.0,3.0,@2.3,2.3,DAY,2026-02-04T18:26:56.223Z,2026-02-04T18:27:17.229Z
TSLA260220P00385000,TSLA260220P00385000,OPTION,SELL,STC,SELL_TO_CLOSE,FILLED,10.0,10.0,@1.32,1.32,DAY,2026-02-04T18:23:32.586Z,2026-02-04T18:23:32.639Z
TSLA260220P00380000,TSLA260220P00380000,OPTION,BUY,STC,SELL_TO_CLOSE,FILLED,10.0,10.0,@1.32,1.32,DAY,2026-02-04T18:23:32.586Z,2026-02-04T18:23:32.639Z
QQQ260220P00600000,QQQ260220P00600000,OPTION,SELL,STC,SELL_TO_CLOSE,FILLED,2.0,2.0,@6.38,6.38,DAY,2026-02-04T18:23:23.070Z,2026-02-04T18:23:23.115Z
QQQ260220P00575000,QQQ260220P00575000,OPTION,BUY,STC,SELL_TO_CLOSE,FILLED,2.0,2.0,@6.38,6.38,DAY,2026-02-04T18:23:23.070Z,2026-02-04T18:23:23.115Z
PLTR260220P00136000,PLTR260220P00136000,OPTION,SELL,STC,SELL_TO_CLOSE,FILLED,1.0,1.0,@6.55,6.6,DAY,2026-02-04T17:58:52.937Z,2026-02-04T17:58:52.977Z
MU260206P00365000,MU260206P00365000,OPTION,SELL,STC,SELL_TO_CLOSE,FILLED,1.0,1.0,@9.6,9.6,DAY,2026-02-04T17:58:35.671Z,2026-02-04T17:58:35.752Z
MU260206P00365000,MU260206P00365000,OPTION,SELL,STC,SELL_TO_CLOSE,FILLED,1.0,1.0,@9.25,9.51,DAY,2026-02-04T17:58:25.109Z,2026-02-04T17:58:25.249Z
QQQ260204P00607000,QQQ260204P00607000,OPTION,SELL,STC,SELL_TO_CLOSE,FILLED,1.0,1.0,@6.14,6.2,DAY,2026-02-04T17:47:50.447Z,2026-02-04T17:47:50.486Z
U260213C00026000,U260213C00026000,OPTION,SELL,STC,SELL_TO_CLOSE,FILLED,2.0,2.0,@1.63,1.63,DAY,2026-02-04T17:47:41.126Z,2026-02-04T17:54:38.732Z
SNDK260206P00530000,SNDK260206P00530000,OPTION,SELL,STC,SELL_TO_CLOSE,FILLED,1.0,1.0,@5.0,5.0,DAY,2026-02-04T17:47:22.969Z,2026-02-04T17:47:23.016Z
CRWV260206P00080000,CRWV260206P00080000,OPTION,SELL,STC,SELL_TO_CLOSE,FILLED,2.0,2.0,@2.49,2.5,DAY,2026-02-04T17:41:52.154Z,2026-02-04T17:41:52.327Z
MU260206P00365000,MU260206P00365000,OPTION,SELL,STC,SELL_TO_CLOSE,FILLED,1.0,1.0,@8.65,8.65,DAY,2026-02-04T17:31:27.996Z,2026-02-04T17:31:28.070Z
MU260206P00365000,MU260206P00365000,OPTION,SELL,STC,SELL_TO_CLOSE,FILLED,4.0,4.0,@4.25,4.25,DAY,2026-02-04T16:30:10.156Z,2026-02-04T16:30:10.195Z
PLTR260220P00136000,PLTR260220P00136000,OPTION,SELL,STC,SELL_TO_CLOSE,FILLED,2.0,2.0,@4.9,4.9,DAY,2026-02-04T16:29:43.319Z,2026-02-04T16:29:43.363Z
QQQ260204P00607000,QQQ260204P00607000,OPTION,SELL,STC,SELL_TO_CLOSE,FILLED,2.0,2.0,@2.39,2.39,DAY,2026-02-04T16:02:56.002Z,2026-02-04T16:02:59.214Z
PLTR260220P00136000,PLTR260220P00136000,OPTION,SELL,STC,SELL_TO_CLOSE,FILLED,2.0,2.0,@4.35,4.4,DAY,2026-02-04T15:05:58.389Z,2026-02-04T15:05:58.444Z
U260213C00026000,U260213C00026000,OPTION,BUY,BTO,BUY_TO_OPEN,FILLED,2.0,2.0,@1.37,1.37,DAY,2026-02-04T14:54:10.443Z,2026-02-04T14:54:10.498Z
PLTR260220P00136000,PLTR260220P00136000,OPTION,BUY,BTO,BUY_TO_OPEN,FILLED,5.0,5.0,@2.17,2.17,DAY,2026-02-04T14:43:30.969Z,2026-02-04T14:43:31.012Z
MSFT260320P00385000,MSFT260320P00385000,OPTION,SELL,STC,SELL_TO_CLOSE,FILLED,3.0,3.0,@4.85,4.85,DAY,2026-02-04T14:42:48.554Z,2026-02-04T14:43:04.528Z
BABA260320C00170000,BABA260320C00170000,OPTION,SELL,STC,SELL_TO_CLOSE,FILLED,1.0,1.0,@7.3,7.3,DAY,2026-02-04T14:37:04.598Z,2026-02-04T14:37:12.800Z
SNDK260206P00530000,SNDK260206P00530000,OPTION,BUY,BTO,BUY_TO_OPEN,FILLED,1.0,1.0,@2.75,2.75,DAY,2026-02-04T14:34:36.412Z,2026-02-04T14:34:46.295Z
AMD260206P00205000,AMD260206P00205000,OPTION,SELL,STC,SELL_TO_CLOSE,FILLED,1.0,1.0,@3.05,3.05,DAY,2026-02-04T14:32:54.145Z,2026-02-04T14:32:55.018Z
QQQ260204C00622000,QQQ260204C00622000,OPTION,SELL,STC,SELL_TO_CLOSE,FILLED,2.0,2.0,@0.3,0.3,DAY,2026-02-04T14:31:42.411Z,2026-02-04T14:31:47.272Z
QQQ260204P00607000,QQQ260204P00607000,OPTION,BUY,BTO,BUY_TO_OPEN,FILLED,3.0,3.0,@1.24,1.17,DAY,2026-02-04T14:30:36.494Z,2026-02-04T14:30:36.676Z
AMD260206P00205000,AMD260206P00205000,OPTION,BUY,BTO,BUY_TO_OPEN,FILLED,1.0,1.0,@2.53,2.53,DAY,2026-02-04T14:30:25.124Z,2026-02-04T14:30:45.252Z
QQQ260204C00622000,QQQ260204C00622000,OPTION,BUY,BTO,BUY_TO_OPEN,FILLED,2.0,2.0,@1.02,1.02,DAY,2026-02-03T20:58:58.094Z,2026-02-03T20:58:58.221Z
MU260206P00410000,MU260206P00410000,OPTION,SELL,STC,SELL_TO_CLOSE,FILLED,1.0,1.0,@11.15,11.15,DAY,2026-02-03T20:07:33.169Z,2026-02-03T20:07:33.255Z
MU260206P00365000,MU260206P00365000,OPTION,BUY,BTO,BUY_TO_OPEN,FILLED,8.0,8.0,@1.38,1.38,DAY,2026-02-03T20:07:16.104Z,2026-02-03T20:07:16.140Z
MU260206P00410000,MU260206P00410000,OPTION,SELL,STC,SELL_TO_CLOSE,FILLED,1.0,1.0,@11.55,11.55,DAY,2026-02-03T20:02:08.069Z,2026-02-03T20:02:14.319Z
QQQ260203P00617000,QQQ260203P00617000,OPTION,SELL,STC,SELL_TO_CLOSE,FILLED,1.0,1.0,@4.26,4.26,DAY,2026-02-03T19:33:31.742Z,2026-02-03T19:33:31.785Z
MSTR260320P00120000,MSTR260320P00120000,OPTION,SELL,STC,SELL_TO_CLOSE,FILLED,2.0,2.0,@10.25,10.49,DAY,2026-02-03T18:20:32.237Z,2026-02-03T18:20:32.376Z
USO260220C00090000,USO260220C00090000,OPTION,BUY,BTO,BUY_TO_OPEN,FILLED,10.0,10.0,@0.95,0.95,DAY,2026-02-03T18:20:04.447Z,2026-02-03T18:20:04.492Z
QQQ260203P00617000,QQQ260203P00617000,OPTION,SELL,STC,SELL_TO_CLOSE,FILLED,1.0,1.0,@2.54,2.54,DAY,2026-02-03T17:15:00.478Z,2026-02-03T17:15:00.944Z
QQQ260203P00617000,QQQ260203P00617000,OPTION,SELL,STC,SELL_TO_CLOSE,FILLED,3.0,3.0,@1.1,1.19,DAY,2026-02-03T15:17:48.651Z,2026-02-03T15:17:48.797Z
RGTI260220P00018000,RGTI260220P00018000,OPTION,SELL,STC,SELL_TO_CLOSE,FILLED,5.0,5.0,@1.42,1.42,DAY,2026-02-03T14:58:05.226Z,2026-02-03T14:58:16.987Z
RGTI260220P00013000,RGTI260220P00013000,OPTION,BUY,STC,SELL_TO_CLOSE,FILLED,5.0,5.0,@1.42,1.42,DAY,2026-02-03T14:58:05.226Z,2026-02-03T14:58:16.987Z
MSFT260320P00385000,MSFT260320P00385000,OPTION,SELL,STC,SELL_TO_CLOSE,FILLED,2.0,2.0,@4.6,4.64,DAY,2026-02-03T14:57:52.926Z,2026-02-03T14:57:53.092Z
QQQ260203P00617000,QQQ260203P00617000,OPTION,BUY,BTO,BUY_TO_OPEN,FILLED,5.0,5.0,@0.65,0.65,DAY,2026-02-03T14:57:24.976Z,2026-02-03T14:57:33.968Z
CRWV260206P00080000,CRWV260206P00080000,OPTION,BUY,BTO,BUY_TO_OPEN,FILLED,5.0,5.0,@1.06,1.06,DAY,2026-02-03T14:41:20.912Z,2026-02-03T14:41:20.954Z
MU260206P00410000,MU260206P00410000,OPTION,BUY,BTO,BUY_TO_OPEN,FILLED,2.0,2.0,@5.4,5.4,DAY,2026-02-03T14:39:41.892Z,2026-02-03T14:39:44.692Z
SNDK260206C00810000,SNDK260206C00810000,OPTION,SELL,STC,SELL_TO_CLOSE,FILLED,1.0,1.0,@4.4,4.66,DAY,2026-02-03T14:39:18.608Z,2026-02-03T14:39:18.803Z
GLD260331C00475000,GLD260331C00475000,OPTION,BUY,BTO,BUY_TO_OPEN,FILLED,2.0,2.0,@14.8,14.8,DAY,2026-02-03T14:32:36.936Z,2026-02-03T14:32:36.977Z
SNDK260206C00810000,SNDK260206C00810000,OPTION,SELL,STC,SELL_TO_CLOSE,FILLED,1.0,1.0,@5.6,6.34,DAY,2026-02-03T14:31:32.908Z,2026-02-03T14:31:33.077Z
PLTR,PLTR,EQUITY,BUY,BUY,,FILLED,30.0,30.0,@148.37,148.37,DAY,2026-02-02T20:53:39.168Z,2026-02-02T20:53:39.325Z
PLTR,PLTR,EQUITY,SHORT,SHORT,,FILLED,30.0,30.0,@147.91,148.1,DAY,2026-02-02T20:53:13.551Z,2026-02-02T20:53:13.638Z
SNDK260206C00810000,SNDK260206C00810000,OPTION,BUY,BTO,BUY_TO_OPEN,FILLED,2.0,2.0,@2.55,2.55,DAY,2026-02-02T20:30:13.718Z,2026-02-02T20:30:13.755Z
RGTI260220P00018000,RGTI260220P00018000,OPTION,SELL,STC,SELL_TO_CLOSE,FILLED,5.0,5.0,@1.49,1.49,DAY,2026-02-02T19:44:57.474Z,2026-02-02T19:45:03.379Z
RGTI260220P00013000,RGTI260220P00013000,OPTION,BUY,STC,SELL_TO_CLOSE,FILLED,5.0,5.0,@1.49,1.49,DAY,2026-02-02T19:44:57.474Z,2026-02-02T19:45:03.379Z
MSFT260320P00385000,MSFT260320P00385000,OPTION,BUY,BTO,BUY_TO_OPEN,FILLED,5.0,5.0,@3.1,3.05,DAY,2026-02-02T18:28:17.919Z,2026-02-02T18:28:18.118Z
GLD260320C00428000,GLD260320C00428000,OPTION,SELL,STC,SELL_TO_CLOSE,FILLED,1.0,1.0,@24.95,24.95,DAY,2026-02-02T15:02:22.450Z,2026-02-02T15:02:26.699Z
USO260320C00086000,USO260320C00086000,OPTION,SELL,STC,SELL_TO_CLOSE,FILLED,5.0,5.0,@2.1,2.1,DAY,2026-02-02T14:55:39.791Z,2026-02-02T14:55:39.831Z
SLV260202C00084500,SLV260202C00084500,OPTION,SELL,STC,SELL_TO_CLOSE,FILLED,1.0,1.0,@0.16,0.17,DAY,2026-02-02T14:37:17.848Z,2026-02-02T14:37:25.632Z
GLD260320C00428000,GLD260320C00428000,OPTION,BUY,BTO,BUY_TO_OPEN,FILLED,1.0,1.0,@28.15,28.15,DAY,2026-02-02T14:33:50.136Z,2026-02-02T14:33:50.176Z
RGTI260220P00018000,RGTI260220P00018000,OPTION,SELL,STC,SELL_TO_CLOSE,CANCELLED,0.0,5.0,@1.38,,DAY,2026-01-30T20:41:44.777Z,
RGTI260220P00013000,RGTI260220P00013000,OPTION,BUY,STC,SELL_TO_CLOSE,CANCELLED,0.0,5.0,@1.38,,DAY,2026-01-30T20:41:44.777Z,
SLV260202C00084500,SLV260202C00084500,OPTION,BUY,BTO,BUY_TO_OPEN,FILLED,1.0,1.0,@2.46,2.46,DAY,2026-01-30T19:11:15.942Z,2026-01-30T19:11:16.027Z
SLV260202C00076000,SLV260202C00076000,OPTION,SELL,STC,SELL_TO_CLOSE,FILLED,1.0,1.0,@5.8,5.8,DAY,2026-01-30T19:10:48.079Z,2026-01-30T19:10:48.117Z
SLV260202C00076000,SLV260202C00076000,OPTION,BUY,BTO,BUY_TO_OPEN,FILLED,1.0,1.0,@2.85,2.85,DAY,2026-01-30T18:28:55.440Z,2026-01-30T18:28:55.501Z
SLV260130P00071000,SLV260130P00071000,OPTION,BUY,BTO,BUY_TO_OPEN,CANCELLED,0.0,1.0,@2.85,,DAY,2026-01-30T18:20:17.248Z,
BABA260320C00170000,BABA260320C00170000,OPTION,SELL,STC,SELL_TO_CLOSE,FILLED,1.0,1.0,@12.4,12.4,DAY,2026-01-30T17:51:25.546Z,2026-01-30T17:51:31.406Z
BABA260320C00170000,BABA260320C00170000,OPTION,SELL,STC,SELL_TO_CLOSE,CANCELLED,0.0,2.0,@12.7,,DAY,2026-01-30T17:12:21.908Z,
BIDU260320C00185000,BIDU260320C00185000,OPTION,SELL,STC,SELL_TO_CLOSE,FILLED,4.0,4.0,@3.7,3.7,DAY,2026-01-30T17:11:58.296Z,2026-01-30T17:12:08.597Z
TSLA260220P00385000,TSLA260220P00385000,OPTION,SELL,STC,SELL_TO_CLOSE,FILLED,2.0,2.0,@3.15,3.15,DAY,2026-01-30T15:42:52.620Z,2026-01-30T15:42:57.518Z
BIDU260320C00185000,BIDU260320C00185000,OPTION,SELL,STC,SELL_TO_CLOSE,FILLED,1.0,1.0,@3.95,3.95,DAY,2026-01-30T15:32:36.623Z,2026-01-30T15:32:45.210Z
BABA260320C00170000,BABA260320C00170000,OPTION,SELL,STC,SELL_TO_CLOSE,FILLED,1.0,1.0,@12.8,12.8,DAY,2026-01-30T15:32:27.020Z,2026-01-30T15:32:47.666Z
AAPL260130P00245000,AAPL260130P00245000,OPTION,SELL,STC,SELL_TO_CLOSE,FILLED,3.0,3.0,@0.06,0.06,DAY,2026-01-30T15:30:53.323Z,2026-01-30T15:30:53.558Z
USO260320C00086000,USO260320C00086000,OPTION,BUY,BTO,BUY_TO_OPEN,FILLED,5.0,5.0,@3.75,3.75,DAY,2026-01-29T19:32:48.061Z,2026-01-29T19:32:48.224Z
BIDU260320C00185000,BIDU260320C00185000,OPTION,BUY,BTO,BUY_TO_OPEN,FILLED,5.0,5.0,@4.45,4.45,DAY,2026-01-29T19:21:04.995Z,2026-01-29T19:27:55.859Z
AAPL260130P00245000,AAPL260130P00245000,OPTION,BUY,BTO,BUY_TO_OPEN,FILLED,1.0,1.0,@1.78,1.78,DAY,2026-01-29T15:52:20.870Z,2026-01-29T15:52:21.125Z
TSLA260220P00385000,TSLA260220P00385000,OPTION,BUY,BTO,BUY_TO_OPEN,FILLED,2.0,2.0,@5.9,5.88,DAY,2026-01-29T15:42:52.313Z,2026-01-29T15:42:52.542Z
BABA260227C00200000,BABA260227C00200000,OPTION,SELL,STC,SELL_TO_CLOSE,FILLED,6.0,6.0,@2.73,2.84,DAY,2026-01-29T15:36:48.262Z,2026-01-29T15:37:26.311Z
AAPL260130P00245000,AAPL260130P00245000,OPTION,BUY,BTO,BUY_TO_OPEN,FILLED,2.0,2.0,@1.22,1.22,DAY,2026-01-29T15:30:57.766Z,2026-01-29T15:31:13.023Z
PPLT260320C00220000,PPLT260320C00220000,OPTION,SELL,STC,SELL_TO_CLOSE,FILLED,1.0,1.0,@32.4,32.69,DAY,2026-01-29T15:17:08.418Z,2026-01-29T15:17:23.230Z
RGTI260220P00018000,RGTI260220P00018000,OPTION,BUY,BTO,BUY_TO_OPEN,FILLED,10.0,10.0,@0.72,0.72,DAY,2026-01-29T15:16:45.887Z,2026-01-29T15:19:07.015Z
RGTI260220P00013000,RGTI260220P00013000,OPTION,SELL,BTO,BUY_TO_OPEN,FILLED,10.0,10.0,@0.72,0.72,DAY,2026-01-29T15:16:45.887Z,2026-01-29T15:19:07.015Z
TSLA260220P00385000,TSLA260220P00385000,OPTION,SELL,STC,SELL_TO_CLOSE,FILLED,2.0,2.0,@4.9,4.9,DAY,2026-01-29T15:13:42.924Z,2026-01-29T15:13:44.857Z
TSLA260220P00405000,TSLA260220P00405000,OPTION,SELL,STC,SELL_TO_CLOSE,FILLED,1.0,1.0,@9.45,9.5,DAY,2026-01-29T15:13:11.627Z,2026-01-29T15:13:11.716Z
MSTR260320P00120000,MSTR260320P00120000,OPTION,BUY,BTO,BUY_TO_OPEN,FILLED,5.0,5.0,@5.05,5.05,DAY,2026-01-29T15:13:02.939Z,2026-01-29T15:13:32.791Z
TSLA260220P00385000,TSLA260220P00385000,OPTION,BUY,BTO,BUY_TO_OPEN,FILLED,2.0,2.0,@4.75,4.75,DAY,2026-01-29T15:07:44.929Z,2026-01-29T15:07:48.130Z
ELBM,ELBM,EQUITY,SELL,SELL,,FILLED,1000.0,1000.0,@0.99,0.9878,DAY,2026-01-29T15:05:01.843Z,2026-01-29T15:05:01.881Z
UEC260320C00017000,UEC260320C00017000,OPTION,SELL,STC,SELL_TO_CLOSE,FILLED,5.0,5.0,@3.25,3.33,DAY,2026-01-29T15:04:54.760Z,2026-01-29T15:05:09.366Z
TSLA260220P00405000,TSLA260220P00405000,OPTION,BUY,BTO,BUY_TO_OPEN,FILLED,1.0,1.0,@10.25,10.25,DAY,2026-01-29T15:04:30.335Z,2026-01-29T15:04:30.378Z
LUMN260320C00009000,LUMN260320C00009000,OPTION,SELL,STC,SELL_TO_CLOSE,FILLED,5.0,5.0,@1.1,1.14,DAY,2026-01-29T15:02:32.309Z,2026-01-29T15:02:51.237Z
QQQ260128P00630000,QQQ260128P00630000,OPTION,SELL,STC,SELL_TO_CLOSE,FILLED,2.0,2.0,,1.45,DAY,2026-01-28T21:04:04.632Z,2026-01-28T21:04:04.679Z
PPLT260320C00220000,PPLT260320C00220000,OPTION,BUY,BTO,BUY_TO_OPEN,FILLED,1.0,1.0,@37.2,37.2,DAY,2026-01-28T20:49:21.059Z,2026-01-28T20:49:47.744Z
CVNA260320P00350000,CVNA260320P00350000,OPTION,SELL,STC,SELL_TO_CLOSE,FILLED,1.0,1.0,@32.35,32.35,DAY,2026-01-28T20:00:09.662Z,2026-01-28T20:00:19.925Z
QQQ260128P00630000,QQQ260128P00630000,OPTION,BUY,BTO,BUY_TO_OPEN,FILLED,2.0,2.0,@0.94,0.94,DAY,2026-01-28T18:57:24.446Z,2026-01-28T18:57:27.941Z
LUMN260320C00009000,LUMN260320C00009000,OPTION,SELL,STC,SELL_TO_CLOSE,FILLED,10.0,10.0,@1.42,1.42,DAY,2026-01-28T18:56:36.549Z,2026-01-28T18:56:45.395Z
UEC260320C00017000,UEC260320C00017000,OPTION,BUY,BTO,BUY_TO_OPEN,FILLED,5.0,5.0,@4.15,3.89,DAY,2026-01-28T18:08:15.111Z,2026-01-28T18:08:15.324Z
LOGI260220P00085000,LOGI260220P00085000,OPTION,SELL,STC,SELL_TO_CLOSE,FILLED,2.0,2.0,@1.65,1.65,DAY,2026-01-28T16:49:38.433Z,2026-01-28T16:50:43.014Z
CVNA260320P00350000,CVNA260320P00350000,OPTION,BUY,BTO,BUY_TO_OPEN,FILLED,1.0,1.0,@21.05,21.05,DAY,2026-01-28T16:49:27.813Z,2026-01-28T16:49:27.962Z
SLV260320C00095000,SLV260320C00095000,OPTION,SELL,STC,SELL_TO_CLOSE,FILLED,1.0,1.0,@17.65,17.65,DAY,2026-01-28T16:03:53.273Z,2026-01-28T16:04:03.634Z
BIDU260220C00130000,BIDU260220C00130000,OPTION,SELL,STC,SELL_TO_CLOSE,FILLED,1.0,1.0,@28.7,28.7,DAY,2026-01-28T15:12:26.018Z,2026-01-28T15:12:51.021Z
CRCL260220P00070000,CRCL260220P00070000,OPTION,SELL,STC,SELL_TO_CLOSE,FILLED,5.0,5.0,@2.24,2.37,DAY,2026-01-28T15:07:21.489Z,2026-01-28T15:07:21.653Z
STX,STX,EQUITY,BUY,BUY,,FILLED,15.0,15.0,@394.0,394.0,DAY,2026-01-27T22:11:52.102Z,2026-01-27T22:11:52.216Z
STX,STX,EQUITY,BUY,BUY,,FILLED,15.0,15.0,@377.78,377.78,DAY,2026-01-27T20:18:14.476Z,2026-01-27T20:18:36.672Z
STX,STX,EQUITY,SHORT,SHORT,,FILLED,30.0,30.0,@378.57,378.78,DAY,2026-01-27T20:15:10.853Z,2026-01-27T20:15:10.887Z
LUMN260320C00009000,LUMN260320C00009000,OPTION,BUY,BTO,BUY_TO_OPEN,FILLED,15.0,15.0,@1.51,1.51,DAY,2026-01-27T17:22:55.290Z,2026-01-27T17:22:55.327Z
PPLT260320C00180000,PPLT260320C00180000,OPTION,SELL,STC,SELL_TO_CLOSE,FILLED,1.0,1.0,@54.2,54.2,DAY,2026-01-27T15:14:17.270Z,2026-01-27T15:14:31.976Z
LOGI260220P00085000,LOGI260220P00085000,OPTION,BUY,BTO,BUY_TO_OPEN,FILLED,2.0,2.0,@1.3,1.3,DAY,2026-01-27T15:10:46.785Z,2026-01-27T15:10:56.385Z
SLV260130P00088000,SLV260130P00088000,OPTION,SELL,STC,SELL_TO_CLOSE,FILLED,3.0,3.0,@1.21,1.21,DAY,2026-01-27T14:47:24.532Z,2026-01-27T14:47:24.573Z
SLV260320C00095000,SLV260320C00095000,OPTION,BUY,BTO,BUY_TO_OPEN,FILLED,1.0,1.0,@16.0,16.0,DAY,2026-01-27T14:37:22.009Z,2026-01-27T14:37:22.046Z
PPLT260320C00180000,PPLT260320C00180000,OPTION,BUY,BTO,BUY_TO_OPEN,FILLED,1.0,1.0,@58.5,58.5,DAY,2026-01-27T14:35:48.538Z,2026-01-27T14:49:23.875Z
SLV260130P00088000,SLV260130P00088000,OPTION,BUY,BTO,BUY_TO_OPEN,FILLED,3.0,3.0,@2.04,2.0,DAY,2026-01-26T20:01:58.492Z,2026-01-26T20:01:58.692Z
BIDU260220C00130000,BIDU260220C00130000,OPTION,SELL,STC,SELL_TO_CLOSE,CANCELLED,0.0,1.0,@27.05,,DAY,2026-01-26T19:28:04.155Z,
BABA260130C00182500,BABA260130C00182500,OPTION,SELL,STC,SELL_TO_CLOSE,FILLED,3.0,3.0,@0.79,0.79,DAY,2026-01-26T19:27:19.198Z,2026-01-26T19:27:24.657Z
PPLT260320C00180000,PPLT260320C00180000,OPTION,SELL,STC,SELL_TO_CLOSE,FILLED,1.0,1.0,@70.6,72.2,DAY,2026-01-26T19:14:21.946Z,2026-01-26T19:14:22.192Z
ELBM,ELBM,EQUITY,SELL,SELL,,FILLED,1000.0,1000.0,@1.04,1.06,DAY,2026-01-26T19:12:08.891Z,2026-01-26T19:12:15.441Z
CDE260320C00020000,CDE260320C00020000,OPTION,SELL,STC,SELL_TO_CLOSE,FILLED,1.0,1.0,@7.0,7.0,DAY,2026-01-26T19:06:05.185Z,2026-01-26T19:06:05.223Z
GDX260320C00102000,GDX260320C00102000,OPTION,SELL,STC,SELL_TO_CLOSE,FILLED,1.0,1.0,@13.65,13.65,DAY,2026-01-26T18:38:48.784Z,2026-01-26T18:38:48.824Z
PPLT260220C00300000,PPLT260220C00300000,OPTION,SELL,STC,SELL_TO_CLOSE,FILLED,2.0,2.0,@6.5,6.5,DAY,2026-01-26T18:32:35.210Z,2026-01-26T18:32:41.304Z
PPLT260220C00300000,PPLT260220C00300000,OPTION,BUY,BTO,BUY_TO_OPEN,FILLED,2.0,2.0,@7.9,7.9,DAY,2026-01-26T17:20:16.449Z,2026-01-26T17:20:47.938Z
LAC260320C00005000,LAC260320C00005000,OPTION,SELL,STC,SELL_TO_CLOSE,FILLED,3.0,3.0,@1.56,1.56,DAY,2026-01-26T16:09:14.898Z,2026-01-26T16:09:14.934Z
BABA260130C00182500,BABA260130C00182500,OPTION,BUY,BTO,BUY_TO_OPEN,FILLED,3.0,3.0,@0.98,0.98,DAY,2026-01-26T15:41:44.724Z,2026-01-26T15:41:44.790Z
LAC260320C00005000,LAC260320C00005000,OPTION,SELL,STC,SELL_TO_CLOSE,FILLED,4.0,4.0,@1.4,1.43,DAY,2026-01-26T15:41:14.180Z,2026-01-26T15:41:25.657Z
ELBM,ELBM,EQUITY,SELL,SELL,,FILLED,2000.0,2000.0,@1.07,1.08,DAY,2026-01-26T15:31:05.550Z,2026-01-26T15:31:18.344Z
BABA260227C00200000,BABA260227C00200000,OPTION,BUY,BTO,BUY_TO_OPEN,FILLED,6.0,6.0,@2.38,2.38,DAY,2026-01-26T15:09:02.009Z,2026-01-26T15:09:02.043Z
LAC260320C00005000,LAC260320C00005000,OPTION,SELL,STC,SELL_TO_CLOSE,CANCELLED,0.0,6.0,@1.72,,DAY,2026-01-26T14:39:07.841Z,
GLD260126C00460000,GLD260126C00460000,OPTION,SELL,STC,SELL_TO_CLOSE,FILLED,1.0,1.0,@7.6,7.6,DAY,2026-01-26T14:34:35.589Z,2026-01-26T14:34:35.626Z
LAC260320C00005000,LAC260320C00005000,OPTION,BUY,BTO,BUY_TO_OPEN,FILLED,7.0,7.0,@1.96,1.96,DAY,2026-01-26T14:31:27.574Z,2026-01-26T14:31:27.736Z
ELBM,ELBM,EQUITY,BUY,BUY,,FILLED,3000.0,3000.0,@1.23,1.21,DAY,2026-01-26T14:30:37.750Z,2026-01-26T14:30:37.785Z
ELBM,ELBM,EQUITY,BUY,BUY,,FILLED,1000.0,1000.0,@1.23,1.2,DAY,2026-01-26T14:23:52.884Z,2026-01-26T14:30:01.451Z
GLD260126C00460000,GLD260126C00460000,OPTION,BUY,BTO,BUY_TO_OPEN,FILLED,1.0,1.0,@2.75,2.75,DAY,2026-01-23T20:36:20.515Z,2026-01-23T20:36:32.332Z
SLV260123C00092500,SLV260123C00092500,OPTION,SELL,STC,SELL_TO_CLOSE,FILLED,40.0,40.0,@0.16,0.16,DAY,2026-01-23T20:31:38.528Z,2026-01-23T20:31:45.491Z
SLV260123C00092500,SLV260123C00092500,OPTION,SELL,STC,SELL_TO_CLOSE,FILLED,40.0,40.0,@0.29,0.29,DAY,2026-01-23T20:19:30.965Z,2026-01-23T20:19:31.002Z
INTC260123P00050000,INTC260123P00050000,OPTION,SELL,STC,SELL_TO_CLOSE,FILLED,1.0,1.0,@5.3,5.3,DAY,2026-01-23T20:05:08.165Z,2026-01-23T20:05:08.204Z
PPLT260320C00180000,PPLT260320C00180000,OPTION,SELL,STC,SELL_TO_CLOSE,FILLED,1.0,1.0,@72.2,72.27,DAY,2026-01-23T19:19:20.623Z,2026-01-23T19:19:20.764Z
CRCL260220P00070000,CRCL260220P00070000,OPTION,BUY,BTO,BUY_TO_OPEN,FILLED,2.0,2.0,@4.3,4.3,DAY,2026-01-23T16:00:14.862Z,2026-01-23T16:00:14.914Z
GDX260320C00102000,GDX260320C00102000,OPTION,SELL,STC,SELL_TO_CLOSE,FILLED,1.0,1.0,@10.35,10.35,DAY,2026-01-23T15:52:09.278Z,2026-01-23T15:52:09.365Z
INTC260123P00050000,INTC260123P00050000,OPTION,SELL,STC,SELL_TO_CLOSE,FILLED,1.0,1.0,@4.1,4.1,DAY,2026-01-23T15:01:41.955Z,2026-01-23T15:01:42.153Z
INTC260123P00050000,INTC260123P00050000,OPTION,SELL,STC,SELL_TO_CLOSE,CANCELLED,0.0,1.0,,,DAY,2026-01-23T14:58:23.279Z,
BABA260220C00170000,BABA260220C00170000,OPTION,SELL,STC,SELL_TO_CLOSE,FILLED,2.0,2.0,@10.2,10.2,DAY,2026-01-23T14:41:24.966Z,2026-01-23T14:41:25.020Z
GLD260202C00475000,GLD260202C00475000,OPTION,SELL,STC,SELL_TO_CLOSE,FILLED,3.0,3.0,@2.08,2.08,DAY,2026-01-23T14:32:56.783Z,2026-01-23T14:33:05.643Z
INTC260123P00050000,INTC260123P00050000,OPTION,SELL,STC,SELL_TO_CLOSE,FILLED,2.0,2.0,@3.45,3.51,DAY,2026-01-23T14:32:17.969Z,2026-01-23T14:32:18.109Z
SLV260123C00092500,SLV260123C00092500,OPTION,BUY,BTO,BUY_TO_OPEN,FILLED,80.0,80.0,@0.12,0.12,DAY,2026-01-23T14:31:52.155Z,2026-01-23T14:31:52.198Z
INTC260123P00050000,INTC260123P00050000,OPTION,BUY,BTO,BUY_TO_OPEN,FILLED,4.0,4.0,@0.77,0.76,DAY,2026-01-22T20:54:19.037Z,2026-01-22T20:54:19.210Z
BABA,BABA,EQUITY,SELL,SELL,,FILLED,40.0,40.0,@178.68,178.68,DAY,2026-01-22T18:01:44.721Z,2026-01-22T18:01:51.159Z
PPLT260320C00180000,PPLT260320C00180000,OPTION,BUY,BTO,BUY_TO_OPEN,FILLED,1.0,1.0,@57.4,57.4,DAY,2026-01-22T18:01:28.845Z,2026-01-22T18:01:28.886Z
GDX260320C00102000,GDX260320C00102000,OPTION,BUY,BTO,BUY_TO_OPEN,FILLED,2.0,2.0,@9.05,9.05,DAY,2026-01-22T15:44:03.002Z,2026-01-22T15:44:10.304Z
FCX260320C00050000,FCX260320C00050000,OPTION,SELL,STC,SELL_TO_CLOSE,FILLED,1.0,1.0,@10.2,10.2,DAY,2026-01-22T15:43:24.256Z,2026-01-22T15:44:28.246Z
CDE260320C00020000,CDE260320C00020000,OPTION,SELL,STC,SELL_TO_CLOSE,FILLED,1.0,1.0,@6.4,6.4,DAY,2026-01-22T15:40:53.311Z,2026-01-22T15:41:02.492Z
CDE260320C00020000,CDE260320C00020000,OPTION,BUY,BTO,BUY_TO_OPEN,FILLED,2.0,2.0,@6.7,6.7,DAY,2026-01-22T15:40:35.914Z,2026-01-22T15:40:35.955Z
CDE260320C00020000,CDE260320C00020000,OPTION,BUY,BTO,BUY_TO_OPEN,CANCELLED,0.0,4.0,@5.0,,DAY,2026-01-22T14:43:22.929Z,
SPY260121C00680000,SPY260121C00680000,OPTION,SELL,STC,SELL_TO_CLOSE,FILLED,2.0,2.0,@0.91,0.92,DAY,2026-01-21T18:02:27.029Z,2026-01-21T18:02:27.067Z
SPY260121C00680000,SPY260121C00680000,OPTION,BUY,BTO,BUY_TO_OPEN,FILLED,2.0,2.0,@1.12,1.12,DAY,2026-01-21T17:41:13.629Z,2026-01-21T17:41:36.152Z
GLD260202C00475000,GLD260202C00475000,OPTION,BUY,BTO,BUY_TO_OPEN,FILLED,3.0,3.0,@1.46,1.44,DAY,2026-01-21T15:11:11.622Z,2026-01-21T15:11:11.769Z
BABA260320C00170000,BABA260320C00170000,OPTION,BUY,BTO,BUY_TO_OPEN,FILLED,1.0,1.0,@10.95,10.95,DAY,2026-01-21T15:03:39.720Z,2026-01-21T15:04:11.104Z
FCX260320C00050000,FCX260320C00050000,OPTION,BUY,BTO,BUY_TO_OPEN,FILLED,1.0,1.0,@12.75,12.72,DAY,2026-01-21T15:00:45.171Z,2026-01-21T15:01:01.626Z
AAPL260220P00230000,AAPL260220P00230000,OPTION,SELL,STC,SELL_TO_CLOSE,FILLED,5.0,5.0,@3.3,3.3,DAY,2026-01-20T20:58:08.908Z,2026-01-20T20:58:08.948Z
AAPL260220P00230000,AAPL260220P00230000,OPTION,SELL,STC,SELL_TO_CLOSE,FILLED,1.0,1.0,@3.9,3.9,DAY,2026-01-20T20:54:28.723Z,2026-01-20T20:54:28.766Z
PLTR260130P00160000,PLTR260130P00160000,OPTION,SELL,STC,SELL_TO_CLOSE,FILLED,2.0,2.0,@2.63,2.66,DAY,2026-01-20T19:21:57.953Z,2026-01-20T19:21:58.308Z
TSLA260220P00385000,TSLA260220P00385000,OPTION,BUY,BTO,BUY_TO_OPEN,FILLED,10.0,10.0,@1.2,1.2,DAY,2026-01-20T19:21:28.761Z,2026-01-20T19:21:43.027Z
TSLA260220P00380000,TSLA260220P00380000,OPTION,SELL,BTO,BUY_TO_OPEN,FILLED,10.0,10.0,@1.2,1.2,DAY,2026-01-20T19:21:28.761Z,2026-01-20T19:21:43.027Z
TSLA260220P00385000,TSLA260220P00385000,OPTION,BUY,BTO,BUY_TO_OPEN,FILLED,10.0,10.0,@1.15,1.15,DAY,2026-01-20T19:20:31.790Z,2026-01-20T19:20:31.929Z
TSLA260220P00380000,TSLA260220P00380000,OPTION,SELL,BTO,BUY_TO_OPEN,FILLED,10.0,10.0,@1.15,1.15,DAY,2026-01-20T19:20:31.790Z,2026-01-20T19:20:31.929Z
COIN260220P00215000,COIN260220P00215000,OPTION,SELL,STC,SELL_TO_CLOSE,FILLED,1.0,1.0,@10.0,10.0,DAY,2026-01-20T19:18:48.884Z,2026-01-20T19:18:48.922Z
AAPL260220P00230000,AAPL260220P00230000,OPTION,SELL,STC,SELL_TO_CLOSE,FILLED,6.0,6.0,@2.62,2.62,DAY,2026-01-20T19:18:08.602Z,2026-01-20T19:18:08.734Z
LUMN260417C00008000,LUMN260417C00008000,OPTION,SELL,STC,SELL_TO_CLOSE,FILLED,8.0,8.0,@1.22,1.22,DAY,2026-01-20T19:04:19.362Z,2026-01-20T19:04:19.402Z
PPLT260320C00180000,PPLT260320C00180000,OPTION,BUY,BTO,BUY_TO_OPEN,FILLED,1.0,1.0,@48.0,48.0,DAY,2026-01-20T18:12:04.724Z,2026-01-20T18:12:04.765Z
LUMN,LUMN,EQUITY,SELL,SELL,,FILLED,300.0,300.0,@7.94,7.94,DAY,2026-01-20T18:08:15.797Z,2026-01-20T18:08:15.848Z
CRCL260220P00070000,CRCL260220P00070000,OPTION,BUY,BTO,BUY_TO_OPEN,FILLED,3.0,3.0,@3.7,3.7,DAY,2026-01-20T17:44:31.907Z,2026-01-20T17:44:31.948Z
TSLA260123P00407500,TSLA260123P00407500,OPTION,BUY,BTO,BUY_TO_OPEN,FILLED,1.0,1.0,@2.26,2.26,DAY,2026-01-20T15:08:47.884Z,2026-01-20T15:08:48.069Z
COIN260220P00215000,COIN260220P00215000,OPTION,BUY,BTO,BUY_TO_OPEN,CANCELLED,0.0,1.0,@9.0,,DAY,2026-01-20T14:55:37.661Z,
LUMN260220C00007000,LUMN260220C00007000,OPTION,SELL,STC,SELL_TO_CLOSE,FILLED,5.0,5.0,@1.36,1.36,DAY,2026-01-20T14:50:12.695Z,2026-01-20T14:51:16.521Z
AAPL260220P00230000,AAPL260220P00230000,OPTION,BUY,BTO,BUY_TO_OPEN,FILLED,9.0,9.0,@1.87,1.87,DAY,2026-01-20T14:49:10.164Z,2026-01-20T14:49:10.246Z
COIN260220P00215000,COIN260220P00215000,OPTION,BUY,BTO,BUY_TO_OPEN,FILLED,1.0,1.0,@9.2,9.2,DAY,2026-01-20T14:33:54.959Z,2026-01-20T14:34:27.188Z
SATL260220C00002500,SATL260220C00002500,OPTION,SELL,STC,SELL_TO_CLOSE,FILLED,6.0,6.0,@1.0,1.0,DAY,2026-01-20T14:30:26.982Z,2026-01-20T14:30:27.185Z
JKS,JKS,EQUITY,SELL,SELL,,FILLED,150.0,150.0,@28.5,28.5,DAY,2026-01-20T13:22:01.744Z,2026-01-20T13:22:01.784Z
SATL260220C00002500,SATL260220C00002500,OPTION,BUY,BTO,BUY_TO_OPEN,FILLED,6.0,6.0,@1.35,1.35,DAY,2026-01-16T18:55:28.899Z,2026-01-16T18:55:29.015Z
AAPL260220P00230000,AAPL260220P00230000,OPTION,BUY,BTO,BUY_TO_OPEN,FILLED,3.0,3.0,@1.3,1.3,DAY,2026-01-16T17:35:58.034Z,2026-01-16T17:35:58.075Z
AVGO260130P00320000,AVGO260130P00320000,OPTION,SELL,STC,SELL_TO_CLOSE,FILLED,3.0,3.0,@2.7,2.77,DAY,2026-01-16T16:13:57.573Z,2026-01-16T16:13:57.715Z
PLTR260130P00160000,PLTR260130P00160000,OPTION,BUY,BTO,BUY_TO_OPEN,FILLED,2.0,2.0,@2.05,2.04,DAY,2026-01-16T15:29:36.804Z,2026-01-16T15:29:36.964Z
LUMN260220C00007000,LUMN260220C00007000,OPTION,SELL,STC,SELL_TO_CLOSE,CANCELLED,0.0,5.0,@2.0,,DAY,2026-01-15T20:58:35.643Z,
QQQ260116P00616000,QQQ260116P00616000,OPTION,BUY,BTO,BUY_TO_OPEN,FILLED,3.0,3.0,@0.78,0.78,DAY,2026-01-15T20:57:28.945Z,2026-01-15T20:57:29.037Z
PPLT260116C00225000,PPLT260116C00225000,OPTION,SELL,STC,SELL_TO_CLOSE,FILLED,1.0,1.0,@0.5,0.5,DAY,2026-01-15T20:52:37.479Z,2026-01-15T20:52:37.636Z
SMR260130C00021000,SMR260130C00021000,OPTION,SELL,STC,SELL_TO_CLOSE,FILLED,4.0,4.0,@0.71,0.71,DAY,2026-01-15T20:52:31.866Z,2026-01-15T20:52:31.906Z
SMR260130C00021000,SMR260130C00021000,OPTION,SELL,STC,SELL_TO_CLOSE,FILLED,2.0,2.0,@0.74,0.74,DAY,2026-01-15T20:28:54.735Z,2026-01-15T20:29:00.464Z
PPLT260116C00225000,PPLT260116C00225000,OPTION,BUY,BTO,BUY_TO_OPEN,FILLED,1.0,1.0,@1.8,1.8,DAY,2026-01-15T17:14:59.837Z,2026-01-15T18:06:08.295Z
LUMN,LUMN,EQUITY,SELL,SELL,,FILLED,200.0,200.0,@8.76,8.76,DAY,2026-01-15T16:12:40.624Z,2026-01-15T16:12:40.662Z
LUMN260220C00007000,LUMN260220C00007000,OPTION,BUY,BTO,BUY_TO_OPEN,FILLED,5.0,5.0,@2.07,2.07,DAY,2026-01-15T16:12:21.187Z,2026-01-15T16:12:21.290Z
JKS,JKS,EQUITY,SELL,SELL,,FILLED,50.0,50.0,@29.71,29.71,DAY,2026-01-15T15:52:37.350Z,2026-01-15T15:52:37.468Z
GLD260320C00420000,GLD260320C00420000,OPTION,SELL,STC,SELL_TO_CLOSE,FILLED,1.0,1.0,@18.45,18.45,DAY,2026-01-15T15:52:10.486Z,2026-01-15T15:52:10.531Z
LUMN260417C00008000,LUMN260417C00008000,OPTION,BUY,BTO,BUY_TO_OPEN,FILLED,8.0,8.0,@2.0,1.85,DAY,2026-01-15T15:51:53.784Z,2026-01-15T15:51:53.922Z
LUMN,LUMN,EQUITY,BUY,BUY,,FILLED,500.0,500.0,@8.6,8.59,DAY,2026-01-15T15:42:43.805Z,2026-01-15T15:42:43.864Z
SMR260130C00021000,SMR260130C00021000,OPTION,BUY,BTO,BUY_TO_OPEN,FILLED,6.0,6.0,@0.89,0.89,DAY,2026-01-15T15:38:56.384Z,2026-01-15T15:38:56.438Z
JKS,JKS,EQUITY,BUY,BUY,,FILLED,200.0,200.0,@29.57,29.57,DAY,2026-01-15T15:01:09.640Z,2026-01-15T15:01:29.987Z
QQQ260130P00604000,QQQ260130P00604000,OPTION,SELL,STC,SELL_TO_CLOSE,FILLED,2.0,2.0,@2.86,2.89,DAY,2026-01-15T14:57:38.579Z,2026-01-15T14:57:38.733Z
AAPL260220P00245000,AAPL260220P00245000,OPTION,SELL,STC,SELL_TO_CLOSE,FILLED,5.0,5.0,@2.79,2.79,DAY,2026-01-15T14:57:30.415Z,2026-01-15T14:57:30.450Z
AAPL260220P00245000,AAPL260220P00245000,OPTION,BUY,BTO,BUY_TO_OPEN,FILLED,5.0,5.0,@3.15,3.15,DAY,2026-01-14T20:47:27.455Z,2026-01-14T20:47:27.540Z
QQQ260116P00617000,QQQ260116P00617000,OPTION,SELL,STC,SELL_TO_CLOSE,FILLED,2.0,2.0,@4.16,4.18,DAY,2026-01-14T17:26:11.231Z,2026-01-14T17:26:19.020Z
BIDU260220C00180000,BIDU260220C00180000,OPTION,SELL,STC,SELL_TO_CLOSE,FILLED,6.0,6.0,@2.64,2.64,DAY,2026-01-14T17:06:08.790Z,2026-01-14T17:06:16.959Z
QQQ260130P00604000,QQQ260130P00604000,OPTION,BUY,BTO,BUY_TO_OPEN,FILLED,2.0,2.0,@6.31,6.3,DAY,2026-01-14T16:56:22.283Z,2026-01-14T16:56:22.428Z
BABA260220C00170000,BABA260220C00170000,OPTION,SELL,STC,SELL_TO_CLOSE,FILLED,2.0,2.0,@10.4,10.4,DAY,2026-01-14T15:52:17.006Z,2026-01-14T15:52:32.618Z
BABA260320C00170000,BABA260320C00170000,OPTION,BUY,BTO,BUY_TO_OPEN,FILLED,2.0,2.0,@14.2,14.2,DAY,2026-01-14T15:51:54.130Z,2026-01-14T15:51:54.234Z
AVGO260130P00320000,AVGO260130P00320000,OPTION,BUY,BTO,BUY_TO_OPEN,FILLED,2.0,2.0,@5.15,5.15,DAY,2026-01-14T15:22:25.164Z,2026-01-14T15:22:34.533Z
GLD260320C00420000,GLD260320C00420000,OPTION,SELL,STC,SELL_TO_CLOSE,FILLED,1.0,1.0,@18.65,18.65,DAY,2026-01-14T15:09:37.491Z,2026-01-14T15:09:37.575Z
AVGO260130P00320000,AVGO260130P00320000,OPTION,BUY,BTO,BUY_TO_OPEN,FILLED,1.0,1.0,@5.25,5.25,DAY,2026-01-14T15:04:10.394Z,2026-01-14T15:04:17.914Z
ABAT260116C00007000,ABAT260116C00007000,OPTION,SELL,STC,SELL_TO_CLOSE,CANCELLED,0.0,10.0,@0.15,,DAY,2026-01-14T15:02:20.467Z,
QQQ260116P00617000,QQQ260116P00617000,OPTION,SELL,STC,SELL_TO_CLOSE,FILLED,1.0,1.0,@4.04,4.04,DAY,2026-01-14T15:02:02.976Z,2026-01-14T15:02:04.289Z
QQQ260114P00612000,QQQ260114P00612000,OPTION,BUY,BTO,BUY_TO_OPEN,FILLED,10.0,10.0,@0.6,0.59,DAY,2026-01-14T15:01:39.180Z,2026-01-14T15:01:52.762Z
GLD260320C00420000,GLD260320C00420000,OPTION,BUY,BTO,BUY_TO_OPEN,FILLED,1.0,1.0,@19.5,19.5,DAY,2026-01-14T14:49:08.099Z,2026-01-14T14:49:08.140Z
GLD260320C00420000,GLD260320C00420000,OPTION,BUY,BTO,BUY_TO_OPEN,FILLED,1.0,1.0,@19.6,19.5,DAY,2026-01-14T14:48:45.763Z,2026-01-14T14:48:45.933Z
QQQ260116P00617000,QQQ260116P00617000,OPTION,BUY,BTO,BUY_TO_OPEN,FILLED,3.0,3.0,@1.92,1.92,DAY,2026-01-13T20:35:34.785Z,2026-01-13T20:35:37.091Z
CRWV,CRWV,EQUITY,SELL,SELL,,FILLED,100.0,100.0,@87.26,87.26,DAY,2026-01-13T20:35:10.102Z,2026-01-13T20:35:11.433Z
GLD260320C00420000,GLD260320C00420000,OPTION,SELL,STC,SELL_TO_CLOSE,FILLED,2.0,2.0,@17.65,17.65,DAY,2026-01-13T20:35:02.043Z,2026-01-13T20:35:04.688Z
QQQ260113P00622000,QQQ260113P00622000,OPTION,SELL,STC,SELL_TO_CLOSE,FILLED,10.0,10.0,@0.14,0.15,DAY,2026-01-13T18:54:48.566Z,2026-01-13T18:54:48.703Z
BIDU260220C00130000,BIDU260220C00130000,OPTION,BUY,BTO,BUY_TO_OPEN,FILLED,1.0,1.0,@21.55,21.55,DAY,2026-01-13T15:56:53.663Z,2026-01-13T15:56:53.727Z
QQQ260113P00622000,QQQ260113P00622000,OPTION,BUY,BTO,BUY_TO_OPEN,FILLED,10.0,10.0,@0.49,0.49,DAY,2026-01-12T20:28:15.612Z,2026-01-12T20:28:15.768Z
ABAT260116C00007000,ABAT260116C00007000,OPTION,BUY,BTO,BUY_TO_OPEN,FILLED,10.0,10.0,@0.05,0.05,DAY,2026-01-12T20:26:31.538Z,2026-01-12T20:26:31.683Z
ABAT260116C00006000,ABAT260116C00006000,OPTION,BUY,BTO,BUY_TO_OPEN,FILLED,10.0,10.0,@0.15,0.13,DAY,2026-01-12T20:25:51.284Z,2026-01-12T20:25:51.438Z
BABA260116C00167500,BABA260116C00167500,OPTION,SELL,STC,SELL_TO_CLOSE,FILLED,1.0,1.0,@3.35,3.35,DAY,2026-01-12T20:10:49.067Z,2026-01-12T20:10:49.103Z
CRWV,CRWV,EQUITY,SELL,SELL,,CANCELLED,0.0,100.0,@200.0,,DAY,2026-01-12T18:56:09.645Z,
CRWV,CRWV,EQUITY,SELL,SELL,,CANCELLED,0.0,100.0,,,DAY,2026-01-12T18:56:09.645Z,
CRWV,CRWV,EQUITY,BUY,BUY,,FILLED,100.0,100.0,@89.17,89.17,DAY,2026-01-12T18:55:38.824Z,2026-01-12T18:55:38.949Z
BABA260220C00170000,BABA260220C00170000,OPTION,SELL,STC,SELL_TO_CLOSE,FILLED,2.0,2.0,@8.25,8.29,DAY,2026-01-12T15:50:52.779Z,2026-01-12T15:50:52.916Z
BABA260116C00167500,BABA260116C00167500,OPTION,SELL,STC,SELL_TO_CLOSE,FILLED,2.0,2.0,@2.16,2.23,DAY,2026-01-12T15:03:54.148Z,2026-01-12T15:03:54.286Z
BABA260116C00167500,BABA260116C00167500,OPTION,BUY,BTO,BUY_TO_OPEN,FILLED,3.0,3.0,@1.07,1.06,DAY,2026-01-12T14:40:22.304Z,2026-01-12T14:40:22.356Z
BIDU260220C00180000,BIDU260220C00180000,OPTION,BUY,BTO,BUY_TO_OPEN,FILLED,6.0,6.0,@2.4,2.4,DAY,2026-01-12T14:34:32.821Z,2026-01-12T14:34:32.866Z
DJT260220C00012000,DJT260220C00012000,OPTION,SELL,STC,SELL_TO_CLOSE,FILLED,3.0,3.0,@2.66,2.66,DAY,2026-01-12T14:31:55.695Z,2026-01-12T14:33:09.541Z
TSM260220C00370000,TSM260220C00370000,OPTION,SELL,STC,SELL_TO_CLOSE,FILLED,5.0,5.0,@3.4,3.4,DAY,2026-01-12T14:31:43.821Z,2026-01-12T14:31:43.991Z
MU260116C00357500,MU260116C00357500,OPTION,SELL,STC,SELL_TO_CLOSE,FILLED,1.0,1.0,@5.4,5.49,DAY,2026-01-09T20:55:08.009Z,2026-01-09T20:55:26.239Z
MU260116C00357500,MU260116C00357500,OPTION,BUY,BTO,BUY_TO_OPEN,FILLED,1.0,1.0,@5.4,5.35,DAY,2026-01-09T19:34:04.576Z,2026-01-09T19:34:04.692Z
COIN260220P00200000,COIN260220P00200000,OPTION,SELL,STC,SELL_TO_CLOSE,FILLED,2.0,2.0,@3.7,3.7,DAY,2026-01-09T19:28:07.126Z,2026-01-09T19:28:07.250Z
MO260220P00055000,MO260220P00055000,OPTION,SELL,STC,SELL_TO_CLOSE,FILLED,10.0,10.0,@0.62,0.64,DAY,2026-01-09T19:27:40.582Z,2026-01-09T19:27:40.820Z
DJT260220C00012000,DJT260220C00012000,OPTION,BUY,BTO,BUY_TO_OPEN,FILLED,3.0,3.0,@2.7,2.7,DAY,2026-01-09T19:04:56.496Z,2026-01-09T19:04:56.534Z
TSM260220C00370000,TSM260220C00370000,OPTION,BUY,BTO,BUY_TO_OPEN,FILLED,5.0,5.0,@3.2,3.2,DAY,2026-01-09T18:54:15.212Z,2026-01-09T18:54:27.863Z
COIN260220P00200000,COIN260220P00200000,OPTION,SELL,STC,SELL_TO_CLOSE,FILLED,2.0,2.0,@3.75,3.75,DAY,2026-01-09T17:07:37.600Z,2026-01-09T17:07:37.761Z
MSFT260220P00445000,MSFT260220P00445000,OPTION,SELL,STC,SELL_TO_CLOSE,FILLED,2.0,2.0,@5.95,5.95,DAY,2026-01-09T17:07:21.965Z,2026-01-09T17:07:28.038Z
GLD260320C00420000,GLD260320C00420000,OPTION,BUY,BTO,BUY_TO_OPEN,FILLED,2.0,2.0,@15.35,15.35,DAY,2026-01-09T16:33:08.570Z,2026-01-09T16:33:08.614Z
AVGO260220P00300000,AVGO260220P00300000,OPTION,SELL,STC,SELL_TO_CLOSE,FILLED,2.0,2.0,@4.6,4.6,DAY,2026-01-09T15:33:08.023Z,2026-01-09T15:33:08.336Z
BIDU260220C00175000,BIDU260220C00175000,OPTION,SELL,STC,SELL_TO_CLOSE,FILLED,4.0,4.0,@1.92,1.92,DAY,2026-01-09T15:16:43.858Z,2026-01-09T15:16:43.902Z
CRCL260109P00078000,CRCL260109P00078000,OPTION,BUY,BTO,BUY_TO_OPEN,FILLED,10.0,10.0,@0.22,0.22,DAY,2026-01-09T15:00:44.386Z,2026-01-09T15:00:58.631Z
COIN260220P00200000,COIN260220P00200000,OPTION,BUY,BTO,BUY_TO_OPEN,FILLED,1.0,1.0,@4.4,4.4,DAY,2026-01-09T14:58:41.788Z,2026-01-09T14:59:18.302Z
MSFT260220P00445000,MSFT260220P00445000,OPTION,BUY,BTO,BUY_TO_OPEN,FILLED,1.0,1.0,@6.4,6.4,DAY,2026-01-08T20:21:39.261Z,2026-01-08T20:21:39.314Z
BABA260220C00175000,BABA260220C00175000,OPTION,SELL,STC,SELL_TO_CLOSE,FILLED,5.0,5.0,@2.7,2.7,DAY,2026-01-08T20:13:59.217Z,2026-01-08T20:13:59.258Z
LOGI,LOGI,EQUITY,BUY,BUY,,FILLED,50.0,50.0,@95.08,95.07,DAY,2026-01-08T16:28:06.092Z,2026-01-08T16:28:06.223Z
MO260220P00052500,MO260220P00052500,OPTION,SELL,STC,SELL_TO_CLOSE,FILLED,17.0,17.0,@0.36,0.36,DAY,2026-01-08T16:27:16.756Z,2026-01-08T16:27:16.810Z
BABA260220C00175000,BABA260220C00175000,OPTION,BUY,BTO,BUY_TO_OPEN,FILLED,5.0,5.0,@2.85,2.81,DAY,2026-01-08T15:42:18.841Z,2026-01-08T15:42:18.915Z
BABA260220C00170000,BABA260220C00170000,OPTION,BUY,BTO,BUY_TO_OPEN,FILLED,6.0,6.0,@2.83,2.83,DAY,2026-01-08T15:08:42.330Z,2026-01-08T15:08:56.956Z
BIDU260220C00175000,BIDU260220C00175000,OPTION,SELL,STC,SELL_TO_CLOSE,FILLED,3.0,3.0,@1.99,1.99,DAY,2026-01-08T14:58:20.931Z,2026-01-08T14:58:38.373Z
GDX260220C00100000,GDX260220C00100000,OPTION,SELL,STC,SELL_TO_CLOSE,FILLED,1.0,1.0,@1.73,1.74,DAY,2026-01-08T14:57:58.906Z,2026-01-08T14:57:59.139Z
AVGO260220P00300000,AVGO260220P00300000,OPTION,BUY,BTO,BUY_TO_OPEN,FILLED,2.0,2.0,@7.3,7.3,DAY,2026-01-08T14:57:31.930Z,2026-01-08T14:57:49.338Z
QQQ260116C00628000,QQQ260116C00628000,OPTION,SELL,STC,SELL_TO_CLOSE,FILLED,1.0,1.0,@2.73,2.73,DAY,2026-01-08T14:51:56.494Z,2026-01-08T14:51:56.896Z
BIDU260220C00175000,BIDU260220C00175000,OPTION,BUY,BTO,BUY_TO_OPEN,FILLED,2.0,2.0,@2.78,2.78,DAY,2026-01-07T15:27:42.559Z,2026-01-07T15:27:42.607Z
COIN260220P00200000,COIN260220P00200000,OPTION,BUY,BTO,BUY_TO_OPEN,FILLED,3.0,3.0,@4.2,4.2,DAY,2026-01-07T15:20:55.274Z,2026-01-07T15:21:00.441Z
BIDU260220C00175000,BIDU260220C00175000,OPTION,BUY,BTO,BUY_TO_OPEN,FILLED,5.0,5.0,@2.57,2.57,DAY,2026-01-07T15:15:42.339Z,2026-01-07T15:15:42.671Z
BIDU260220C00175000,BIDU260220C00175000,OPTION,SELL,STC,SELL_TO_CLOSE,FILLED,5.0,5.0,@2.37,2.37,DAY,2026-01-07T15:13:31.394Z,2026-01-07T15:13:31.608Z
GDX260220C00095000,GDX260220C00095000,OPTION,SELL,STC,SELL_TO_CLOSE,FILLED,3.0,3.0,@3.0,3.0,DAY,2026-01-07T15:12:37.919Z,2026-01-07T15:12:50.971Z
BABA260220C00180000,BABA260220C00180000,OPTION,SELL,STC,SELL_TO_CLOSE,FILLED,18.0,18.0,@1.14,1.19,DAY,2026-01-07T15:12:10.834Z,2026-01-07T15:12:10.975Z
SLV260220C00072000,SLV260220C00072000,OPTION,SELL,STC,SELL_TO_CLOSE,FILLED,3.0,3.0,@5.4,5.4,DAY,2026-01-07T15:11:58.510Z,2026-01-07T15:11:58.675Z
QQQ260116C00628000,QQQ260116C00628000,OPTION,BUY,BTO,BUY_TO_OPEN,FILLED,1.0,1.0,@4.66,4.66,DAY,2026-01-06T20:52:05.467Z,2026-01-06T20:52:12.076Z
MSFT260220P00445000,MSFT260220P00445000,OPTION,SELL,STC,SELL_TO_CLOSE,FILLED,1.0,1.0,@6.25,6.28,DAY,2026-01-06T20:45:32.124Z,2026-01-06T20:45:32.268Z
BIDU260220C00175000,BIDU260220C00175000,OPTION,BUY,BTO,BUY_TO_OPEN,FILLED,5.0,5.0,@2.94,2.94,DAY,2026-01-06T20:36:14.109Z,2026-01-06T20:36:14.184Z
GDX260220C00100000,GDX260220C00100000,OPTION,BUY,BTO,BUY_TO_OPEN,FILLED,1.0,1.0,@2.88,2.88,DAY,2026-01-06T17:23:49.322Z,2026-01-06T17:23:49.367Z
GDX260220C00095000,GDX260220C00095000,OPTION,BUY,BTO,BUY_TO_OPEN,FILLED,3.0,3.0,@4.55,4.55,DAY,2026-01-06T17:23:33.543Z,2026-01-06T17:23:33.587Z
QQQ260106P00619000,QQQ260106P00619000,OPTION,SELL,STC,SELL_TO_CLOSE,FILLED,2.0,2.0,@0.72,0.74,DAY,2026-01-06T16:08:51.037Z,2026-01-06T16:08:57.278Z
QQQ260106P00619000,QQQ260106P00619000,OPTION,SELL,STC,SELL_TO_CLOSE,FILLED,6.0,6.0,@0.8,0.85,DAY,2026-01-06T16:07:18.531Z,2026-01-06T16:07:18.673Z
QQQ260106P00619000,QQQ260106P00619000,OPTION,BUY,BTO,BUY_TO_OPEN,FILLED,8.0,8.0,@0.49,0.48,DAY,2026-01-06T15:54:10.618Z,2026-01-06T15:54:10.661Z
MO260220P00052500,MO260220P00052500,OPTION,BUY,BTO,BUY_TO_OPEN,FILLED,17.0,17.0,@0.49,0.48,DAY,2026-01-06T15:35:27.341Z,2026-01-06T15:35:40.971Z
MSFT260220P00445000,MSFT260220P00445000,OPTION,BUY,BTO,BUY_TO_OPEN,FILLED,2.0,2.0,@7.85,7.85,DAY,2026-01-06T15:15:48.106Z,2026-01-06T15:15:48.176Z
MSFT260116P00462500,MSFT260116P00462500,OPTION,SELL,STC,SELL_TO_CLOSE,FILLED,2.0,2.0,@3.05,3.08,DAY,2026-01-05T15:27:27.224Z,2026-01-05T15:27:27.398Z
MO260220P00055000,MO260220P00055000,OPTION,BUY,BTO,BUY_TO_OPEN,FILLED,10.0,10.0,@0.82,0.82,DAY,2026-01-05T14:41:31.076Z,2026-01-05T14:41:47.667Z
TSLA260220P00390000,TSLA260220P00390000,OPTION,SELL,STC,SELL_TO_CLOSE,FILLED,1.0,1.0,@8.3,8.3,DAY,2026-01-05T14:40:31.508Z,2026-01-05T14:40:31.549Z
SLV260220C00072000,SLV260220C00072000,OPTION,BUY,BTO,BUY_TO_OPEN,FILLED,3.0,3.0,@5.0,5.0,DAY,2026-01-05T14:32:49.248Z,2026-01-05T14:32:49.456Z
MSFT260116P00462500,MSFT260116P00462500,OPTION,SELL,STC,SELL_TO_CLOSE,FILLED,1.0,1.0,@3.45,3.45,DAY,2026-01-02T17:36:02.276Z,2026-01-02T17:36:02.355Z
COIN260130P00215000,COIN260130P00215000,OPTION,SELL,STC,SELL_TO_CLOSE,FILLED,2.0,2.0,@4.25,4.47,DAY,2026-01-02T17:35:55.129Z,2026-01-02T17:35:55.440Z
MSFT260116P00462500,MSFT260116P00462500,OPTION,BUY,BTO,BUY_TO_OPEN,FILLED,3.0,3.0,@4.05,4.05,DAY,2026-01-02T16:11:47.902Z,2026-01-02T16:11:48.045Z
QQQ260102P00610000,QQQ260102P00610000,OPTION,BUY,BTO,BUY_TO_OPEN,FILLED,2.0,2.0,@0.95,0.95,DAY,2026-01-02T16:09:03.659Z,2026-01-02T16:09:05.918Z
AXTI,AXTI,EQUITY,SELL,SELL,,FILLED,200.0,200.0,@15.15,15.15,DAY,2026-01-02T16:08:40.728Z,2026-01-02T16:10:38.840Z
TSLA260220P00390000,TSLA260220P00390000,OPTION,BUY,BTO,BUY_TO_OPEN,FILLED,1.0,1.0,@10.4,10.4,DAY,2026-01-02T16:04:46.090Z,2026-01-02T16:04:48.400Z
AXTI,AXTI,EQUITY,SELL,SELL,,FILLED,200.0,200.0,@15.33,15.33,DAY,2026-01-02T15:57:28.451Z,2026-01-02T15:57:28.493Z
AXTI,AXTI,EQUITY,SELL,SELL,,FILLED,300.0,300.0,@15.58,15.58,DAY,2026-01-02T15:32:04.819Z,2026-01-02T15:32:10.793Z
RIVN,RIVN,EQUITY,SELL,SELL,,FILLED,300.0,300.0,@19.66,19.66,DAY,2026-01-02T15:31:52.907Z,2026-01-02T15:31:53.452Z
BABA260116C00160000,BABA260116C00160000,OPTION,SELL,STC,SELL_TO_CLOSE,FILLED,2.0,2.0,@2.28,2.29,DAY,2026-01-02T15:30:27.600Z,2026-01-02T15:30:27.740Z
MU260102C00315000,MU260102C00315000,OPTION,SELL,STC,SELL_TO_CLOSE,FILLED,1.0,1.0,@0.29,0.34,DAY,2026-01-02T15:30:20.564Z,2026-01-02T15:30:20.753Z
QQQ260220P00600000,QQQ260220P00600000,OPTION,BUY,BTO,BUY_TO_OPEN,FILLED,2.0,2.0,@4.86,4.83,DAY,2026-01-02T15:30:13.958Z,2026-01-02T15:30:14.095Z
QQQ260220P00575000,QQQ260220P00575000,OPTION,SELL,BTO,BUY_TO_OPEN,FILLED,2.0,2.0,@4.86,4.83,DAY,2026-01-02T15:30:13.958Z,2026-01-02T15:30:14.095Z
QQQ260220P00600000,QQQ260220P00600000,OPTION,BUY,BTO,BUY_TO_OPEN,CANCELLED,0.0,2.0,@4.45,,DAY,2026-01-02T15:16:01.419Z,
QQQ260220P00575000,QQQ260220P00575000,OPTION,SELL,BTO,BUY_TO_OPEN,CANCELLED,0.0,2.0,@4.45,,DAY,2026-01-02T15:16:01.419Z,
QQQ260220P00600000,QQQ260220P00600000,OPTION,SELL,STC,SELL_TO_CLOSE,FILLED,2.0,2.0,@4.02,4.02,DAY,2026-01-02T15:08:33.842Z,2026-01-02T15:08:33.980Z
QQQ260220P00575000,QQQ260220P00575000,OPTION,BUY,STC,SELL_TO_CLOSE,FILLED,2.0,2.0,@4.02,4.02,DAY,2026-01-02T15:08:33.842Z,2026-01-02T15:08:33.980Z
AXTI,AXTI,EQUITY,BUY,BUY,,FILLED,700.0,700.0,@15.77,15.77,DAY,2026-01-02T15:04:35.591Z,2026-01-02T15:04:35.724Z
MU260102C00315000,MU260102C00315000,OPTION,BUY,BTO,BUY_TO_OPEN,FILLED,1.0,1.0,@0.8,0.8,DAY,2026-01-02T15:03:58.031Z,2026-01-02T15:03:58.069Z
COIN260130P00215000,COIN260130P00215000,OPTION,SELL,STC,SELL_TO_CLOSE,FILLED,1.0,1.0,@5.65,5.65,DAY,2026-01-02T15:01:22.088Z,2026-01-02T15:01:22.128Z
AXTI,AXTI,EQUITY,SELL,SELL,,FILLED,800.0,800.0,@15.25,15.25,DAY,2026-01-02T14:59:51.451Z,2026-01-02T14:59:51.504Z
BABA260220C00180000,BABA260220C00180000,OPTION,BUY,BTO,BUY_TO_OPEN,FILLED,3.0,3.0,@1.68,1.68,DAY,2026-01-02T14:41:55.090Z,2026-01-02T14:41:55.250Z
COIN260130P00215000,COIN260130P00215000,OPTION,SELL,STC,SELL_TO_CLOSE,FILLED,1.0,1.0,@6.7,6.7,DAY,2026-01-02T14:41:00.744Z,2026-01-02T14:41:00.953Z
COIN260220P00200000,COIN260220P00200000,OPTION,SELL,STC,SELL_TO_CLOSE,FILLED,1.0,1.0,@6.95,6.95,DAY,2026-01-02T14:40:27.537Z,2026-01-02T14:40:30.216Z
BABA260220C00180000,BABA260220C00180000,OPTION,BUY,BTO,BUY_TO_OPEN,FILLED,5.0,5.0,@1.7,1.7,DAY,2026-01-02T14:35:04.169Z,2026-01-02T14:35:04.216Z
TSM260116P00260000,TSM260116P00260000,OPTION,SELL,STC,SELL_TO_CLOSE,FILLED,5.0,5.0,@0.15,0.17,DAY,2026-01-02T14:34:23.361Z,2026-01-02T14:34:23.505Z
BABA260320P00140000,BABA260320P00140000,OPTION,SELL,STC,SELL_TO_CLOSE,FILLED,2.0,2.0,@4.65,4.65,DAY,2026-01-02T14:33:40.342Z,2026-01-02T14:33:40.594Z
BABA260220C00180000,BABA260220C00180000,OPTION,BUY,BTO,BUY_TO_OPEN,FILLED,10.0,10.0,@1.7,1.7,DAY,2026-01-02T14:33:16.632Z,2026-01-02T14:33:16.672Z
MP260116P00048000,MP260116P00048000,OPTION,SELL,STC,SELL_TO_CLOSE,FILLED,4.0,4.0,@0.8,0.8,DAY,2026-01-02T14:30:48.593Z,2026-01-02T14:30:56.747Z
TSLA260130P00425000,TSLA260130P00425000,OPTION,SELL,STC,SELL_TO_CLOSE,FILLED,1.0,1.0,@11.25,11.25,DAY,2026-01-02T14:30:35.239Z,2026-01-02T14:30:35.426Z
