ticker,date,event,side,index,close,histogram,macd,signal,both_above_zero,return_1,mfe_1,mae_1,return_2,mfe_2,mae_2,return_3,mfe_3,mae_3,return_5,mfe_5,mae_5,return_10,mfe_10,mae_10,fails_two_bars,recross_two_bars,days_to_next_flip,flip_date,held_until_flip,new_flip_return_5
SMH,2021-09-24,first_dark_red,short,25,136.195,-0.1985319351375806,-0.4024884060132812,-0.20395647087570057,False,0.0035610705238811047,0.017181247476045436,-3.671206725652798e-05,0.04368736003524354,0.044898858254708185,-3.671206725652798e-05,0.05811520246705082,0.061015455780314864,-3.671206725652798e-05,0.058372186937846404,0.07357098278204044,-3.671206725652798e-05,0.06476008664047872,0.08667719079261349,-3.671206725652798e-05,False,False,36.0,2021-11-15,-0.10393186240317198,-0.022580645161290436
SMH,2021-09-30,reaccel_in_red,short,29,128.135,-0.12834477876060224,-0.4576645761026866,-0.3293197973420844,False,-0.0008584695828619537,0.015296367112810683,0.005462988254575363,0.02520778866039719,0.02922698716197758,0.005462988254575363,0.011511296679283523,0.02922698716197758,0.005462988254575363,-0.003824091778202643,0.02922698716197758,0.015569516525539617,-0.016115815350997043,0.02922698716197758,0.016740156865805655,False,False,32.0,2021-11-15,-0.1733718343934132,-0.022580645161290436
SMH,2021-10-06,first_dark_red,short,33,127.045,-0.16868389858506727,-0.6665328281979358,-0.49784892961286853,False,-0.012436538234483763,-0.01149199102680143,0.02428273446416629,-0.0025975048211264173,-0.0009839033413356901,0.02428273446416629,0.0033846274941949916,0.0036601204297690426,0.02428273446416629,0.005037585107639075,0.017631547876736597,0.02428273446416629,-0.04884096186390652,0.017631547876736597,0.05439017670904023,False,False,28.0,2021-11-15,-0.1834389389586366,-0.022580645161290436
SMH,2021-10-18,early_rising_blue,long,41,132.325,0.17116752149010372,-0.3235693384006812,-0.4947368598907849,False,0.011449083695446838,0.011449083695446838,0.0023049310409973822,0.006990364632533552,0.012318156055167284,0.0023049310409973822,0.018477234082751037,0.018949556017381575,0.0023049310409973822,0.014585301341394352,0.026147742301152466,0.0023049310409973822,0.045834120536557776,0.0464009068581146,0.0023049310409973822,False,False,,,,
SMH,2021-10-25,first_dark_blue,long,46,134.255,0.3948786506817517,0.33365257385025926,-0.06122607683149246,False,0.005698111802167727,0.015716360656958805,-0.002048340843916474,-0.0027931920598860405,0.015716360656958805,0.004506349856616021,0.016200513947339124,0.016498454433726994,0.004506349856616021,0.030799597780343246,0.03135823619232059,0.004506349856616021,0.12450188074932034,0.13165245242262857,0.004506349856616021,False,False,34.0,2021-12-13,0.11567539384008052,-0.026905230830857607
SMH,2021-11-03,reaccel_in_blue,long,53,141.3,0.227430983134711,0.634981072167079,0.407550089032368,True,0.0414012738853502,0.047770700636942776,-0.006086341118188177,0.04953998584571839,0.060651096956829464,-0.006086341118188177,0.06843595187544227,0.07523000707714078,-0.006086341118188177,0.03609341825902335,0.08262561924982292,-0.006086341118188177,0.07144373673036086,0.08262561924982292,-0.006086341118188177,False,False,27.0,2021-12-13,0.06004953998584561,-0.026905230830857607
SMH,2021-11-10,first_dark_blue,long,58,146.4,0.19482790374926973,0.9044027481869785,0.7095748444377088,True,0.01799863387978129,0.02083333333333326,-0.009016393442622839,0.028346994535519254,0.032479508196721296,-0.009016393442622839,0.02698087431693974,0.035194672131147575,-0.009016393442622839,0.03411885245901636,0.04323770491803258,-0.009016393442622839,0.053073770491803174,0.0888661202185792,-0.009016393442622839,False,False,22.0,2021-12-13,0.023121584699453468,-0.026905230830857607
SMH,2021-11-19,first_dark_red,short,65,156.1,-0.10876267475279633,0.5161762253328814,0.6249389000856778,True,0.015086483023702635,0.015759128763613073,0.021204356181934614,0.022229340166559863,0.03917360666239578,0.021204356181934614,0.01236386931454203,0.04077514413837269,0.021204356181934614,0.0024983984625239763,0.04583600256246001,0.021204356181934614,0.03907751441383722,0.06947469570787956,0.021204356181934614,False,False,20.0,2021-12-20,0.06627162075592563,-0.07522898013790269
SMH,2021-11-22,reaccel_in_red,short,66,153.745,-0.13439323893582633,0.45694735141589493,0.5913405903517213,True,0.007252268366450987,0.02445607987251608,0.0037399590230575708,-0.002764317538781702,0.026082149012976008,0.0037399590230575708,0.026309798692640496,0.031220527496829242,0.0037399590230575708,0.008423038147582163,0.031220527496829242,0.01717129012325591,-0.022960096263293206,0.05522130801001668,0.026277277309831204,False,False,19.0,2021-12-20,0.05196916972909693,-0.07522898013790269
SMH,2021-12-01,first_dark_red,short,72,151.91,-0.3718734446059984,-0.24673671510035283,0.12513672950564558,False,-0.002600223816733749,0.015403857547231947,0.011026265551971726,0.008788098216048978,0.020670133631755516,0.018497794746889618,0.012573234151800339,0.04380883417813175,0.018497794746889618,-0.030840629319992097,0.04380883417813175,0.03816404450003308,-0.020867618984925285,0.04380883417813175,0.03816404450003308,False,False,13.0,2021-12-20,0.04051741162530442,-0.07522898013790269
SMH,2021-12-15,early_rising_blue,long,82,155.08,0.024171240379612297,-0.17363988602139463,-0.19781112640100693,False,-0.04346143925715762,0.007060871808099112,0.04849110136703638,-0.04794299716275474,0.007060871808099112,0.054294557647665775,-0.0601302553520765,0.007060871808099112,0.07099561516636588,-0.014605364972917312,0.007060871808099112,0.07099561516636588,-0.001063966984782172,0.02501934485426882,0.07099561516636588,False,False,,,,
SMH,2021-12-16,first_dark_blue,long,83,148.34,0.021134600842511425,-0.17139287534786768,-0.1925274761903791,False,-0.004685182688418443,0.011359040043144253,0.011325333692867812,-0.017426183092894787,0.011359040043144253,0.02878522313603893,0.01806660374814628,0.01901038155588508,0.02878522313603893,0.039031953620062065,0.046177699878657164,0.02878522313603893,0.040818390184710784,0.07159228798705675,0.02878522313603893,True,True,5.0,2021-12-23,0.039031953620062065,0.0017193278401350653
SMH,2021-12-22,first_dark_red,short,87,152.815,-0.009919983108945263,-0.2083476362373103,-0.19842765312836505,False,-0.008605176193436481,-0.001635965055786448,0.015541668029970923,-0.03576219611949094,-0.001635965055786448,0.036138468082321795,-0.025553774171383603,-0.001635965055786448,0.04021202107123001,-0.013742106468605852,-0.001635965055786448,0.04021202107123001,-0.0018650001635964752,0.019173510453816767,0.042731407257140974,True,True,11.0,2022-01-07,0.028596669175146472,-0.03374987369059257
SMH,2021-12-28,early_rising_blue,long,90,156.72,0.0907943001826626,-0.07114488550504464,-0.16193918568770724,False,-0.0001595201633486365,0.0067317508933129044,0.006253190403266884,-0.011517355793772333,0.0067317508933129044,0.013303981623277283,-0.014835375191424083,0.0067317508933129044,0.015090607452782123,0.0016590096988258196,0.016749617151607943,0.019971924451250622,-0.032446401225114885,0.016749617151607943,0.08202526799387433,False,False,,,,
SMH,2021-12-31,first_dark_blue,long,93,154.395,0.15454742829865326,0.10353190461213292,-0.05101552368652032,False,0.02205382298649572,0.022377667670585133,-0.005343437287476771,0.016742770167427645,0.032060623724861514,0.005213899413841205,-0.018135302309012724,0.032060623724861514,0.018718222740373824,-0.0385375174066519,0.032060623724861514,0.04080443019527846,-0.0060882800608828,0.032060623724861514,0.06820169046925095,False,False,22.0,2022-02-02,-0.081446938048512,0.016252996756451976
SMH,2022-01-13,first_dark_red,short,102,150.27,-0.17246628798987607,-0.2784405381341646,-0.1059742501442885,False,-0.021195182005723012,0.008850735343049254,0.02279230718040859,0.024489252678512097,0.026419112264590372,0.02279230718040859,0.05144074000133103,0.052072935382977414,0.02279230718040859,0.09579423703999479,0.09659279962733758,0.02279230718040859,0.1292673188261131,0.17029347175084852,0.02279230718040859,False,False,27.0,2022-02-23,0.14184467957676183,-0.03985886549571549
SMH,2022-01-19,reaccel_in_red,short,105,142.54,-0.14687582383702258,-0.3620140978973615,-0.21513827406033892,False,0.03062298302230937,0.03069313876806512,0.015749964922127102,0.04675880454609227,0.047600673495159285,0.015749964922127102,0.03455170478462177,0.09765679809176364,0.015749964922127102,0.05942191665497398,0.09765679809176364,0.015749964922127102,0.005051213694401535,0.12529816191946108,0.015749964922127102,False,False,24.0,2022-02-23,0.0953065806089517,-0.03985886549571549
SMH,2022-01-26,first_dark_red,short,110,134.07,-0.22048633557431485,-0.687205132519139,-0.4667187969448241,False,0.04270157380472883,0.04549862012381589,0.012120534049377296,0.02405459834414858,0.0700380398299395,0.012120534049377296,-0.027075408368762544,0.0700380398299395,0.027075408368762544,-0.057805623927798866,0.0700380398299395,0.0592973819646454,-0.07499813530245403,0.0700380398299395,0.07520548966957574,False,False,19.0,2022-02-23,0.03815171179234711,-0.03985886549571549
SMH,2022-02-04,early_rising_blue,long,117,136.265,0.21032027352379407,-0.3015221101576466,-0.5118423836814406,False,0.001577807947748866,0.016145011558360567,0.003155615895497621,0.022089311268484346,0.025171540747807697,0.007301948409349279,0.057681723113051975,0.057885737350016786,0.007301948409349279,-0.02671265548746915,0.06539757090962484,0.03284042123802877,-0.02671265548746915,0.06539757090962484,0.039738744358419176,False,False,,,,
SMH,2022-02-11,first_dark_blue,long,122,132.625,0.31892644327544817,0.19238497923844017,-0.12654146403700797,False,-0.000678605089538209,0.020395852968897454,0.013157398680490151,0.05366635249764373,0.05489161168708767,0.013157398680490151,0.05345900094250711,0.05628652214891616,0.013157398680490151,0.0,0.05628652214891616,0.013383600377002924,0.010933081998114824,0.05628652214891616,0.06970782280867105,False,False,22.0,2022-03-16,-0.012780395852968862,0.006835713740166449
SMH,2022-02-28,first_dark_red,short,132,134.075,-0.10897704328570226,-0.13382338069073912,-0.024846337405036865,False,0.03154950587357819,0.041133693828081186,0.003393622972217125,-0.00014917024053717753,0.041133693828081186,0.00548200633973539,0.021405929517061217,0.041133693828081186,0.00548200633973539,0.09513332090247995,0.09561812418422522,0.00548200633973539,0.1098638821555099,0.11497296289390257,0.00548200633973539,False,False,27.0,2022-04-06,0.05716949468581012,0.028162328929673297
SMH,2022-03-04,reaccel_in_red,short,136,127.675,-0.06944984008445151,-0.17510308318501255,-0.10565324310056104,False,0.04977481887605251,0.050283924025846916,0.008615625611905209,0.03544155081261002,0.061484237321323576,0.008615625611905209,-0.006461719208928907,0.061484237321323576,0.01311924809085574,0.03743880947718814,0.061484237321323576,0.01311924809085574,-0.05420011748580378,0.0706089680830233,0.057489719992167565,False,False,23.0,2022-04-06,0.00990796945369099,0.028162328929673297
SMH,2022-03-09,first_dark_red,short,139,128.5,-0.08629227803693462,-0.2604957378616827,-0.17420345982474805,False,0.021634241245136243,0.04007782101167323,-0.017120622568093435,0.043618677042801535,0.04451361867704284,-0.005136186770428042,0.07124513618677042,0.07657587548638134,-0.005136186770428042,-0.01891050583657594,0.07657587548638134,0.01891050583657594,-0.025875486381322865,0.07657587548638134,0.06377431906614772,False,False,20.0,2022-04-06,0.016264591439688725,0.028162328929673297
SMH,2022-03-18,early_rising_blue,long,146,134.595,0.14889105291587373,-0.0031823003586305965,-0.15207335327450433,False,-0.0023403543965229145,0.005126490582859633,0.019911586611687015,0.0045321148631078945,0.015602362643486023,0.019911586611687015,-0.020580259296407832,0.015602362643486023,0.02117463501615957,0.022809168245477185,0.027229837661131517,0.02117463501615957,-0.014004977896652893,0.05657713882387916,0.02823284668821291,False,False,,,,
SMH,2022-03-24,first_dark_blue,long,150,138.24,0.2503871970505829,0.3419986403948754,0.09161144334429253,True,-0.004159432870370461,7.233796296279849e-05,0.02021846064814825,0.003074363425925819,0.0035445601851851194,0.02318431712962976,0.02575231481481488,0.02871817129629628,0.02318431712962976,-0.02419704861111105,0.02871817129629628,0.02654803240740755,-0.0854311342592593,0.02871817129629628,0.10261140046296302,False,False,26.0,2022-05-02,-0.1444589120370371,-0.06616217130295088
SMH,2022-04-19,first_dark_red,short,167,123.73,-0.2984746345263888,-0.4169769189941519,-0.11850228446776309,False,0.00181847571324667,0.005253374282712442,0.023478541986583723,0.029176432554756326,0.033459953123737174,0.023478541986583723,0.05144265739917575,0.05221045825587978,0.023478541986583723,0.07617392709932913,0.07617392709932913,0.023478541986583723,0.036288693122120796,0.08752929766426898,0.023478541986583723,False,False,37.0,2022-06-10,0.095530590802554,0.0811813064069341
SMH,2022-04-27,reaccel_in_red,short,173,113.755,-0.11009065215408215,-0.45437926575353865,-0.3442886135994565,False,-0.05709639136741251,-0.009494088171948523,0.06663443365126809,-0.010285262186277455,-0.008439189486176613,0.06663443365126809,-0.039690563052173555,-0.0009669904619578062,0.06663443365126809,-0.08417212430222842,-0.0009669904619578062,0.08650169223330839,0.03454793195903472,0.03621818821150713,0.08650169223330839,False,False,31.0,2022-06-10,0.016219067293745337,0.0811813064069341
SMH,2022-04-28,first_dark_red,short,174,120.25,-0.07179393306876253,-0.4340310299354097,-0.3622370968666472,False,0.04428274428274426,0.04602910602910604,0.002869022869022908,0.01646569646569651,0.05309771309771316,0.002869022869022908,0.008399168399168433,0.05309771309771316,0.002869022869022908,0.02253638253638246,0.05309771309771316,0.027817047817047857,0.08237006237006239,0.10509355509355511,0.027817047817047857,True,True,30.0,2022-06-10,0.06935550935550938,0.0811813064069341
SMH,2022-05-04,early_rising_blue,long,178,123.33,0.1350774799943653,-0.17978900983894136,-0.3148664898333067,False,-0.046947214789588854,-0.015689613232790056,0.06042730884618508,-0.05671774912835481,-0.015689613232790056,0.07394794453904163,-0.10447579664315254,-0.015689613232790056,0.10848941863293604,-0.109502959539447,-0.015689613232790056,0.11104354171734365,-0.07565069326198004,-0.015689613232790056,0.12744263358469143,False,False,,,,
SMH,2022-05-09,first_dark_blue,long,181,110.445,0.20416018590278665,0.0399850856966644,-0.16417510020612225,False,0.02584997057358862,0.042419303725836466,-0.0026257413192087853,-0.00561365385485979,0.042419303725836466,0.0073339671329619716,-0.000905428041106382,0.042419303725836466,0.02564624926433967,0.03449680836615521,0.057992666032867124,0.02564624926433967,0.041242247272398114,0.08633256371949849,0.02564624926433967,False,False,33.0,2022-06-27,-0.02467291412015027,-0.08549944300037127
SMH,2022-05-17,reaccel_in_blue,long,187,119.72,0.0583424195762724,0.02313482457016894,-0.03520759500610346,False,-0.04777814901436683,-0.004510524557300277,0.052163381222853356,-0.04752756431673899,-0.004510524557300277,0.05667390578015363,-0.04706815903775485,-0.004510524557300277,0.08636819244904781,-0.0647761443367858,-0.004510524557300277,0.08636819244904781,0.00467758102238558,0.031406615436017526,0.08636819244904781,False,False,27.0,2022-06-27,-0.10023387905111925,-0.08549944300037127
SMH,2022-05-20,first_dark_blue,long,190,114.085,0.07814236338594895,0.10253420970425595,0.024391846318307,True,0.008020335714598925,0.010606127010562405,0.011088223692860555,-0.018582635754042953,0.010606127010562405,0.027786299688828398,0.0018407327869571777,0.010606127010562405,0.027786299688828398,0.07639041065871943,0.0781215760178815,0.027786299688828398,0.060262085287285716,0.09181750449226467,0.027786299688828398,False,False,24.0,2022-06-27,-0.055791734233247126,-0.08549944300037127
SMH,2022-05-27,reaccel_in_blue,long,195,122.8,0.014107259791267368,0.07454036414396291,0.06043310435269554,True,-0.004153094462540641,0.004030944625407207,0.0198289902280131,-0.020521172638436447,0.005537459283387669,0.03253257328990222,0.014087947882736263,0.014332247557003353,0.03253257328990222,-0.014983713355048889,0.014332247557003353,0.03253257328990222,-0.13933224755700324,0.014332247557003353,0.14226384364820843,False,False,19.0,2022-06-27,-0.12280130293159608,-0.08549944300037127
SMH,2022-06-06,first_dark_blue,long,200,120.96,0.06837705120581639,0.20032577495742726,0.13194872375161087,True,0.007977843915343952,0.01012731481481488,0.01967592592592593,-0.01302083333333326,0.01012731481481488,0.01967592592592593,-0.039269179894179884,0.01012731481481488,0.03988921957671954,-0.1262400793650793,0.01012731481481488,0.12921626984126977,-0.12582671957671954,0.01012731481481488,0.16889880952380942,False,False,14.0,2022-06-27,-0.10945767195767198,-0.08549944300037127
SMH,2022-06-21,first_dark_red,short,210,105.74,-0.2065955155277193,-0.2847884203016501,-0.07819290477393079,False,0.014091167013429162,0.0208530357480613,0.00245886135804807,0.0191980329109136,0.03338377151503691,0.00245886135804807,-0.02212975222243241,0.03338377151503691,0.02260261017590315,0.006951011916020433,0.03338377151503691,0.03466048798940813,0.06203896349536586,0.10185360317760539,0.03466048798940813,False,False,10.0,2022-07-06,0.06203896349536586,-0.03433151845130045
SMH,2022-06-29,early_rising_blue,long,216,103.155,0.1024744591139547,-0.00233614583934684,-0.10481060495330154,False,-0.012505452959139185,0.004313896563423958,0.02951868547331682,-0.05002181183655663,0.004313896563423958,0.06150937908971932,-0.045029324802481674,0.004313896563423958,0.07934661431825896,0.005864960496340554,0.010125539237070491,0.07934661431825896,0.01546216858126126,0.01963065290097421,0.07934661431825896,False,False,,,,
SMH,2022-06-30,first_dark_blue,long,217,101.865,0.09232993541049707,0.010601814309819792,-0.08172812110067727,False,-0.037991459284346885,-0.014234526088450328,0.04962450301870114,-0.03293574829431101,-0.014234526088450328,0.06768762577921761,-0.02635841554999252,-0.014234526088450328,0.06768762577921761,0.024100525204928003,0.03028518136749625,0.06768762577921761,0.054287537426986665,0.05461836744711146,0.06768762577921761,False,False,5.0,2022-07-08,0.024100525204928003,0.029476610429447936
SMH,2022-07-12,early_rising_blue,long,224,101.78,0.08588871714564657,0.049875875787113916,-0.03601284135853265,False,0.007909215955983484,0.015671055217135077,0.02048536058164674,0.029180585576734197,0.03340538416191796,0.02048536058164674,0.05516800943210831,0.05549911573983102,0.02048536058164674,0.09520534486146581,0.09903713892709765,0.02048536058164674,0.09044016506189823,0.14040086460994283,0.02048536058164674,False,False,,,,
SMH,2022-07-22,first_dark_blue,long,232,113.385,0.14008870519987238,0.36212423612700656,0.22203553092713418,True,-0.006173656127353766,-0.0038364863077127165,0.019843894695065534,-0.02116682100806988,-0.0038364863077127165,0.024121356440446218,0.024650526965648067,0.031309256074436576,0.024121356440446218,0.04581734797371784,0.04884684923049787,0.024121356440446218,0.0743043612470784,0.08365304052564282,0.024121356440446218,False,False,50.0,2022-10-03,-0.1543855007276096,-0.049332498957029514
SMH,2022-08-01,reaccel_in_blue,long,238,118.82,0.0645373527067653,0.4107213488623369,0.3461839961555716,True,-0.00206194243393365,0.01291870055546207,0.015401447567749527,0.021797677158727602,0.024911631038545767,0.015401447567749527,0.032191550244066613,0.03408517084665896,0.015401447567749527,0.007448241036862591,0.03408517084665896,0.015401447567749527,0.03719912472647713,0.039639791280929204,0.045909779498400916,False,False,44.0,2022-10-03,-0.19306514054872914,-0.049332498957029514
SMH,2022-08-08,first_dark_blue,long,243,119.705,0.08859190425875946,0.5341090488378094,0.44551714457904995,True,-0.04185288835052847,-0.020882168664633882,0.052963535357754554,-0.0030491625245394616,-0.002506160979073524,0.052963535357754554,-0.0032580092727956256,0.02330729710538404,0.052963535357754554,0.029530930203416794,0.031953552483187764,0.052963535357754554,-0.052671149910195836,0.031953552483187764,0.05617977528089879,False,False,39.0,2022-10-03,-0.19903095108809155,-0.049332498957029514
SMH,2022-08-15,first_dark_red,short,248,123.24,-0.015558492024834336,0.4427825548240569,0.4583410468488912,True,0.01127880558260308,0.02198961376176556,-0.0023125608568645983,0.032497565725413846,0.044952937358000544,-0.0023125608568645983,0.018987341772151778,0.044952937358000544,-0.0023125608568645983,0.07984420642648482,0.08325219084712754,-0.0023125608568645983,0.11335605322947095,0.11424862057773444,-0.0023125608568645983,False,False,46.0,2022-10-19,0.2749107432651736,-0.05214861235452095
SMH,2022-08-17,reaccel_in_red,short,250,119.235,-0.0031840159249870714,0.4536008937087684,0.45678490963375545,True,-0.01396402063152613,0.0044860988803622215,0.02067345997400105,0.014593030569882925,0.017905816245230022,0.02067345997400105,0.04893697320417656,0.05245942885897592,0.02067345997400105,0.04340168574663472,0.05350694007631995,0.02067345997400105,0.10022225017821951,0.10789617142617514,0.02067345997400105,False,False,44.0,2022-10-19,0.25055562544554866,-0.05214861235452095
SMH,2022-08-31,first_dark_red,short,260,107.285,-0.3067739975872732,-0.3169623145944723,-0.010188317007199105,False,0.021857668826024135,0.04851563592300878,-0.020412918860977736,0.03145826536794516,0.04851563592300878,0.0,0.04227058768700187,0.04851563592300878,0.0,0.013795031924313639,0.04851563592300878,0.0,0.05392179708253708,0.0605862888567833,0.01985366080999218,False,False,34.0,2022-10-19,0.16707834273197553,-0.05214861235452095
SMH,2022-09-15,reaccel_in_red,short,270,101.5,-0.04023278952826248,-0.4527493563324184,-0.41251656680415594,False,-0.0044827586206896974,0.017684729064039395,0.005541871921182162,-0.011083743842364546,0.017684729064039395,0.013891625615763514,0.0029064039408867037,0.017684729064039395,0.013891625615763514,0.0386206896551724,0.04192118226600983,0.03137931034482766,0.07438423645320191,0.08669950738916254,0.03137931034482766,False,False,24.0,2022-10-19,0.11960591133004927,-0.05214861235452095
SMH,2022-09-27,first_dark_red,short,278,95.785,-0.18276128928011526,-0.8612340354539039,-0.6784727461737886,False,-0.012736858589549538,0.013363261471002752,0.017226079239964553,0.019157488124445288,0.03220754815472149,0.017226079239964553,0.033669154878112395,0.03372135511823349,0.017226079239964553,-0.04379600146160678,0.03372135511823349,0.047189017069478645,0.07840476066189894,0.09075011745054018,0.06859111551913144,False,False,16.0,2022-10-19,0.06707730855561933,-0.05214861235452095
SMH,2022-10-05,early_rising_blue,long,284,100.97,0.25121942586098267,-0.38795049954979666,-0.6391699254107793,False,-0.006833712984054663,0.013716945627414212,0.009804892542339294,-0.06605922551252852,0.013716945627414212,0.06997127859760321,-0.09725661087451709,0.013716945627414212,0.10815093592156089,-0.13097949886104776,0.013716945627414212,0.1374418144003169,-0.11498464890561555,0.013716945627414212,0.17317024858868968,False,False,,,,
SMH,2022-10-11,first_dark_blue,long,288,88.275,0.407221782729496,0.17860018504022468,-0.22862159768927132,False,-0.00600396488246957,0.005834041348059982,0.010478617955253622,0.024412347776833876,0.04327386009628986,0.05426224865477214,-0.019258000566411804,0.04327386009628986,0.05426224865477214,0.004191447182101182,0.04327386009628986,0.05426224865477214,0.07561597281223453,0.08326253186066257,0.05426224865477214,False,False,8.0,2022-10-21,0.05550835457377512,0.034504963777837405
SMH,2022-10-25,early_rising_blue,long,298,94.95,0.08247422319406747,0.09149496805191301,0.00902074485784554,True,-0.009794628751974788,0.012954186413902002,0.022854133754607653,-0.022169562927856767,0.012954186413902002,0.023433385992627787,0.01516587677725112,0.016666666666666607,0.023433385992627787,0.0033175355450236754,0.02027382833070024,0.023433385992627787,0.04997367035281708,0.061979989468140984,0.050078988941548275,False,False,,,,
SMH,2022-10-31,first_dark_blue,long,302,94.61,0.11221751129343757,0.23789067504239525,0.12567316374895768,True,0.00692315822851719,0.02394038685128419,-0.0024838811964909002,-0.02193214247965336,0.032766092379240996,0.02240777930451332,-0.03340027481238761,0.032766092379240996,0.046665257372370816,0.03149772751294799,0.0342986999260122,0.046665257372370816,0.15585033294577744,0.17640841348694636,0.046665257372370816,False,False,6.0,2022-11-08,0.05374696120917455,0.1314509253222329
SMH,2022-11-10,early_rising_blue,long,310,106.895,0.06600023886475484,0.26108356972721514,0.1950833308624603,True,0.03278918564946909,0.037560222648393315,0.004162963655923946,0.023013237288928456,0.04120866270639412,0.004162963655923946,0.05524112446793583,0.07244492258758606,0.004162963655923946,0.024931007063005772,0.07244492258758606,0.004817811871462685,0.034894054913700456,0.07244492258758606,0.004817811871462685,False,False,,,,
SMH,2022-11-17,first_dark_blue,long,315,109.56,0.22592629918755014,0.6560385507974019,0.4301122516098518,True,0.001825483753194579,0.01633807959109146,0.010359620299379424,-0.015699160277473534,0.01633807959109146,0.0198977729098212,0.01291529755385179,0.01633807959109146,0.0198977729098212,0.009720700985761166,0.03176341730558607,0.0198977729098212,0.021723256663015666,0.048968601679445056,0.02373128879152986,False,False,34.0,2023-01-09,-0.012960934647681666,0.05016645089698546
SMH,2022-12-13,first_dark_red,short,332,113.845,-0.22356398452794052,0.03041198913967215,0.25397597366761265,True,0.017216390706662477,0.026922570161184045,0.0088717115376169,0.054635688875225075,0.05753436690236724,0.0088717115376169,0.06197022267117569,0.07031490184022127,0.0088717115376169,0.08797048618736003,0.09526110061926307,0.0088717115376169,0.13347094734068243,0.13683077869032456,0.0088717115376169,False,False,34.0,2023-02-02,-0.1137291932012825,0.021314352189601093
SMH,2022-12-16,reaccel_in_red,short,335,106.79,-0.18856045050988013,-0.07679229089433424,0.11176815961554587,False,0.022942223054593147,0.03136997846240297,-0.00955145612885111,0.027717951119018758,0.03549021443955436,-0.00955145612885111,0.0059930705122202,0.03549021443955436,-0.003090176982863735,0.04728907201048793,0.0661578799513064,-0.003090176982863735,0.05712145331959928,0.07980616162562049,-0.003090176982863735,False,False,31.0,2023-02-02,-0.1873068639385711,0.021314352189601093
SMH,2022-12-21,first_dark_red,short,338,106.15,-0.2079227271386054,-0.25108214837734527,-0.04315942123873986,False,0.041450777202072575,0.06052755534620835,-0.020325011775788937,0.04154498351389557,0.06052755534620835,-0.020325011775788937,0.05869053226566179,0.06113989637305706,-0.020325011775788937,0.04032030146019783,0.0742581252943948,-0.020325011775788937,0.0029674988224211996,0.0742581252943948,0.002873292510598091,False,False,28.0,2023-02-02,-0.19446537918040496,0.021314352189601093
SMH,2023-01-11,early_rising_blue,long,351,110.83,0.1254966216749742,-0.16521508937377102,-0.2907117110487452,False,0.014977894072002229,0.021654786610123766,0.012474059370206514,0.01863213931246044,0.021654786610123766,0.012474059370206514,0.02467743390778665,0.03153478300099266,0.012474059370206514,-0.006631778399350363,0.04236217630605443,0.012474059370206514,0.08661914644049462,0.08743120093837398,0.012474059370206514,False,False,,,,
SMH,2023-01-19,first_dark_blue,long,356,110.095,0.29946439681824594,0.34217951337536406,0.04271511655711814,True,0.032517371361097114,0.032608202007357256,-0.0026340887415414738,0.08120259775648297,0.08406376311367447,-0.0026340887415414738,0.07352740814750902,0.08406376311367447,-0.0026340887415414738,0.09387347290975989,0.09469094872610007,-0.0026340887415414738,0.15166447159271534,0.16099732049593518,-0.0026340887415414738,False,False,32.0,2023-03-07,0.09028566238248792,0.019161078018911093
SMH,2023-02-14,first_dark_red,short,374,126.505,-0.20585327044924034,-0.09678183642903049,0.10907143402020984,False,3.9524129481049997e-05,0.021580174696652188,0.00051381368325365,0.027192601082961176,0.028496897355835604,0.00051381368325365,0.04047270858859331,0.049049444685980825,0.00051381368325365,0.0741867910359274,0.07873206592624793,0.00051381368325365,0.0531599541520098,0.07873206592624793,0.00051381368325365,False,False,31.0,2023-03-30,-0.03304217224615624,0.034319164402953684
SMH,2023-02-21,reaccel_in_red,short,378,117.695,-0.12572957370571808,-0.15288938288518658,-0.02715980917946849,False,0.004885509155019285,0.00977101831003857,0.009855983686647862,-0.03037512213772886,0.00977101831003857,0.03534559666935744,-0.011980118101873494,0.00977101831003857,0.03534559666935744,-0.01703555801011092,0.00977101831003857,0.03534559666935744,-0.01988189812651342,0.00977101831003857,0.05284846425081802,False,False,27.0,2023-03-30,-0.11037002421513242,0.034319164402953684
SMH,2023-02-24,first_dark_red,short,381,119.105,-0.14945604181279085,-0.28776436871820377,-0.13830832690541292,False,-0.004491834935560934,-0.0037781789177615543,0.017295663490197732,-0.004995592124595882,8.395953150586166e-05,0.018387137399773268,-0.0056672683766423315,8.395953150586166e-05,0.018387137399773268,-0.028336341883212324,0.014776877545023326,0.029259896729776136,0.0020570085218925005,0.014776877545023326,0.047647034129549626,False,False,24.0,2023-03-30,-0.09722513748373274,0.034319164402953684
SMH,2023-03-09,early_rising_blue,long,390,120.815,0.07207691520001208,-0.14521671418147725,-0.21729362938148933,False,-0.016181765509249657,0.00918760087737458,0.02114803625377637,-0.01684393494185321,0.00918760087737458,0.03662624674088477,0.012581219219467643,0.018044117038447327,0.03662624674088477,0.041261432769109874,0.0427926995820056,0.03662624674088477,0.07068658693043073,0.08397136117204007,0.03662624674088477,False,False,,,,
SMH,2023-03-13,first_dark_blue,long,392,118.78,0.08142125466563316,-0.09495350941700162,-0.17637476408263478,False,0.02992928102374126,0.03548577201549086,-0.01435426839535281,0.01835325812426336,0.03548577201549086,0.002062636807543372,0.05910085873042603,0.060658359993264854,0.002062636807543372,0.06432059269237245,0.06996127294157262,0.002062636807543372,0.0593113318740528,0.1025425155750126,0.002062636807543372,False,False,36.0,2023-05-03,0.028919009934332385,0.015750930736816215
SMH,2023-03-14,reaccel_in_blue,long,393,122.335,0.08241625969906141,-0.07335443945880801,-0.15577069915786942,False,-0.011239628887889763,-0.008869088976989348,0.03106224710835004,0.02832386479748239,0.029836105775125743,0.03106224710835004,0.02309232844239184,0.038868680263211663,0.03106224710835004,0.03666162586340782,0.05190664977316395,0.03106224710835004,0.021375730575877716,0.07050312666039993,0.03106224710835004,False,False,35.0,2023-05-03,-0.0009809130665794363,0.015750930736816215
SMH,2023-03-24,first_dark_blue,long,401,127.31,0.19663638784520562,0.35085693118909433,0.1542205433438887,True,-0.011664441127955394,0.005419841332181319,0.014708192600738412,-0.018537428324562066,0.005419841332181319,0.03215772523760907,0.012017909040923813,0.01771266986096931,0.03215772523760907,0.033658000157096746,0.03515042023407422,0.03215772523760907,0.006283874008326196,0.03515042023407422,0.03215772523760907,False,False,27.0,2023-05-03,-0.04002042259052707,0.015750930736816215
SMH,2023-04-03,first_dark_red,short,407,130.845,-0.014107659030638792,0.1833898376678696,0.19749749669850838,True,0.015361687492834952,0.020176544766708604,0.003209904849249101,0.03259581948106538,0.043028010241125014,0.003209904849249101,0.03550001910657641,0.047422522832358927,0.003209904849249101,0.02609958347663255,0.047422522832358927,0.003209904849249101,0.03309259046963964,0.0498299514692957,0.003209904849249101,False,False,45.0,2023-06-07,-0.10436012075356338,-0.07681660899653986
SMH,2023-04-04,reaccel_in_red,short,408,128.835,-0.036082017175830094,0.15239497522872075,0.18847699240455085,True,0.017503007723056685,0.028097954748321552,-0.008645942484573288,0.020452516785035124,0.03256102767105218,-0.008645942484573288,0.005627352815616882,0.03256102767105218,-0.005084022198936666,0.02848604804595023,0.03256102767105218,-0.0005821399464432941,0.027321768153064085,0.03500601544611326,-0.0005821399464432941,False,False,44.0,2023-06-07,-0.12158963014708735,-0.07681660899653986
SMH,2023-04-13,first_dark_red,short,414,126.175,-0.2257495296608507,-0.3209953117217814,-0.0952457820609307,False,0.0010699425401228257,0.011996037249851321,0.010342777887854204,0.0017832375668713762,0.014662175549831513,0.010342777887854204,-0.0026946701010501783,0.014662175549831513,0.013750743015652933,0.005706360213988515,0.014662175549831513,0.013750743015652933,0.036338418862690625,0.06027342976025363,0.013750743015652933,False,False,38.0,2023-06-07,-0.1452347929463047,-0.07681660899653986
SMH,2023-04-25,reaccel_in_red,short,422,119.59,-0.045204704544595964,-0.34523711650106337,-0.3000324119564674,False,-0.0069821891462495955,-0.0021322853081360282,0.016932853917551505,-0.0167238063383226,0.008529141232544557,0.018145329877079952,-0.033740279287565844,0.008529141232544557,0.033740279287565844,-0.032611422359728914,0.008529141232544557,0.04674303871561181,-0.029684756250522693,0.008529141232544557,0.04674303871561181,False,False,30.0,2023-06-07,-0.20829500794380795,-0.07681660899653986
SMH,2023-04-28,first_dark_red,short,425,123.625,-0.06300549537249267,-0.4101746654511635,-0.3471691700786708,False,-0.007644084934276929,-0.0003235591506571822,0.0107987866531849,0.001092012133468212,0.009100101112234582,0.012578361981799846,0.011405460060667338,0.012537917087967587,0.012578361981799846,-0.0061071789686550915,0.021759352881698613,0.012578361981799846,0.005864509605662205,0.021759352881698613,0.012578361981799846,False,False,27.0,2023-06-07,-0.16885743174924173,-0.07681660899653986
SMH,2023-05-05,early_rising_blue,long,430,124.38,0.026477046241628555,-0.3242246493106318,-0.35070169555226033,False,0.005547515677761572,0.006190705901270466,0.008120276571796037,-0.009969448464383301,0.006190705901270466,0.013185399581926327,-0.0019295706705257931,0.006190705901270466,0.013185399581926327,-0.011899019134909095,0.006190705901270466,0.020662485930213803,0.07171570992120935,0.07983598649300538,0.020662485930213803,False,False,,,,
SMH,2023-05-24,first_dark_blue,long,443,129.34,0.2674007504219294,0.4269900640530305,0.15958931363110113,True,0.08597494974485853,0.09123241070047916,-0.05365702798824801,0.13932271532395246,0.14682232874594092,-0.05365702798824801,0.14481212308643876,0.17295500231946814,-0.05365702798824801,0.13267357352713782,0.17295500231946814,-0.05365702798824801,0.1301221586516157,0.17295500231946814,-0.05365702798824801,False,False,15.0,2023-06-15,0.19437142415339403,-0.04498964267219052
SMH,2023-06-12,first_dark_red,short,455,151.18,-0.057304692126855294,0.36340296774786274,0.42070765987471803,True,-0.01382457997089559,-0.0014552189443048924,0.020968382061119062,-0.029236671517396395,-0.0014552189443048924,0.03016271993649955,-0.021828284164571832,-0.0014552189443048924,0.03022886625214971,-0.010980288397936189,0.0003307315782511422,0.031485646249503896,-0.0021828284164571166,0.02877364730784493,0.031485646249503896,False,False,5.0,2023-06-20,-0.010980288397936189,0.008701910494634979
SMH,2023-06-28,first_dark_red,short,466,150.14,-0.3068812716495326,-0.2415038691776115,0.06537740247192111,False,0.001465299054216107,0.008192353803117003,0.005461569202078298,-0.014053550019981431,0.008192353803117003,0.018782469694951454,-0.023045157852670917,0.008192353803117003,0.026175569468496196,0.008192353803117003,0.019881443985613312,0.026175569468496196,-0.05374983348874407,0.019881443985613312,0.05548155055281745,False,False,17.0,2023-07-24,-0.025176501931530648,-0.04352910602910609
SMH,2023-07-11,early_rising_blue,long,474,151.32,0.0517172065211705,-0.0456311016565665,-0.097348308177737,False,0.02101506740682013,0.022204599524187296,-0.010441448585778668,0.045532646048110026,0.047250859106529264,-0.010441448585778668,0.03687549563838233,0.061987840338355804,-0.010441448585778668,0.0590800951625694,0.06258260639703939,-0.010441448585778668,0.03350515463917514,0.06258260639703939,-0.0064102564102563875,False,False,,,,
SMH,2023-07-19,first_dark_blue,long,480,158.58,0.1854283410572289,0.30142002720076266,0.11599168614353375,True,-0.035376466136965656,-0.013683945011981447,0.03966452263841602,-0.030205574473451957,-0.013683945011981447,0.03966452263841602,-0.02938579896582183,-0.013683945011981447,0.03966452263841602,-0.02459326522890659,-0.007756337495270604,0.03966452263841602,-0.024845503846639083,0.016332450498171003,0.03966452263841602,False,False,10.0,2023-08-02,-0.024845503846639083,-0.028065183652353665
SMH,2023-07-28,first_dark_red,short,487,160.5,-0.14018789470292803,-0.1208381461386038,0.019349748564324226,False,-0.0007476635514018781,0.005171339563862953,0.004174454828660412,-0.00018691588785046953,0.009657320872274222,0.004174454828660412,0.03651090342679131,0.04386292834890959,0.004174454828660412,0.0389408099688473,0.051962616822429974,0.004174454828660412,0.08903426791277258,0.09009345794392531,0.004174454828660412,False,False,4.0,2023-08-03,0.03931464174454835,0.02736883066346718
SMH,2023-08-15,first_dark_red,short,499,148.85,-0.2263074138304712,-0.5203727251617485,-0.2940653113312773,False,0.01578770574403754,0.016392341283170908,0.0019482700705406586,0.0224386966745046,0.025663419549882382,0.0019482700705406586,0.018273429627141402,0.036949949613705124,0.0019482700705406586,-0.004568357406785406,0.036949949613705124,0.029492777964393868,-0.03997312730937197,0.036949949613705124,0.05199865636546863,False,False,21.0,2023-09-14,-0.017064158548874664,0.0702159984146905
SMH,2023-08-28,early_rising_blue,long,508,150.93,0.08312538644041495,-0.41412904674418954,-0.4972544331846045,False,0.025641025641025772,0.028953819651494017,0.006625588020936823,0.03087524017756582,0.03504936063075603,0.006625588020936823,0.03504936063075603,0.04124428543033187,0.006625588020936823,0.03743457231829339,0.04439143974027693,0.006625588020936823,-0.010402173192870845,0.04439143974027693,0.01610017889087656,False,False,,,,
SMH,2023-09-07,first_dark_blue,long,515,151.33,0.30442828686932927,0.2663566849849354,-0.03807160188439385,False,-0.0062776713143462,0.00555078305689527,0.010440758607017875,-0.005550783056895603,0.005682944558250025,0.018700852441683846,-0.0130179078834336,0.005682944558250025,0.018700852441683846,0.00039648450406382096,0.005682944558250025,0.018700852441683846,-0.06984735346593551,0.005682944558250025,0.07030991872067671,False,False,17.0,2023-10-02,-0.033701182845437216,0.01189906311974287
SMH,2023-09-25,first_dark_red,short,527,142.96,-0.19743526926360871,-0.43595033204345274,-0.23851506277984402,False,0.015808617795187607,0.01997062115277015,-0.003987129266928013,0.0067851147174035065,0.022383883603805388,-0.00027979854504767143,-0.00930330162283144,0.022383883603805388,0.018816452154448715,-0.022873531057638452,0.022383883603805388,0.030148293228875245,-0.03504476776720744,0.022383883603805388,0.04186485730274181,False,False,20.0,2023-10-23,0.0025181869054281547,0.0325385694249648
SMH,2023-10-04,early_rising_blue,long,534,145.21,0.13876734528865847,-0.14271102599810398,-0.28147837128676245,False,0.0,0.00475173886095992,0.010605330211418074,0.021623855106397638,0.02572136905171818,0.011569451139728737,0.0190069554438399,0.02572136905171818,0.011569451139728737,0.04276564974863972,0.04290338130982718,0.011569451139728737,0.0009641209283106633,0.06094621582535642,0.011569451139728737,False,False,,,,
SMH,2023-10-13,first_dark_blue,long,541,148.38,0.24616182778883358,0.37432138861857545,0.12815956082974186,True,0.011524464213505947,0.015534438603585388,-0.00026957811025729583,-0.0004043671653861658,0.015534438603585388,0.026351260277665434,-0.020420541852001595,0.015534438603585388,0.026351260277665434,-0.042323763310419205,0.015534438603585388,0.04346947027901327,-0.0678662892573123,0.015534438603585388,0.07918856988812506,False,False,15.0,2023-11-03,0.007615581614772937,0.05196976790850116
SMH,2023-10-31,first_dark_red,short,553,138.95,-0.289313446575179,-0.38714515707563407,-0.09783171050045505,False,-0.024901043540842105,-0.0007916516732637824,0.026124505217704375,-0.051457358762144745,-0.0007916516732637824,0.05818639798488667,-0.07599856063332133,-0.0007916516732637824,0.0833753148614611,-0.08593019071608499,-0.0007916516732637824,0.09046419575386855,-0.15933789132781584,-0.0007916516732637824,0.16257646635480394,False,False,18.0,2023-11-27,-0.1634400863620007,0.017815167635778728
SMH,2023-11-07,early_rising_blue,long,558,150.89,0.22242193840854313,0.12521338869649443,-0.0972085497120487,False,0.003578765988468513,0.008085360196169677,0.0029823049903903165,0.0017893829942343675,0.023990986811584625,0.0029823049903903165,0.04234873086354307,0.044933395188548,0.0029823049903903165,0.0675989131155148,0.0705812181059049,0.0029823049903903165,0.07674464841937834,0.09642786135595482,0.0029823049903903165,False,False,,,,
SMH,2023-11-13,first_dark_blue,long,562,156.32,0.3164617913336025,0.5356374279319926,0.21917563659839015,True,0.030514329580348054,0.033393039918116596,-0.020471468781985802,0.03128198567041984,0.037807062436028716,-0.020471468781985802,0.0351202661207779,0.037807062436028716,-0.020471468781985802,0.05488741044012291,0.05834186284544529,-0.020471468781985802,0.028211361310133132,0.05834186284544529,-0.020471468781985802,False,False,22.0,2023-12-14,0.10836745138178094,0.0
SMH,2023-12-07,first_dark_red,short,579,161.1,-0.3069832726322523,-0.16571693434056908,0.1412663382916832,False,-0.008566108007448836,0.0027312228429546836,0.01142147734326504,-0.032774674115456204,0.0027312228429546836,0.036561142147734316,-0.04369956548727494,0.0027312228429546836,0.04407200496585961,-0.07548106765983853,0.0027312228429546836,0.07920546244568594,-0.07548106765983853,0.0027312228429546836,0.09161949099937927,False,False,12.0,2023-12-26,-0.09044072004965864,0.05521716855467629
SMH,2023-12-18,early_rising_blue,long,586,173.34,0.19468979504976563,0.28434687131169395,0.08965707626192833,True,0.00334602515287874,0.004095996307834415,0.0024806738202377554,-0.024575977847005825,0.004095996307834415,0.02497980846890513,-0.00046152071074201384,0.004095996307834415,0.02497980846890513,0.01344179070035767,0.017133956386292892,0.02497980846890513,-0.0425175954770971,0.019672320295373247,0.04597900080766126,False,False,,,,
SMH,2023-12-20,first_dark_blue,long,588,169.08,0.15913349180081326,0.3422487115150616,0.18311521971424832,True,0.024722025076886478,0.026407617695765273,-0.01443103856162753,0.024840312278211485,0.031523539153063496,-0.01443103856162753,0.03897563283652694,0.04276082327892117,-0.01443103856162753,0.03986278684646316,0.0453631417080671,-0.01443103856162753,-0.017743080198722505,0.0453631417080671,0.03022237993849075,False,False,5.0,2023-12-28,0.03986278684646316,-0.055397565692185124
SMH,2024-01-09,first_dark_red,short,600,172.42,-0.2791947279732251,-0.39473459942300093,-0.11553987144977587,False,-0.0009279665932027115,0.010381626261454557,0.003943858021111302,-0.006611761976568875,0.012933534392761792,0.01223755944785987,-0.0030738893399837597,0.012933534392761792,0.01223755944785987,-0.012875536480686733,0.012933534392761792,0.025722074005335882,-0.11570583458995487,0.012933534392761792,0.1326992228279784,False,False,14.0,2024-01-30,-0.09378262382554237,-0.022005408558248174
SMH,2024-01-18,early_rising_blue,long,606,180.31,0.16075224547729108,0.0163504981935243,-0.14440174728376678,False,0.038101048194775666,0.038822028728301206,-0.0061560645554876725,0.04292607176529306,0.053629859686096015,-0.0061560645554876725,0.048250235705174394,0.053629859686096015,-0.0061560645554876725,0.06688480949475895,0.08646220398203086,-0.0061560645554876725,0.040263989795352506,0.08646220398203086,-0.0061560645554876725,False,False,,,,
SMH,2024-01-25,first_dark_blue,long,611,192.37,0.29054803182463734,0.4895531035188435,0.19900507169420617,True,-0.02131309455736341,-0.009887196548318378,0.02427613453241162,-0.00982481675937008,-0.009668867286999117,0.02427613453241162,-0.01964963351873994,-0.0076415241461765815,0.024380100847325448,-0.02495191557935239,-0.0076415241461765815,0.04273015542964076,0.03670010916463062,0.04413370068097944,0.04273015542964076,False,False,11.0,2024-02-09,0.059676664760617504,-0.010301692420897735
SMH,2024-02-05,first_dark_red,short,618,194.95,-0.28791302969292326,-0.32388232315330956,-0.03596929346038631,False,0.011336240061554093,0.024775583482944286,0.004821749166452838,-0.008617594254937133,0.024775583482944286,0.009438317517312056,-0.02298025134649917,0.024775583482944286,0.03031546550397546,-0.0416004103616312,0.024775583482944286,0.062426263144396144,-0.014516542703257418,0.024775583482944286,0.062426263144396144,False,False,11.0,2024-02-21,-0.008002051808156052,-0.05546791511882354
SMH,2024-02-13,early_rising_blue,long,624,199.3,0.1854459071297701,0.1590187960089157,-0.026427111120854427,False,0.02007024586051176,0.023105870546914042,-0.005569493226291966,0.01665830406422475,0.027295534370296082,-0.005569493226291966,0.012293025589563467,0.03401906673356758,-0.005569493226291966,-0.013998996487707083,0.03401906673356758,0.027997992975414054,0.04069242348218749,0.07054691419969905,0.027997992975414054,False,False,,,,
SMH,2024-02-14,first_dark_blue,long,625,203.3,0.17519035328001387,0.19256083047916292,0.017370477199149043,True,-0.003344810624692607,0.007083128381701886,0.006345302508608097,-0.007624200688637561,0.013674372848007765,0.010280373831775713,-0.027151992129857416,0.013674372848007765,0.0425479586817511,0.03261190359075261,0.03639891785538607,0.04712247909493361,0.042547958681750986,0.049483521888834314,0.04712247909493361,False,False,10.0,2024-02-29,0.042547958681750986,0.10483604623732012
SMH,2024-02-26,first_dark_red,short,632,210.35,-0.10908891305758717,-0.11869960465667692,-0.00961069159908975,False,0.0028999286902779975,0.00717851200380315,0.006703113857855936,0.013976705490848618,0.018635607321131342,0.006703113857855936,-0.007606370335155654,0.018635607321131342,0.010482529118136519,-0.06531970525314956,0.018635607321131342,0.07977180888994528,-0.05053482291419065,0.018635607321131342,0.13687473258854288,False,False,10.0,2024-03-11,-0.05053482291419065,0.012218300298669549
SMH,2024-03-04,early_rising_blue,long,637,224.09,0.10978683249419238,0.1210753461500006,0.011288513655808215,True,-0.015306350127181068,-0.0038377437636664125,0.025882457941005854,0.010085233611495381,0.020839841135258164,0.025882457941005854,0.04498192690436875,0.04828417153822118,0.025882457941005854,-0.013878352447677322,0.06716765585255935,0.025882457941005854,-0.025927082868490325,0.06716765585255935,0.03641394082734617,False,False,,,,
SMH,2024-03-06,first_dark_blue,long,639,226.35,0.1075787995361667,0.1743186831278236,0.06673988359165689,True,0.034548265959796653,0.03781753920918929,-0.013739783521095728,-0.006008394079964563,0.05651248067152648,0.008438259332891551,-0.023724320742213423,0.05651248067152648,0.032383476916280074,-0.012767837419924821,0.05651248067152648,0.032383476916280074,-0.022354760326927292,0.05651248067152648,0.059774685222001356,False,False,13.0,2024-03-25,0.003225093881157548,-0.009115730139158118
SMH,2024-03-18,first_dark_red,short,647,218.28,-0.2316893661551762,-0.4108055922101552,-0.179116226054979,False,0.0021990104452995762,0.025013743815283207,0.002611324903793344,-0.013789628000733023,0.025013743815283207,0.015301447681876468,-0.03678761224115812,0.025013743815283207,0.05392156862745101,-0.040315191497159564,0.025013743815283207,0.05392156862745101,-0.030831958951804905,0.025013743815283207,0.0580447132123878,False,False,19.0,2024-04-15,0.004214770020157577,0.06597350018402648
SMH,2024-03-27,early_rising_blue,long,654,224.89,0.10449749924557206,-0.1339205384812968,-0.23841803772686887,False,0.0004446618346747311,0.004668949264084787,0.005113611098759296,0.013562185957579409,0.02694650718128866,0.005113611098759296,0.0005335942016095885,0.02694650718128866,0.011161012050335706,-0.022233091733736443,0.02694650718128866,0.02334474632042327,0.010760816399128625,0.02694650718128866,0.023478144870825668,False,False,,,,
SMH,2024-04-02,first_dark_blue,long,657,225.01,0.1251185849841041,-0.020450755340509247,-0.14556934032461336,False,0.0039998222301231845,0.011155059775121101,0.010355095329096398,-0.022754544242478136,0.02133238522732328,0.02386560597306786,-0.010532865205990838,0.02133238522732328,0.023998933380738552,-0.004044264699346711,0.02133238522732328,0.023998933380738552,-0.025998844495800144,0.02133238522732328,0.03795297986756141,False,False,21.0,2024-05-01,-0.07626327718768056,0.06519124368535012
SMH,2024-04-25,first_dark_red,short,674,212.2,-0.15783349915602396,-0.4304526839077383,-0.2726191847517143,False,-0.025636192271442093,0.001225259189443828,0.03053864278982088,-0.02912346842601332,0.001225259189443828,0.03053864278982088,-0.008906691800188549,0.001225259189443828,0.03496701225259202,0.0008011310084825585,0.028711121583411936,0.03496701225259202,-0.03666352497643732,0.028711121583411936,0.05174363807728577,False,False,26.0,2024-06-03,-0.14740810556079165,-0.050846065385247385
SMH,2024-05-03,early_rising_blue,long,680,217.73,0.06974872918468561,-0.21728447755224123,-0.28703320673692684,False,0.022688651081614886,0.02273457952509994,-0.0022504937307674666,0.013778533045515129,0.025031001699352462,-0.0022504937307674666,0.016855738759013583,0.025031001699352462,-0.0022504937307674666,0.02558214302117312,0.03541082992697375,-0.0022504937307674666,0.057502411243282925,0.0798236347770176,-0.0022504937307674666,False,False,,,,
SMH,2024-05-13,first_dark_blue,long,686,223.26,0.1930913159300769,0.14843670890226895,-0.04465460702780792,False,0.017110095852369556,0.018207471109916717,0.004568664337543549,0.04765743975633807,0.04810534802472466,0.004568664337543549,0.040042999193765194,0.05307712980381618,0.004568664337543549,0.05258443070859098,0.05724267669981198,0.004568664337543549,0.11900922691032889,0.12357789124787244,0.004568664337543549,False,False,24.0,2024-06-17,0.22046044969990164,-0.039305637110980784
SMH,2024-05-15,reaccel_in_blue,long,688,233.9,0.1891853655826824,0.23847154493215542,0.049286179349473026,True,-0.007268063274903924,0.005173150919196345,0.007738349722103521,-0.015604959384352357,0.005173150919196345,0.022573749465583548,0.004702864471996637,0.009149209063702424,0.022573749465583548,0.011500641299700742,0.014172723386062458,0.022573749465583548,0.035784523300555815,0.07246686618212905,0.022573749465583548,False,False,22.0,2024-06-17,0.1649422830269347,-0.039305637110980784
SMH,2024-05-29,first_dark_blue,long,697,245.65,0.2210368242529086,0.788508837735853,0.5674720134829444,True,-0.013759413800122133,0.0019539995929167553,0.018603704457561543,-0.021046203948707598,0.0019539995929167553,0.04636678200692046,-0.008833706492977877,0.0019539995929167553,0.04636678200692046,0.03566049257073067,0.03614899246895997,0.04636678200692046,0.07099531854264174,0.07693873397109718,0.04636678200692046,False,False,13.0,2024-06-17,0.10922043557907601,-0.039305637110980784
SMH,2024-06-10,first_dark_red,short,705,255.86,-0.2178498895992863,0.10411146877832078,0.3219613583776071,True,0.0014851872117565001,0.015672633471429775,0.00011725162198072958,-0.0282576408973656,0.015672633471429775,0.03396388650042992,-0.04436019698272475,0.015672633471429775,0.047994606425388886,-0.06495739857734706,0.015672633471429775,0.06781052137887889,-0.02309856953021172,0.015672633471429775,0.09266786523880244,False,False,8.0,2024-06-21,-0.035292738216211816,0.01581788666993844
SMH,2024-06-20,first_dark_blue,long,712,268.92,0.014433683804738695,0.2652696166199603,0.2508359328152216,True,-0.014985869403540186,3.718578015754481e-05,0.025676781198869625,-0.04886211512717542,3.718578015754481e-05,0.04904804402796381,-0.02658783281273258,3.718578015754481e-05,0.04904804402796381,-0.03740889483861376,3.718578015754481e-05,0.04904804402796381,0.002974862412613355,0.01163914918934994,0.049300907333035826,True,True,10.0,2024-07-05,0.002974862412613355,0.01753670473083191
SMH,2024-06-28,first_dark_red,short,718,260.7,-0.35332682752709954,-0.551839397006378,-0.19851256947927842,False,-0.0011891062523974316,0.01932489451476782,0.0024894514767932474,-0.011238971998465797,0.01932489451476782,0.01135404679708496,-0.03421557345607984,0.01932489451476782,0.03720751822017632,-0.05182201764480232,0.01932489451476782,0.05755542769466815,-0.050364403528960544,0.01932489451476782,0.08580744150364406,False,False,13.0,2024-07-18,0.01979286536248559,0.07427408624872811
SMH,2024-07-09,early_rising_blue,long,724,274.81,0.20458026644970237,-0.030879804667133415,-0.23546007111683578,False,0.0235071503948181,0.025181034169062366,-0.00538553909974171,-0.01379134674866278,0.03005713038099045,0.017503365961937245,-0.00130999599723447,0.03005713038099045,0.017503365961937245,-0.004002765547105325,0.03005713038099045,0.017503365961937245,-0.07259561151340921,0.03005713038099045,0.09832247734798594,False,False,,,,
SMH,2024-07-12,first_dark_blue,long,727,274.45,0.27612252338635324,0.24890160248268084,-0.027220920903672417,False,-0.002259063581708909,0.010999817817453295,0.008854071779923478,-0.002696301694297687,0.010999817817453295,0.014244124612861953,-0.07371105848059756,0.010999817817453295,0.07505920932774635,-0.09586445618509754,0.010999817817453295,0.09713973401348153,-0.12439424303151758,0.010999817817453295,0.15897249043541628,False,False,22.0,2024-08-13,-0.13940608489706685,0.05025614970997938
SMH,2024-07-26,first_dark_red,short,737,240.31,-0.2464699327891843,-0.4738133505961012,-0.2273434178069169,False,0.007115808747035102,0.010569680828929284,0.02047355499146919,0.045108401647871554,0.04985227414589488,0.02047355499146919,-0.027797428321751028,0.04985227414589488,0.030710332487204006,0.0910490616287295,0.10873455120469389,0.030710332487204006,0.06433356913986099,0.16570263409762387,0.030710332487204006,False,False,26.0,2024-09-03,0.0629187299737839,0.014432257205026833
SMH,2024-08-05,reaccel_in_red,short,743,213.31,-0.15605238023585344,-0.659172004394037,-0.5031196241581836,False,-0.01945525291828787,0.003140968543434486,0.04448924101073559,0.008625943462566288,0.010782429328207832,0.059959683090337945,-0.05438094791617831,0.010782429328207832,0.059959683090337945,-0.06399137405653743,0.010782429328207832,0.07613332708264964,-0.17828512493553972,0.010782429328207832,0.17856640570062354,False,False,20.0,2024-09-03,-0.05569359148656883,0.014432257205026833
SMH,2024-08-08,first_dark_red,short,746,224.91,-0.13086434202447372,-0.74627619605324,-0.6154118540287663,False,0.00026677337601710427,0.015650704726335007,0.007025032235116413,-0.00911475701391673,0.015650704726335007,0.020630474411987176,-0.05015339469120983,0.015650704726335007,0.05064247921390774,-0.09541594415544008,0.015650704726335007,0.09972878040104938,-0.07785336356764927,0.015650704726335007,0.12631719354408433,False,False,17.0,2024-09-03,-0.0012449424214129312,0.014432257205026833
SMH,2024-08-15,early_rising_blue,long,751,246.37,0.2310693168038045,-0.2929503374623472,-0.5240196542661517,False,0.0013800381539961215,0.004180703819458564,0.013678613467548839,0.020172910662824117,0.020416446807647093,0.013678613467548839,0.0068596014125097415,0.020944108454763244,0.013678613467548839,-0.016032796200836197,0.028209603441977427,0.019604659658237655,-0.034338596420018686,0.028209603441977427,0.03892519381418191,False,False,,,,
SMH,2024-08-22,first_dark_blue,long,756,242.42,0.3912369203246979,0.34178230986369906,-0.04945461046099886,False,0.024626680966916892,0.032629321013117885,-0.009405164590380322,0.0006187608283145796,0.032629321013117885,0.005321343123504629,0.010683936968896912,0.032629321013117885,0.015881527926738692,-0.018604075571322487,0.032629321013117885,0.023265407144624994,-0.11310947941588978,0.032629321013117885,0.11900833264582134,False,False,18.0,2024-09-18,-0.046860820064351105,0.06266770535791566
SMH,2024-09-11,first_dark_red,short,769,233.4,-0.21013974349044687,-0.2428532048788144,-0.03271346138836753,False,-0.002142245072836335,0.014730077120822638,0.010946872322193713,-0.01503856041131102,0.014730077120822638,0.01778063410454167,-0.001713796058269157,0.014730077120822638,0.01778063410454167,0.010025706940874013,0.014730077120822638,0.01902313624678653,-0.05201371036846614,0.014730077120822638,0.05860968294772917,False,False,26.0,2024-10-17,-0.07789203084832907,0.006041815724620481
SMH,2024-09-20,early_rising_blue,long,776,237.9,0.08779668584599197,0.013259955991763495,-0.07453672985422848,False,0.004413619167717542,0.00807019756200078,0.003278688524590123,0.023118957545187113,0.027238335435056715,0.003278688524590123,0.032114333753678004,0.03858554014291715,0.003278688524590123,0.04136191677175294,0.0760403530895335,0.003278688524590123,0.04169819251786455,0.0760403530895335,0.003783102143757877,False,False,,,,
SMH,2024-09-30,first_dark_blue,long,782,245.45,0.16881737213775777,0.31032166417407137,0.1415042920363136,True,-0.02676716235485843,0.004603788959054889,0.03442656345487871,-0.012752088001629636,0.004603788959054889,0.03442656345487871,-0.0036667345691585584,0.006926054186188635,0.03442656345487871,0.011285394173966123,0.020981870034630257,0.03442656345487871,0.06449378692197993,0.06848645345284177,0.03442656345487871,False,False,29.0,2024-11-08,0.056589936850682365,-0.0747667155085987
SMH,2024-10-08,reaccel_in_blue,long,788,252.52,0.11220350254302036,0.4320488344411785,0.3198453318981581,True,0.010415016632346008,0.0114446380484714,0.00914779027403767,0.008434975447489279,0.013266275938539573,0.00914779027403767,0.016513543481704307,0.018909393315380996,0.00914779027403767,-0.021226041501663295,0.03857120228100741,0.027488515761127874,-0.0032868683668620946,0.03857120228100741,0.027799778235387373,False,False,23.0,2024-11-08,0.027007761761444593,-0.0747667155085987
SMH,2024-10-15,first_dark_blue,long,793,247.16,0.15683527710152412,0.6844046345379636,0.5275693574364395,True,0.0006473539407672035,0.010802718886551377,0.0067162971354588485,0.017883152613691555,0.036454118789448264,0.0067162971354588485,0.017599935264605904,0.036454118789448264,0.0067162971354588485,0.018328208447969008,0.036454118789448264,0.0067162971354588485,0.03948859038679409,0.04519339698980418,0.0067162971354588485,True,True,18.0,2024-11-08,0.049279818740896486,-0.0747667155085987
SMH,2024-10-28,first_dark_red,short,802,251.21,-0.28454049722232255,-0.14523357988735108,0.13930691733497147,False,-0.02272998686358041,0.0013932566378727085,0.028342820747581543,0.0021097886230643237,0.007006090521874175,0.028342820747581543,0.03793638788264797,0.043509414434138804,0.028342820747581543,0.02762628876239004,0.043509414434138804,0.028342820747581543,-0.009235301142470398,0.043509414434138804,0.042474423788861904,False,False,15.0,2024-11-18,0.038493690537797165,-0.008777014159145446
SMH,2024-11-12,early_rising_blue,long,813,251.86,0.1136099682279848,0.0517680730726672,-0.06184189515531761,False,-0.01679504486619554,-0.0026999126498848947,0.018422933375685013,-0.01461129198761224,-0.0026999126498848947,0.018422933375685013,-0.0472881759707775,-0.0026999126498848947,0.0518538076709284,-0.03049313110458196,-0.0026999126498848947,0.05745255300563812,-0.04145160009529114,-0.0026999126498848947,0.05745255300563812,False,False,,,,
SMH,2024-11-13,first_dark_blue,long,814,247.63,0.1107925668995726,0.07664881346914815,-0.03414375343042446,False,0.0022210556071557974,0.013447482130598098,0.0010095707305254331,-0.03101401284173977,0.013447482130598098,0.035657634373864266,-0.02459314299559834,0.013447482130598098,0.04135201712231962,-0.020554860073496717,0.013447482130598098,0.04135201712231962,-0.037879093809312314,0.013447482130598098,0.05435528813148649,False,False,15.0,2024-12-05,0.002705649557808165,-0.019855014095851775
SMH,2024-11-25,first_dark_red,short,822,243.66,-0.12366019902882358,-0.2675827339450588,-0.14392253491623525,False,0.009193137979151333,0.015472379545268033,0.010096035459246533,0.022203069851432278,0.03894771402774366,0.010096035459246533,0.0062792415661167,0.03894771402774366,0.010096035459246533,-0.019535418205696375,0.03894771402774366,0.022531396207830623,0.01551342033981773,0.03894771402774366,0.03859886727407047,False,False,33.0,2025-01-15,-0.030985799885085763,-0.06225866804665414
SMH,2024-11-29,reaccel_in_red,short,825,242.13,-0.1080292032162547,-0.3327992414565266,-0.22477003824027192,False,-0.02370627348944776,-0.00503861561970842,0.028992689877338718,-0.025977780531119654,-0.00503861561970842,0.028992689877338718,-0.04336513443191681,-0.00503861561970842,0.04516169000123904,-0.02676248296369721,-0.00503861561970842,0.04516169000123904,-0.030396894230372062,0.01552884813942923,0.04516169000123904,False,False,30.0,2025-01-15,-0.037500516251600446,-0.06225866804665414
SMH,2024-12-02,first_dark_red,short,826,247.87,-0.09264872064169655,-0.3405809390423926,-0.24793221840069607,False,-0.0022189050712067004,0.00782668334207448,0.0032678420139589104,-0.019203614798079638,0.00782668334207448,0.020958566990761263,-0.0017347803283980223,0.00782668334207448,0.020958566990761263,0.007261871142130949,0.011861056198813835,0.020958566990761263,-0.021704925969258104,0.03832654213902453,0.026162907975955108,False,False,29.0,2025-01-15,-0.013474805341509688,-0.06225866804665414
SMH,2024-12-09,early_rising_blue,long,831,246.07,0.07799821720618036,-0.14993731171391006,-0.22793552892009042,False,-0.025155443572967062,0.004388995001422424,0.031291908806437174,-0.001300442963384385,0.004388995001422424,0.031291908806437174,-0.010972487503555839,0.004388995001422424,0.031291908806437174,0.029178688990937562,0.03366928109887435,0.031291908806437174,0.012801235420815349,0.034136627788840634,0.03872881700329178,False,False,,,,
SMH,2024-12-10,first_dark_blue,long,832,239.88,0.07233692134592284,-0.1375143772376869,-0.20985129858360974,False,0.024470568617642074,0.02984825746206443,-0.007712189428047411,0.01454894113723526,0.02984825746206443,-0.007712189428047411,0.04006169751542443,0.048982824745706255,-0.007712189428047411,0.042021010505252754,0.06034267133566784,-0.007712189428047411,0.047898949474737496,0.060822077705519506,0.013923628480907113,False,False,26.0,2025-01-21,0.09383858595964645,-0.08361599146308929
SMH,2024-12-13,reaccel_in_blue,long,835,249.49,0.04975562423866606,-0.11996498468289751,-0.16972060892156357,False,0.01507074431840949,0.01949977955028248,0.002284660707844055,0.0018838430398011585,0.01949977955028248,0.005851937953424979,-0.03006132510321058,0.019960719868531873,0.036223095114032655,-0.027175437893302345,0.019960719868531873,0.05190588801154361,-0.019359493366467695,0.019960719868531873,0.05190588801154361,False,False,23.0,2025-01-21,0.051705479177521996,-0.08361599146308929
SMH,2024-12-19,first_dark_blue,long,839,238.87,0.08074723382920315,-0.0008155682642370342,-0.08156280209344019,False,0.016075689705697727,0.026750533763134632,0.009754259639134344,0.04332900740988821,0.044857035207435114,0.009754259639134344,0.05232971909406792,0.05232971909406792,0.009754259639134344,0.03989617783731747,0.05659982417214371,0.009754259639134344,0.08942102398794338,0.1022313392221712,0.009754259639134344,False,False,19.0,2025-01-21,0.09846359944739813,-0.08361599146308929
SMH,2024-12-24,reaccel_in_blue,long,842,251.37,0.04003039062413716,-0.011357762656130994,-0.05138815328026815,False,-0.0017504077654453276,0.004057763456259522,0.009905716672633957,-0.011815252416756183,0.004057763456259522,0.02470461868958118,-0.0266937184230418,0.004057763456259522,0.03437164339419985,-0.026176552492341965,0.004057763456259522,0.03966264868520508,-0.016668655766400087,0.04857381549110862,0.03966264868520508,False,False,16.0,2025-01-21,0.04383975812547236,-0.08361599146308929
SMH,2024-12-30,first_dark_blue,long,845,244.66,0.07535078208662518,0.07676525915467314,0.0014144770680479587,True,-0.010177389029673911,0.00568135371536016,0.013324613749693404,0.0005313496280552332,0.012629771928390543,0.013324613749693404,0.029510340881222952,0.03134962805526054,0.013324613749693404,0.038338919316602604,0.07733180740619638,0.013324613749693404,0.02677184664432275,0.07733180740619638,0.016512711518025025,False,False,13.0,2025-01-21,0.07246791465707503,-0.08361599146308929
SMH,2025-01-06,reaccel_in_blue,long,849,260.23,0.027967230579171016,0.05744135044840486,0.02947411986923384,True,-0.02378665027091431,0.012873227529492937,0.02759097721246595,-0.030742035891326958,0.012873227529492937,0.04119125389078904,-0.0501479460477271,0.012873227529492937,0.058832571187027005,-0.05683433885409073,0.012873227529492937,0.07535641547861516,0.026668716135725967,0.036237174806901695,0.07535641547861516,False,False,9.0,2025-01-21,0.008300349690658182,-0.08361599146308929
SMH,2025-01-10,first_dark_blue,long,852,247.18,0.0720486561337384,0.15237854416582464,0.08032988803208624,True,-0.010275912290638511,-0.009102678210211157,0.026539364026215706,-0.0070394044825633495,0.004866089489440784,0.026539364026215706,0.016303908083178165,0.019783153976858925,0.026539364026215706,0.04478517679423888,0.04652479974107937,0.026539364026215706,-0.045998867222267203,0.09094586940691007,0.06044178331580219,False,False,6.0,2025-01-21,0.0615341047010276,-0.08361599146308929
SMH,2025-01-17,first_dark_red,short,857,258.25,-0.025986720262769387,0.044350479401890595,0.07033719966465998,True,-0.01603097773475315,-0.0007767666989351163,0.023504356243949642,-0.03454017424975797,-0.0007767666989351163,0.04418199419167479,-0.033301064859632135,-0.0007767666989351163,0.04418199419167479,0.08689254598257501,0.10071636011616647,0.04418199419167479,0.07539206195546955,0.10071636011616647,0.04418199419167479,True,True,7.0,2025-01-29,0.07248789932236199,-0.03177055066171253
SMH,2025-01-23,early_rising_blue,long,860,266.85,0.11856195000357111,0.23741583864503663,0.11885388864146551,True,-0.019936293798014093,0.002173505714821111,0.023346449316095197,-0.11632002997938928,0.002173505714821111,0.12969833239647743,-0.09893198426082084,0.002173505714821111,0.12969833239647743,-0.08124414465055285,0.002173505714821111,0.12969833239647743,-0.06932733745549946,0.002173505714821111,0.12969833239647743,False,False,,,,
SMH,2025-01-27,first_dark_blue,long,862,235.81,0.09671478127205643,0.276149020775846,0.1794342395037896,True,0.01967685848776557,0.022140706500996643,0.015054493024044824,0.01577541240829472,0.02817395360671715,0.015054493024044824,0.03969297315635467,0.042576226623128655,0.015054493024044824,0.012594885713073989,0.06634578686230452,0.015054493024044824,0.05856409821466446,0.06634578686230452,0.015054493024044824,True,True,11.0,2025-02-11,0.05962427377973789,0.02989554568375552
SMH,2025-02-05,first_dark_red,short,869,247.14,-0.24033224831280994,-0.3865570240520408,-0.14622477573923084,False,-0.004896010358501179,0.006190823015294833,0.005219713522699676,0.008659059642307954,0.014809419762078169,0.014202476329206126,-0.010034798090151398,0.014809419762078169,0.014202476329206126,-0.005543416686898173,0.014809419762078169,0.015780529254673548,-0.04313344662944085,0.014809419762078169,0.05053815651047988,False,False,14.0,2025-02-26,0.013433681314234835,0.05914198999261744
SMH,2025-02-13,early_rising_blue,long,875,251.92,0.15664275372137726,0.020579966155413895,-0.13606278756596338,False,0.0026198793267704357,0.0051603683709113835,0.0051206732295966395,0.017068910765322576,0.020959034614163263,0.0051206732295966395,0.021514766592569012,0.02564266433788509,0.0051206732295966395,-0.007661162273737587,0.03060495395363616,0.010836773578913883,-0.07601619561765627,0.03060495395363616,0.10435852651635436,False,False,,,,
SMH,2025-02-20,first_dark_blue,long,879,257.8,0.20517816089145485,0.270011518307212,0.06483335741575715,True,-0.030294802172226576,0.003491078355314148,0.03339798293250584,-0.055779674166020254,0.003491078355314148,0.05632273079906913,-0.07583397982932505,0.003491078355314148,0.07936384794414275,-0.11252909231962771,0.003491078355314148,0.11287820015515915,-0.14747866563227308,0.003491078355314148,0.15418929402637704,False,False,16.0,2025-03-14,-0.12114041892940275,-0.007944564593723724
SMH,2025-03-05,first_dark_red,short,888,229.4,-0.25817008612608816,-0.42352646617295514,-0.16535638004686698,False,0.041935483870967794,0.045030514385353104,-0.014123801220575438,0.018788142981691403,0.05374891020052319,-0.014123801220575438,0.06482127288578898,0.07798605056669583,-0.014123801220575438,0.03870967741935483,0.08256320836966002,-0.014123801220575438,0.008674803836094203,0.08256320836966002,0.007149084568439434,False,False,18.0,2025-03-31,0.07816041848299915,0.12564429942781474
SMH,2025-03-18,early_rising_blue,long,897,225.42,0.1606304605008455,-0.12185612178649907,-0.2824865822873446,False,0.008827965575370467,0.02482033537396866,0.007297489131399049,0.007230946677313499,0.02482033537396866,0.007297489131399049,-0.0028835063437138153,0.02482033537396866,0.017789016058912255,0.018764972052169426,0.03104427291278511,0.017789016058912255,-0.05735959542187907,0.03104427291278511,0.09276018099547512,False,False,,,,
SMH,2025-03-24,first_dark_blue,long,901,230.63,0.23912177677275093,0.18858330559877134,-0.05053847117397957,False,-0.004249230368989276,0.0001300784806832489,0.007717989853878504,-0.037375883449681346,0.0001300784806832489,0.04587434418765979,-0.055847027706716346,0.0001300784806832489,0.06098512769370856,-0.08307678966309673,0.0001300784806832489,0.1132549971816329,-0.1982829640549798,0.0001300784806832489,0.26241165503186914,False,False,13.0,2025-04-10,-0.14924337683735844,-0.01875541511645684
SMH,2025-04-07,first_dark_red,short,911,184.9,-0.21370284485285618,-0.37818448642644453,-0.16448164157358836,False,0.026771227690643662,0.04786371011357482,0.058518117901568356,-0.14023796646836129,0.04786371011357482,0.15094645754461866,-0.061168199026500725,0.04786371011357482,0.15094645754461866,-0.09037317468902106,0.04786371011357482,0.15094645754461866,-0.03785830178474847,0.04786371011357482,0.15094645754461866,False,False,12.0,2025-04-24,-0.13017847485127088,-0.01593530171794999
SMH,2025-04-14,early_rising_blue,long,916,201.61,0.24549334005200982,0.13301487711868912,-0.1124784629333207,False,0.00649769356678731,0.017509052130350478,-0.0016368235702592937,-0.036010118545707126,0.017509052130350478,0.06487773423937315,-0.04503744853925906,0.017509052130350478,0.06487773423937315,-0.048162293537026946,0.017509052130350478,0.08536282922474092,0.043053419969247386,0.057933634244333065,0.08536282922474092,False,False,,,,
SMH,2025-04-17,first_dark_blue,long,919,192.53,0.2610552048351419,0.3618106552297374,0.10075545039459552,True,-0.024411779982340343,-0.016317457019685344,0.042227185373707954,-0.0032722173167817337,0.003999376720511094,0.042227185373707954,0.03313769282709189,0.054796655066742916,0.042227185373707954,0.1009712772035527,0.10782735158157175,0.042227185373707954,0.13764088713447253,0.14745753908481785,0.042227185373707954,False,False,11.0,2025-05-05,0.1302654131823613,0.09098846560360263
SMH,2025-04-29,first_dark_red,short,926,210.29,-0.0432025767292544,0.0956541886801178,0.1388567654093722,True,-0.0047077844880878406,0.03043416234723484,0.006895239906795414,-0.009558229112178518,0.03043416234723484,0.029653811403300256,-0.04156165295544256,0.03043416234723484,0.05054924152361018,-0.02520329069380378,0.03043416234723484,0.05054924152361018,-0.16772076656046409,0.03043416234723484,0.17309429834989776,False,False,20.0,2025-05-28,-0.1525036853868469,-0.03874401716454856
SMH,2025-05-07,early_rising_blue,long,932,220.02,0.04577560227833041,0.19274741405558202,0.1469718117772516,True,0.008771929824561209,0.021907099354603998,-0.0003636033087899282,0.015362239796382182,0.024281883465139487,-0.0003636033087899282,0.07903826924825008,0.08476502136169439,-0.0003636033087899282,0.12712480683574223,0.13371511680756298,-0.0003636033087899282,0.0974911371693481,0.13371511680756298,-0.0003636033087899282,False,False,,,,
SMH,2025-05-20,first_dark_blue,long,941,245.54,0.23333393313306283,0.7669315105937493,0.5335975774606865,True,-0.016575710678504496,0.012380874806548814,0.022481062148733355,-0.019263663761505234,0.012380874806548814,0.022481062148733355,-0.03298851510955447,0.012380874806548814,0.04461594852162576,-0.012951046672639799,0.012380874806548814,0.04461594852162576,0.02529119491732512,0.0287936792375989,0.04461594852162576,False,False,15.0,2025-06-11,0.06654720208520004,0.0027111654192759627
SMH,2025-06-04,first_dark_red,short,951,251.75,-0.16230037131252162,0.2791297735846483,0.4414301448971699,True,0.001787487586891734,0.0079046673286991,0.01712015888778562,-0.003892750744786344,0.0079046673286991,0.01712015888778562,-0.020695134061568865,0.0079046673286991,0.032254220456802374,-0.04023833167825219,0.0079046673286991,0.05227408142999024,-0.043058589870903496,0.0079046673286991,0.05473684210526297,False,False,7.0,2025-06-13,-0.020814299900695277,-0.01918362582201638
SMH,2025-06-24,first_dark_red,short,964,271.54,-0.18127780782608752,-0.027523973145257955,0.15375383468082957,False,-0.013478677174633358,-0.003351255800250197,0.013736466082344911,-0.02084407453782111,-0.003351255800250197,0.02360609854901652,-0.025336966929365712,-0.003351255800250197,0.03299698018708108,-0.015835604330853403,-0.0022832731825881414,0.03299698018708108,-0.05111585770052285,-0.0022832731825881414,0.060027988509979924,False,False,8.0,2025-07-07,-0.030271783162701515,-0.019874177866742837
SMH,2025-07-10,first_dark_red,short,975,287.52,-0.07438457174835388,-0.041958596857888907,0.03242597489046497,False,0.00010434056761254862,0.006851697273233093,0.004938786867000555,0.007651641624930372,0.02010294936004442,0.004938786867000555,-0.01140790205898723,0.02010294936004442,0.01975514746800222,-0.014572899276572127,0.02010294936004442,0.01975514746800222,-0.0009738452977186007,0.02010294936004442,0.0209028937117417,False,False,30.0,2025-08-21,0.0002086811352254303,-0.03972726640228208
SMH,2025-07-16,reaccel_in_red,short,979,289.28,-0.03204241109664771,-0.03131438566164886,0.0007280254349988514,False,-0.008400165929203673,0.00449391592920334,0.011338495575221375,-0.003560564159292179,0.00449391592920334,0.013982992256637239,-0.004251935840708043,0.00449391592920334,0.014691648230088505,0.009229811946902533,0.02475110619469012,0.014691648230088505,-0.024128871681416086,0.02475110619469012,0.028000553097345282,False,False,26.0,2025-08-21,0.006291482300884943,-0.03972726640228208
SMH,2025-07-17,first_dark_red,short,980,291.71,-0.024868286025847522,-0.030357332097310553,-0.00548904607146303,False,0.004799286963079741,0.00815878783723556,0.005536320318124233,0.004113674539782619,0.00815878783723556,0.006239073052003663,0.021733913818518302,0.032875115697096335,0.006239073052003663,0.013403722875458435,0.032875115697096335,0.006239073052003663,0.010044222001302727,0.032875115697096335,0.01943711220047306,False,False,25.0,2025-08-21,0.014569263995063642,-0.03972726640228208
SMH,2025-07-18,reaccel_in_red,short,981,290.31,-0.025697747044037548,-0.037611229876509965,-0.011913482832472417,False,-0.0006889187420342502,-0.00031001343391534597,0.011091591746753338,0.017016292928249133,0.028211222486307697,0.011091591746753338,0.01274499672763596,0.028211222486307697,0.011091591746753338,0.009713754262684726,0.028211222486307697,0.011091591746753338,0.02190761599669322,0.03830388205711133,0.024353277530915207,False,False,24.0,2025-08-21,0.009817092073989953,-0.03972726640228208
SMH,2025-07-28,first_dark_red,short,987,291.41,-0.16199667342400395,-0.35514495745364016,-0.1931482840296362,False,-0.00511307093099056,-0.00024021138601959535,0.018253320064513856,-0.01664321745993602,-0.00024021138601959535,0.020486599636251324,0.009025084931883143,0.018393328986651136,0.020486599636251324,0.004186541299200486,0.041934044816581584,0.020486599636251324,-0.006828866545417034,0.041934044816581584,0.020486599636251324,False,False,18.0,2025-08-21,0.013554785353968812,-0.03972726640228208
SMH,2025-08-01,reaccel_in_red,short,991,283.95,-0.020840374218986185,-0.2620633751479935,-0.2412230009290073,False,-0.021975699947173855,-0.0044374009508716394,0.02239830956154254,-0.01109350237717921,-0.0009156541644654848,0.025990491283676587,-0.009403063919704246,0.004155661207959183,0.025990491283676587,-0.03373833421377004,0.004155661207959183,0.03789399542172922,-0.04120443740095081,0.004155661207959183,0.06701884134530744,False,False,14.0,2025-08-21,-0.012361331220285265,-0.03972726640228208
SMH,2025-08-07,first_dark_red,short,995,291.12,-0.058416537100799915,-0.34997683460658935,-0.29156029750578943,False,-0.008278373179444687,0.0016144545204727079,0.009618026930475532,-0.007831821929101368,0.0016144545204727079,0.02050700741962075,-0.030846386369881795,0.0016144545204727079,0.031327287716405694,-0.037098103874690924,0.0016144545204727079,0.04073921406979952,0.01257213520197864,0.034247045891728556,0.04073921406979952,False,False,10.0,2025-08-21,0.01257213520197864,-0.03972726640228208
SMH,2025-08-14,early_rising_blue,long,1000,301.92,0.16851364825553158,-0.057375529816779874,-0.22588917807231146,False,-0.020767090620031903,-0.008479067302596732,0.02643084260731321,-0.01675940646528884,-0.008479067302596732,0.02643084260731321,-0.036599099099099086,-0.008479067302596732,0.037394011658717585,-0.047893481717011244,-0.008479067302596732,0.06879305776364608,-0.01006889242183362,-0.00377583465818776,0.06879305776364608,False,False,,,,
SMH,2025-08-18,first_dark_blue,long,1002,296.86,0.18113375663277317,0.04839537610594849,-0.13273838052682468,False,-0.020177861618271287,0.0008758337263357063,0.020986323519504246,-0.026611870915583258,0.0008758337263357063,0.052920568618203934,-0.03166475779828892,0.0008758337263357063,0.052920568618203934,-0.00990365829010309,0.0008758337263357063,0.052920568618203934,-0.034965977228323064,0.013204877720137231,0.052920568618203934,False,False,9.0,2025-08-29,-0.022131644546250717,0.021461297323366102
SMH,2025-08-26,first_dark_red,short,1008,296.75,-0.06971915473056609,-0.20270213282745214,-0.13298297809688606,False,-0.003066554338668981,0.007986520640269612,0.004549283909014434,-0.007177759056444799,0.007986520640269612,0.013580454928390884,0.021769165964616644,0.025779275484414388,0.013580454928390884,0.03477674810446496,0.050581297388374025,0.013580454928390884,-0.013748946925020933,0.050581297388374025,0.018972198820556008,False,False,6.0,2025-09-04,0.023218197135636,-0.048540674808528195
SMH,2025-09-03,first_dark_blue,long,1013,286.43,0.015184271968770355,-0.11028916031510029,-0.12547343228387065,False,0.011975002618440866,0.013196941661138828,0.007436371888419502,0.02391509269280445,0.030443738435219636,0.007436371888419502,0.035226756973780526,0.039765387703802,0.007436371888419502,0.05027406347100505,0.05568550780295367,0.007436371888419502,0.06570540795307744,0.07764549802744125,0.007436371888419502,True,True,5.0,2025-09-10,0.05027406347100505,0.01469268357544129
SMH,2025-09-09,first_dark_red,short,1017,297.81,-0.010133376977217029,-0.15351611318584307,-0.14338273620862604,False,-0.010140693730902095,-0.0032403210100397928,0.015345354420603696,-0.020550015110305297,-0.0032403210100397928,0.02602330344850734,-0.02185957489674628,-0.0032403210100397928,0.026124038816695228,-0.031563748698834715,-0.0032403210100397928,0.0364662032839731,-0.08021893153352799,-0.0032403210100397928,0.09250864645243606,True,True,20.0,2025-10-07,-0.13176186158960412,0.010532561934431084
SMH,2025-09-12,early_rising_blue,long,1020,304.32,0.13295659997044565,0.04727567605514828,-0.08568092391529737,False,0.009365141955836043,0.009562302839116743,0.004304679284963253,0.009496582544689769,0.014294164037854884,0.004304679284963253,0.003055993690851855,0.014294164037854884,0.00969374342797047,0.03742770767613024,0.046990010515247205,0.00969374342797047,0.057505257623554185,0.06913774973711884,0.00969374342797047,False,False,,,,
SMH,2025-09-18,first_dark_blue,long,1024,316.97,0.23529386454502266,0.37817462304487565,0.142880758499853,True,-0.003975139603117128,-0.0014512414424079356,0.01116824936113836,0.016405338044609863,0.019465564564469684,0.01116824936113836,0.014922547875193093,0.0264693819604378,0.01116824936113836,0.012903429346625694,0.0264693819604378,0.01116824936113836,0.06710414234785622,0.0726567183014164,0.01116824936113836,False,False,25.0,2025-10-23,0.08780010726567178,0.05490139211136902
SMH,2025-09-30,reaccel_in_blue,long,1032,326.36,0.04089796508059135,0.39120205596293794,0.3503040908823466,True,0.02245986027699476,0.02374678269395769,0.006894227233729677,0.03640151979409234,0.04179433754136541,0.006894227233729677,0.03162152224537329,0.044184336315724826,0.006894227233729677,0.03275523961269755,0.06793111900968252,0.006894227233729677,0.02187768108836874,0.06793111900968252,0.006894227233729677,False,False,17.0,2025-10-23,0.05650202230665524,0.05490139211136902
SMH,2025-10-03,first_dark_blue,long,1035,336.68,0.06802213503194654,0.47282856230213666,0.4048064272701901,True,0.019900201972198994,0.03519662587620287,-0.019900201972198994,0.0010989663775691216,0.03519662587620287,0.0003564215278603067,0.027889984555067082,0.03519662587620287,0.0007722466436972386,-0.033681834382796816,0.03519662587620287,0.03519662587620298,0.018266603302839357,0.03519662587620287,0.03519662587620298,True,True,14.0,2025-10-23,0.024117856718545827,0.05490139211136902
SMH,2025-10-16,first_dark_red,short,1044,343.3,-0.3546666139646263,-0.4494025977254511,-0.09473598376082484,False,0.001369064957763011,0.01503058549373737,0.004748033789688355,-0.011418584328575676,0.01503058549373737,0.019662103116807383,-0.005825808330905957,0.01503058549373737,0.019662103116807383,-0.004369356248179468,0.031750655403437356,0.019662103116807383,-0.05951063210020391,0.031750655403437356,0.08587707544421797,False,False,14.0,2025-11-05,-0.04718904748033781,0.011043115438108542
SMH,2025-10-27,early_rising_blue,long,1051,359.94,0.15340192895774793,0.0035005060789821962,-0.14990142287876573,False,0.008807023392787716,0.01314107906873363,0.004111796410512958,0.02408734789131528,0.03567705728732573,0.004111796410512958,0.010529532699894428,0.03567705728732573,0.004111796410512958,0.01711396343835081,0.03567705728732573,0.004111796410512958,-0.003194976940601113,0.03567705728732573,0.06462188142468184,False,False,,,,
SMH,2025-10-30,first_dark_blue,long,1054,363.73,0.2394894214584815,0.26279909220002606,0.023309670741544542,True,-0.001951997360679747,0.012921672669287565,0.008880213345063726,0.0065158221757897206,0.01578093640887479,0.008880213345063726,-0.030159733868528882,0.01578093640887479,0.032812800703818756,-0.03475105160421199,0.01578093640887479,0.041294366700574736,-0.0519891128034532,0.01578093640887479,0.07436835014983645,False,False,21.0,2025-12-01,-0.029609875457069945,0.04416931097008159
SMH,2025-11-11,first_dark_red,short,1062,351.05,-0.2264161483056804,-0.35388504571367696,-0.12746889740799655,False,-0.012761714855433537,-0.00538384845463602,0.01831619427431974,0.0177467597208375,0.027916251246261292,0.01831619427431974,0.017290984190286296,0.04928072924084892,0.01831619427431974,0.05059108389118361,0.062469733656174364,0.01831619427431974,0.03144851160803308,0.10254949437402083,0.01831619427431974,False,False,25.0,2025-12-17,0.03364193134881066,-0.0734877962504421
SMH,2025-11-20,reaccel_in_red,short,1069,325.1,-0.06071994455441976,-0.36316035265611457,-0.3024404081016948,False,-0.0031682559212549144,0.030913565056905568,0.02005536757920634,-0.043125192248538946,0.030913565056905568,0.04758535835127642,-0.045862811442632934,0.030913565056905568,0.04804675484466325,-0.08360504460166096,0.030913565056905568,0.0844970778222085,-0.12094740079975397,0.030913565056905568,0.13373731159643176,False,False,18.0,2025-12-17,-0.04349430944324828,-0.0734877962504421
SMH,2025-11-25,first_dark_red,short,1072,340.01,-0.06431865338651233,-0.4192921487663592,-0.35497349537984685,False,-0.022646392753154387,-0.010058527690362196,0.03026381577012449,-0.03608717390664973,-0.010058527690362196,0.0369400899973531,-0.03808711508485052,-0.010058527690362196,0.04411634951913168,-0.07164495161907003,-0.010058527690362196,0.07224787506249819,-0.1002617570071469,-0.010058527690362196,0.10464398105938066,False,False,15.0,2025-12-17,0.0022646392753153943,-0.0734877962504421
SMH,2025-12-03,early_rising_blue,long,1077,364.37,0.11625555389646086,-0.20159037925870799,-0.31784593315516885,False,-0.007602162636880072,0.0,0.013091088728490186,0.0001372231522902556,0.011548700496747832,0.013091088728490186,0.011471855531465236,0.017427340340862463,0.013091088728490186,0.02670362543568361,0.03079287537393305,0.013091088728490186,-0.0689683563410819,0.03079287537393305,0.07220133380904026,False,False,,,,
SMH,2025-12-11,first_dark_blue,long,1083,370.89,0.32923531790424565,0.4170323666472334,0.0877970487429878,True,-0.045215562565720235,-0.008978403300169857,0.04855887190272046,-0.04850494755857537,-0.008978403300169857,0.05041926177572864,-0.051093316077543194,-0.008978403300169857,0.06088058453989054,-0.06373857477958422,-0.008978403300169857,0.08851141847987265,-0.013561972552508794,-0.008978403300169857,0.08851141847987265,False,False,11.0,2025-12-29,-0.01801073094448491,0.06427610444523779
SMH,2025-12-23,first_dark_red,short,1091,363.16,-0.21943404174061912,-0.2776382482279197,-0.05820420648730059,False,-0.0027811432977200568,0.0027811432977201678,0.0037999779711421766,-0.007434739508756394,0.0027811432977201678,0.011537614274699903,-0.0028912875867384003,0.006443440907589082,0.011537614274699903,0.00834342989316017,0.008508646326688019,0.011537614274699903,-0.04356206630686188,0.008508646326688019,0.07215827734331981,False,False,20.0,2026-01-23,-0.10169071483643566,-0.008423104801419612
SMH,2025-12-31,early_rising_blue,long,1096,360.13,0.1123205788010763,0.044822775141806395,-0.06749780365926991,False,0.03657012745397492,0.04499763974120463,-0.02417182684030772,0.04848249243328784,0.06625385277538665,-0.02417182684030772,0.07633354621942079,0.08117901868769617,-0.02417182684030772,0.05234220975758763,0.08117901868769617,-0.02417182684030772,0.10074139893927203,0.12076194707466748,-0.02417182684030772,False,False,,,,
SMH,2026-01-08,first_dark_blue,long,1101,378.98,0.18690435627785246,0.35395325080453116,0.1670488945266787,True,0.02701989550899775,0.031400073882526636,-0.0029025278378804753,0.030819568314950585,0.03430260172040733,-0.0029025278378804753,0.03311520396854695,0.045173887804105695,-0.0029025278378804753,0.04599187292205387,0.06501662356852611,-0.0029025278378804753,0.055702147870599905,0.07850018470631692,-0.0029025278378804753,False,False,26.0,2026-02-17,0.07528101746794014,0.028588255502932425
SMH,2026-01-16,reaccel_in_blue,long,1107,400.39,0.09801418152202868,0.430701114057313,0.3326869325352843,True,-0.024975648742476042,-0.008079622368191042,0.027373311021753777,0.0038462499063414146,0.013711631159619486,0.027373311021753777,0.006069082644421631,0.02082969105122512,0.027373311021753777,-0.003921176852568764,0.02082969105122512,0.027373311021753777,0.01893154174679701,0.05047578610854431,0.027373311021753777,False,False,20.0,2026-02-17,0.01778266190464306,0.028588255502932425
SMH,2026-01-20,first_dark_blue,long,1108,390.39,0.05748031405146625,0.40453732509961715,0.3470570110481509,True,0.02956018340633726,0.03967827044750116,-0.007633392248777016,0.031839954916877966,0.046978662363277746,-0.007633392248777016,0.024846947923870877,0.046978662363277746,-0.007633392248777016,0.043187581649120066,0.04866927943851018,-0.007633392248777016,0.0186736340582494,0.07738415430723133,-0.0003330003330002107,False,False,19.0,2026-02-17,0.04385358231512071,0.028588255502932425
SMH,2026-01-28,first_dark_red,short,1114,416.63,-0.03388490486991558,0.28992313317592666,0.32380803804584224,True,-0.0021361879845425147,0.032306843002184116,0.009528838537791406,0.03161078174879395,0.038534431029930594,0.009528838537791406,0.02078582915296534,0.043683844178287634,0.009528838537791406,0.08307131027530423,0.10174495355591284,0.009528838537791406,0.004440390754386403,0.10174495355591284,0.009528838537791406,False,False,23.0,2026-03-03,0.06137340085927556,-0.016033345266710963
SMH,2026-01-30,reaccel_in_red,short,1116,403.46,-0.052736328239192554,0.2551031882443272,0.30783951648351976,True,-0.011178307638923357,0.012467159074009748,0.02126604867892734,0.014326079413076842,0.032072572250037124,0.02260447132305554,0.053140336092797336,0.07242353641005295,0.02260447132305554,0.004486194418281908,0.07242353641005295,0.02260447132305554,-0.010558667525901066,0.07242353641005295,0.041092549447281135,False,False,21.0,2026-03-03,0.03073414960590881,-0.016033345266710963
SMH,2026-02-09,first_dark_red,short,1122,406.65,-0.3655085462869979,-0.48826758805872805,-0.12275904177173014,False,0.004647731464404226,0.011852944792819398,0.0052871019304070455,-0.019992622648469238,0.011852944792819398,0.02810770933234963,0.0013279232755439851,0.011852944792819398,0.03292561170539776,-0.0021148407721627294,0.021836960531169347,0.03292561170539776,-0.030763555883438043,0.021836960531169347,0.03693593999754108,False,False,15.0,2026-03-03,0.03833763678839286,-0.016033345266710963
SMH,2026-02-19,early_rising_blue,long,1129,410.2,0.11936114553968566,-0.13798986060877402,-0.2573510061484597,False,0.011774744027303718,0.0161628473915163,0.007362262311067735,0.006533398342272179,0.018283520234032347,0.007362262311067735,0.021843003412969297,0.02796196977084353,0.007362262311067735,0.004412481716236094,0.04324719648951736,0.01131155533885908,-0.03620185275475374,0.04324719648951736,0.05916626036079953,False,False,,,,
SMH,2026-02-26,first_dark_blue,long,1134,412.01,0.23293608713231728,0.24758811819830634,0.014652031065989057,True,-0.013688988131355995,-0.006723137787917777,0.02458678187422636,-0.013640445620251906,-0.006723137787917777,0.03662532462804291,-0.0508482803815441,-0.006723137787917777,0.06329943447974562,-0.040435911749714726,-0.006723137787917777,0.06329943447974562,-0.05795975825829469,-0.006723137787917777,0.0918664595519526,False,False,15.0,2026-03-19,-0.041479575738452845,-0.03565279043856995
SMH,2026-03-10,first_dark_red,short,1142,397.33,-0.22949942776728968,-0.4268108849430147,-0.19731145717572504,False,-0.009312158659049219,-0.003422847507110083,0.01776860544132086,0.023154556665743842,0.02665290816198118,0.01776860544132086,0.025167996375808577,0.02833916391916036,0.01776860544132086,0.0011325598369114065,0.02833916391916036,0.01776860544132086,0.006896031006971559,0.04142652203458075,0.01776860544132086,False,False,8.0,2026-03-20,0.03168650743714285,0.02726516608618812
SMH,2026-03-25,first_dark_red,short,1153,399.02,-0.0027653504817536367,-0.32139155151454396,-0.3186262010327903,False,0.04556162598365998,0.04691494160693688,-0.01588892787328955,0.062077088867725894,0.06518470252117692,-0.01588892787328955,0.09144905017292371,0.09813543180792927,-0.01588892787328955,0.01766828730389447,0.09813543180792927,-0.005989674703022363,-0.07841712194877459,0.09813543180792927,0.07926920956343042,False,False,24.0,2026-04-29,-0.25201744273469995,-0.10044437327354983
SMH,2026-03-26,reaccel_in_red,short,1154,380.84,-0.006578521245484692,-0.3268493525896462,-0.3202708313441615,False,0.01730385463711792,0.020559815145467897,0.0012314882890454015,0.04807793299023211,0.05508349963239145,0.0012314882890454015,-0.006721982984980501,0.05508349963239145,0.006984560445331356,-0.030143892448272203,0.05508349963239145,0.04146098098939199,-0.14714840878059032,0.05508349963239145,0.15938451843293788,False,False,23.0,2026-04-29,-0.3117844764205442,-0.10044437327354983
SMH,2026-04-01,first_dark_red,short,1158,391.97,-0.029994042285468647,-0.3957306799977308,-0.36573663771226217,False,-0.0008929254789906693,0.035638186595913,0.0039033599510165384,-0.010230374773579687,0.035638186595913,0.013087736306349962,-0.02023114013827576,0.035638186595913,0.020715871112584994,-0.09781360818429974,0.035638186595913,0.09868102150674773,-0.1602928795571088,0.035638186595913,0.1661351634053625,True,True,19.0,2026-04-29,-0.27453631655483823,-0.10044437327354983
SMH,2026-04-07,early_rising_blue,long,1161,399.9,0.14519903586340266,-0.15825288557018607,-0.30345192143358873,False,0.05756439109777456,0.06274068517129283,-0.03773443360840223,0.07604401100275071,0.07689422355588893,-0.03773443360840223,0.09247311827956994,0.10412603150787714,-0.03773443360840223,0.1302825706426607,0.13052013003250829,-0.03773443360840223,0.16194048512128045,0.17135833958489632,-0.03773443360840223,False,False,,,,
SMH,2026-04-15,first_dark_blue,long,1167,453.0,0.42417790165408265,0.65915065626099,0.23497275460690736,True,0.003973509933774766,0.00902869757174396,0.011544812362030976,0.02463576158940395,0.025562913907284823,0.011544812362030976,0.024194260485651098,0.02812362030905069,0.011544812362030976,0.05260485651214131,0.05390728476821205,0.011544812362030976,0.10282560706401767,0.12604856512141294,0.011544812362030976,False,False,29.0,2026-05-27,0.314569536423841,0.07120067170444999
SMH,2026-05-11,first_dark_red,short,1185,576.31,-0.31488580361318164,0.07015559871941968,0.3850414023326013,True,0.026131769360240087,0.058371362634693114,-0.010254897537783414,0.0066804324061701115,0.058371362634693114,-0.0001908694973189462,-0.0035224098141626303,0.058371362634693114,0.008432787909284922,0.05231559403793096,0.06843539067515736,0.008432787909284922,-0.0448196283250335,0.08405198591036067,0.047995002689524835,False,False,20.0,2026-06-09,-0.02550710555083202,-0.04228354850171745
SMH,2026-05-12,reaccel_in_red,short,1186,561.25,-0.33369359893315637,-0.0320755963338441,0.30161800259931226,False,-0.019973273942093694,0.0020133630289532745,0.026636971046770652,-0.030449888641425504,0.0020133630289532745,0.03549202672605789,0.008748329621380835,0.014859510022271594,0.03549202672605789,0.030806236080178073,0.05947438752783962,0.03549202672605789,-0.06102449888641415,0.05947438752783962,0.09095768374164792,False,False,19.0,2026-06-09,-0.05302449888641414,-0.04228354850171745
SMH,2026-05-14,first_dark_red,short,1188,578.34,-0.3155351414825409,-0.1781567981208906,0.1373783433616503,False,0.03803990732095308,0.04397050178095929,-0.0215444202372308,0.05564200989037604,0.07170522529999657,-0.019244734931009422,0.059446000622471185,0.0872670055676592,-0.019244734931009422,0.018086246844416842,0.0872670055676592,-0.013383131030189843,-0.03560189507901912,0.0872670055676592,0.05871978420998025,False,False,17.0,2026-06-09,-0.021907528443475988,-0.04228354850171745
SMH,2026-05-18,reaccel_in_red,short,1190,546.16,-0.30612585746586785,-0.32123576989942515,-0.015109912433557332,False,0.004028123626775959,0.033488355060787955,0.013144499780284313,-0.03387285777061666,0.033488355060787955,0.03398271568771061,-0.039768565987988946,0.033488355060787955,0.044748791562912116,-0.10249743664860111,0.033488355060787955,0.10584810311996495,-0.15755456276549018,0.033488355060787955,0.15821371026805342,False,False,15.0,2026-06-09,-0.08211879302768432,-0.04228354850171745
SMH,2026-05-20,first_dark_red,short,1192,564.66,-0.28980806118450764,-0.4545447365129149,-0.16473667532840724,False,-0.00570254666524983,0.012467679665639442,0.01051960471788349,-0.020649594446215502,0.012467679665639442,0.03159423369815473,-0.06637622640172847,0.012467679665639442,0.06961711472390486,-0.0622852690114406,0.012467679665639442,0.08436935501009457,-0.11134133815039138,0.012467679665639442,0.13833103106294065,False,False,13.0,2026-06-09,-0.04666524988488652,-0.04228354850171745
SMH,2026-05-29,early_rising_blue,long,1198,598.93,0.16010965056984164,-0.07003125860645243,-0.23014090917629407,False,0.0148264404855325,0.02420967391848805,0.009750722121115829,0.055565758936770626,0.05616683084834628,0.009750722121115829,0.06506603442806336,0.07319720167632293,0.009750722121115829,-0.04882039637353264,0.07319720167632293,0.04882039637353264,0.03511261750121064,0.07319720167632293,0.07391514868181592,False,False,,,,
SMH,2026-06-04,first_dark_blue,long,1202,627.53,0.28595968113162373,0.3318312686009976,0.04587158746937389,True,-0.09217089222825992,-0.03271556738323267,0.09217089222825992,-0.04680254330470257,-0.03271556738323267,0.09217089222825992,-0.05819642088824439,-0.022054722483387135,0.11612193839338358,-0.02881137156789304,-0.022054722483387135,0.11612193839338358,0.05155132025560527,0.0577978742052172,0.11612193839338358,False,False,10.0,2026-06-18,0.05155132025560527,-0.07314966357519548
SMH,2026-06-12,first_dark_red,short,1208,619.96,-0.27164158522029824,-0.41047168660325306,-0.13883010138295485,False,-0.04377701787212085,-0.031114910639395976,0.04722885347441763,0.0063875088715401596,0.0063875088715401596,0.04722885347441763,-0.006468159236079796,0.0063875088715401596,0.04722885347441763,-0.07895670688431511,0.0063875088715401596,0.08366668817343048,-0.01938834763533137,0.03837344344796456,0.08366668817343048,False,False,13.0,2026-07-02,0.04463191173624115,-0.03163990612706624
SMH,2026-06-23,early_rising_blue,long,1214,622.05,0.16675853070020258,0.020076529081260355,-0.14668200161894224,False,-0.0050317498593360765,0.005112129250060438,0.02543203922514259,0.02384052728880315,0.044980307049272694,0.02543203922514259,-0.016783216783216703,0.044980307049272694,0.02543203922514259,0.05440077164215107,0.06058998472791588,0.041604372638855414,-0.046700426010770735,0.06058998472791588,0.08877099911582653,False,False,,,,
SMH,2026-06-24,first_dark_blue,long,1215,618.92,0.15688023376864207,0.049418290591860335,-0.10746194317678173,False,0.02901828992438449,0.05026497770309568,0.008062431331997688,-0.011810896400180848,0.05026497770309568,0.016027919601887097,0.021101273185549108,0.05026497770309568,0.036757577716021506,0.0024882052607768657,0.06595359658760436,0.036757577716021506,-0.01807988108317704,0.06595359658760436,0.08416273508692551,False,False,28.0,2026-08-04,-0.06981516189491355,-0.0048288200656582125
SMH,2026-07-10,first_dark_red,short,1226,611.03,-0.09861829577807973,-0.2435021086212292,-0.14488381284314947,False,0.041585519532592485,0.04572606909644361,-0.019098898581084378,0.01754414676857119,0.04572606909644361,-0.003494100126016697,0.03315712812791516,0.06106083171039056,-0.003494100126016697,0.08919365661260492,0.12146703107867052,-0.003494100126016697,0.08156718982701328,0.12146703107867052,-0.003494100126016697,False,False,,,,
SMH,2026-07-16,reaccel_in_red,short,1230,568.92,-0.07062768272547343,-0.2934482368948075,-0.22282055416933405,False,0.02177810588483442,0.05644027279758146,-0.002654151726077414,0.017735358222597086,0.05644027279758146,0.006767208043310102,-0.02664698024326806,0.05644027279758146,0.030021795683048635,-0.019774309217464703,0.05644027279758146,0.040585671096111886,0.05276664557407018,0.11476130211629043,0.040585671096111886,False,False,,,,
SMH,2026-07-22,first_dark_red,short,1234,586.91,-0.11874416427990797,-0.45049668727075365,-0.3317525229908457,False,0.011483873166243552,0.021997580548976714,-3.4076774974023394e-05,0.04382273261658498,0.051830774735478924,-3.4076774974023394e-05,0.06535925440016355,0.08791807943296248,-3.4076774974023394e-05,0.14089042613007097,0.14189569099180455,-3.4076774974023394e-05,0.029323064865141024,0.14189569099180455,-3.4076774974023394e-05,False,False,,,,
SMH,2026-07-27,reaccel_in_red,short,1237,548.55,-0.1007232626708674,-0.5089037620640747,-0.40818049939320733,False,0.03454562027162511,0.05523653267705764,-0.022987877130616896,0.08081305259320015,0.08188861544070725,-0.022987877130616896,0.017591833014310443,0.08188861544070725,-0.007127882599580637,0.005633032540333427,0.08188861544070725,0.023498313736213916,-0.03802752711694479,0.08188861544070725,0.06870841308905296,False,False,,,,
SMH,2026-07-30,first_dark_red,short,1240,538.9,-0.1330771745383963,-0.6380198633461833,-0.504942688807787,False,-0.003024679903507188,0.006791612544071235,0.04182594173316034,-0.01217294488773435,0.026220077936537356,0.04182594173316034,-0.06830580812766751,0.026220077936537356,0.07372425310818342,-0.060456485433290075,0.026220077936537356,0.08554462794581563,-0.09318983113750234,0.026220077936537356,0.10957506030803499,False,False,,,,
SMH,2026-08-06,early_rising_blue,long,1245,571.48,0.14691344784678756,-0.3391898117736532,-0.48610325962044076,False,0.019633233009029194,0.02556519913207822,-0.0014698677119060477,-0.003622174004339729,0.025827675509204173,0.003989640932316019,0.002537271645551842,0.025827675509204173,0.004042136207741409,0.03086722195002456,0.04631833135017849,0.004042136207741409,,,,False,False,,,,
SMH,2026-08-14,first_dark_blue,long,1251,587.82,0.2989580204459603,0.2400275597344932,-0.058930460711467125,False,0.010632506549623999,0.021349903031540274,-0.006260419856418453,-0.03070667891531431,0.021349903031540274,0.04285325439760479,,,,,,,,,,False,False,,,,
SMH,2021-09-17,bearish_flip,short,20,135.5,-0.02026893727129276,0.007909060886330428,0.028177998157623188,True,0.02435424354243554,0.039003690036900296,-0.01771217712177131,0.022287822878228836,0.039003690036900296,-0.015461254612546105,0.0046494464944648595,0.039003690036900296,-0.0021402214022139265,-0.005129151291512812,0.039003690036900296,0.0107380073800738,0.05354243542435422,0.06881918819188193,0.0107380073800738,False,False,,,,
SMH,2021-10-14,bullish_flip,long,39,130.2,0.036110775483547464,-0.5259652265379475,-0.562076002021495,False,0.008371735791090629,0.009293394777265762,-0.0022273425499232946,0.016321044546850905,0.016781874039938582,0.0029761904761903546,0.027956989247311936,0.027956989247311936,0.0029761904761903546,0.035099846390169054,0.035579877112135394,0.0029761904761903546,0.04784946236559162,0.04815668202764978,0.0029761904761903546,False,False,,,,
SMH,2021-11-15,bearish_flip,short,61,150.35,-0.04458342535692006,0.6834078689571689,0.7279912943140889,True,-0.01296973727968087,0.006385101429996709,0.014499501163950823,-0.006950448952444344,0.006385101429996709,0.015829730628533323,-0.03172597273029609,0.006385101429996709,0.036381775856335175,-0.022580645161290436,0.006385101429996709,0.06025939474559361,-0.01396740937811769,0.00934486198869311,0.06025939474559361,False,False,,,,
SMH,2021-12-13,bullish_flip,long,80,149.785,0.01437080737353219,-0.19380976160586963,-0.20818056897940182,False,-0.005774944086524125,-0.0003004306172179616,0.019828420736388797,0.03535066929265285,0.03608505524585248,0.019828420736388797,-0.009647160930667198,0.042661147644957875,0.019828420736388797,-0.026905230830857607,0.042661147644957875,0.03815468838668756,0.04629969623126473,0.06125446473278373,0.03815468838668756,False,False,,,,
SMH,2021-12-20,bearish_flip,short,85,145.755,-0.0076249583899415385,-0.19960282609798274,-0.1919778677080412,False,-0.03612225995677698,-0.007272477788069054,0.037082775891050135,-0.04843744639978054,-0.007272477788069054,0.04847175054029029,-0.05745943535384712,-0.007272477788069054,0.06473191314191618,-0.07522898013790269,-0.007272477788069054,0.09059723508627493,-0.0770127954444102,-0.007272477788069054,0.09323865390552633,False,False,,,,
SMH,2021-12-23,bullish_flip,long,88,154.13,0.008811070206087596,-0.18741381537075555,-0.19622488557684314,False,0.026925322779471905,0.027298384480633375,-0.002660092130020164,0.01680399662622456,0.03133718289755416,-0.002660092130020164,0.016641795886589206,0.03133718289755416,-0.002660092130020164,0.0017193278401350653,0.03133718289755416,-0.0014598066567184098,-0.036884448193083785,0.03383507428793875,0.039155258547978966,False,False,,,,
SMH,2022-01-07,bearish_flip,short,98,148.445,-0.03466115835222998,0.012439692160089305,0.047100850512319284,True,-0.0012799353295833704,0.030853177944693222,0.002896695745899125,-0.021489440533530857,0.030853177944693222,0.022533598302401536,-0.03021321027990176,0.030853177944693222,0.03873488497423283,-0.03374987369059257,0.030853177944693222,0.06039273805112999,0.07295631378625067,0.13355114688942027,0.06039273805112999,False,False,,,,
SMH,2022-02-02,bullish_flip,long,115,141.82,0.057410651751400255,-0.5428592570129819,-0.6002699087643821,False,-0.04435199548723734,-0.010894091101396053,0.04808912706247348,-0.0391693696234664,-0.010894091101396053,0.06049922436891819,-0.03765336341841774,-0.010894091101396053,0.06049922436891819,0.016252996756451976,0.01644901988436054,0.06049922436891819,-0.014842758426173996,0.0236666196587223,0.07714003666619662,False,False,,,,
SMH,2022-02-23,bearish_flip,short,129,128.955,-0.0569962712111682,-0.0011331008874825577,0.055863170323685644,False,-0.03431429568454103,0.04323213524097569,0.03446938854639203,-0.048737931836687176,0.04323213524097569,0.04908689077585193,-0.039703772633864265,0.04323213524097569,0.050211314024271925,-0.03985886549571549,0.04323213524097569,0.050211314024271925,0.0035283626071110907,0.07079989143499676,0.050211314024271925,False,False,,,,
SMH,2022-03-16,bullish_flip,long,144,130.93,0.017378052778587727,-0.19155936170408056,-0.20893741448266828,False,0.006262888566409552,0.006262888566409552,0.01810127549072027,0.027992056824257094,0.03119987779729616,0.01810127549072027,0.025586191094477906,0.03326204842282121,0.01810127549072027,0.006835713740166449,0.0440311616894522,0.01810127549072027,0.05159245398304435,0.08615290613304816,0.01810127549072027,False,False,,,,
SMH,2022-04-06,bearish_flip,short,159,126.41,-0.013621170562236273,0.34989105412053284,0.3635122246827691,True,-0.00015821533106574748,0.018629855232972004,0.009532473696701294,0.02361363816153783,0.02531445297049284,0.009532473696701294,0.04556601534688709,0.046989953326477374,0.009532473696701294,0.028162328929673297,0.053832766395063625,0.009532473696701294,0.04975872162012496,0.06221817894153936,0.009532473696701294,False,False,,,,
SMH,2022-05-02,bullish_flip,long,176,118.27,0.016124378384749782,-0.35002658013888166,-0.36615095852363144,False,0.008201572672698054,0.0146698232857021,0.010273103914771209,0.04278346157098167,0.04502409740424462,0.01729094444914181,-0.006172317578422182,0.04502409740424462,0.02022913672106197,-0.06616217130295088,0.04502409740424462,0.07034750993489469,-0.03394774668132239,0.04502409740424462,0.09011160903018511,False,False,,,,
SMH,2022-06-10,bearish_flip,short,204,111.91,-0.006190122696691752,0.15920394530614898,0.16539406800284073,True,0.05558037708873198,0.05879724778840134,-0.025243499240461098,0.04865516933249925,0.060338664998659586,-0.025243499240461098,0.031230453042623396,0.060338664998659586,-0.015101420784559005,0.0811813064069341,0.10168885711732634,-0.015101420784559005,0.03744080064337407,0.10168885711732634,-0.015101420784559005,False,False,,,,
SMH,2022-06-27,bullish_flip,long,214,107.72,0.02772199453203067,-0.12269161835039469,-0.15041361288242536,False,-0.025204233197177905,0.015642406238395967,0.025343483104344644,-0.042378388414407664,0.015642406238395967,0.05291496472335688,-0.054353880430746404,0.015642406238395967,0.0706461195692536,-0.08549944300037127,0.015642406238395967,0.11836242109171924,-0.05514296323802448,0.015642406238395967,0.11836242109171924,False,False,,,,
SMH,2022-07-06,bearish_flip,short,220,99.18,-0.02594562281823115,-0.09707474372532016,-0.071129120907089,False,-0.04617866505343815,-0.02349263964508963,0.05061000201653543,-0.05182496471062703,-0.02349263964508963,0.05817705182496469,-0.02661826981246196,-0.020770316596087746,0.05817705182496469,-0.03433151845130045,-0.005192579149021936,0.05817705182496469,-0.15038314176245193,-0.005192579149021936,0.1543657995563621,True,True,,,,
SMH,2022-07-08,bullish_flip,long,222,104.32,0.017379865896131094,-0.05419060896865634,-0.07157047486478743,False,-0.023964723926380382,-0.010736196319018343,0.029524539877300637,-0.024348159509202327,-0.0085314417177913,0.02986004601226988,-0.016631518404907952,-0.0085314417177913,0.04433473926380371,0.029476610429447936,0.029799654907975537,0.04433473926380371,0.08689608895705536,0.1126342024539877,0.04433473926380371,False,False,,,,
SMH,2022-08-11,bearish_flip,short,246,119.315,-0.0026610490901882167,0.4644170195182059,0.4670780686083941,True,-0.02824456271214859,-0.0023886351255080207,0.029690315551271773,-0.032896115324980046,-0.0023886351255080207,0.03532665632988308,-0.02124628085320368,-0.0023886351255080207,0.03532665632988308,-0.013284163768176649,0.013535599044545932,0.03532665632988308,0.011943175627540548,0.05414155806059595,0.03532665632988308,False,False,,,,
SMH,2022-10-03,bullish_flip,long,282,95.88,0.025454641259353927,-0.7095186971126304,-0.7349733383719843,False,0.04276178556528998,0.04615143929912402,-0.02732582394659988,0.05308719232373815,0.06096161869002925,-0.018512724238631595,0.04589069670421364,0.0675323320817689,-0.018512724238631595,-0.049332498957029514,0.0675323320817689,0.06080517313308298,-0.07566750104297038,0.0675323320817689,0.12927617855652895,False,False,,,,
SMH,2022-10-19,bearish_flip,short,294,89.36,-0.004729386526679348,-0.028406897770587268,-0.02367751124390792,False,-0.007945389435989103,-0.0018464637421666819,0.03737690241718883,-0.04269247985675917,0.0009512085944493043,0.044259176365264,-0.04599373321396594,0.0009512085944493043,0.05024619516562212,-0.05214861235452095,0.0009512085944493043,0.07632050134288271,-0.03553043867502237,0.0009512085944493043,0.09344225604297218,True,True,,,,
SMH,2022-10-21,bullish_flip,long,296,93.175,0.011978734382630918,-0.011019337451076507,-0.022998071833707424,False,0.0031660853233164143,0.007244432519452504,0.022108934800107338,0.01905017440300516,0.026294606922457664,0.022108934800107338,0.00906895626509252,0.03225114032734111,0.022108934800107338,0.034504963777837405,0.036034343976388605,0.022108934800107338,0.027099543869063547,0.04867185403810037,0.03198282801180574,False,False,,,,
SMH,2022-11-04,bearish_flip,short,306,95.7,-0.0019341093543221444,0.16674660431519173,0.16868071366951387,True,-0.01974921630094051,0.005198537095088884,0.022518286311389746,-0.04174503657262263,0.005198537095088884,0.05365726227795187,-0.013427377220480707,0.005198537095088884,0.05365726227795187,-0.15360501567398122,0.005198537095088884,0.15893416927899673,-0.14691745036572623,0.005198537095088884,0.19789968652037615,True,True,,,,
SMH,2022-11-08,bullish_flip,long,308,99.695,0.012449815937344372,0.18322320526237468,0.1707733893250303,True,-0.02718290786900035,-0.010030593309594216,0.028737649831987566,0.07222027182907875,0.0741260845579017,0.028737649831987566,0.10737750137920665,0.11249310396709977,0.028737649831987566,0.1314509253222329,0.14989718641857674,0.028737649831987566,0.11314509253222327,0.14989718641857674,0.028737649831987566,False,False,,,,
SMH,2022-11-29,bearish_flip,short,322,107.72,-0.010678546990392501,0.5968987838285467,0.6075773308189392,True,-0.05704604530263646,0.004688080207946532,0.05709246193835882,-0.05365763089491282,0.004688080207946532,0.06688637207575199,-0.0391756405495729,0.004688080207946532,0.06688637207575199,-0.0042703304864464275,0.004688080207946532,0.06688637207575199,-0.056860378759747476,0.0054771630152247175,0.08888785740809513,False,False,,,,
SMH,2023-01-09,bullish_flip,long,349,108.14,0.024722400492246777,-0.31551906464149715,-0.3402414651337439,False,0.012992417236915133,0.013038653597188699,0.007166635842426494,0.024875161827260905,0.024875161827260905,0.007166635842426494,0.04022563343813568,0.04706861475864632,0.007166635842426494,0.05016645089698546,0.05719437765859081,0.007166635842426494,0.0929350841501757,0.10366191973367855,0.007166635842426494,False,False,,,,
SMH,2023-02-02,bearish_flip,short,366,126.7925,-0.008173578719511465,0.37737138434218537,0.38554496306169683,True,0.01835676400418007,0.024153636847605298,0.0028195674034348084,0.03468265078770438,0.03874440522901601,0.0028195674034348084,0.005698286570578026,0.03874440522901601,0.0028195674034348084,0.021314352189601093,0.03874440522901601,0.003982885423033711,0.029398426563085445,0.047459431748723246,0.003982885423033711,False,False,,,,
SMH,2023-03-07,bullish_flip,long,388,120.035,0.02277581535684478,-0.22509973712112805,-0.24787555247797283,False,0.026159036947557057,0.026950472778772827,-0.0031240888074310913,0.0064981047194567765,0.0395301370433625,-0.0031240888074310913,-0.009788811596617597,0.0395301370433625,0.014787353688507476,0.019161078018911093,0.0395301370433625,0.030366143208230945,0.05652518015578778,0.07206231515807904,0.030366143208230945,False,False,,,,
SMH,2023-03-30,bearish_flip,short,405,130.685,-0.01792544404692195,0.18781993463258523,0.20574537867950718,True,-0.006963308719439842,0.009603244442743963,0.008417186364158002,-0.0012243180166047196,0.010559742893216484,0.008417186364158002,0.014156177066993125,0.018976929257374486,0.008417186364158002,0.034319164402953684,0.04625626506485059,0.008417186364158002,0.0355434824195584,0.04663886444503962,0.008417186364158002,False,False,,,,
SMH,2023-05-03,bullish_flip,long,428,122.215,0.00458212120082141,-0.35642826675738254,-0.36101038795820395,False,-0.0033547436893998084,0.004929836763081452,0.010473346152272689,0.017714683140367393,0.02254224113243053,0.010473346152272689,0.023360471300576835,0.024015055435093968,0.010473346152272689,0.015750930736816215,0.024015055435093968,0.010473346152272689,0.05960806774945793,0.0632082804893015,0.010473346152272689,False,False,,,,
SMH,2023-06-07,bearish_flip,short,452,144.5,-0.005883794074166726,0.4532246029997822,0.4591083970739489,True,-0.011557093425605514,0.0011764705882352233,0.014359861591695333,-0.01619377162629765,0.0011764705882352233,0.032110726643598486,-0.046228373702422276,0.0011764705882352233,0.04809688581314875,-0.07681660899653986,0.0011764705882352233,0.07778546712802781,-0.038615916955017315,0.0011764705882352233,0.0791695501730103,False,False,,,,
SMH,2023-06-15,bullish_flip,long,458,154.48,0.00815479484138304,0.4184279755105657,0.41027318066918267,True,-0.007120662868979721,0.009451061626100543,0.008480062143966904,-0.010616261004660732,0.009451061626100543,0.02168565510098386,-0.03327291558777823,0.009451061626100543,0.037221646815121745,-0.04498964267219052,0.009451061626100543,0.048679440704298194,-0.014435525634386215,0.009451061626100543,0.04952097358881391,True,True,,,,
SMH,2023-06-20,bearish_flip,short,460,152.84,-0.028505017425258072,0.37479682550132437,0.40330184292658244,True,0.02289976445956554,0.026890866265375624,-0.002420832242868376,0.01805809997382879,0.031994242344935975,-0.002420832242868376,0.03474221408008371,0.03847160429207008,-0.002420832242868376,0.008701910494634979,0.03932216697199675,-0.002420832242868376,0.014001570269563057,0.03932216697199675,0.008047631510075925,False,False,,,,
SMH,2023-07-07,bullish_flip,long,472,149.05,0.010380658608443921,-0.10852067912512972,-0.11890133773357364,False,0.014156323381415481,0.015833612881583248,-0.002012747400201187,0.015229788661522914,0.02106675612210651,-0.002012747400201187,0.03656491110365634,0.03777255954377723,-0.002012747400201187,0.05266689030526672,0.07816169070781598,-0.002012747400201187,0.03180140892317995,0.07876551492787631,-0.002012747400201187,False,False,,,,
SMH,2023-07-24,bearish_flip,short,483,153.92,-0.032160076136969806,0.11980499492612554,0.15196507106309534,True,-0.01604729729729737,-0.003508316008316248,0.022284303534303662,-0.004937629937630028,0.006301975051975051,0.022284303534303662,-0.022998960498960663,0.006301975051975051,0.04547817047817038,-0.04352910602910609,0.006301975051975051,0.047102390852390874,-0.012928794178794334,0.011434511434511352,0.047102390852390874,False,False,,,,
SMH,2023-08-02,bullish_flip,long,490,154.64,0.0017441868377426444,-0.00785185039616676,-0.009596037233909404,False,-0.002909984480082728,0.0035566476978790007,0.016037247801344967,-0.002521986549404942,0.012286601138127295,0.016037247801344967,0.008212622866011543,0.012286601138127295,0.016037247801344967,-0.028065183652353665,0.012286601138127295,0.031751163993791964,-0.052638385928608256,0.012286601138127295,0.062209001551991605,True,True,,,,
SMH,2023-08-03,bearish_flip,short,491,154.19,-0.0038775437200157144,-0.014442966883929046,-0.010565423163913332,False,-0.0003891302937932828,0.009339127051040896,0.015240936506907055,-0.011155068422076697,0.009339127051040896,0.015240936506907055,0.005512679162072764,0.017251443024839497,0.015240936506907055,0.02736883066346718,0.03430832090278224,0.015240936506907055,0.056294182502107826,0.05947207990142023,0.015240936506907055,False,False,,,,
SMH,2023-08-24,bullish_flip,long,506,148.82,0.003986259276661186,-0.5254070898014319,-0.5293933490780931,False,0.0018142722752318985,0.012968687004434987,0.017134793710522622,0.014178201854589512,0.015253326165838077,0.017134793710522622,0.040182771132912354,0.04354253460556379,0.017134793710522622,0.049724499395242594,0.05600725708910104,0.017134793710522622,0.010482462034672846,0.059199032388119965,0.017134793710522622,False,False,,,,
SMH,2023-09-14,bearish_flip,short,520,151.39,-0.04280708354899759,0.029959637178354842,0.07276672072735244,True,0.030252988968888173,0.03448048087720457,-0.00561463769073256,0.027016315476583452,0.042407028205297514,-0.00561463769073256,0.03540524473214868,0.042407028205297514,-0.00561463769073256,0.0702159984146905,0.07067838034216256,-0.00561463769073256,0.04689873835788361,0.07682145452143463,-0.00561463769073256,False,False,,,,
SMH,2023-10-02,bullish_flip,long,532,146.23,0.039578333917644204,-0.3001296252681119,-0.3397079591857561,False,-0.022225261574232325,0.004308281474389775,0.027832866032961756,-0.006975312863297445,0.004308281474389775,0.027832866032961756,-0.006975312863297445,0.004308281474389775,0.027832866032961756,0.01189906311974287,0.01856664159201271,0.027832866032961756,0.026396772208165276,0.053545784038842914,0.027832866032961756,False,False,,,,
SMH,2023-10-23,bearish_flip,short,547,142.6,-0.06868284237156186,0.1925409212442108,0.26122376361577265,True,-0.011711079943899083,0.0004908835904627873,0.01328892005610105,0.02748948106591853,0.032047685834502015,0.01328892005610105,0.03604488078541368,0.04186535764375876,0.01328892005610105,0.0325385694249648,0.04270687237026649,0.01328892005610105,-0.05154277699859744,0.045582047685834515,0.0556451612903226,False,False,,,,
SMH,2023-11-03,bullish_flip,long,556,149.51,0.002951170767911321,-0.18041728433832072,-0.18336845510623204,False,0.00294294696006947,0.006220319711056188,0.008159989298374692,0.009230151829308975,0.013443916794863453,0.008159989298374692,0.012841950371212718,0.017390141127684,0.008159989298374692,0.05196976790850116,0.05457828907765361,0.008159989298374692,0.08735201658751923,0.0899605377566719,0.008159989298374692,False,False,,,,
SMH,2023-11-27,bearish_flip,short,571,161.66,-0.025786395972698606,0.5771710720349635,0.6029574680076621,True,0.005752814549053631,0.012619077075343266,-0.0009897315353210034,-0.0034022021526660673,0.012619077075343266,0.016516144995670112,0.007299270072992692,0.014907831250773218,0.016516144995670112,0.017815167635778728,0.03154769268835822,0.016516144995670112,-0.029197080291970767,0.03154769268835822,0.03297043177038228,False,False,,,,
SMH,2023-12-14,bullish_flip,long,584,173.26,0.06828347729006828,0.0722618483637634,0.00397837107369511,True,0.004732771557197424,0.015005771672630841,-0.0025395359575204335,0.0004617338104584423,0.015005771672630841,0.007445457693639579,0.0038093039362807612,0.015005771672630841,0.007445457693639579,0.0,0.015005771672630841,0.024529608680595616,0.009292392935472682,0.02014313748124219,0.024529608680595616,False,False,,,,
SMH,2023-12-26,bearish_flip,short,591,175.67,-0.005896770583329242,0.20459990107576217,0.21049667165909142,True,-0.0010815734046794034,0.0027039335116980645,0.0061478909318608554,-0.0008538737405363594,0.0027039335116980645,0.0061478909318608554,0.0045539932828597696,0.011384983207149757,0.0061478909318608554,0.05521716855467629,0.05863266351682117,0.0061478909318608554,0.017589799055046207,0.06660215176182605,0.0061478909318608554,True,True,,,,
SMH,2023-12-28,bullish_flip,long,593,175.82,0.0034443148393460965,0.21188690090575887,0.20844258606641278,True,-0.005403253327266433,0.003185075645546487,0.012228415424866412,-0.03896030030713227,0.003185075645546487,0.04669548401774526,-0.05602320555113183,0.003185075645546487,0.05943578659993165,-0.055397565692185124,0.003185075645546487,0.0673984757137982,-0.016323512683426245,0.003185075645546487,0.0673984757137982,True,True,,,,
SMH,2024-01-02,bearish_flip,short,595,168.97,-0.0495769345115733,0.14823056904164075,0.19780750355321405,True,0.01775463099958574,0.02130555719950289,-0.008818133396460981,0.023554477126117024,0.029591051665976198,-0.008818133396460981,0.01710362786293418,0.029591051665976198,-0.00828549446647342,-0.020417825649523547,0.029591051665976198,0.028170681186009405,-0.03355625258921702,0.029591051665976198,0.046665088477244376,False,False,,,,
SMH,2024-01-16,bullish_flip,long,604,175.7,0.026830127156571848,-0.18178198123568512,-0.20861210839225697,False,-0.006033010813887296,-0.004382470119521864,0.02396129766647681,0.026237905520774207,0.02757541263517349,0.02396129766647681,0.0653386454183269,0.06607854297097338,0.02396129766647681,0.07575412635173584,0.08127490039840635,0.02396129766647681,0.07336368810472416,0.1149686966420036,0.02396129766647681,False,False,,,,
SMH,2024-01-30,bearish_flip,short,614,188.59,-0.08323674301305403,0.15172910836964554,0.23496585138269957,True,0.014422821994803492,0.023543135903282275,0.0006363009703589384,0.0054085582480514205,0.023543135903282275,0.0006363009703589384,-0.013945596267034288,0.023543135903282275,0.016623362850628265,-0.022005408558248174,0.023543135903282275,0.038708309030171195,-0.05678986160453903,0.023543135903282275,0.09825547483959918,False,False,,,,
SMH,2024-02-09,bullish_flip,long,622,203.85,0.08148378197066851,-0.03327024851133911,-0.11475403048200762,False,-0.0038753985773852806,0.01604120676968357,0.009222467500613174,-0.02232033357861163,0.01604120676968357,0.03708609271523178,-0.0026980623007112348,0.01604120676968357,0.03708609271523178,-0.010301692420897735,0.01604120676968357,0.03708609271523178,0.03188619082658817,0.04665194996320832,0.049693402011282806,False,False,,,,
SMH,2024-02-21,bearish_flip,short,629,196.51,-0.05230105138808763,0.024364360034076188,0.07666541142216382,True,-0.06829168999033142,-0.04997201160246312,0.07220955676555918,-0.06162536257696827,-0.04997201160246312,0.08574627245432809,-0.07042898580224932,-0.04997201160246312,0.08574627245432809,-0.05546791511882354,-0.04997201160246312,0.08574627245432809,-0.1518497786372195,-0.04997201160246312,0.16411378555798684,False,False,,,,
SMH,2024-02-29,bullish_flip,long,635,211.95,0.010866850862431353,-0.020187906237334297,-0.03105475709976565,False,0.04052842651568778,0.04420853974994099,-0.009577730596838974,0.05727765982543054,0.07162066525123856,-0.009577730596838974,0.04109459778249591,0.07162066525123856,-0.009577730596838974,0.10483604623732012,0.1083274357159707,-0.009577730596838974,0.03543288511441389,0.12829252182118434,-0.009577730596838974,False,False,,,,
SMH,2024-03-11,bearish_flip,short,642,220.98,-0.05752189555274309,0.03069847986508334,0.08822037541782643,True,-0.031631821884333444,0.0019006244909041126,0.031858086704679156,-0.011222735089148506,0.0019006244909041126,0.031858086704679156,0.006878450538510217,0.016151235405919007,0.031858086704679156,0.012218300298669549,0.022852746854918893,0.031858086704679156,-0.027604308082179507,0.03692641868042357,0.04104443841071603,False,False,,,,
SMH,2024-03-25,bullish_flip,long,652,227.08,0.03286496867818012,-0.2506812314989484,-0.2835462001771285,False,-0.009291879513827817,0.010480887792848392,0.010216663730843845,-0.009644178263167325,0.010480887792848392,0.02461687511009336,-0.009203804826492856,0.010480887792848392,0.02461687511009336,-0.009115730139158118,0.017042451999295327,0.02461687511009336,-0.013123128412894203,0.017042451999295327,0.03289589571957019,False,False,,,,
SMH,2024-04-15,bearish_flip,short,666,217.36,-0.003188579033252703,-0.04954074059534132,-0.046352161562088615,False,-0.00828119249171877,0.004093669488406393,0.013801987486198097,0.022819285977180748,0.02433750460066264,0.013801987486198097,0.0401637835848363,0.046006624953993325,0.013801987486198097,0.06597350018402648,0.08704453441295557,0.013801987486198097,-0.004692675745307184,0.08704453441295557,0.013801987486198097,False,False,,,,
SMH,2024-05-01,bullish_flip,long,678,207.85,0.021787975480763833,-0.2940963218479138,-0.3158842973286776,False,0.020110656723598686,0.02352658166947319,0.0025980274236228063,0.047534279528506085,0.050565311522732914,0.0025980274236228063,0.07130141929275924,0.07134953091171514,0.0025980274236228063,0.06519124368535012,0.07375511185951411,0.0025980274236228063,0.12533076738032234,0.12581188356988227,0.0025980274236228063,False,False,,,,
SMH,2024-06-03,bearish_flip,short,700,243.48,-0.07472449045206175,0.5138932907634423,0.588617781215504,True,0.003614259898143568,0.013882043699687818,0.0009035649745359198,-0.04489075078035154,0.013882043699687818,0.04538360440282574,-0.03667652373911623,0.013882043699687818,0.051076885165106,-0.050846065385247385,0.013882043699687818,0.05437818301297859,-0.11910629209791379,0.013882043699687818,0.12210448496796444,False,False,,,,
SMH,2024-06-17,bullish_flip,long,710,272.48,0.031677558880223944,0.26077583433505286,0.22909827545482891,True,0.015707574867880103,0.021249266001174272,-0.0019817968291249155,-0.013065179095713475,0.02602025836758659,0.01981796829125082,-0.027855255431591397,0.02602025836758659,0.03840648854961848,-0.039305637110980784,0.02602025836758659,0.06147240164415746,-0.032479448032883274,0.02602025836758659,0.06172196124486207,False,False,,,,
SMH,2024-06-21,bearish_flip,short,713,264.89,-0.09784997563618131,0.12852346326999498,0.22637343890617628,True,0.03439163426327907,0.03458039186077233,-0.006814149269508074,0.011778474083581902,0.03458039186077233,-0.006814149269508074,0.015025104760466479,0.03458039186077233,-0.006814149269508074,0.01581788666993844,0.03458039186077233,0.005700479444297635,-0.03518441617275103,0.03483710219336322,0.04082713579221564,False,False,,,,
SMH,2024-07-05,bullish_flip,long,722,269.72,0.03609150640543646,-0.2824828329964743,-0.31857433940191077,False,0.01664689307429912,0.022188565920213454,-0.010492362449948,0.018871422215630984,0.02925255820851258,-0.009046418508082521,0.04282218597063614,0.04452765831232375,-0.009046418508082521,0.01753670473083191,0.04949577339463129,-0.0010377428444312553,-0.08000889811656542,0.04949577339463129,0.08130654011567562,False,False,,,,
SMH,2024-07-18,bearish_flip,short,731,255.54,-0.016134905966740637,0.08087229867065998,0.09700720463740062,True,0.028958284417312408,0.03032793300461767,-0.0012913829537449795,-0.008530954058073137,0.03032793300461767,0.009235344760115671,0.0026610315410502405,0.03032793300461767,0.009235344760115671,0.07427408624872811,0.09673632308053537,0.009235344760115671,0.09599279956171247,0.10816154026766844,0.009235344760115671,False,False,,,,
SMH,2024-08-13,bullish_flip,long,749,236.19,0.06965274287625856,-0.5494930373028318,-0.6191457801790904,False,0.000846775900757768,0.012659299716330175,0.017062534400270946,0.04310089334857525,0.04720775646725106,0.017062534400270946,0.044540412379863614,0.047461789237478236,0.017062534400270946,0.05025614970997938,0.06494771158812829,0.017062534400270946,0.03734281722342181,0.07252635589991097,0.017062534400270946,False,False,,,,
SMH,2024-09-03,bearish_flip,short,763,225.19,-0.015716178557812793,0.20229587869529192,0.2180120572531047,True,0.0023979750432967517,0.016563790576846205,0.015053954438474237,0.004129845907899998,0.016563790576846205,0.015053954438474237,0.045250677205915024,0.05160087037612682,0.015053954438474237,0.014432257205026833,0.05160087037612682,0.015053954438474237,-0.03787912429503981,0.05160087037612682,0.054886984324348465,False,False,,,,
SMH,2024-09-18,bullish_flip,long,774,231.06,0.026022287988810927,-0.08532360827938104,-0.11134589626819197,False,0.04340863844888765,0.05536440751320004,-0.03137713148100052,0.029602700597247456,0.05536440751320004,-0.016878732796676177,0.03414697481173712,0.05536440751320004,-0.016878732796676177,0.06266770535791566,0.06933047693239858,-0.016878732796676177,0.04873193110014706,0.1078940534925994,-0.016878732796676177,False,False,,,,
SMH,2024-10-17,bearish_flip,short,795,251.58,-0.01657245495416071,0.5250088944710306,0.5415813494251913,True,0.00027824151363387006,0.002861912711662251,0.007711264806423479,-0.005008347245408995,0.008307496621353105,0.007711264806423479,-0.00043723666428174823,0.008307496621353105,0.007711264806423479,0.006041815724620481,0.02281580411797446,0.007711264806423479,0.039351299785356564,0.0449161300580333,0.026830431671833965,False,False,,,,
SMH,2024-11-08,bullish_flip,long,811,259.34,0.04172815882349981,-0.07065143947988464,-0.11237959830338445,False,-0.022403023058533145,-0.004974165188555424,0.03219711575537887,-0.028842446209608852,-0.004974165188555424,0.04041027222950555,-0.045153080897663234,-0.004974165188555424,0.04673401712038239,-0.0747667155085987,-0.004974165188555424,0.07920066322202512,-0.056759466337626185,-0.004974165188555424,0.08463792704557715,False,False,,,,
SMH,2024-11-18,bearish_flip,short,817,241.54,-0.011953538876271189,-0.016430562367005234,-0.0044770234907340455,False,-0.01092986668874718,0.0038916949573569726,0.011302475780409216,-0.004140101018464959,0.011964891943363365,0.011302475780409216,-0.018878860644199635,0.011964891943363365,0.027531257762689387,-0.008777014159145446,0.011964891943363365,0.027531257762689387,-0.028483895007038074,0.03051254450608598,0.031506168750517594,False,False,,,,
SMH,2024-12-05,bullish_flip,long,829,248.3,0.024245329263203524,-0.23770136777718584,-0.26194669704038936,False,0.0012484897301652254,0.004517116391461906,0.004389850986709631,-0.008981071284736242,0.004517116391461906,0.013572291582762852,-0.03391059202577529,0.004517116391461906,0.03999194522754734,-0.019855014095851775,0.004517116391461906,0.03999194522754734,-0.037978252114377775,0.024848973016512232,0.04007249295207416,False,False,,,,
SMH,2025-01-15,bearish_flip,short,855,251.21,-0.025044042060215974,0.061429902174580886,0.08647394423479686,True,-0.004299191911149913,-0.003741889256001052,0.023844592173878354,-0.02802436208749648,-0.003741889256001052,0.029736077385454474,-0.04450459774690496,-0.003741889256001052,0.05218741292146012,-0.06225866804665414,-0.003741889256001052,0.07344452848214655,0.02404362883643174,0.07551450977270013,0.07344452848214655,False,False,,,,
SMH,2025-01-21,bullish_flip,long,858,262.39,0.011676941737324295,0.08493337683631536,0.07325643509899106,True,0.018217157666069683,0.02770684858416872,-0.010480582339265965,0.016997598993864216,0.02770684858416872,0.0018674492168146983,-0.0032775639315523186,0.02770684858416872,0.006745683905636568,-0.08361599146308929,0.02770684858416872,0.11490529364686142,-0.07972864819543424,0.02770684858416872,0.11490529364686142,False,False,,,,
SMH,2025-01-29,bearish_flip,short,864,239.53,-0.09543810154107624,0.06203781357893812,0.15747591512001435,True,-0.023546111134304715,-0.004759320335657291,0.026384586481860373,-0.01707510541477064,-0.004759320335657291,0.049784995616415584,0.0031311317997745336,0.01841105498267437,0.049784995616415584,-0.03177055066171253,0.01841105498267437,0.049784995616415584,-0.03749008474930071,0.01841105498267437,0.049784995616415584,False,False,,,,
SMH,2025-02-11,bullish_flip,long,873,249.87,0.05661393743989715,-0.14709329185227468,-0.20370722929217183,False,-0.005442830271741306,-0.004522351622843868,0.02133109216792739,0.00820426621843362,0.008884620002401311,0.02133109216792739,0.010845639732661061,0.013406971625245179,0.02133109216792739,0.02989554568375552,0.03405730980109656,0.02133109216792739,-0.024212590547084578,0.03906031136190813,0.05014607595949894,False,False,,,,
SMH,2025-02-26,bearish_flip,short,883,243.82,-0.06561104284089472,0.056716832580480936,0.12232787542137566,True,0.06164383561643838,0.06201296038060866,0.010499548847510365,0.04532031826757432,0.07460421622508406,0.010499548847510365,0.08534984824870806,0.09379870396193912,0.010499548847510365,0.05914198999261744,0.10569272414075948,0.010499548847510365,0.09556230005741939,0.13682224591912062,0.010499548847510365,False,False,,,,
SMH,2025-03-14,bullish_flip,long,895,226.57,0.03207192113001861,-0.3158750913797448,-0.3479470125097634,False,0.010548616321666593,0.01972900207441408,0.0024275058480821565,-0.005075694045990176,0.01972900207441408,0.011872710420620547,0.0037074634770710713,0.01972900207441408,0.012336143355254348,-0.007944564593723724,0.01972900207441408,0.02277441850200823,-0.06355651674979035,0.025811007635609284,0.06849980138588507,False,False,,,,
SMH,2025-03-31,bearish_flip,short,906,211.47,-0.044650626115681616,0.03067050133111729,0.0753211274467989,True,-0.00482337920272391,0.01990826121908551,0.005059819359719997,-0.012389464226604252,0.01990826121908551,0.024306048139216108,0.07518796992481203,0.07627559464699485,0.024306048139216108,0.12564429942781474,0.19558329786730977,0.024306048139216108,0.04662599895966324,0.19558329786730977,0.024306048139216108,False,False,,,,
SMH,2025-04-10,bullish_flip,long,914,196.21,0.052686633590631,-0.1619084961874076,-0.2145951297780386,False,0.02599255899291575,0.02920340451557002,0.01279241628867045,0.027521533051322544,0.05387085265786662,0.01279241628867045,0.03419805310636548,0.05387085265786662,0.01279241628867045,-0.01875541511645684,0.05387085265786662,0.0391417358952143,0.0803221038683044,0.08704958972529431,0.06019061209928134,False,False,,,,
SMH,2025-04-24,bearish_flip,short,923,208.97,-0.024853539084600695,0.14895637388235328,0.17380991296695397,True,-0.014356127673828878,0.011819878451452381,0.020672823850313327,-0.008039431497344207,0.012298416040579907,0.020672823850313327,-0.006316696176484671,0.012298416040579907,0.020672823850313327,-0.01593530171794999,0.02430970952768341,0.0361578216968943,-0.06211417906876582,0.02430970952768341,0.07594391539455425,False,False,,,,
SMH,2025-05-05,bullish_flip,long,930,217.61,0.014442114534304301,0.14221378430847798,0.12777166977417367,True,-0.00928266164238778,-0.000781214098616867,0.021942006341620468,0.011074858692155631,0.015210698037773973,0.021942006341620468,0.0199439363999816,0.033224576076467116,0.021942006341620468,0.09098846560360263,0.09677864068746822,0.021942006341620468,0.13050870823951088,0.1462708515233675,0.021942006341620468,False,False,,,,
SMH,2025-05-28,bearish_flip,short,946,242.36,-0.05005275093962969,0.5697562466935587,0.6198089976331884,True,-0.007096880673378436,-0.0014032843703579712,0.028263739891071005,0.010769103812510394,0.028841392969136903,0.028263739891071005,-0.0038785278098696363,0.028841392969136903,0.028263739891071005,-0.03874401716454856,0.028841392969136903,0.04229245750123778,-0.08054134345601582,0.028841392969136903,0.09304340650272325,False,False,,,,
SMH,2025-06-11,bullish_flip,long,956,261.88,0.01399162606441523,0.3775300899005984,0.36353846383618316,True,0.004849549411944265,0.008095310829387525,0.006949747976172316,-0.01867267450740795,0.008095310829387525,0.022262104780815584,0.005727814266076159,0.012104780815640703,0.022262104780815584,0.0027111654192759627,0.013937681380784994,0.022262104780815584,0.058500076370856746,0.061363983503894826,0.022262104780815584,True,True,,,,
SMH,2025-06-13,bearish_flip,short,958,256.99,-0.008342517814161343,0.3639872940160298,0.37232981183019115,True,-0.02486478073076759,-0.010856453558504064,0.031363088057901,-0.017899529164558725,-0.010856453558504064,0.033230865014202804,-0.02179073115685415,-0.010856453558504064,0.033230865014202804,-0.01918362582201638,-0.0005058562589983495,0.033230865014202804,-0.08517841161134676,-0.0005058562589983495,0.09148215883886524,False,False,,,,
SMH,2025-06-30,bullish_flip,long,968,278.88,0.028337683561804855,0.12073623375362921,0.09239855019182436,True,-0.010900745840504933,-0.0029582616179001375,0.02409638554216853,0.008498278829604189,0.010900745840505044,0.02409638554216853,0.016996557659208378,0.022626219162363848,0.02409638554216853,0.016494549627079858,0.022626219162363848,0.02409638554216853,0.04274239816408487,0.05134825014343081,0.02409638554216853,False,False,,,,
SMH,2025-07-07,bearish_flip,short,972,279.76,-0.039839534817935604,0.05380778725625068,0.09364732207418629,True,-0.013297111810123052,-0.0033600228767514118,0.017765227337718237,-0.020231627108950656,-0.0033600228767514118,0.028881898770374503,-0.027738061195310193,-0.0033600228767514118,0.030132971118101315,-0.019874177866742837,-0.0033600228767514118,0.03281384043465829,-0.03842579353731779,-0.0033600228767514118,0.04922076065198744,False,False,,,,
SMH,2025-08-12,bullish_flip,long,998,300.1,0.04022775087458502,-0.25296525839205114,-0.29319300926663616,False,0.003932022659113521,0.009596801066311222,0.005098300566477976,0.006064645118293965,0.009596801066311222,0.009396867710763201,-0.01482839053648799,0.009596801066311222,0.02052649116961025,-0.03075641452849054,0.009596801066311222,0.03155614795068318,-0.01116294568477183,0.009596801066311222,0.06314561812729103,False,False,,,,
SMH,2025-08-21,bearish_flip,short,1005,287.46,-0.003892962405906919,-0.08784360109342987,-0.08395063868752295,False,-0.02149864328950124,0.003200445279343045,0.030960829332776774,-0.02247269185277956,0.003200445279343045,0.030960829332776774,-0.03231753983162888,0.003200445279343045,0.034022124817365995,-0.03972726640228208,0.003200445279343045,0.04633688165309957,-0.02024629513671461,0.019898420649829385,0.04633688165309957,False,False,,,,
SMH,2025-08-29,bullish_flip,long,1011,290.29,0.027168945037441522,-0.11016263912016616,-0.13733158415760768,False,-0.013124806228254515,-0.012470288332357304,0.029453305315374267,-0.013297047779806448,-0.008129801233249578,0.029453305315374267,-0.0014812773433463544,-0.00027558648248315887,0.029453305315374267,0.021461297323366102,0.025939577663715463,0.029453305315374267,0.05814874780392021,0.05835543766578244,0.029453305315374267,False,False,,,,
SMH,2025-09-04,bearish_flip,short,1014,289.86,-0.009266164072156052,-0.13705613737406572,-0.12778997330190967,False,-0.011798799420409622,0.00210446422410826,0.01825018974677417,-0.022976609397640235,0.00210446422410826,0.02746153315393629,-0.02742703374042632,0.00210446422410826,0.028048023183605775,-0.048540674808528195,0.00210446422410826,0.05416407921065347,-0.09352791002552951,0.00210446422410826,0.09922031325467473,False,False,,,,
SMH,2025-09-10,bullish_flip,long,1018,300.83,0.023929570950765533,-0.11347077252016913,-0.13740034347093466,False,0.01030482332214211,0.015723165907655545,-0.007778479539939598,0.011601236578798746,0.015822890004321355,-0.0075457899810524864,0.02107502576205844,0.021274473955390283,-0.007246617691054835,0.01469268357544129,0.026061230595352924,-0.0017950337399861294,0.06741348934614244,0.0815410697071437,-0.0017950337399861294,False,False,,,,
SMH,2025-10-07,bearish_flip,short,1037,337.05,-0.035128410347347816,0.3722871042874343,0.4074155146347821,True,-0.02676160807001926,0.0018691588785046953,0.027918706423379236,-0.024210057854917588,0.0018691588785046953,0.029817534490431674,0.034742619789348894,0.03625574840528123,0.029817534490431674,0.010532561934431084,0.03625574840528123,0.029817534490431674,-0.02447708055184683,0.03625574840528123,0.03856994511200118,False,False,,,,
SMH,2025-10-23,bullish_flip,long,1049,344.8,0.049691982855858796,-0.16376451540485584,-0.21345649826071464,False,0.018387470997679678,0.023607888631090423,-0.014559164733178642,0.04390951276102073,0.04582366589327158,-0.014559164733178642,0.05310324825986079,0.05762761020881668,-0.014559164733178642,0.05490139211136902,0.08115313225058007,-0.014559164733178642,0.01824245939675162,0.08115313225058007,-0.011339907192575271,False,False,,,,
SMH,2025-11-05,bearish_flip,short,1058,359.5,-0.07754399673534776,0.005112462070825358,0.08265645880617312,True,0.02339360222531306,0.03001390820584149,0.0018080667593880495,0.031655076495132106,0.06347705146036164,0.0018080667593880495,0.0019749652294853703,0.06347705146036164,0.0018080667593880495,0.011043115438108542,0.06347705146036164,0.0018080667593880495,0.05579972183588322,0.08450625869262862,0.0018080667593880495,False,False,,,,
SMH,2025-12-01,bullish_flip,long,1075,352.96,0.02314148191225407,-0.3400449045262128,-0.36318638643846685,False,0.018330689029918412,0.02218381686310078,-0.0033714868540344334,0.032326609247506966,0.032907411604714554,-0.0033714868540344334,0.02447869446962847,0.032907411604714554,-0.0033714868540344334,0.04416931097008159,0.050317316409791646,-0.0033714868540344334,-0.00016999093381686592,0.06411491387126023,0.002181550317316372,False,False,,,,
SMH,2025-12-17,bearish_flip,short,1087,339.24,-0.09420017392069768,0.07449780506295994,0.16869797898365763,True,-0.02361160240537674,-0.01942577526235101,0.037878787878787845,-0.050082537436623165,-0.01942577526235101,0.056862398302086836,-0.060311284046692615,-0.01942577526235101,0.06850607239712292,-0.0734877962504421,-0.01942577526235101,0.07457846952010372,-0.10040089612074055,-0.01942577526235101,0.10934736469755912,False,False,,,,
SMH,2025-12-29,bullish_flip,long,1094,364.21,0.006647379232605541,-0.1069168273014943,-0.11356420653409983,False,-0.0024711018368522852,0.005573707476455914,0.0031300623266796723,-0.011202328327064026,0.005573707476455914,0.011367068449520845,0.024958128552208914,0.03329123307981652,0.011367068449520845,0.06427610444523779,0.06906729634002362,0.011367068449520845,0.0750116690920073,0.08755937508580236,0.011367068449520845,False,False,,,,
SMH,2026-01-23,bearish_flip,short,1111,400.09,-0.009869337123883715,0.34129550054419766,0.3511648376680814,True,0.0031742857856982276,0.009672823614686576,0.0016246344572472537,-0.01789597340598381,0.009672823614686576,0.023244769926766606,-0.04134069834287302,0.009672823614686576,0.04598965232822616,-0.008423104801419612,0.009672823614686576,0.05126346572021312,-0.0038991226973930093,0.06461046264590464,0.05126346572021312,False,False,,,,
SMH,2026-02-17,bullish_flip,long,1127,407.51,0.0075110682237365944,-0.2969698032230497,-0.3044808714467863,False,0.012367794655345987,0.0233859291796521,-0.0029569826507325203,0.00660106500453983,0.0233859291796521,0.004785158646413601,0.018453534882579614,0.0233859291796521,0.004785158646413601,0.028588255502932425,0.034747613555495604,0.004785158646413601,-0.04036710755564277,0.05013373904934859,0.05295575568697697,False,False,,,,
SMH,2026-03-03,bearish_flip,short,1137,391.06,-0.03504747157351966,0.027690439105064635,0.0627379106785843,True,-0.020559504935304007,-0.005216590804480115,0.026006239451746627,-0.010970183603539185,0.011021326650641816,0.026006239451746627,0.026850099728941812,0.03204111900987072,0.026006239451746627,-0.016033345266710963,0.04321561908658522,0.03278269319286031,-0.014882626706899105,0.04321561908658522,0.03408684089398051,False,False,,,,
SMH,2026-03-19,bullish_flip,long,1149,394.92,0.004301298949667243,-0.30726108009888353,-0.3115623790485508,False,-0.02577737263243185,0.002051048313582493,0.03557682568621501,-0.009014483946115703,0.011040210675579809,0.03557682568621501,-0.0008356122759041185,0.011040210675579809,0.03557682568621501,-0.03565279043856995,0.01919376076167323,0.0370201559809582,-0.006583611870758732,0.01919376076167323,0.08877240960194466,True,True,,,,
SMH,2026-03-20,bearish_flip,short,1150,384.74,-0.0016529859083480591,-0.3136286114339859,-0.31197562552563785,False,-0.01720642511826176,-0.012216042002391125,0.03779175547122726,-0.025601705047564538,-0.007485574673805617,0.03779175547122726,-0.03711597442428638,-0.007485574673805617,0.04616104382180164,0.02726516608618812,0.03048812184852112,0.04616104382180164,-0.029214534490825006,0.06466184956074228,0.04616104382180164,False,False,,,,
SMH,2026-04-02,bullish_flip,long,1159,392.32,0.021773702752063584,-0.3385195092721827,-0.3602932120242463,False,0.00932911908646017,0.012183931484502475,0.0010705546492659757,0.01932096247960846,0.019805261011419217,0.00683115823817293,0.07799755301794464,0.08327385807504073,0.00683115823817293,0.11358075040783033,0.12545880913539964,0.00683115823817293,0.18311582381729208,0.18418637846655783,0.00683115823817293,False,False,,,,
SMH,2026-04-29,bearish_flip,short,1177,499.58,-0.012344371181134961,0.8886234334529554,0.9009678046340903,True,-0.01429200528443908,0.009127667240481974,0.016433604227551246,-0.020497217662836853,0.009127667240481974,0.024840866327715316,-0.014432122983305984,0.009127667240481974,0.027162816766083564,-0.10044437327354983,0.009127667240481974,0.10068457504303607,-0.14588254133472134,0.009127667240481974,0.15709155690780263,False,False,,,,
SMH,2026-05-27,bullish_flip,long,1196,595.5,0.002091524636788189,-0.28989549212697324,-0.29198701676376143,False,0.007271200671704614,0.015516372795969735,0.013753148614609634,0.005759865659109797,0.02735281276238455,0.013753148614609634,0.02067170445004196,0.030108984047019227,0.013753148614609634,0.07120067170444999,0.07937867338371118,0.013753148614609634,-0.041293031066330865,0.07937867338371118,0.06858102434928637,False,False,,,,
SMH,2026-06-09,bearish_flip,short,1205,591.01,-0.12563376466265047,-0.06916204264095918,0.05647172202169128,False,0.034009576826111276,0.03844266594473866,0.013062384731222787,-0.031200825705148816,0.03844266594473866,0.034872506387370716,-0.04898394274208573,0.03844266594473866,0.05686875010575121,-0.04228354850171745,0.03844266594473866,0.09852625167086848,-0.04722424324461505,0.03844266594473866,0.13674895517842356,False,False,,,,
SMH,2026-06-18,bullish_flip,long,1212,659.88,0.04546324480111877,-0.17599545802562605,-0.22145870282674482,False,0.013684306237497612,0.018109353215736368,-0.0002123113293326373,-0.05732860520094574,0.018109353215736368,0.06457234648724008,-0.06207189185912598,0.018109353215736368,0.08130266108989515,-0.07314966357519548,0.018109353215736368,0.08130266108989515,-0.0842274352912652,0.018109353215736368,0.1171122022185852,False,False,,,,
SMH,2026-07-02,bearish_flip,short,1221,592.29,-0.019528549169710425,-0.05585470975399572,-0.0363261605842853,False,-0.020277229060088775,-0.019855138530112004,0.043762346148001896,0.018301845379796955,0.04298569957284426,0.043762346148001896,-0.0011987371051342954,0.04298569957284426,0.043762346148001896,-0.03163990612706624,0.04298569957284426,0.043762346148001896,0.060375829407891435,0.09367033041246686,0.043762346148001896,False,False,,,,
SMH,2026-08-04,bullish_flip,long,1243,575.71,0.008599151117597237,-0.5339482383154482,-0.5425473894330455,False,-0.0104392836671241,0.016136596550346383,0.01273210470549413,-0.007347449236594805,0.016136596550346383,0.028052318007330213,0.012141529589550393,0.018029910892636947,0.028052318007330213,-0.0048288200656582125,0.018290458737906246,0.028052318007330213,-0.01031769467266519,0.042833892063712575,0.028052318007330213,False,False,,,,
QQQ,2021-09-24,first_dark_red,short,25,373.33,-0.1555041376659108,-0.33212152655788835,-0.17661738889197753,False,0.00798221412691169,0.015000133929767179,-0.0055671925642193365,0.03605389333833331,0.03744676291752591,-0.0055671925642193365,0.0376342645916482,0.039361958588916,-0.0055671925642193365,0.03522352878150692,0.05075938178019446,-0.0055671925642193365,0.0325985053437976,0.061634478879275645,-0.0055671925642193365,False,False,34.0,2021-11-11,-0.04623255564781825,-0.028572160065541974
QQQ,2021-09-29,reaccel_in_red,short,28,359.28,-0.13670271034787224,-0.41152659232949856,-0.27482388198162633,False,0.0036740146960587694,0.0060676909374303145,0.00946337118681817,-0.0025050100200401104,0.013638387886884873,0.00946337118681817,0.01853707414829653,0.024938766421732317,0.00946337118681817,-0.0010855043420174848,0.024938766421732317,0.00946337118681817,-0.002004008016032177,0.024938766421732317,0.017841238031618856,False,False,31.0,2021-11-11,-0.08714651525272776,-0.028572160065541974
QQQ,2021-10-05,first_dark_red,short,32,357.38,-0.18517270669770924,-0.6394898747732087,-0.4543171680754995,False,-0.006407745257149378,0.011836140802507167,0.007191225026582426,-0.015641613968325085,0.011836140802507167,0.023252560299960923,-0.010576976887346934,0.011836140802507167,0.023252560299960923,0.000671554088085502,0.011836140802507167,0.023252560299960923,-0.050618389389445406,0.011836140802507167,0.05075829649112995,False,False,27.0,2021-11-11,-0.09292629693883248,-0.028572160065541974
QQQ,2021-10-13,early_rising_blue,long,38,360.0,0.13238826340639936,-0.31248663222948475,-0.4448748956358841,False,0.018416666666666748,0.019027777777777866,-0.008361111111111041,0.024833333333333263,0.02516666666666678,-0.008361111111111041,0.03513888888888883,0.03574999999999995,-0.008361111111111041,0.041611111111111265,0.0460138888888888,-0.008361111111111041,0.05555555555555558,0.0643055555555554,-0.008361111111111041,False,False,,,,
QQQ,2021-10-22,first_dark_blue,long,45,374.1,0.3598952615245024,0.45692907589635834,0.09703381437185594,True,0.010237904303662004,0.012750601443464182,0.0014434643143544923,0.013418871959369083,0.023015236567762498,0.0014434643143544923,0.015771184175354058,0.024191392675755097,0.0014434643143544923,0.03210371558406844,0.03255813953488351,0.0014434643143544923,0.06549051055867405,0.0718791766907243,0.0014434643143544923,False,False,34.0,2021-12-10,0.06391339214113856,-0.032913745885781664
QQQ,2021-11-01,reaccel_in_blue,long,51,387.43,0.25019994247352184,0.7568905286971535,0.5066905862236316,True,0.004181400511060085,0.005446145110084455,0.001755155770074568,0.014841390702836632,0.015951268616266168,0.001755155770074568,0.02785019229280139,0.030379681490849908,0.001755155770074568,0.0274372144645485,0.03499987094442858,0.001755155770074568,0.01853238004284652,0.03499987094442858,0.001755155770074568,False,False,28.0,2021-12-10,0.02730815889321936,-0.032913745885781664
QQQ,2021-11-08,first_dark_blue,long,56,398.06,0.2496009930825368,1.0802933441738314,0.8306923510912946,True,-0.006883384414409943,0.0037933979802040607,0.01040044214440028,-0.021479173993870337,0.0037933979802040607,0.02645329849771394,-0.018766015173592,0.0037933979802040607,0.02645329849771394,-0.008667035120333622,0.0037933979802040607,0.02645329849771394,0.003115108275134393,0.02675476058885584,0.02645329849771394,False,False,23.0,2021-12-10,-0.00012560920464255165,-0.032913745885781664
QQQ,2021-11-18,first_dark_red,short,64,401.75,-0.37357647733380345,0.09393473926188095,0.4675112165956844,True,-0.005575606720597426,-0.0020659614187927833,0.00883634100808961,0.006098319850653344,0.006372121966397026,0.017324206596141867,0.010628500311138711,0.021978842563783463,0.017324206596141867,0.026260112009956482,0.029819539514623572,0.017324206596141867,0.04634723086496584,0.056876166770379655,0.017324206596141867,False,False,33.0,2022-01-06,0.0441319228375856,0.016561637414717834
QQQ,2021-11-26,reaccel_in_red,short,69,391.2,-0.2993195065364211,-0.2185493046478157,0.08077020188860541,False,-0.021702453987730186,-0.010071574642126713,0.024360940695296707,-0.006697341513292487,-0.0014059304703477604,0.025536809815950967,0.010429447852760676,0.011656441717791455,0.025536809815950967,0.020628834355828185,0.03144171779141103,0.025536809815950967,-0.017407975460122627,0.03144171779141103,0.025536809815950967,False,False,28.0,2022-01-06,0.01835378323108383,0.016561637414717834
QQQ,2021-11-29,first_dark_red,short,70,399.69,-0.2831064136468231,-0.2731128151699235,0.00999359847689963,False,0.014686381946008131,0.019865395681653242,0.003752908504090602,0.03144937326427977,0.03265030398558888,0.003752908504090602,0.024468963446671155,0.0384047636918613,0.003752908504090602,0.03375115714678878,0.05201531186669672,0.003752908504090602,0.01858940679026244,0.05201531186669672,0.003752908504090602,False,False,27.0,2022-01-06,0.03920538417273389,0.016561637414717834
QQQ,2021-12-14,early_rising_blue,long,81,388.2,0.10967328935805531,-0.1463069561204418,-0.2559802454784971,False,0.02279752704791349,0.023750128799587822,0.011128284389489984,-0.0035033487892839332,0.026468315301391154,0.011128284389489984,-0.008475012879958665,0.026468315301391154,0.016563626996393577,0.002601751674394581,0.026468315301391154,0.027640391550746934,0.03438948995363211,0.04219474497681608,0.027640391550746934,False,False,,,,
QQQ,2021-12-16,first_dark_blue,long,83,386.84,0.11476757200338884,-0.08241108183163108,-0.19717865383501992,False,-0.004989142798055957,0.006074862992451635,0.013106193775204167,-0.015898045703650054,0.006074862992451635,0.024221900527349627,0.006126563954089503,0.006953779340295618,0.024221900527349627,0.02605728466549495,0.02994778202874593,0.024221900527349627,0.028461379381656604,0.045858752972805394,0.024221900527349627,False,False,30.0,2022-01-31,-0.061498293868265885,-0.021815176972868833
QQQ,2021-12-23,reaccel_in_blue,long,88,396.92,0.037807416009453726,-0.091138745591928,-0.12894616160138173,False,0.0165272599012396,0.0165272599012396,-0.003273707548120397,0.011815983069636271,0.019298599213947387,-0.003273707548120397,0.011664819107124913,0.019298599213947387,-0.003273707548120397,0.0023430414189258286,0.019298599213947387,-0.0010581477375792847,-0.042980953340723604,0.019298599213947387,0.04756626020356747,False,False,25.0,2022-01-31,-0.08533205683764988,-0.021815176972868833
QQQ,2021-12-31,first_dark_blue,long,93,397.85,0.15130406819082384,0.1751606358618395,0.023856567671015648,True,0.009626743747643607,0.01028025637803176,0.002438104813371922,-0.003468643961291984,0.011134849817770354,0.011466633153198513,-0.03408319718486863,0.011134849817770354,0.034736709815257116,-0.045218047002639206,0.011134849817770354,0.0497926354153575,-0.04484102048510752,0.011134849817770354,0.07173557873570446,False,False,20.0,2022-01-31,-0.08747015206736208,-0.021815176972868833
QQQ,2022-01-12,first_dark_red,short,101,387.35,-0.3150113398517352,-0.5386217251705048,-0.2236103853187696,False,0.025016135278172147,0.027494514005421578,0.005473086356008849,0.018949270685426733,0.032244739899315866,0.005473086356008849,0.04337162772686198,0.045384277784949134,0.005473086356008849,0.06616754872854003,0.06758745320769333,0.005473086356008849,0.11940105847424809,0.13734348780172978,0.005473086356008849,False,False,24.0,2022-02-16,0.08083128953143148,0.04367486799236042
QQQ,2022-01-26,reaccel_in_red,short,110,344.57,-0.14166498907187686,-0.7705806208048174,-0.6289156317329405,False,0.010070522680442173,0.01311779899584986,0.019444525060219986,-0.020982674057520967,0.019212351626665125,0.02162115099979678,-0.05363206315117397,0.019212351626665125,0.055373363902835315,-0.06941985663290473,0.019212351626665125,0.07409234698319644,-0.06431204109469779,0.019212351626665125,0.07409234698319644,False,False,15.0,2022-02-16,-0.033287866035928815,0.04367486799236042
QQQ,2022-01-28,first_dark_red,short,112,351.8,-0.0796692924766138,-0.7660809987060193,-0.6864117062294055,False,-0.031978396816372934,0.0007959067652075769,0.03368391131324611,-0.0389994314951676,0.0007959067652075769,0.04090392268334275,-0.047441728254690174,0.0007959067652075769,0.052018192154633436,-0.017652075042637883,0.0007959067652075769,0.052018192154633436,0.013473564525298465,0.017055144968732283,0.052018192154633436,True,True,13.0,2022-02-16,-0.012052302444570895,0.04367486799236042
QQQ,2022-02-02,early_rising_blue,long,115,368.49,0.31955389103940945,-0.22916363285549757,-0.548717523894907,False,-0.04054384108116904,-0.017802382696952446,0.04350185893782743,-0.02844039186952163,-0.017802382696952446,0.0448316100843984,-0.03625607207793968,-0.017802382696952446,0.0448316100843984,-0.004776249016255507,-0.004559146788243984,0.0448316100843984,-0.03378653423430755,-0.004559146788243984,0.06675893511357167,False,False,,,,
QQQ,2022-02-08,first_dark_blue,long,119,359.12,0.45017050507367384,0.35647390043663396,-0.09369660463703987,False,0.02119068834929827,0.02141345511249715,-0.008353753619959825,-0.001921363332590742,0.02141345511249715,0.007184228113165436,-0.03358208955223885,0.02141345511249715,0.0370906660726219,-0.008325907774560104,0.02141345511249715,0.04240922254399648,-0.08270216083760296,0.02141345511249715,0.08359322789039869,False,False,15.0,2022-03-02,-0.03313655602584087,-0.03522262542480281
QQQ,2022-02-25,first_dark_red,short,131,345.77,-0.18952515344342638,-0.2694228402694446,-0.0798976868260182,False,-0.002978858778957205,0.012869826763455494,0.008011105648263461,0.012378170460132343,0.0198686988460538,0.008011105648263461,-0.004193539057755213,0.0198686988460538,0.008155710443358277,0.024496052289093795,0.031379240535616026,0.01234924950111349,0.06180408942360527,0.07470283714607973,0.01234924950111349,False,False,10.0,2022-03-11,0.06180408942360527,-0.08350801479654768
QQQ,2022-03-04,early_rising_blue,long,136,337.3,0.09490928384003193,0.022921824119211412,-0.07198745972082052,False,-0.036881114734657605,0.003498369404091317,0.03750370589979257,-0.04135784168396084,0.003498369404091317,0.051467536317817975,-0.006848502816483859,0.003498369404091317,0.051467536317817975,-0.03824488585828645,0.003498369404091317,0.051467536317817975,0.04206937444411496,0.04295879039430783,0.058849688704417535,False,False,,,,
QQQ,2022-03-07,first_dark_blue,long,137,324.86,0.08683558623251661,0.03655702306982525,-0.050278563162691366,False,-0.004648156128793879,0.025703379917502822,0.015144985532229316,0.0311826633011143,0.03546142953887821,0.015144985532229316,0.019731576679184792,0.03546142953887821,0.015144985532229316,-0.020593486424921537,0.03546142953887821,0.022809825771101466,0.07763344209813439,0.08502123991873423,0.022809825771101466,False,False,8.0,2022-03-17,0.06027211721972536,0.0441586343049587
QQQ,2022-03-16,first_dark_red,short,144,340.32,-0.022134451163582355,-0.0832604955862792,-0.06112604442269684,False,-0.012106252938410833,0.009636224729666187,0.012282557592853793,-0.03282204983544901,0.009636224729666187,0.033703573107663365,-0.028678890456041328,0.009636224729666187,0.03573107663375663,-0.03382110954395867,0.009636224729666187,0.05151034320639414,-0.07866125999059714,0.009636224729666187,0.09258932769158434,True,True,17.0,2022-04-08,-0.025946168312176665,0.029958470571387563
QQQ,2022-03-21,early_rising_blue,long,147,350.08,0.1700134867740864,0.188365856427551,0.018352369653464602,True,0.019652650822669093,0.02219492687385749,-0.00034277879341870765,0.004998857404021839,0.02219492687385749,-0.00034277879341870765,0.027336608775136995,0.027479433272394882,-0.00034277879341870765,0.042361745886654534,0.042647394881170086,-0.00034277879341870765,0.05490173674588683,0.062128656307129715,-0.00034277879341870765,False,False,,,,
QQQ,2022-03-24,first_dark_blue,long,150,359.65,0.21724966667881468,0.39903337935547234,0.18178371267665766,True,-0.0008341443069649346,0.0028360906436815103,0.013085499791463784,0.014625330182121532,0.014903378284443214,0.013085499791463784,0.03208675100792435,0.03386625886278338,0.013085499791463784,0.008035590157097205,0.03386625886278338,0.013085499791463784,-0.015431669678854343,0.03386625886278338,0.030474072014458398,False,False,37.0,2022-05-17,-0.148700125121646,-0.06182839598915635
QQQ,2022-04-20,first_dark_red,short,168,341.21,-0.2842651672884319,-0.21981958978527805,0.06444557750315383,False,0.020691070015532942,0.02347527915360037,0.019518771431083604,0.04633510155036491,0.04762462999325934,0.019518771431083604,0.03408458134286807,0.05503941853990202,0.019518771431083604,0.07165675097447322,0.07681486474605081,0.019518771431083604,0.034025966413645414,0.09250901204536799,0.019518771431083604,False,False,37.0,2022-06-13,0.19284311714193592,-0.020587487745542754
QQQ,2022-04-27,reaccel_in_red,short,173,316.76,-0.204181974349175,-0.4119859330791543,-0.2078039587299793,False,-0.03551584796060103,-0.002399292840004952,0.0414509407753505,0.011080944563707562,0.013132971334764432,0.0414509407753505,-0.005429978532643043,0.02246180073241577,0.0414509407753505,-0.040535421139032746,0.02246180073241577,0.04271372648061633,0.07867154943806043,0.08148124763227682,0.04271372648061633,False,False,32.0,2022-06-13,0.13054047228185361,-0.020587487745542754
QQQ,2022-04-28,first_dark_red,short,174,328.01,-0.19799410611709278,-0.45529659137634526,-0.2573024852592525,False,0.04499862809060695,0.046980274991616056,-0.0023932197189109328,0.02905399225633354,0.05598914667235755,-0.0023932197189109328,0.028017438492728863,0.05598914667235755,-0.0023932197189109328,0.045760799975610444,0.05606536386085781,0.006951007591232017,0.11237462272491694,0.13130697234840405,0.006951007591232017,False,False,31.0,2022-06-13,0.1603609646047376,-0.020587487745542754
QQQ,2022-05-09,reaccel_in_red,short,181,297.15,-0.08395678297031689,-0.5784909612160507,-0.4945341782457338,False,-0.012148746424364809,0.001951876156823129,0.028975265017667784,0.01786976274608787,0.020864883055695782,0.028975265017667784,0.020191822311963703,0.041090358404845984,0.028975265017667784,-0.004341241797072293,0.041090358404845984,0.028975265017667784,0.012350664647484244,0.057008244994110724,0.03166750799259632,False,False,24.0,2022-06-13,0.07316170284368151,-0.020587487745542754
QQQ,2022-05-10,first_dark_red,short,182,300.76,-0.08373334115555364,-0.5992008546901759,-0.5154675135346223,False,0.029658199228620896,0.0326173693310281,0.011071951057321394,0.03195238728554328,0.05260007979784542,0.011071951057321394,-0.003923394068360286,0.05260007979784542,0.011071951057321394,-0.0179877643303632,0.05260007979784542,0.019284479319058523,0.044952786274770506,0.06832690517356033,0.019284479319058523,False,False,23.0,2022-06-13,0.08428647426519476,-0.020587487745542754
QQQ,2022-05-11,reaccel_in_red,short,183,291.84,-0.08996230699080932,-0.627920397273134,-0.5379580902823247,False,0.0023643092105263275,0.023643092105263053,0.013397752192982448,-0.0346080043859649,0.023643092105263053,0.0382367050438599,-0.022615131578947345,0.023643092105263053,0.0382367050438599,0.002398574561403466,0.023643092105263053,0.05043859649122817,0.0019873903508771384,0.039850603070175405,0.05043859649122817,False,False,22.0,2022-06-13,0.05629797149122795,-0.020587487745542754
QQQ,2022-05-13,first_dark_red,short,185,301.94,-0.07124687903903171,-0.652799814099662,-0.5815529350606303,False,0.011591706961648018,0.01593031728157912,0.0010598132079220335,-0.014009405842220435,0.01593031728157912,0.015301053189375358,0.03576869576737107,0.04004106776180694,0.015301053189375358,0.04391600980327215,0.07196794065046042,0.015301053189375358,-0.023713320527257054,0.07196794065046042,0.024210107968470673,True,True,20.0,2022-06-13,0.0878651387692918,-0.020587487745542754
QQQ,2022-05-19,early_rising_blue,long,189,289.58,0.12860902715660488,-0.38650629965491673,-0.5151153268115216,False,-0.003107949444022262,0.014572829615304927,0.03235720698943301,0.013467780924097061,0.014814559016506745,0.03235720698943301,-0.008080668554458104,0.014814559016506745,0.03235720698943301,0.03366945231024232,0.03916016299468206,0.03235720698943301,0.05739346639961318,0.08626286345742118,0.03235720698943301,False,False,,,,
QQQ,2022-05-20,first_dark_blue,long,190,288.68,0.12747114849667174,-0.35577639119068194,-0.4832475396873537,False,0.016627407510045655,0.01797838437023702,0.004815020091450739,-0.004988222253013763,0.01797838437023702,0.0222737979769988,0.008937231536649604,0.01797838437023702,0.0222737979769988,0.07073576278231952,0.07125536926700837,0.0222737979769988,0.06422336150755159,0.08964943882499643,0.0222737979769988,False,False,24.0,2022-06-27,0.013059442981848246,-0.018772439733287793
QQQ,2022-05-23,reaccel_in_blue,long,191,293.48,0.1295963284598991,-0.3212521291124798,-0.4508484575723789,False,-0.021262096224614946,-0.015742128935532285,0.038264958429875984,-0.007564399618372741,-0.00030666484939356753,0.038264958429875984,0.01993321521057645,0.025350960883194773,0.038264958429875984,0.050429330789150795,0.0608218617963745,0.038264958429875984,0.05584707646176912,0.07182772250238512,0.038264958429875984,False,False,23.0,2022-06-27,-0.0035096088319477303,-0.018772439733287793
QQQ,2022-05-24,first_dark_blue,long,192,287.24,0.12009246894484271,-0.30073287139132554,-0.42082534033616825,False,0.013995265283386571,0.021410667038016973,0.0060576521375853565,0.0420902381283943,0.04762567887480862,0.0060576521375853565,0.07610360674000849,0.07662581813117941,0.0060576521375853565,0.06531123798913807,0.08846260966439212,0.0060576521375853565,0.07102074919927581,0.09511210137863801,0.0060576521375853565,False,False,22.0,2022-06-27,0.018138142320011097,-0.018772439733287793
QQQ,2022-05-26,reaccel_in_blue,long,194,299.33,0.15000948294430552,-0.20355828242128934,-0.35356776536559487,False,0.03263956168776949,0.0331406808539072,-0.010323054822436895,0.029900110246216416,0.0400895332910165,-0.010323054822436895,0.022283098920923505,0.04449938195302838,-0.010323054822436895,0.022951257809107117,0.05088029933518201,-0.010323054822436895,-0.03504493368523043,0.05088029933518201,0.036568335950288855,False,False,20.0,2022-06-27,-0.02298466575351621,-0.018772439733287793
QQQ,2022-06-03,first_dark_blue,long,199,306.2,0.34649963253042265,0.37311771837275487,0.02661808584233223,True,0.0033311561071196483,0.020084911822338514,0.0018941868060090572,0.01198563030698896,0.020084911822338514,0.011467668190724978,0.004702808621815713,0.020084911822338514,0.011467668190724978,-0.056694970607446216,0.020084911822338514,0.05818419333768765,-0.10290659699542781,0.020084911822338514,0.12057478772044417,False,False,15.0,2022-06-27,-0.044905290659699504,-0.018772439733287793
QQQ,2022-06-21,first_dark_red,short,210,281.08,-0.2626024436146466,-0.25171693133429085,0.010885512280355725,False,0.0014586594563824606,0.011277927992030645,0.014586594563825273,-0.013412551586736932,0.011277927992030645,0.01650775579906094,-0.04813576206062331,0.011277927992030645,0.049665575636829606,-0.008751956738295208,0.011277927992030645,0.055144087092642735,-0.027465490251885605,0.018855841753237512,0.055144087092642735,False,False,15.0,2022-07-13,-0.01625871637967835,-0.06084368983021182
QQQ,2022-06-29,early_rising_blue,long,216,283.8,0.15368736094072827,0.15096282175068215,-0.002724539190046102,False,-0.01240310077519391,0.0005077519379843576,0.028259337561663322,-0.005884425651867531,0.0005077519379843576,0.028259337561663322,0.011134601832276214,0.01155743481324878,0.028259337561663322,0.039393939393939315,0.04193093727977448,0.028259337561663322,0.010112755461592737,0.04563072586328398,0.028259337561663322,False,False,,,,
QQQ,2022-07-01,first_dark_blue,long,218,282.13,0.13283949534335035,0.20188996437441445,0.0690504690310641,True,0.0171197674830752,0.01754510332116399,0.019068868961117258,0.023641583667103783,0.031262184099528634,0.019068868961117258,0.04554637932867833,0.04809839435721108,0.019068868961117258,0.024492255343281588,0.051820082940488454,0.019068868961117258,0.025768262857547963,0.051820082940488454,0.019068868961117258,False,False,12.0,2022-07-20,0.07407932513380344,0.012474012474012586
QQQ,2022-07-18,first_dark_red,short,228,289.4,-0.02385319043906893,0.11133755358293977,0.1351907440220087,True,-0.030753282653766423,-0.007152729785763867,0.03178991015894961,-0.047097442985487126,-0.007152729785763867,0.0512785072563926,-0.06212854181064276,-0.007152729785763867,0.062318590186593026,-0.037560469937802266,-0.007152729785763867,0.06617138908085707,-0.08939184519695931,-0.007152729785763867,0.10162404975812045,True,True,23.0,2022-08-18,-0.13780234968901173,0.026421282798833823
QQQ,2022-07-22,early_rising_blue,long,232,301.99,0.09580900787488258,0.2751325956096239,0.1793235877347413,True,-0.005695552832875372,0.0016887976423061168,0.012483857081360239,-0.02523262359680789,0.0016887976423061168,0.02798105897546277,0.015960793403755114,0.021689459915891218,0.02798105897546277,0.04460412596443586,0.04768369813569984,0.02798105897546277,0.0654326302195436,0.07526739296003182,0.02798105897546277,False,False,,,,
QQQ,2022-07-26,first_dark_blue,long,234,294.37,0.10918718918076398,0.3441165556655992,0.2349293664848352,True,0.04225974114209996,0.0481366987125047,-0.01389407888032057,0.05245099704453571,0.05444338757346201,-0.01389407888032057,0.07164452899412299,0.07480381832387795,-0.01389407888032057,0.06780582260420553,0.08302476475184295,-0.01389407888032057,0.07714780718143821,0.10904643815606208,-0.01389407888032057,False,False,35.0,2022-09-14,0.005639161599347631,-0.042124109043002345
QQQ,2022-07-28,reaccel_in_blue,long,236,309.81,0.10462219187592908,0.3916248227749472,0.2870026308990181,True,0.018236983957909514,0.021238823795229234,-0.00039056195732856125,0.017623704851360555,0.029050062941803123,-0.00039056195732856125,0.014589587166327744,0.029050062941803123,-0.00039056195732856125,0.04709337981343387,0.04812627094025368,-0.00039056195732856125,0.046060488686614276,0.06633097705045032,-0.00039056195732856125,False,False,33.0,2022-09-14,-0.04447887414867191,-0.042124109043002345
QQQ,2022-08-05,first_dark_blue,long,242,321.75,0.2028266473203788,0.7424573647164492,0.5396307173960704,True,-0.003232323232323253,0.014669774669774815,0.00789432789432798,-0.01451437451437454,0.014669774669774815,0.019673659673659638,0.01299145299145299,0.014669774669774815,0.019673659673659638,0.02685314685314677,0.02745920745920749,0.019673659673659638,0.0034498834498835063,0.03938119658119654,0.019673659673659638,False,False,27.0,2022-09-14,-0.07993783993783998,-0.042124109043002345
QQQ,2022-08-16,reaccel_in_blue,long,249,332.28,0.03028746195426535,0.697518627051734,0.6672311650974686,True,-0.011406043096183871,-0.0025580835439988903,0.01781629950644026,-0.009028530155290704,-0.0025580835439988903,0.01781629950644026,-0.028349584687612728,-0.0025580835439988903,0.03069700252798846,-0.054712892741061614,-0.0025580835439988903,0.05703021548091969,-0.09407728421812922,-0.0025580835439988903,0.1018418201516792,True,True,20.0,2022-09-14,-0.10909473937642955,-0.042124109043002345
QQQ,2022-08-17,first_dark_blue,long,250,328.49,0.0014653923700581606,0.6690629055600413,0.6675975131899832,True,0.0024049438339066587,0.006088465402295462,0.0051751955919510095,-0.017139030107461428,0.006088465402295462,0.01951353161435665,-0.0430150080672167,0.006088465402295462,0.04554172120916933,-0.04103625681147072,0.006088465402295462,0.04718560686778894,-0.08895247952753516,0.006088465402295462,0.09147919266948767,True,True,19.0,2022-09-14,-0.09881579347925362,-0.042124109043002345
QQQ,2022-08-29,first_dark_red,short,258,304.41,-0.4703457341898356,-0.43093762752097753,0.03940810666885808,False,0.01113629644229841,0.01961170789395894,0.007621300220097771,0.016885122039354994,0.01961170789395894,0.007621300220097771,0.016458066423573614,0.03764659505272505,0.007621300220097771,0.03731809073289316,0.044479484905226574,0.007621300220097771,0.035182812653986484,0.044479484905226574,0.021911238132781286,False,False,15.0,2022-09-20,0.051509477349627186,0.049354067814220914
QQQ,2022-09-16,first_dark_blue,long,271,289.32,0.01646296631342259,-0.5370611057429808,-0.5535240720564034,False,0.0059795382275682485,0.006532559104106106,0.011336927969030741,-0.0020392644822341266,0.006532559104106106,0.011336927969030741,-0.019908751555371196,0.016003041614820912,0.020392644822341932,-0.04773261440619381,0.016003041614820912,0.05979538227568093,-0.07624775335268907,0.016003041614820912,0.07680077422922704,True,True,12.0,2022-10-04,-0.024851375639430406,-0.06869173785134508
QQQ,2022-09-28,first_dark_red,short,279,279.94,-0.10685248151927285,-0.7888187577417669,-0.6819662762224941,False,0.028827605915553334,0.03965135386154184,-0.01318139601343149,0.045295420447238666,0.045866971493891406,-0.01318139601343149,0.02289776380653008,0.045866971493891406,-0.01318139601343149,-0.007287275844823915,0.045866971493891406,0.01382439094091592,0.06172751303850821,0.06755018932628432,0.015146102736300682,False,False,25.0,2022-11-02,0.050939487032935604,0.008882866606443884
QQQ,2022-10-06,early_rising_blue,long,285,279.76,0.2736669452837109,-0.3066597687366222,-0.5803267140203331,False,-0.03810408921933073,-0.016478410065770666,0.04296539891335427,-0.04771947383471531,-0.016478410065770666,0.05762081784386619,-0.0608021160995138,-0.016478410065770666,0.0669502430654848,-0.03910494709751211,-0.016478410065770666,0.09114955676293968,-0.03806834429510997,-0.009114955676294056,0.09114955676293968,False,False,,,,
QQQ,2022-10-11,first_dark_blue,long,288,262.75,0.32156904302820544,-0.009676182998933719,-0.3312452260271392,False,-0.00034253092293046183,0.009933396764985725,0.0030447193149382157,0.023101807802093255,0.028239771646051404,0.03231208372978123,-0.007649857278782091,0.03448144624167471,0.03231208372978123,0.03322549952426268,0.05503330161750708,0.03231208372978123,0.08167459562321588,0.08315889628924844,0.03231208372978123,False,False,24.0,2022-11-14,0.08635585156993342,-0.0124369394618834
QQQ,2022-10-19,reaccel_in_blue,long,294,270.49,0.1492809120294075,0.09597118533429187,-0.05330972669511561,False,-0.0051018521941661454,0.01608192539465403,0.009501275463048464,0.018226182113941336,0.020255832008577057,0.013554660061370183,0.029428074975045293,0.03294021960146387,0.013554660061370183,0.02750563791637406,0.052164590188177096,0.013554660061370183,-0.01778254279270952,0.052164590188177096,0.018041332396761423,False,False,18.0,2022-11-14,0.05527006543679991,-0.0124369394618834
QQQ,2022-10-26,first_dark_blue,long,299,277.93,0.14850310493034852,0.2840442647654373,0.1355411598350888,True,-0.018206023099341606,0.0012575108840353622,0.020112978088007938,0.011837513042852521,0.013557370560932425,0.0211204260065484,7.19605656098743e-05,0.013557370560932425,0.0211204260065484,-0.04407584643615303,0.014895837081279506,0.04432770841578815,-0.052567193178138405,0.014895837081279506,0.06782283308746817,False,False,13.0,2022-11-14,0.02702119238657219,-0.0124369394618834
QQQ,2022-11-10,first_dark_red,short,310,282.75,-0.13087298561509317,-0.10682706319973437,0.024045922415358807,False,-0.018426171529619673,0.0055172413793103114,0.020831122900088372,-0.009513704686118452,0.0055172413793103114,0.022864721485410966,-0.023483642793987514,0.0055172413793103114,0.0371706454465075,-0.007285587975243146,0.007179487179487132,0.0371706454465075,-0.014748010610079687,0.008099027409372295,0.0371706454465075,True,True,19.0,2022-12-08,-0.0038903625110522366,0.024519992954025183
QQQ,2022-11-16,early_rising_blue,long,314,285.44,0.11401894161346206,0.16761239165130434,0.053593450037842286,True,-0.002207118834080757,0.003079105941703908,0.016535874439461806,-0.002172085201793683,0.008933576233183915,0.016535874439461806,-0.0124369394618834,0.008933576233183915,0.016535874439461806,0.01184136771300448,0.014083520179372089,0.017446748878923835,0.02900784753363239,0.03611967488789247,0.021966087443946125,False,False,,,,
QQQ,2022-11-21,first_dark_blue,long,317,281.89,0.12455581599676435,0.2773070321988924,0.15275121620212806,True,0.014402781226719563,0.014970378516442784,0.005072900776898814,0.02458405761112492,0.026854446770016693,0.005072900776898814,0.017843839795665062,0.026854446770016693,0.005072900776898814,-0.004682677640214239,0.026854446770016693,0.009649153925289866,-0.0007449714427613108,0.04916811522224984,0.009649153925289866,False,False,33.0,2023-01-10,-0.03214019653056155,0.018509694681669853
QQQ,2022-11-25,reaccel_in_blue,long,320,286.92,0.1137119533160309,0.35032523647479186,0.23661328315876096,True,-0.014673079604070938,0.00013941168269893112,0.01798410706817244,-0.02213160462846797,0.00013941168269893112,0.027011013522933225,0.022445280914540566,0.02282866304196296,0.027011013522933225,0.019622194339885768,0.030775128955806474,0.027011013522933225,-0.017008225289279255,0.030775128955806474,0.028369928900041863,False,False,30.0,2023-01-10,-0.04910776523072646,0.018509694681669853
QQQ,2022-11-28,first_dark_blue,long,321,282.71,0.10896624436438707,0.37282108861424484,0.2638548442498578,True,-0.0075695942838951424,0.0022638038979874153,0.01252166531074228,0.03767111173994575,0.0380602030349122,0.01252166531074228,0.03894450143256356,0.04612500442149203,0.01252166531074228,0.01743836440168378,0.04612500442149203,0.01252166531074228,0.010151745605037066,0.04612500442149203,0.013900817091719309,False,False,29.0,2023-01-10,-0.0349474726751795,0.018509694681669853
QQQ,2022-12-01,reaccel_in_blue,long,324,293.72,0.10267841975997105,0.43800193057513875,0.3353235108151677,True,-0.00398338553724642,-0.0009192428162877464,0.01824867220482096,-0.020699986381588098,-0.0009192428162877464,0.025772844886286395,-0.040991420400381395,-0.0009192428162877464,0.0458429797085661,-0.033603431839847486,-0.0009192428162877464,0.05086442870761276,-0.057299468881928495,0.010741522538471937,0.061453084570339156,False,False,26.0,2023-01-10,-0.07112215715647574,0.018509694681669853
QQQ,2022-12-05,first_dark_blue,long,326,287.64,0.12003831137348359,0.5157244842648481,0.3956861728913645,True,-0.020720344875538754,-6.953135864273818e-05,0.025674454178834627,-0.024718397997496866,-6.953135864273818e-05,0.03080204422194399,-0.013176192462800551,-6.953135864273818e-05,0.03080204422194399,-0.007161729940203032,-6.953135864273818e-05,0.03080204422194399,-0.062195800305937965,0.03210610485328891,0.06657627590043103,False,False,24.0,2023-01-10,-0.05148797107495484,0.018509694681669853
QQQ,2022-12-22,first_dark_red,short,339,266.76,-0.2725825070326556,-0.34782329863466704,-0.07524079160201146,False,-0.0022492127755286973,0.012108262108262213,0.004798320587794391,0.011920827710301451,0.013982606087869276,0.004798320587794391,0.02496626180836692,0.026353276353276223,0.004798320587794391,0.001799370220422869,0.026353276353276223,0.004798320587794391,-0.014170040485830038,0.026353276353276223,0.031976308292097855,False,False,32.0,2023-02-09,-0.1309041835357625,-0.005369928400954738
QQQ,2023-01-12,early_rising_blue,long,352,279.05,0.1785366187046386,-0.24362122376169792,-0.42215784246633653,False,0.0068804873678551814,0.007772800573373928,0.010356566923490407,0.008923132055187244,0.013617631248880269,0.010356566923490407,-0.004192796989786807,0.020211431643074595,0.010356566923490407,0.013008421429851369,0.020211431643074595,0.018491309801111022,0.06167353520874386,0.06884070955025967,0.018491309801111022,False,False,,,,
QQQ,2023-01-19,first_dark_blue,long,356,275.15,0.3439812930829443,0.23425454371371981,-0.10972674936922447,False,0.027366890786843623,0.028602580410685086,-0.00203525349809186,0.05019080501544604,0.054733781573687024,-0.00203525349809186,0.04804652007995647,0.054733781573687024,-0.00203525349809186,0.06610939487552248,0.06676358349990918,-0.00203525349809186,0.13290932218789764,0.14003270943121948,-0.00203525349809186,False,False,34.0,2023-03-09,0.06363801562783955,0.04834962072028959
QQQ,2023-01-27,reaccel_in_blue,long,362,296.26,0.2387663535459723,0.533220756772987,0.29445440322701466,True,-0.02021872679403225,-0.0063457773577263454,0.02150138391953016,-0.005535678120569765,-0.0051981367717544025,0.02150138391953016,0.01572942685478984,0.024201714710051947,0.02150138391953016,0.03348410180247097,0.05879970296361314,0.02150138391953016,0.011611422399243843,0.05879970296361314,0.02150138391953016,False,False,28.0,2023-03-09,-0.012151488557348156,0.04834962072028959
QQQ,2023-01-30,first_dark_blue,long,363,290.27,0.22642929042840576,0.5774910162625219,0.3510617258341161,True,0.01498604747304233,0.015330554311503208,0.00024115478692254833,0.03668997829606924,0.04533709994143398,0.00024115478692254833,0.07389671684982968,0.08064905088366014,0.00024115478692254833,0.04588831088297107,0.08064905088366014,0.00024115478692254833,0.04902332311296376,0.08064905088366014,0.00024115478692254833,False,False,27.0,2023-03-09,0.008233713439211865,0.04834962072028959
QQQ,2023-02-02,reaccel_in_blue,long,366,311.72,0.20697632400982646,0.7142465540338598,0.5072702300240334,True,-0.01777235981008607,0.0021493648145769484,0.023033491595021216,-0.02608109842166062,0.0021493648145769484,0.03047606826639293,-0.005902733222122536,0.0021493648145769484,0.03047606826639293,-0.03220839214679849,0.0021493648145769484,0.03695624278198395,-0.02701142050558203,0.0021493648145769484,0.04641986398049536,False,False,24.0,2023-03-09,-0.06114461696394202,0.04834962072028959
QQQ,2023-02-03,first_dark_blue,long,367,306.18,0.18621007582528026,0.7400328248056337,0.5538227489803534,True,-0.008459076360311069,-0.0008818342151675207,0.01293356848912397,0.012084394800444098,0.015840355346528057,0.01293356848912397,-0.005911555294271342,0.015840355346528057,0.01293356848912397,-0.021164021164021274,0.015840355346528057,0.02916585015350448,-0.016395584296818755,0.015840355346528057,0.02916585015350448,False,False,23.0,2023-03-09,-0.044157031811352776,0.04834962072028959
QQQ,2023-02-24,first_dark_red,short,381,291.85,-0.30610232250575875,-0.2686942505008813,0.03740807200487743,False,-0.007161212951858786,-0.005105362343669428,0.015898578036662725,-0.005859174233338926,-0.0038033236251497904,0.015898578036662725,0.0022271714922049712,0.005653589172520235,0.015898578036662725,-0.026828850436868112,0.0119239335274971,0.02765119068014399,0.011307178345040247,0.015316087031009173,0.04163097481582989,False,False,30.0,2023-04-10,-0.08915538804180212,-0.00305156195929146
QQQ,2023-03-13,early_rising_blue,long,392,290.69,0.03133381787293604,-0.24064868425321956,-0.2719825021261556,False,0.02297980666689603,0.024906257525198594,-0.009494650658777415,0.028346348343596395,0.02951597922185134,-0.00877223158691387,0.055454263992569475,0.05672709759537664,-0.00877223158691387,0.05256458770511552,0.0635040765076198,-0.00877223158691387,0.06216244108844471,0.08448863049984512,-0.00877223158691387,False,False,,,,
QQQ,2023-03-27,first_dark_blue,long,402,308.76,0.21637124735945493,0.3401984030951347,0.12382715573567979,True,-0.005311568856069426,-0.0018137064386578583,0.012909703329446742,0.012825495530509157,0.014865915273999386,0.012909703329446742,0.022412229563415043,0.024485036921880976,0.012909703329446742,0.03688949345770176,0.04019303018525733,0.012909703329446742,0.02289804378805549,0.04168286047415459,0.012909703329446742,False,False,25.0,2023-05-02,0.03439564710454723,0.007076210157179519
QQQ,2023-03-31,reaccel_in_blue,long,406,320.93,0.15669402654092168,0.44619464479187765,0.28950061825095597,True,-0.0024304365437947117,-0.0015891315863272304,0.010936652852647,-0.005795656373664082,0.002181161000841314,0.010936652852647,-0.015610880877449884,0.002181161000841314,0.021375377808244833,-0.009534789517963382,0.002181161000841314,0.02527030816689002,-0.006512323559654809,0.002181161000841314,0.026064873960053636,False,False,21.0,2023-05-02,-0.004829713644720068,0.007076210157179519
QQQ,2023-04-03,first_dark_blue,long,407,320.15,0.1555275327335553,0.48391003416790007,0.3283825014343448,True,-0.0033734187099796475,0.004622833047009278,0.007261908480399648,-0.013212556614087045,0.004622833047009278,0.018991097922848588,-0.006559425269404895,0.004622833047009278,0.022895517726065906,-0.013493674839918812,0.004622833047009278,0.022895517726065906,-0.004029361236920104,0.004622833047009278,0.023692019365922135,False,False,20.0,2023-05-02,-0.0024051225987817837,0.007076210157179519
QQQ,2023-04-17,first_dark_red,short,416,318.84,-0.21462631700331974,-0.06196743169158447,0.15265888531173527,False,-6.272738677726153e-05,0.0037636432066239234,0.008091832894241646,0.00040772801405086767,0.008029105507464607,0.008091832894241646,0.008029105507464607,0.012137749341362247,0.008091832894241646,0.009064107389286091,0.015995483628151952,0.008091832894241646,-0.010506837285158666,0.02807050558273738,0.015023209133107507,False,False,27.0,2023-05-24,-0.04017689123071144,-0.06139001959897494
QQQ,2023-04-25,reaccel_in_red,short,422,309.99,-0.0903189824290376,-0.12576233336084208,-0.035443350931804486,False,-0.006064711764895536,-0.004354979192876973,0.01595212748798347,-0.03342043291719099,-0.004354979192876973,0.03506564727894457,-0.040549695151456566,-0.004354979192876973,0.04084002709764811,-0.030291299719345632,-0.004354979192876973,0.04400141940062574,-0.03758185747927345,-0.004354979192876973,0.04532404271105528,False,False,21.0,2023-05-24,-0.06987322171682941,-0.06139001959897494
QQQ,2023-04-27,first_dark_red,short,424,320.35,-0.090438545886845,-0.17366366308096912,-0.08322511719412412,False,-0.00689870454190733,0.004339004214140907,0.007179647260808331,-0.005743717808646798,0.004339004214140907,0.010238801311065915,0.003027938192601942,0.008553144997658801,0.010238801311065915,0.01304822850007803,0.016341501482753262,0.010238801311065915,-0.018261276728577913,0.016341501482753262,0.01997814889964089,False,False,19.0,2023-05-24,-0.03527391915092859,-0.06139001959897494
QQQ,2023-05-04,early_rising_blue,long,429,316.17,0.06893685419481838,0.016413641123470338,-0.05252321307134804,False,0.021254388461903417,0.024006072682417612,-0.00013157478571645953,0.0237846728026061,0.02489167220166366,-0.00013157478571645953,0.01730081917955517,0.02489167220166366,-0.00013157478571645953,0.031723439921561125,0.03346301040579425,-0.00013157478571645953,0.06673624948603596,0.06743207767972925,-0.00013157478571645953,False,False,,,,
QQQ,2023-05-19,first_dark_blue,long,440,336.51,0.1627972382204389,0.47628600434933493,0.31348876612889603,True,0.003357998276425578,0.006418828563787171,0.0008023535704733131,-0.009360791655522838,0.006418828563787171,0.01043059641615407,-0.01444236426852108,0.006418828563787171,0.02065317523996313,0.035333273899735396,0.03784434340732812,0.02065317523996313,0.054649193188909706,0.062360702505126264,0.02065317523996313,False,False,17.0,2023-06-14,0.08733767198597353,0.0007379065318393607
QQQ,2023-05-31,first_dark_red,short,447,347.99,-0.20805028171731327,-0.042945997302102495,0.16510428441521077,False,-0.011552056093565799,0.0038219489065777212,0.015431477916032055,-0.01913848099083304,0.0038219489065777212,0.022529383028247807,-0.01985689243943778,0.0038219489065777212,0.027314003275956233,-0.0023851260093681326,0.0038219489065777212,0.027314003275956233,-0.05146699617805095,0.0038219489065777212,0.05230035345843276,False,False,14.0,2023-06-21,-0.039972413000373574,-0.007294832826747921
QQQ,2023-06-07,reaccel_in_red,short,452,348.82,-0.019130201036011422,0.04352061163497669,0.06265081267098811,True,-0.012413279055099924,-0.0002006765667106336,0.013760678860157194,-0.01628346998451935,-0.0002006765667106336,0.025342583567456112,-0.03345565047875709,-0.0002006765667106336,0.033742331288343586,-0.04896508227739238,-0.0002006765667106336,0.04979645662519361,-0.04973912046327622,-0.0002006765667106336,0.0688893985436616,False,False,9.0,2023-06-21,-0.037497849893928015,-0.007294832826747921
QQQ,2023-06-12,first_dark_red,short,455,360.49,-0.0794950461539446,-0.07223493204606041,0.007260114107884196,False,-0.007683985686149253,0.0012760409442703624,0.010041887430996654,-0.015007351105439826,0.0012760409442703624,0.01581181170074064,-0.027102000055480024,0.0012760409442703624,0.0312907431551499,-0.017781353158201174,0.0012760409442703624,0.03428666537213232,-0.009265166856223361,0.008044605953008488,0.03428666537213232,True,True,6.0,2023-06-21,-0.0039113428943935435,-0.007294832826747921
QQQ,2023-06-16,early_rising_blue,long,459,367.93,0.06945641875361602,0.09689288127044132,0.0274364625168253,True,-0.002799445546707302,0.0010599842361318501,0.010980621313836814,-0.01638898703557745,0.0010599842361318501,0.01894382083548507,-0.004783518604082326,0.0010599842361318501,0.020955072975837763,-0.02785856005218379,0.0010599842361318501,0.028103171798983584,0.00641426358274666,0.008153724893322112,0.028103171798983584,True,True,,,,
QQQ,2023-06-20,first_dark_blue,long,460,366.9,0.037375972657262044,0.07415642833840286,0.036780455681140814,True,-0.013627691469065173,-0.001962387571545321,0.016189697465249342,-0.0019896429544834504,-0.001553556827473379,0.018206595802670922,-0.011883346961024666,-0.001553556827473379,0.018206595802670922,-0.008367402562005966,-0.001553556827473379,0.025374761515399302,0.009212319433087979,0.013927500681384597,0.025374761515399302,True,True,10.0,2023-07-05,0.009212319433087979,0.006859673760397644
QQQ,2023-06-28,first_dark_red,short,466,364.54,-0.18791791677929867,-0.3692211371828094,-0.18130322040351074,False,0.0020025237285346,0.006583639655456275,0.0009601141164206073,-0.013386733966094244,0.006583639655456275,0.016321939979151878,-0.015773303341197087,0.006583639655456275,0.017528940582651975,-0.008010094914138177,0.006583639655456275,0.020491578427607404,-0.04007790640258935,0.006583639655456275,0.04238218028199925,False,False,16.0,2023-07-21,-0.030421901574587018,-0.020898224316481695
QQQ,2023-07-07,early_rising_blue,long,472,366.24,0.15872715077220062,-0.008553404007441784,-0.1672805547796424,False,0.000327653997378885,0.0022116644823066967,0.007727173438182522,0.0052697684578417725,0.006531236347750102,0.007727173438182522,0.017966360856269015,0.02170707732634325,0.007727173438182522,0.03503167321974665,0.045380078636959365,0.007727173438182522,0.025638925294888537,0.05935998252512009,0.007727173438182522,False,False,,,,
QQQ,2023-07-11,first_dark_blue,long,474,368.17,0.16629630987077607,0.08282090191440952,-0.08347540795636654,False,0.012630035038161624,0.016351142135426544,-0.005785370888448327,0.02982317950946567,0.03210473422603677,-0.005785370888448327,0.029605888584077977,0.039900046174321746,-0.005785370888448327,0.04772251948827977,0.05149794931689167,-0.005785370888448327,0.028818208979547455,0.053806665399136255,-0.005785370888448327,False,False,18.0,2023-08-04,0.01051144851563146,-0.01558972153531879
QQQ,2023-07-12,reaccel_in_blue,long,475,372.82,0.16747513943388673,0.12586851633599186,-0.04160662309789486,False,0.016978702859288708,0.019231800869052185,-0.00708116517354207,0.01676412209645406,0.02692988573574384,-0.00708116517354207,0.02625932085188576,0.028646531838420808,-0.00708116517354207,0.03441338983960085,0.04066305455715913,-0.00708116517354207,0.012606619816533327,0.04066305455715913,-0.004077034493857656,False,False,17.0,2023-08-04,-0.002092162437637435,-0.01558972153531879
QQQ,2023-07-20,first_dark_blue,long,481,376.76,0.11187940117730305,0.3331888010500939,0.22130939987279086,True,-0.00299925682131863,0.008387302261386731,0.004164454825353103,-0.0014067310754856122,0.008387302261386731,0.006423187174859346,0.005361503344303964,0.009847117528400062,0.006423187174859346,-0.0003715893406942561,0.021100966132285848,0.006423187174859346,-0.007883002441872677,0.021552181760271738,0.013244505786176863,True,True,11.0,2023-08-04,-0.012527869200552044,-0.01558972153531879
QQQ,2023-07-28,first_dark_red,short,487,383.48,-0.27492166209740077,-0.36229403332076143,-0.0873723712233607,False,-0.000521539584854569,0.00297277563367071,0.0036507770939813167,0.001799311567748041,0.007275477208720238,0.0036507770939813167,0.023703974131636718,0.026989673516219947,0.0036507770939813167,0.029832064253676793,0.031161990195055944,0.0036507770939813167,0.04495671221445707,0.04899864399707943,0.0036507770939813167,False,False,8.0,2023-08-09,0.04060185668092209,0.014595960968715183
QQQ,2023-08-08,first_dark_blue,long,494,372.0,0.004681598118790153,-0.17955626832501337,-0.18423786644380352,False,-0.01099462365591386,0.0012096774193548487,0.013064516129032255,-0.009166666666666767,0.00634408602150538,0.01334677419354835,-0.015483870967741953,0.00634408602150538,0.019650537634408605,-0.014999999999999902,0.00634408602150538,0.019650537634408605,-0.023172043010752708,0.00634408602150538,0.04647849462365594,True,True,16.0,2023-08-30,0.013064516129032366,-0.01273682534628251
QQQ,2023-08-23,first_dark_red,short,505,369.11,-0.10200198826165696,-0.5027504740248461,-0.4007484857631891,False,0.021375741648830937,0.021944677738343632,0.009834466690146648,0.013789927121996226,0.02852808105984672,0.009834466690146648,0.006366665763593571,0.02852808105984672,0.009834466690146648,-0.02099645092248914,0.02852808105984672,0.022585949987808496,-0.007992197447915128,0.02852808105984672,0.03175205223375133,False,False,18.0,2023-09-19,-0.002059006800140928,0.042339200259550736
QQQ,2023-09-01,early_rising_blue,long,512,377.59,0.17561534073985607,-0.20837848773335477,-0.38399382847321084,False,0.0012712201064646322,0.004553351518843174,0.004661140390370466,-0.0075478693821339204,0.004553351518843174,0.01295055483460894,-0.014645514976561858,0.004553351518843174,0.022352286872003968,-0.0016419926375167426,0.004553351518843174,0.022352286872003968,-0.01835324028708374,0.004553351518843174,0.022670091898620237,False,False,,,,
QQQ,2023-09-08,first_dark_blue,long,516,372.58,0.2765421410529866,0.16465140452234364,-0.11189073653064296,False,0.011782704385635334,0.01317837779805675,-0.002898706318106292,0.0005636373396318284,0.01317837779805675,0.00021471898652636323,0.004374899350475081,0.01317837779805675,0.0018787911321058726,-0.004750657576896189,0.015271887916689098,0.007300445541897016,-0.03937409415427551,0.015271887916689098,0.04023297010038118,False,False,20.0,2023-10-06,-0.02114982017284872,0.001590348231423011
QQQ,2023-09-28,first_dark_red,short,530,358.01,-0.2562315706182135,-0.49729393435674996,-0.24106236373853646,False,-0.0007262366972988765,0.0027652858858691065,0.013798497248680208,-0.009077958716237067,0.0027652858858691065,0.013798497248680208,0.008631043825591433,0.013225887545040727,0.013798497248680208,-0.0018993882852433863,0.013225887545040727,0.013798497248680208,-0.0332951593530908,0.013225887545040727,0.043937320186586915,False,False,17.0,2023-10-23,0.006536130275690555,0.018191019765513072
QQQ,2023-10-10,early_rising_blue,long,538,368.59,0.1883694169145842,-0.09205357991903007,-0.28042299683361427,False,0.007135299384139593,0.007656203369597714,0.0010852166363709559,0.0036354757318430853,0.01397216419327707,0.002957215334110974,-0.008980167665970318,0.01397216419327707,0.012832686725087417,-0.0010580862204617736,0.01397216419327707,0.013375295043272839,-0.025665373450174944,0.01397216419327707,0.04739710789766405,False,False,,,,
QQQ,2023-10-16,first_dark_blue,long,542,369.41,0.3195378380299939,0.343372999452741,0.023835161422747095,True,-0.003275493354267689,0.0013805798435342354,0.01556536098102379,-0.01635039657832771,0.0013805798435342354,0.020004872634742044,-0.0255542622018895,0.0013805798435342354,0.027746947835738056,-0.037194445196394255,0.0013805798435342354,0.049511653718091186,-0.054708860074172416,0.0013805798435342354,0.07325194228634846,False,False,14.0,2023-11-03,-0.004601932811781118,0.029044627559761782
QQQ,2023-10-30,first_dark_red,short,552,349.2,-0.27132475362517194,-0.34791974514686885,-0.07659499152169688,False,-0.004782359679266879,0.007388316151202723,0.005870561282932396,-0.022222222222222143,0.007388316151202723,0.023853951890034475,-0.040778923253150134,0.007388316151202723,0.04146620847651783,-0.057302405498281805,0.007388316151202723,0.05893470790378008,-0.08021191294387164,0.007388316151202723,0.08402061855670118,False,False,21.0,2023-11-29,-0.11629438717067586,0.012211077191452202
QQQ,2023-11-07,early_rising_blue,long,558,372.7,0.28804270426694323,0.2739600426906727,-0.014082661576270514,False,0.0006439495572847509,0.002924604239334716,0.005580896163133842,-0.007056613898577924,0.00563455862624096,0.008398175476254321,0.015266970753957665,0.015669439227260717,0.008398175476254321,0.033887845452106324,0.03638314998658432,0.008398175476254321,0.042312852159914316,0.05020123423665157,0.008398175476254321,False,False,,,,
QQQ,2023-11-10,first_dark_blue,long,561,378.39,0.31219658932492034,0.5433264810310197,0.23112989170609932,True,-0.0031184756468194408,-0.00029070535690689514,0.008324744311424714,0.018340865244853122,0.020798646898702478,0.008324744311424714,0.019107270276698785,0.024736383096804815,0.008324744311424714,0.020217236184888687,0.024736383096804815,0.008324744311424714,0.028489124976875724,0.03879595126721114,0.008324744311424714,False,False,25.0,2023-12-18,0.07582124263326206,0.009334774491500442
QQQ,2023-11-20,reaccel_in_blue,long,567,390.74,0.17545643333784766,0.7171239347720126,0.541667501434165,True,-0.005809489686236291,-0.0038644623022981994,0.010339356093566066,-0.0017402876593131111,0.005963044479705193,0.010339356093566066,-0.0031478732661105457,0.005963044479705193,0.010339356093566066,-0.0014075856067974346,0.005963044479705193,0.010339356093566066,-0.00882940062445614,0.008701438296565334,0.02067871218713202,False,False,19.0,2023-12-18,0.041818088754670635,0.009334774491500442
QQQ,2023-11-21,first_dark_blue,long,568,388.47,0.15389951148132375,0.7340418907858197,0.580142379304496,True,0.004092980152907488,0.011841326228537508,-0.0014672947717970786,0.0026771694081910713,0.011841326228537508,-7.722604062077032e-05,0.0018019409478209347,0.011841326228537508,0.0004890982572658409,0.0034494298144001068,0.014595721677349571,0.0010811645686925608,-0.00880376863078236,0.014595721677349571,0.014956109866913758,False,False,18.0,2023-12-18,0.04790588719849653,0.009334774491500442
QQQ,2023-12-11,first_dark_red,short,581,395.52,-0.2675351178086395,0.013127213158524068,0.28066233096716353,True,-0.007964199029126373,0.002806432038834794,0.008267597087378675,-0.020782766990291357,0.002806432038834794,0.022350323624595658,-0.01989785598705507,0.002806432038834794,0.027255258899676393,-0.029227346278317246,0.002806432038834794,0.03152811488673146,-0.03883495145631066,0.002806432038834794,0.040554207119741115,False,False,8.0,2023-12-21,-0.030971885113268538,-0.0042916349903132645
QQQ,2023-12-20,first_dark_blue,long,588,403.08,0.018721331194588492,0.21167640236066987,0.19295507116608138,True,0.011635407363302486,0.012553339287486365,-0.0034484469584201705,0.013148754589659584,0.01709338096655766,-0.0034484469584201705,0.01935099732063117,0.02103800734345551,-0.0034484469584201705,0.020392974099434413,0.024412027389103974,-0.0034484469584201705,-0.015704078594819815,0.024412027389103974,0.019202143495087864,True,True,15.0,2024-01-12,0.016076213158678243,0.029714815899990255
QQQ,2023-12-27,first_dark_red,short,592,411.5,-0.14210508271282038,-0.06984209897083465,0.07226298374198573,False,0.000486026731470246,0.0013608748481166444,0.0034507897934386023,0.004811664641555358,0.00952612393681651,0.0034507897934386023,0.021652490886998832,0.027363304981773973,0.0034507897934386023,0.03698663426488469,0.037521263669501814,0.0034507897934386023,0.005224787363304895,0.03927095990279472,0.0034507897934386023,False,False,23.0,2024-01-31,-0.013292831105710778,-0.036021776146965
QQQ,2024-01-02,reaccel_in_red,short,595,402.59,-0.1215523500766597,-0.12871783455869046,-0.007165484482030762,False,0.010581484885367254,0.011674408206860498,-0.003949427457214494,0.015673513996870225,0.016219975657616903,-0.003949427457214494,0.014506073176184131,0.018008395638242414,-0.003949427457214494,-0.007849176581633976,0.018008395638242414,0.010184058223006165,-0.01147569487568001,0.018008395638242414,0.021510718100300696,False,False,20.0,2024-01-31,-0.035718721279714094,-0.036021776146965
QQQ,2024-01-08,first_dark_red,short,599,404.95,-0.23880731382190618,-0.47055605438202536,-0.23174874056011918,False,-0.001975552537350378,0.008000987776268675,0.004296826768736883,-0.008766514384491941,0.008000987776268675,0.01127299666625503,-0.010865538955426635,0.008000987776268675,0.015434991974317747,-0.01128534386961344,0.008000987776268675,0.015557476231633505,-0.045758735646376225,0.008000987776268675,0.04883936288430668,False,False,16.0,2024-01-31,-0.029682676873688196,-0.036021776146965
QQQ,2024-01-17,early_rising_blue,long,605,407.21,0.12074105879129868,-0.15064846110835303,-0.2713895198996517,False,0.01419415043834893,0.015630755629773452,-0.004788929544952358,0.03430662311829291,0.034699540777485716,-0.004788929544952358,0.03565727757176895,0.04301834434321372,-0.004788929544952358,0.045725792588590775,0.05559784877581597,-0.004788929544952358,0.023967977210775926,0.05559784877581597,-0.004788929544952358,False,False,,,,
QQQ,2024-01-26,first_dark_blue,long,612,423.81,0.23330048369545495,0.39034133934570653,0.15704085565025158,True,0.010240437932092172,0.010712347514216347,0.00047190958212406375,0.0035157263868244026,0.010712347514216347,0.00047190958212406375,-0.016139307708642914,0.010712347514216347,0.016564026332554604,0.012269649135225658,0.015171893065288655,0.016564026332554604,0.031240414336613176,0.033116254925556365,0.016564026332554604,False,False,10.0,2024-02-09,0.031240414336613176,-0.014826678869694576
QQQ,2024-02-06,first_dark_red,short,619,427.59,-0.22740825186559227,-0.27167558920451823,-0.04426733733892595,False,-0.010290231296335328,-0.003508033396477872,0.012254729998362857,-0.01216118244112363,-0.003508033396477872,0.01396197291798229,-0.022123997287121,-0.003508033396477872,0.023983254987254288,-0.0022451413737458736,0.0052842676395612465,0.027011857152880125,0.004630604083350809,0.013938586028672262,0.027011857152880125,False,False,8.0,2024-02-16,-0.006969293014336131,-0.013888566319065543
QQQ,2024-02-13,first_dark_blue,long,624,428.55,0.11151541040509745,0.08056359894834166,-0.0309518114567558,False,0.01089721152724299,0.011900595029751493,-0.0007698051569244857,0.013907362034768278,0.01500408353751026,-0.0007698051569244857,0.00471356901178388,0.015027418037568463,-0.0007698051569244857,-0.006860343017150883,0.015027418037568463,0.01614747404036876,0.015680784039201923,0.02809473807023677,0.01614747404036876,False,False,9.0,2024-02-27,0.021117722552794316,-0.0035420475319927203
QQQ,2024-02-23,first_dark_red,short,631,436.78,-0.0950478407400924,-0.1845953237900691,-0.0895474830499767,False,0.0005265808874032052,0.0009730299006364129,0.00416685745684342,-0.0018773753376988278,0.00401804111909887,0.00416685745684342,0.0034571179999084434,0.005677915655478594,0.00416685745684342,-0.020216127112047344,0.005677915655478594,0.022436924767617494,-0.005128439946884056,0.0071660790329227675,0.027153257933055563,True,True,10.0,2024-03-08,-0.005128439946884056,0.011616782834494965
QQQ,2024-02-29,early_rising_blue,long,635,439.0,0.1021840482552371,0.0376899564775644,-0.0644940917776727,False,0.015056947608200533,0.017266514806378197,-0.0019134396355351413,0.011435079726651365,0.017266514806378197,-0.0019134396355351413,-0.006719817767653735,0.017266514806378197,0.012186788154897599,0.014692482915717564,0.017585421412300795,0.012186788154897599,0.00031890660592259756,0.02195899772209553,0.012186788154897599,False,False,,,,
QQQ,2024-03-05,first_dark_blue,long,638,436.05,0.13648613269132318,0.18817699412689365,0.05169086143557048,True,0.006283683063868839,0.013622291021671895,-0.0019263845889232467,0.02155716087604631,0.024469670909299523,-0.0019263845889232467,0.0068111455108359475,0.028872835683981135,-0.0019263845889232467,0.01745212704965038,0.028872835683981135,0.0013989221419562492,0.00577915376676974,0.028872835683981135,0.007586973970874933,False,False,12.0,2024-03-21,0.022520353170508045,-0.004171619530356385
QQQ,2024-03-14,first_dark_red,short,645,439.14,-0.10900623780042401,-0.15770690359892578,-0.048700665798501776,False,0.01188686979095499,0.014570068770779265,-0.0006073234048367127,0.0037801156806485103,0.014570068770779265,0.004326638429658081,0.0012979915288974242,0.014570068770779265,0.004326638429658081,-0.015325408753472658,0.014570068770779265,0.023227216832900632,-0.011089857448649543,0.014570068770779265,0.023227216832900632,False,False,13.0,2024-04-03,-0.006740447237782998,0.008437005202442949
QQQ,2024-03-25,early_rising_blue,long,652,444.76,0.12542963121132816,0.05382931375310862,-0.07160031745821954,False,-0.0032377012321251897,0.005542314956381134,0.003754834067811852,0.00015738825433930792,0.005542314956381134,0.006362982282579366,-0.001686302725065203,0.005542314956381134,0.006362982282579366,-0.008206673261983988,0.0062280780645740386,0.015131756452918421,-0.005688461192553174,0.0062280780645740386,0.02169709506250561,False,False,,,,
QQQ,2024-03-28,first_dark_blue,long,655,444.01,0.14683022249980165,0.1900582617910947,0.04322803929129303,True,0.0021170694353731534,0.00792774937501406,0.002229679511722704,-0.006531384428278608,0.00792774937501406,0.013468165131416021,-0.004301704916555904,0.00792774937501406,0.013468165131416021,-0.007972793405553902,0.00792774937501406,0.02004459359023436,-0.0129276367649378,0.00792774937501406,0.02004459359023436,False,False,21.0,2024-04-29,-0.025359789193937,0.017331022530329365
QQQ,2024-04-10,first_dark_red,short,663,438.37,-0.16589871026349104,-0.27100426267417205,-0.10510555241068101,False,-0.015968246002235453,0.0009352829801310136,0.018158176882542065,0.00022811780003195725,0.003398955220475841,0.018158176882542065,0.01667541118233451,0.01861441248260609,0.018158176882542065,0.028583160344001657,0.0307274676643019,0.018158176882542065,0.027054771083787732,0.05771380340807997,0.018158176882542065,False,False,36.0,2024-05-31,-0.028149736523940927,-0.02717933926471572
QQQ,2024-04-16,reaccel_in_red,short,667,431.1,-0.07420680616373682,-0.2608125059417663,-0.1866056997780295,False,0.012201345395499996,0.014381813964277512,0.004685687775458192,0.017838088610531155,0.01918348411041526,0.004685687775458192,0.03815819995360714,0.041823242867084276,0.004685687775458192,0.013987473903966707,0.041823242867084276,0.004685687775458192,0.015100904662491366,0.041823242867084276,0.006170262120157588,False,False,32.0,2024-05-31,-0.04548828578056119,-0.02717933926471572
QQQ,2024-04-23,first_dark_red,short,672,425.07,-0.21692739954463058,-0.6309713515068953,-0.41404395196226473,False,-0.0033876773237349056,0.002046721716423172,0.01096290022819768,0.00145858329216364,0.016303197120474344,0.01096290022819768,-0.013950643423436215,0.016303197120474344,0.017597101653845204,0.0011292257745783019,0.016303197120474344,0.02044369162726145,-0.03587644387983158,0.016303197120474344,0.0397581574799446,False,False,27.0,2024-05-31,-0.06031947679205785,-0.02717933926471572
QQQ,2024-05-01,early_rising_blue,long,678,421.52,0.12548235241947514,-0.31499673900470376,-0.4404790914241789,False,0.012763332700702179,0.014922186373125923,0.002111406338963673,0.03311823875498199,0.03549060542797511,0.002111406338963673,0.04443442778515849,0.04464794078572787,0.002111406338963673,0.04398367811728976,0.0485148984627064,0.002111406338963673,0.07444486619851953,0.07503795786676792,0.002111406338963673,False,False,,,,
QQQ,2024-05-10,first_dark_blue,long,685,442.06,0.32916841594301344,0.350580070934444,0.02141165499143053,True,0.002307379088811512,0.004592136814007164,0.0009274759082478212,0.008754467719314096,0.009964710672759391,0.0009274759082478212,0.024521558159525725,0.025087092249920673,0.0009274759082478212,0.02194272270732478,0.0285707822467538,0.0009274759082478212,0.035945346785504206,0.0418947654164592,0.0009274759082478212,False,False,24.0,2024-06-14,0.0839931231054607,-0.010914251132118857
QQQ,2024-06-07,first_dark_red,short,704,462.96,-0.33989334440504226,-0.012534086685162857,0.3273592577198794,False,-0.004039225851045547,0.003088819768446549,0.004816830827717444,-0.010929669949887755,0.003088819768446549,0.01118887160877824,-0.02417055469155005,0.003088819768446549,0.02924658717815798,-0.03505702436495595,0.003088819768446549,0.03520822533264223,-0.023760152064973283,0.003088819768446549,0.05162433039571468,False,False,9.0,2024-06-21,-0.0371954380508035,0.002228331042525733
QQQ,2024-06-18,early_rising_blue,long,711,485.21,0.12737106790680075,0.34980667550480515,0.2224356075980044,True,-0.007708002720471452,0.0033566909173348147,0.011520784814822438,-0.010366645370045946,0.0033566909173348147,0.013478699944353911,-0.02318583706024191,0.0033566909173348147,0.023474371921436088,-0.009975062344139585,0.0033566909173348147,0.023474371921436088,0.012015416005441093,0.01228334123369268,0.023474371921436088,True,True,,,,
QQQ,2024-06-20,first_dark_blue,long,712,481.47,0.07286462702068536,0.3135163913738611,0.24065176435317576,True,-0.002679294660103526,0.00221197582403887,0.0058155232932477485,-0.01559806426153254,0.00221197582403887,0.015888840426194872,-0.004340872743888613,0.00221197582403887,0.015888840426194872,0.00029077616466244294,0.0033854653457121575,0.015888840426194872,0.03051072756350348,0.03142459550958532,0.015888840426194872,True,True,10.0,2024-07-05,0.03051072756350348,-0.002700741696227138
QQQ,2024-06-28,first_dark_red,short,718,479.11,-0.3066008767571843,-0.4260532844676722,-0.1194524077104879,False,-0.0058650414309866505,0.005958965582016695,0.007054747344033663,-0.016426290413475098,0.005958965582016695,0.01655152261484827,-0.0249003360397404,0.005958965582016695,0.025171672476049345,-0.03804971718394512,0.005958965582016695,0.039208115046649006,-0.03556594519003986,0.005958965582016695,0.050948633925403275,False,False,11.0,2024-07-16,-0.0359625138277222,0.03167183785308447
QQQ,2024-07-09,early_rising_blue,long,724,497.77,0.2973844869366607,0.23465303885331396,-0.06273144808334676,False,0.010426502199811116,0.011551519778210784,-0.0012455551760852668,-0.011732326174739294,0.011551519778210784,0.014153122928259987,-0.0059264318862124465,0.011551519778210784,0.014153122928259987,-0.0028728127448419682,0.011551519778210784,0.014153122928259987,-0.03445366333848965,0.011551519778210784,0.04787351588082844,False,False,,,,
QQQ,2024-07-11,first_dark_blue,long,726,491.93,0.2837776943589614,0.3793509139174668,0.09557321955850542,True,0.005874819588152835,0.015632305409306158,-0.0002236090500680188,0.008578456284430658,0.018457910678348455,-0.0002236090500680188,0.008964690098184569,0.018457910678348455,-0.0002236090500680188,-0.025288150753155936,0.018457910678348455,0.03183379749151305,-0.0684243693208384,0.018457910678348455,0.07379098652247273,False,False,23.0,2024-08-13,-0.059662960177261026,0.038220415928055695
QQQ,2024-07-23,first_dark_red,short,734,480.62,-0.31836328413461024,-0.5649080237395354,-0.24654473960492518,False,0.035870334151720695,0.03768049602596646,-0.013378552702759006,0.04650243435562407,0.051995339353335335,-0.013378552702759006,0.03672339894303189,0.051995339353335335,-0.013378552702759006,0.04804211227164923,0.05507469518538555,-0.013378552702759006,0.08549373725604437,0.118950522242104,-0.010548874370604588,False,False,30.0,2024-09-04,0.041633723107652565,-0.017389982848830865
QQQ,2024-08-05,reaccel_in_red,short,743,435.37,-0.08669019863601635,-0.6758887399065656,-0.5891985412705493,False,-0.00955509107196173,0.001860486482761825,0.02687369363989256,0.0013781381353791256,0.0022968968922985056,0.03130670464202856,-0.029170590532191065,0.0022968968922985056,0.03130670464202856,-0.03677331924569893,0.0022968968922985056,0.043641040953671606,-0.10542756735650127,0.0022968968922985056,0.10551944323219331,False,False,21.0,2024-09-04,-0.0579736775616142,-0.017389982848830865
QQQ,2024-08-08,first_dark_red,short,746,448.07,-0.10063672646498689,-0.7679296027428124,-0.6672928762778255,False,-0.005222398285982255,0.005490213582699077,0.008904858615841338,-0.0073872386011113456,0.005490213582699077,0.014060303077644054,-0.03238333296136764,0.005490213582699077,0.032985917378981044,-0.05880777557078143,0.005490213582699077,0.059700493226504836,-0.05976744705068415,0.005490213582699077,0.08362532639989295,False,False,18.0,2024-09-04,-0.027986698506929697,-0.017389982848830865
QQQ,2024-08-15,early_rising_blue,long,751,474.42,0.22005185997646592,-0.35761413332547975,-0.5776659933019457,False,0.0012857805320178883,0.004194595506091581,0.0058387083175246435,0.01443868302348128,0.014522996500990759,0.0058387083175246435,0.01230976771636949,0.017958770709497918,0.0058387083175246435,0.0009063698832258993,0.02343914674760761,0.0058387083175246435,-0.007925466885881693,0.02343914674760761,0.013764175203406337,False,False,,,,
QQQ,2024-08-22,first_dark_blue,long,756,474.85,0.43464539473960423,0.35140491585104816,-0.08324047888855608,False,0.010845530167421291,0.016615773402127054,-0.0009055491207747846,0.0010319048120457364,0.016615773402127054,0.0033905443824365777,0.004022322838791226,0.016615773402127054,0.006612614509845294,-0.008823839107086395,0.016615773402127054,0.014657260187427634,-0.05509108139412455,0.016615773402127054,0.056144045488048855,False,False,18.0,2024-09-18,-0.007181215120564466,0.030502290853555047
QQQ,2024-09-11,first_dark_red,short,769,468.62,-0.19383652649822586,-0.1404208105713075,0.053415715926918364,False,-0.009816055652767774,0.0037789680338012888,0.011565874269130694,-0.014339976953608335,0.0037789680338012888,0.01687934787247647,-0.009858734155605786,0.0037789680338012888,0.01687934787247647,-0.006017668900174966,0.0037789680338012888,0.021787375698860467,-0.036703512440783514,0.0037789680338012888,0.040907344970338544,False,False,26.0,2024-10-17,-0.048290725961333214,-0.00217811704834614
QQQ,2024-09-20,early_rising_blue,long,776,482.44,0.08714712938852232,0.08893014842437424,0.0017830190358519293,True,0.0012436779703175471,0.003523754249233013,0.0017411491584444772,0.006073294088384085,0.008063178840892027,0.004705248321034694,0.0070060525661221895,0.011089461901998332,0.004705248321034694,0.008933753420114376,0.023339689909626093,0.004705248321034694,0.010115247491916168,0.023339689909626093,0.010446894950667529,False,False,,,,
QQQ,2024-10-01,first_dark_blue,long,783,481.27,0.1684485078933492,0.4387308102253752,0.270282302332026,True,0.0014129282938890597,0.005423151245662616,0.00737631682839146,0.0006649074324183157,0.006804912003657071,0.00737631682839146,0.012570906144160343,0.013734494150892562,0.00737631682839146,0.016685020882249102,0.018118727533401158,0.00737631682839146,0.0199056662580257,0.03648679535395938,0.00737631682839146,False,False,28.0,2024-11-08,0.06829846032372688,-0.03417357140078581
QQQ,2024-10-09,reaccel_in_blue,long,789,493.15,0.026760045399116972,0.39077818839923045,0.3640181430001135,True,-0.00113555713271829,0.0026766703842644457,0.007340565750785788,0.0004258339247693588,0.0026766703842644457,0.007340565750785788,0.008820845584507797,0.011517793774713514,0.007340565750785788,-0.004542228530872827,0.011517793774713514,0.011315015715299581,-0.009713069045929168,0.011517793774713514,0.016425022812531664,False,False,22.0,2024-11-08,0.04256311467099261,-0.03417357140078581
QQQ,2024-10-15,first_dark_blue,long,793,490.85,0.07785019259423698,0.5140594589297551,0.43620926633551815,True,0.00012223693592749996,0.0017113171029845553,0.006682285830701851,0.000814912906183185,0.011490271977182331,0.006682285830701851,0.007374961800957536,0.011490271977182331,0.006682285830701851,0.010410512376489711,0.013435876540694558,0.006682285830701851,0.018967097891412932,0.02139146378730783,0.011816237139655739,True,True,18.0,2024-11-08,0.04744830396251398,-0.03417357140078581
QQQ,2024-10-28,first_dark_red,short,802,495.4,-0.21856413593373775,-0.1030829885584626,0.11548114737527515,False,-0.009608397254743828,0.0031287848203470636,0.012010496568429563,-0.001978199434800265,0.0031287848203470636,0.012010496568429563,0.023314493338716047,0.02351635042389988,0.012010496568429563,0.018954380298748408,0.02351635042389988,0.012010496568429563,-0.03722244650787254,0.02351635042389988,0.040734759790068686,False,False,16.0,2024-11-19,-0.016269681065805397,-0.01161959242045052
QQQ,2024-11-01,reaccel_in_red,short,806,487.43,-0.12907551978721551,-0.15133629737977994,-0.022260777592564424,False,0.0029132388240362683,0.006514781609667009,0.004000574441458182,-0.009806536323164305,0.006514781609667009,0.011181092669716675,-0.03723611595511156,0.006514781609667009,0.03893892456352721,-0.05479761196479482,0.006514781609667009,0.05639271279978675,-0.01875141045893769,0.006514781609667009,0.05775188232156414,False,False,12.0,2024-11-19,-0.03288677348542346,-0.01161959242045052
QQQ,2024-11-05,first_dark_red,short,808,492.21,-0.14138295632850603,-0.23438098839271543,-0.0929980320642094,False,-0.027163202698035294,-0.0150139168241199,0.028849474817659315,-0.04333516182117392,-0.0150139168241199,0.0449401678145509,-0.04455415371487792,-0.0150139168241199,0.04613376404380243,-0.04205522033278486,-0.0150139168241199,0.04747973425976726,-0.022856098006948322,-0.004632169196074898,0.04747973425976726,False,False,10.0,2024-11-19,-0.022856098006948322,-0.01161959242045052
QQQ,2024-11-12,early_rising_blue,long,813,512.91,0.1492946901275633,0.07062439469354934,-0.07867029543401395,False,-0.0012867754576825208,0.004035795753640992,0.005770992961728116,-0.008227564290031353,0.004035795753640992,0.010021251291649547,-0.031857440876566945,0.004035795753640992,0.03591273322805166,-0.018424284962274107,0.004035795753640992,0.03591273322805166,-0.007018775223723406,0.004035795753640992,0.03591273322805166,False,False,,,,
QQQ,2024-11-15,first_dark_blue,long,816,496.57,0.1304507580931577,0.18212416104993767,0.051673402956779954,True,0.0069476609541454515,0.011216948265098559,-0.00032221036309088014,0.013875183760597709,0.014869202730732889,-0.00032221036309088014,0.013291177477495753,0.014869202730732889,3.0207221539679807e-05,0.018567372173107666,0.020923535453208908,3.0207221539679807e-05,0.03769861248162387,0.0396520128078619,3.0207221539679807e-05,True,True,10.0,2024-12-02,0.03769861248162387,0.013759242368375224
QQQ,2024-11-25,first_dark_red,short,822,506.59,-0.15929221140418454,-0.2714689068193553,-0.1121766954151708,False,-0.005369233502438009,-0.0012633490593971786,0.007007639313843628,0.0025464379478472576,0.009198760338735457,0.007007639313843628,-0.006218046151720502,0.009198760338735457,0.0074024358949051905,-0.02029254426656668,0.009198760338735457,0.020845259480053002,-0.027655500503365626,0.009198760338735457,0.03973627588385087,False,False,13.0,2024-12-13,-0.04725715075307457,0.02237385256253177
QQQ,2024-12-04,early_rising_blue,long,828,523.26,0.1872316524432402,0.11596523279541801,-0.0712664196478222,False,-0.0027710889423996354,0.0014904636318464615,0.003516416313113946,0.0061537285479493775,0.006612391545312235,0.003516416313113946,-0.0016817643236631818,0.006612391545312235,0.0038986354775827348,0.012727898176814634,0.014046554294232294,0.00783549287161267,-0.01297634063371933,0.030367312617054498,0.015766540534342344,False,False,,,,
QQQ,2024-12-09,first_dark_blue,long,831,522.38,0.24164569213944287,0.3547298859646709,0.11308419382522805,True,-0.003407481143994695,0.0057429457483058055,0.0061640951031816105,0.014433936980742024,0.01575481450285232,0.0061640951031816105,0.007886978827673419,0.01575481450285232,0.0061640951031816105,0.030227037788582933,0.03210306673302954,0.0061640951031816105,0.000938014472223303,0.03210306673302954,0.02505838661510773,False,False,19.0,2025-01-07,-0.013783069795934133,0.0029504250941421173
QQQ,2024-12-24,first_dark_red,short,842,529.96,-0.2837059265309718,-0.3760507263116698,-0.09234479978069798,False,0.0006792965506831061,0.006887312249981292,0.0024152766246507973,0.013963317986263268,0.022831911842403296,0.0024152766246507973,0.02707751528417246,0.034210129066344686,0.0024152766246507973,0.03722922484715829,0.045758170427956935,0.0024152766246507973,0.042965506830704325,0.049135783832742086,0.0024152766246507973,False,False,26.0,2025-02-04,0.010359272397916786,-0.006711537361526743
QQQ,2025-01-10,early_rising_blue,long,852,507.19,0.02843668672177166,-0.21528621313635218,-0.24372289985812384,False,-0.003213785760760257,-0.0023068278160058853,0.014767641317849356,-0.004160176659634529,0.005845935448254069,0.014767641317849356,0.018750369683945056,0.02101776454583093,0.014767641317849356,0.028687474122123913,0.03328791971450551,0.014767641317849356,0.01384096689603509,0.05250497841045765,0.014767641317849356,False,False,,,,
QQQ,2025-01-13,first_dark_blue,long,853,505.56,0.02157151781963057,-0.21675850258358564,-0.23833002040321621,False,-0.0009494422027059857,0.009088931086320029,0.00785267821821356,0.022034971121133173,0.024309676398449387,0.00785267821821356,0.014874594509059369,0.026702864150644823,0.00785267821821356,0.03805680829179514,0.04037107366089088,0.00785267821821356,0.03214257457077285,0.05589840968431048,0.00785267821821356,False,False,20.0,2025-02-11,0.044366642930611544,0.0218375348017954
QQQ,2025-01-16,reaccel_in_blue,long,856,513.08,0.014692688306221502,-0.2149870219715469,-0.2296797102777684,False,0.016878459499493292,0.021426093396741175,-5.574179465184237e-05,0.02284244172448724,0.02512278786933808,-5.574179465184237e-05,0.03592032431589609,0.040422546191626996,-5.574179465184237e-05,0.03225617837374273,0.040422546191626996,-5.574179465184237e-05,0.01795041708895284,0.040422546191626996,0.005710610431121976,False,False,17.0,2025-02-11,0.029059795743353822,0.0218375348017954
QQQ,2025-01-28,first_dark_blue,long,863,521.81,0.13857535746297378,0.08896055514513024,-0.04961480231784354,False,-0.0018780782277072472,0.0014947969567469244,0.009411854889710636,0.002376343879956222,0.008211801230332938,0.009411854889710636,0.000919875050305663,0.018604089611161223,0.009411854889710636,0.00509764090377729,0.018604089611161223,0.02062053237768524,0.011843391272685633,0.019719821390927983,0.02062053237768524,False,False,10.0,2025-02-11,0.011843391272685633,0.0218375348017954
QQQ,2025-02-06,first_dark_red,short,870,529.6,-0.030069538637621043,-0.041930708386057336,-0.011861169748436293,False,0.012613293051359609,0.013991691842900278,0.004720543806646438,0.0006608761329305324,0.013991691842900278,0.004720543806646438,0.00304003021148036,0.013991691842900278,0.004720543806646438,-0.011895770392749139,0.014444864048338335,0.012499999999999956,0.006646525679758319,0.014444864048338335,0.021166918429002868,False,False,12.0,2025-02-25,0.030740181268882116,0.034617782280059295
QQQ,2025-02-13,early_rising_blue,long,875,535.9,0.04525703589916319,0.04150164901286366,-0.0037553868862995297,False,0.0041985445045717995,0.005486098152640562,0.00042918454935625405,0.0064750886359394855,0.007650681097219669,0.00042918454935625405,0.006754991602911042,0.009162157118865366,0.00042918454935625405,-0.018324314237730843,0.009162157118865366,0.019014741556260373,-0.05174472849412193,0.009162157118865366,0.07271879081918264,False,False,,,,
QQQ,2025-02-21,first_dark_blue,long,880,526.08,0.1493451587676382,0.32401778654088054,0.17467262777324233,True,-0.011804288321167977,0.005681645377128897,0.012450577858880929,-0.024254866180048684,0.005681645377128897,0.031630170316301776,-0.021897810218978297,0.005681645377128897,0.031630170316301776,-0.03404425182481752,0.005681645377128897,0.05540982360097335,-0.06518020072992703,0.005681645377128897,0.08658378953771306,True,True,16.0,2025-03-17,-0.08232588199513391,0.016343186196325465
QQQ,2025-03-05,first_dark_red,short,888,502.01,-0.3428860257728146,-0.6148478417499531,-0.27196181597713853,False,0.02750941216310432,0.031493396545885566,-0.006832533216469816,0.020358160196012,0.04278799227107033,-0.006832533216469816,0.05832553136391705,0.06643293958287677,-0.006832533216469816,0.049979084081990366,0.06971972669867132,-0.006832533216469816,0.04207087508216967,0.07087508216967786,-0.006832533216469816,False,False,20.0,2025-04-02,0.0515129180693612,0.021316811929013912
QQQ,2025-03-19,early_rising_blue,long,898,480.89,0.1634199076265817,-0.3070405209297678,-0.4704604285563495,False,-0.0033895485454054075,0.007610888144897965,0.009794339661876927,-0.000103973881760977,0.007610888144897965,0.016604628917216036,0.02031649649608025,0.022084052486015526,0.016604628917216036,0.007257376946910865,0.026471750296325647,0.016604628917216036,-0.009856723990933514,0.026471750296325647,0.04899249308573683,False,False,,,,
QQQ,2025-03-27,first_dark_blue,long,904,481.62,0.29437773704110176,0.2348197395868987,-0.059557997454203086,False,-0.026327810306880917,-0.0022839583073792635,0.028175740210124145,-0.026369336821560507,-0.0022839583073792635,0.05043395207840207,-0.018520825547111874,-0.0022839583073792635,0.05043395207840207,-0.06428304472405622,-0.0022839583073792635,0.06536273410572657,-0.07358498401229185,-0.0022839583073792635,0.16450728790332636,False,False,11.0,2025-04-11,-0.056517586478966875,-0.046852992957746364
QQQ,2025-04-09,first_dark_red,short,913,466.0,-0.14306684341527126,-0.2754359889536945,-0.13236914553842322,False,0.04253218884120169,0.07160944206008579,-0.022339055793991425,0.02489270386266096,0.07160944206008579,-0.02190987124463517,0.018283261802575113,0.07160944206008579,-0.0020386266094419847,0.0468240343347639,0.07160944206008579,-0.0020386266094419847,-0.002896995708154604,0.0816952789699571,0.003562231759656642,True,True,10.0,2025-04-24,-0.002896995708154604,-0.030662244570450303
QQQ,2025-04-15,early_rising_blue,long,917,457.99,0.2343579264698986,0.21336629748484634,-0.020991628985052253,False,-0.030153496801240243,-0.01172514683726722,0.04417127011506805,-0.030328173104216205,-0.01172514683726722,0.04417127011506805,-0.05432433022555072,-0.01172514683726722,0.06563462084324989,-0.007489246490098078,0.011768815913011155,0.06563462084324989,0.03816677220026632,0.041944147252123365,0.06563462084324989,False,False,,,,
QQQ,2025-04-17,first_dark_blue,long,919,444.1,0.2360245187622383,0.3378611278382348,0.10183660907599651,True,-0.02474667867597391,-0.01130376041432124,0.03641071830668774,0.0008556631389327052,0.007836072956541207,0.03641071830668774,0.023553253771672944,0.0434136455753209,0.03641071830668774,0.06408466561585224,0.0652780905201531,0.03641071830668774,0.10072055843278527,0.10540418824589048,0.03641071830668774,False,False,10.0,2025-05-02,0.10072055843278527,-0.0017593028251129406
QQQ,2025-04-29,first_dark_red,short,926,475.53,-0.035898926205388315,0.12236460133817892,0.15826352754356723,True,0.0001261750047314436,0.02754820936639113,0.003511870965028585,-0.012932937984985182,0.02754820936639113,0.02449898008537854,-0.02796879271549635,0.02754820936639113,0.03234285954619076,-0.012365150463693242,0.02754820936639113,0.03234285954619076,-0.08424284482577349,0.02754820936639113,0.08802809496772035,False,False,20.0,2025-05-28,-0.09122452842091988,-0.019001368252683504
QQQ,2025-05-06,early_rising_blue,long,931,481.41,0.038710598181975586,0.20131254800238257,0.162601949820407,True,0.003925967470555181,0.009119046135310782,0.00961342722419567,0.01429135248540736,0.02345194325003619,0.00961342722419567,0.013626638416318837,0.02345194325003619,0.00961342722419567,0.07099977150453873,0.0747387881431627,0.00961342722419567,0.08072121476496119,0.08541575787790023,0.00961342722419567,False,False,,,,
QQQ,2025-05-21,first_dark_blue,long,942,513.04,0.22037802258592232,0.8136801111730383,0.593302088587116,True,0.0018711991267739148,0.009102604085451604,0.001442382660221453,-0.007406829876812626,0.009102604085451604,0.014540776547637524,0.015944175892718127,0.016899267113675398,0.014540776547637524,0.013429752066115741,0.026196787774832586,0.014540776547637524,0.022902697645407866,0.03900280679869006,0.014540776547637524,False,False,26.0,2025-06-30,0.07523779822236087,0.0012689435138859562
QQQ,2025-06-03,first_dark_red,short,950,527.3,-0.06724999842243162,0.5168760257123294,0.584126024134761,True,-0.0027877868386119165,0.0025234212023516056,0.00481699222454024,0.0047600986155887925,0.008799544851128327,0.010904608382324987,-0.004968708515076914,0.008799544851128327,0.010904608382324987,-0.013104494595107319,0.008799544851128327,0.014413047600986273,-0.0033756874644417234,0.008799544851128327,0.01797838042859845,False,False,23.0,2025-07-08,-0.04748719893798614,-0.00792989825107715
QQQ,2025-06-05,reaccel_in_red,short,952,524.79,-0.053862235240572875,0.5051825079485104,0.5590447431890833,True,-0.009775338706911274,-0.006516892471274405,0.013357724041997754,-0.011261647516149553,-0.006516892471274405,0.014405762304922076,-0.017950037157720367,-0.006516892471274405,0.01926484879666157,-0.016901998894796044,-0.006516892471274405,0.02284723413174805,-0.0038872691933917736,-0.00017149717029685263,0.02284723413174805,False,False,21.0,2025-07-08,-0.052497189351931484,-0.00792989825107715
QQQ,2025-06-09,first_dark_red,short,954,530.7,-0.05611967844047394,0.4738603733440062,0.5299800517844802,True,-0.006613906161673233,0.003410589787073759,0.007914075749010596,-0.0032221594120971364,0.003410589787073759,0.011456566798567769,-0.005577539099302697,0.003410589787073759,0.011456566798567769,-0.006764650461654309,0.00936498963632948,0.011456566798567769,-0.017109478047861115,0.013284341435839564,0.01884303749764471,False,False,19.0,2025-07-08,-0.04077633314490292,-0.00792989825107715
QQQ,2025-06-11,reaccel_in_red,short,956,532.41,-0.046594624036103705,0.4613598456986534,0.5079544697347571,True,-0.0023478146541200395,0.00294885520557453,0.004195638699498572,0.010236471891962862,0.012546721511616843,0.004195638699498572,-0.0035311132397963796,0.012546721511616843,0.0055596251009562,0.0064236208936720995,0.012546721511616843,0.0055596251009562,-0.025938656298717166,0.016453485096072584,0.026783869574200425,False,False,17.0,2025-07-08,-0.037433556845288596,-0.00792989825107715
QQQ,2025-06-24,first_dark_red,short,964,539.78,-0.28926590531200547,-0.20161469937358795,0.0876512059384175,False,-0.0025565971321650505,0.000741042647004253,0.006539701359813188,-0.01193078661676994,0.000741042647004253,0.012764459594649669,-0.015395160991515278,0.000741042647004253,0.018915113564785813,-0.013357293712253249,0.000741042647004253,0.024120938159991168,-0.03051243099040346,0.000741042647004253,0.03306902812256851,False,False,9.0,2025-07-08,-0.0232687391159363,-0.00792989825107715
QQQ,2025-07-02,early_rising_blue,long,970,550.8,0.09144912591289936,0.1349375874800335,0.04348846156713416,True,0.009840232389252135,0.011619462599854913,-0.004320987654320874,0.002233115468409652,0.011619462599854913,0.0022149600580971818,0.0027959331880902383,0.011619462599854913,0.0022149600580971818,0.008442265795207238,0.012400145243282479,0.0022149600580971818,0.019970951343500465,0.02089687726942624,0.0022149600580971818,False,False,,,,
QQQ,2025-07-03,first_dark_blue,long,971,556.22,0.0908808375601924,0.15708950851737466,0.06620867095718226,True,-0.007532990543310247,-0.0033799575707453844,0.01193772248390923,-0.006975657114091538,-0.0033799575707453844,0.01193772248390923,5.393549315013679e-05,0.002534968178059094,0.01193772248390923,-0.003631656538779615,0.002534968178059094,0.01193772248390923,0.009061162849232307,0.015292869727805414,0.01193772248390923,True,True,8.0,2025-07-16,0.0019236992556901367,0.011699474241418262
QQQ,2025-07-14,first_dark_red,short,977,556.21,-0.06841514879372193,-0.061636344563156704,0.0067788042305652295,False,-0.0009169198683949276,-0.0008090469427013414,0.008252278815555236,-0.0019417126624834413,0.008360151741248933,0.008252278815555236,-0.010050160910447303,0.008360151741248933,0.010967080778842453,-0.014311141475341849,0.008360151741248933,0.01770913863468815,-0.0214487333920641,0.008360151741248933,0.023066827277467006,True,True,8.0,2025-07-24,-0.01582136243505139,-0.0
QQQ,2025-07-18,early_rising_blue,long,981,561.26,0.10195156767983805,0.1476607756506842,0.04570920797084614,True,0.005184762855004799,0.00855218615258524,-0.0014253643587640585,-1.781705448455906e-05,0.00855218615258524,0.004721519438406374,0.0045433488935608946,0.00855218615258524,0.004721519438406374,0.00910451484160646,0.011465274560809702,0.004721519438406374,-0.013148986209599811,0.023821401845846912,0.01706873819620147,False,False,,,,
QQQ,2025-07-22,first_dark_blue,long,983,561.25,0.08254794228566842,0.180305645235644,0.09775770294997557,True,0.004561247216035458,0.004632516703786171,0.002975501113585688,0.006699331848552426,0.00889086859688204,0.002975501113585688,0.00912249443207136,0.011483296213808503,0.002975501113585688,0.01070824053452113,0.019349665924276227,0.002975501113585688,-0.001746102449888709,0.023839643652561193,0.017051224944320764,True,True,15.0,2025-08-12,0.033496659242761684,-0.018567364882337678
QQQ,2025-07-28,first_dark_red,short,987,568.14,-0.01598454310832491,0.07570957382890992,0.09169411693723482,True,0.0015489140000704005,0.002833808568310614,0.006987714295772163,0.00021121554546410515,0.005438800295701873,0.006987714295772163,0.005509205477523094,0.007515753159432537,0.011423240750519259,0.007110923363959576,0.02897173231949879,0.011423240750519259,-0.008290210159467737,0.02897173231949879,0.015242721864329178,False,False,18.0,2025-08-21,0.008554229591297924,-0.02449936088623783
QQQ,2025-07-29,reaccel_in_red,short,988,567.26,-0.025407623263444368,0.059934587857929364,0.08534221112137373,True,-0.0013397736487676948,0.003895920741811554,0.005923209815604791,0.003966435144378222,0.005976095617529875,0.012992278672918856,0.023587067658569216,0.027465359799739186,0.012992278672918856,0.01232239184853512,0.027465359799739186,0.012992278672918856,-0.02254698022071011,0.027465359799739186,0.02307583823996051,False,False,17.0,2025-08-21,0.007016183055389091,-0.02449936088623783
QQQ,2025-08-06,first_dark_red,short,994,567.32,-0.29330747803668644,-0.49440937531156137,-0.20110189727487493,False,-0.0033843333568355227,0.0038955087076077977,0.010576041740111508,-0.012744130296834077,0.0038955087076077977,0.01313191849397155,-0.009747585137136028,0.0038955087076077977,0.01671014594937592,-0.022950010576041624,0.0038955087076077977,0.028202601706267982,0.0025029965451598413,0.014947472326024114,0.028202601706267982,False,False,11.0,2025-08-21,0.007121201438341829,-0.02449936088623783
QQQ,2025-08-14,early_rising_blue,long,1000,579.89,0.2086881074612955,0.004175023112208298,-0.20451308434908722,False,-0.004397385711083057,-8.622324923679425e-05,0.00744227353463589,-0.004794012657572955,-8.622324923679425e-05,0.008016692821052107,-0.01829657348807534,-8.622324923679425e-05,0.020072772422355944,-0.028643363396506305,-8.622324923679425e-05,0.036299987928745,-0.004845746607115009,-8.622324923679425e-05,0.036299987928745,False,False,,,,
QQQ,2025-08-18,first_dark_blue,long,1002,577.11,0.20453573561110522,0.10808342736948992,-0.09645230824161531,False,-0.01356760409627289,-0.0009530245533782011,0.015352359168962604,-0.019424373169759757,-0.0009530245533782011,0.03165774289130319,-0.02396423558766969,-0.0009530245533782011,0.03165774289130319,-0.011765521304430648,-0.0009530245533782011,0.03165774289130319,-0.019909549306024843,0.0015421670045572267,0.03165774289130319,False,False,10.0,2025-09-02,-0.019909549306024843,0.026325094586471476
QQQ,2025-08-26,first_dark_red,short,1008,572.61,-0.15101458714003313,-0.32918628494054125,-0.17817169780050812,False,-0.0015368226192347123,0.003911912121688399,0.003134768865370674,-0.007806360349976504,0.003911912121688399,0.009413038542812613,0.0038595204414872963,0.0071078046139607665,0.009413038542812613,0.004435828923700202,0.022834040621016127,0.009413038542812613,-0.0141282897609194,0.022834040621016127,0.019489705034840377,False,False,20.0,2025-09-24,-0.04102268559752709,-0.011994631773192488
QQQ,2025-09-04,early_rising_blue,long,1014,575.23,0.055488088604271124,-0.1442380745401485,-0.19972616314441963,False,0.001442901100429328,0.01023938250786638,0.0064322097248058485,0.0063279036211603135,0.01023938250786638,0.0064322097248058485,0.009178937120803754,0.01023938250786638,0.0064322097248058485,0.015385150287711147,0.01677589833631754,0.0064322097248058485,0.03492516037063442,0.03982754724197268,0.0064322097248058485,False,False,,,,
QQQ,2025-09-16,first_dark_blue,long,1022,591.18,0.2619484804983607,0.43024979410558456,0.16830131360722383,True,-0.001996007984031878,0.0009641733482188553,0.011527791873879312,0.007002943266010586,0.011773064041408876,0.011527791873879312,0.013819817991136407,0.015003890524036612,0.011527791873879312,0.011874555972800405,0.019774011299435124,0.011527791873879312,0.015545180824791283,0.019774011299435124,0.011527791873879312,False,False,15.0,2025-10-07,0.022548124090801425,-0.010769052621131148
QQQ,2025-10-01,first_dark_red,short,1033,603.25,-0.2682794734879481,-0.21308265639908391,0.055196817088864224,False,-0.004111065064235531,0.0005304600082884914,0.0064815582262742755,0.00011603812681315606,0.003091587235806048,0.0067559055118111555,-0.007393286365520169,0.003091587235806048,0.010128470783257404,-0.013576460837132265,0.003091587235806048,0.014090343970161623,0.0017074181516784082,0.023539162867799446,0.01646083713220059,False,False,8.0,2025-10-13,0.0020555325321177653,-0.015830301822228776
QQQ,2025-10-09,early_rising_blue,long,1039,610.7,0.10748643982573113,0.12004152094971264,0.012555081123981515,True,-0.03471426232192576,0.004060913705583591,0.03545112166366482,-0.014229572621581865,0.004060913705583591,0.03545112166366482,-0.020795808089078216,0.004060913705583591,0.03545112166366482,-0.017537252333387987,0.004060913705583591,0.03545112166366482,-0.00019649582446368274,0.004060913705583591,0.03545112166366482,True,True,,,,
QQQ,2025-10-10,first_dark_blue,long,1040,589.5,0.057121052206486646,0.08395639638208982,0.026835344175603175,True,0.0212213740458016,0.022815945716709196,-0.013112807463952603,0.014418999151823542,0.022815945716709196,-0.0010687022900763843,0.021577608142493654,0.0291772688719254,-0.0010687022900763843,0.02447837150127219,0.03190839694656478,-0.0010687022900763843,0.04681933842239183,0.04905852417302792,-0.0010687022900763843,True,True,8.0,2025-10-22,0.02712468193384221,0.05000908355216427
QQQ,2025-10-17,first_dark_red,short,1045,603.93,-0.16866772512001055,-0.2900882367543973,-0.12142051163438676,False,-0.012600798105740774,-0.005190998956832837,0.01468713261470711,-0.012335866739522805,-0.005190998956832837,0.01468713261470711,-0.0025830808206250833,0.0069378901528321935,0.01468713261470711,-0.021807163081814185,0.0069378901528321935,0.023992846853112093,-0.04162734091699383,0.0069378901528321935,0.05477455996555891,False,False,12.0,2025-11-04,-0.025367178315367722,-0.003746467501009265
QQQ,2025-10-24,early_rising_blue,long,1050,617.1,0.1417466019243645,0.029355872619258427,-0.11239072930510607,False,0.01780910711391992,0.018554529249716234,-0.011229946524064172,0.025636039539782773,0.028488089450656284,-0.011229946524064172,0.03025441581591304,0.03226381461675576,-0.011229946524064172,0.019397180359747246,0.03226381461675576,-0.011229946524064172,-0.01192675417274347,0.03226381461675576,0.029865499918975913,False,False,,,,
QQQ,2025-10-30,first_dark_blue,long,1054,626.05,0.23099709877153207,0.36013140141327826,0.1291343026417462,True,0.004823895854963789,0.013018129542369028,-0.0010222825652905776,0.009631818544844739,0.01560578228576004,-0.0010222825652905776,-0.010861752256209445,0.01560578228576004,0.012131618880281025,-0.022969411388866656,0.01560578228576004,0.02515773500519125,-0.028192636370896862,0.01560578228576004,0.04373452599632621,False,False,20.0,2025-11-28,-0.010861752256209445,0.010060557125555203
QQQ,2025-11-11,first_dark_red,short,1062,621.57,-0.266513142897666,-0.43453081215382644,-0.16801766925616046,False,0.0007883263349260927,0.0060491979986165845,0.0052930482487894,0.021188281287707,0.024920765159193614,0.0052930482487894,0.020448219830429437,0.03925543382080876,0.0052930482487894,0.04063902698006672,0.04863490837717399,0.0052930482487894,0.020399954952780908,0.06568849847965641,0.0052930482487894,False,False,25.0,2025-12-17,0.03404282703476691,-0.03917323162505615
QQQ,2025-11-19,reaccel_in_red,short,1068,599.87,-0.03671120609557632,-0.33933569754947884,-0.3026244914539025,False,0.023671795555703756,0.025205461183256395,0.023605114441462183,0.016336872989147544,0.03189024288595865,0.023605114441462183,-0.008818577358427504,0.03189024288595865,0.023605114441462183,-0.024005201126910736,0.03189024288595865,0.027205894610498937,-0.038458332638738435,0.03189024288595865,0.04179238835080934,False,False,19.0,2025-12-17,-0.0009001950422591332,-0.03917323162505615
QQQ,2025-11-25,first_dark_red,short,1072,608.89,-0.08606673741410192,-0.47310440526703507,-0.38703766785293314,False,-0.00883575029972583,-0.002463499154198523,0.0119890292171001,-0.017014567491665078,-0.002463499154198523,0.017129530785527924,-0.013598515331176397,-0.002463499154198523,0.017326774951140766,-0.024027328417283833,-0.002463499154198523,0.025176961355910077,-0.030744469444398792,-0.002463499154198523,0.033372201875544016,True,True,15.0,2025-12-17,0.013926981885069578,-0.03917323162505615
QQQ,2025-12-02,early_rising_blue,long,1076,622.0,0.11582488810531638,-0.2390195296559391,-0.35484441776125547,False,0.0024437299035369175,0.003569131832797501,0.006382636655948626,0.0015112540192927515,0.0047266881028940055,0.006382636655948626,0.005594855305466329,0.01112540192926037,0.006382636655948626,0.004903536977491907,0.01112540192926037,0.006382636655948626,-0.01647909967845662,0.011591639871382675,0.024260289389067435,False,False,,,,
QQQ,2025-12-09,first_dark_blue,long,1081,625.05,0.2709914115223348,0.21193279768501158,-0.059058613837323234,False,0.004095672346212442,0.006655467562595163,0.006495480361570993,0.0008479321654268901,0.006655467562595163,0.01172706183505312,-0.01828653707703376,0.006655467562595163,0.021902247820174248,-0.021278297736181062,0.006655467562595163,0.029021518278537606,-0.004703623710103133,0.006655467562595163,0.03962882969362447,False,False,13.0,2025-12-29,-0.0066874650027997085,0.004107139980994434
QQQ,2025-12-23,first_dark_red,short,1091,622.11,-0.11602704943067427,-0.12483960443108509,-0.008812555000410824,False,-0.002925527639806358,0.0006268987799584735,0.003488129108999871,-0.0028612303290413976,0.0006268987799584735,0.005473308578868741,0.001993216633714323,0.005433122759640585,0.005473308578868741,0.012537975599170692,0.012955908119143045,0.005473308578868741,0.0026361897413640367,0.019224895918728224,0.009371333043995511,False,False,19.0,2026-01-22,0.002170034238317964,-0.013966750434950548
QQQ,2025-12-31,early_rising_blue,long,1096,614.31,0.05531046804014736,0.04924413975491654,-0.006066328285230819,False,-0.0019371327180087716,0.013901775976298714,0.006771825299929923,0.005990460842245859,0.013901775976298714,0.006771825299929923,0.014829646269798769,0.015808468037310286,0.006771825299929923,0.01002751054028117,0.0221874949129921,0.006771825299929923,0.01215998437271093,0.025540850710553453,0.006771825299929923,False,False,,,,
QQQ,2026-01-02,first_dark_blue,long,1097,613.12,0.048412429701891066,0.054449208842133015,0.006036779140241949,True,0.007942980167014557,0.012542406054279587,-0.00587160751565774,0.01679932150313146,0.017780043058455153,-0.00587160751565774,0.017777922755741082,0.024171450939457273,-0.00587160751565774,0.022067458246346483,0.024171450939457273,-0.00587160751565774,0.01327635699373686,0.027531315240083565,-0.0023486430062629182,False,False,16.0,2026-01-27,0.029374347599165018,-0.023148955048880593
QQQ,2026-01-09,reaccel_in_blue,long,1102,626.65,0.023228893056389414,0.0626108090492297,0.03938191599284028,True,0.0008298093034388998,0.0035027527327855523,0.007005505465570883,-0.0006542727200190557,0.004500119684034187,0.007005505465570883,-0.011330088566185337,0.004500119684034187,0.019293066304954976,-0.00860129258756881,0.005345886858693083,0.019293066304954976,-0.0018989866751774054,0.005345886858693083,0.03127742759115937,False,False,11.0,2026-01-27,0.007149126306550846,-0.023148955048880593
QQQ,2026-01-20,first_dark_blue,long,1108,608.06,0.030125392632950054,0.1357802867151678,0.10565489408221773,True,0.01351840278919858,0.020326941420254707,0.0003231588987927525,0.02088609676676656,0.023681873499325823,0.0003231588987927525,0.02410946288195248,0.02851675821464994,0.0003231588987927525,0.037940334835378176,0.0394413380258527,0.0003231588987927525,0.01391310068085394,0.046936157616024765,0.0003231588987927525,True,True,5.0,2026-01-27,0.037940334835378176,-0.023148955048880593
QQQ,2026-01-26,first_dark_red,short,1112,625.46,-0.006868600755064194,0.08929143248748565,0.09616003324254985,True,-0.009065327918651889,-0.003005787740223198,0.010524573913599511,-0.012406868544751148,-0.003005787740223198,0.017810891184088407,-0.006347328366322236,0.011495539283087775,0.017810891184088407,-0.0010871998209316391,0.011495539283087775,0.017810891184088407,0.017810891184088518,0.04908387426853844,0.017810891184088407,True,True,7.0,2026-02-04,0.031512806574361285,-0.012150226991333168
QQQ,2026-01-29,early_rising_blue,long,1115,629.43,0.08901037167468423,0.22832908019292697,0.13931870851824274,True,-0.012010866974881962,-0.001865179606945877,0.01609789809827933,-0.005226951368698551,-0.0014934146767709988,0.017110719222153348,-0.02051062072033427,0.0008738064598130535,0.0293440096595331,-0.05147514417806587,0.0008738064598130535,0.055081581748566144,-0.04573979632365788,0.0008738064598130535,0.055081581748566144,False,False,,,,
QQQ,2026-01-30,first_dark_blue,long,1116,621.87,0.07883723545897178,0.2378652528419575,0.15902801738298572,True,0.006866386865421958,0.010645311721099171,0.005161850547542146,-0.008603084245903503,0.013041310884911672,0.01754385964912275,-0.025921816456815794,0.013041310884911672,0.0344123369836139,-0.01965040924952166,0.013041310884911672,0.043594320356344585,-0.03208065994500464,0.013041310884911672,0.043594320356344585,False,False,16.0,2026-02-24,-0.022512743821055836,-0.010347607218648691
QQQ,2026-02-10,first_dark_red,short,1123,611.47,-0.2966268995293162,-0.3970454651231917,-0.10041856559387552,False,-0.0026820612622042717,0.006181824128738911,0.009894189412399612,0.017711416749799702,0.01946146172338803,0.009894189412399612,0.015618100642713517,0.02461281829034956,0.009894189412399612,0.009289090225195085,0.02964986017302562,0.009894189412399612,-0.00852045071712415,0.02964986017302562,0.009894189412399612,False,False,23.0,2026-03-16,0.018136621584051604,0.020620273826576496
QQQ,2026-02-26,early_rising_blue,long,1134,609.24,0.09477028151333966,-0.24219601253101292,-0.3369662940443526,False,-0.0032007090801655647,-0.0015100781301292665,0.01157179436675193,-0.0018875976626616664,0.001116144704878197,0.018465629308646814,-0.012573041822598552,0.001116144704878197,0.028510931652550697,-0.0005416584597204288,0.005974656949642165,0.028510931652550697,-0.019663843477119025,0.00664762655111284,0.029397281859365743,False,False,,,,
QQQ,2026-03-03,first_dark_blue,long,1137,601.58,0.14255048764830064,-0.09202631200355227,-0.2345767996518529,False,0.015243192925296745,0.018783869144585852,-0.003075235213936489,0.012184580604408302,0.018783869144585852,-0.001130356727284676,-0.003041989427840064,0.018783869144585852,0.005402440240699469,0.010289570796901293,0.0194654077595664,0.01703846537451381,0.0028757604973568274,0.0194654077595664,0.01703846537451381,False,False,21.0,2026-04-01,-0.0287077362944248,0.04429155756362224
QQQ,2026-03-25,first_dark_red,short,1153,587.82,-0.08876901869404488,-0.2752771626858813,-0.18650814399183643,False,0.023867850702596227,0.024480283079854503,-0.005426831342928207,0.042938314450001736,0.04465652750842097,-0.005426831342928207,0.05025347895614318,0.05481269776462183,-0.005426831342928207,0.005971215678269082,0.05481269776462183,-0.00013779728488316767,-0.03805586744241429,0.05481269776462183,0.03858323976727562,False,False,27.0,2026-05-04,-0.14470416113776308,-0.06005528474616573
QQQ,2026-03-27,reaccel_in_red,short,1155,562.58,-0.09055984155724173,-0.3204341647449547,-0.22987432318771295,False,0.007643357389171435,0.012407124320096719,0.009723061609015371,-0.025951864623697807,0.012407124320096719,0.0285470510860677,-0.03862561768992845,0.012407124320096719,0.04472075082654903,-0.04607344733193486,0.012407124320096719,0.04982402502755168,-0.09742614383732073,0.012407124320096719,0.114046002346333,False,False,25.0,2026-05-04,-0.1960610046571154,-0.06005528474616573
QQQ,2026-03-31,first_dark_red,short,1157,577.18,-0.06897199881433541,-0.34339168050941926,-0.27441968169508385,False,-0.012353165390346144,-0.005613500121279369,0.018294119685366983,-0.013513981773450423,0.009113274888249756,0.018294119685366983,-0.01961259918916114,0.009113274888249756,0.023268304515056126,-0.050088360650057284,0.009113274888249756,0.056689420977857896,-0.104334869538099,0.009113274888249756,0.1050798710974048,True,True,23.0,2026-05-04,-0.1658061609896393,-0.06005528474616573
QQQ,2026-04-06,early_rising_blue,long,1160,588.5,0.1919136580996465,-0.00614960987804225,-0.19806326797768875,False,0.00015293118096870728,0.0008156329651656247,0.017162107051826747,0.02988954970263391,0.036363636363636376,0.017162107051826747,0.03685641461342404,0.03738317757009346,0.017162107051826747,0.049090909090909074,0.06497875955819876,0.017162107051826747,0.09904842820730675,0.10450297366185213,0.017162107051826747,False,False,,,,
QQQ,2026-04-13,first_dark_blue,long,1165,617.39,0.3297011383431323,0.5286138697469291,0.19891273140379684,True,0.018157080613550702,0.018157080613550702,-0.004389445893195676,0.03241063185344761,0.033107112198124344,-0.004389445893195676,0.03738317757009346,0.04015290173148256,-0.004389445893195676,0.047619818915110246,0.05281912567420921,-0.004389445893195676,0.0758677659178153,0.07632128800272109,-0.004389445893195676,False,False,34.0,2026-06-01,0.20303211908194174,-0.03590758542693262
QQQ,2026-05-06,first_dark_red,short,1182,695.77,-0.007130928679928927,0.8812662450472893,0.8883971737272183,True,0.0011929229486754567,0.005749026258677459,0.007861793408741491,-0.02221998648978829,0.005749026258677459,0.02221998648978829,-0.025180735013007105,0.005749026258677459,0.027049168547077507,-0.027221639334837677,0.005749026258677459,0.03000991707029632,-0.02497951909395346,0.005749026258677459,0.03774235738821741,False,False,22.0,2026-06-08,-0.029176308262788053,-0.0390045665926515
QQQ,2026-05-07,reaccel_in_red,short,1183,694.94,-0.009634718661684305,0.8763537754001129,0.8859884940617972,True,-0.023440872593317286,-0.006561717558350333,0.023440872593317286,-0.026405157279765,-0.006561717558350333,0.028275822373154513,-0.017699369729760717,-0.0024462543528935843,0.028275822373154513,-0.035758482746711895,-0.0024462543528935843,0.038981782599936565,-0.02816070452125352,-0.00044608167611581706,0.038981782599936565,False,False,21.0,2026-06-08,-0.030405502633320758,-0.0390045665926515
QQQ,2026-05-08,first_dark_red,short,1184,711.23,-0.007899295365587533,0.8761143748548129,0.8840136702204004,True,-0.0028963907596697425,0.003261954641958331,0.00472421017111202,0.005609999578195524,0.020513757856108428,0.00472421017111202,-0.004892931962937386,0.020513757856108428,0.007620600930781762,0.003233834343320807,0.020513757856108428,0.015184961264288477,-0.008871954220153633,0.02246811861141973,0.015311502608157612,False,False,20.0,2026-06-08,-0.006805112270292346,-0.0390045665926515
QQQ,2026-05-12,reaccel_in_red,short,1186,707.24,-0.056590069612739824,0.8132414805416286,0.8698315501543684,True,-0.010562185396753687,0.0034076126915898453,0.013305242916124671,-0.017745037045415968,0.0034076126915898453,0.020912278717267085,-0.002389570725637613,0.0034076126915898453,0.020912278717267085,0.00807363836887054,0.016953226627453244,0.020912278717267085,-0.03140376675527401,0.016953226627453244,0.03687574232226698,False,False,18.0,2026-06-08,-0.012485153554663286,-0.0390045665926515
QQQ,2026-05-22,first_dark_red,short,1194,717.54,-0.5092330651393587,-0.3388536367064994,0.1703794284328594,False,-0.01775510772918576,-0.009225966496641202,0.018995456699278046,-0.016598377790785213,-0.009225966496641202,0.02199180533489442,-0.02516932853917564,-0.009225966496641202,0.026562979067369152,-0.03511999331047755,-0.009225966496641202,0.0391755163475207,0.0020486662764443997,0.018424059982718566,0.04335646793210146,False,False,10.0,2026-06-08,0.0020486662764443997,-0.0390045665926515
QQQ,2026-06-03,early_rising_blue,long,1201,744.21,0.21108410350740978,0.24597219214093277,0.03488808863352299,True,-0.004837344297980439,-0.0009556442402011145,0.015573561225998067,-0.05260611924053704,-0.0009556442402011145,0.053600462235121826,-0.03781190792921352,-0.0009556442402011145,0.053600462235121826,-0.06788406498165833,-0.0009556442402011145,0.07771999838755195,-0.029158436462826454,0.0007389043415164664,0.07771999838755195,False,False,,,,
QQQ,2026-06-04,first_dark_blue,long,1202,740.61,0.1868804445826146,0.26848864436179126,0.08160819977917665,True,-0.048000972171588385,-0.012044125788201576,0.049000148526214815,-0.033134848300724995,-0.012044125788201576,0.049000148526214815,-0.04426081203332388,-0.012044125788201576,0.07323692631749501,-0.03171709806780898,-0.012044125788201576,0.07323692631749501,1.3502383170660437e-05,0.005603353991979532,0.07323692631749501,True,True,10.0,2026-06-18,1.3502383170660437e-05,-0.04604250492830331
QQQ,2026-06-12,first_dark_red,short,1208,721.34,-0.32172258234302836,-0.5341795703305465,-0.21245698798751816,False,-0.0314137577286715,-0.022236393378989083,0.03246721379654538,-0.011811351096570277,-0.01150636315745679,0.03246721379654538,-0.0016219813125570859,0.0006792913189341832,0.03246721379654538,-0.023026589403055464,0.0006792913189341832,0.033423905509191165,-0.003798486150774938,0.02568830232622632,0.033423905509191165,False,False,16.0,2026-07-08,0.013724457260099188,-0.008855279433262142
QQQ,2026-06-23,early_rising_blue,long,1214,713.65,0.1536290690965008,-0.0965215003225848,-0.2501505694190856,False,-0.0042457787430812965,0.008799831850346829,0.012891473411336007,0.003825404610102945,0.01846843690884903,0.012891473411336007,-0.009990891893785436,0.01846843690884903,0.015189518671617774,0.03187837175085817,0.033587893224970244,0.015189518671617774,-0.0030967561129403576,0.033587893224970244,0.01785188818048067,False,False,,,,
QQQ,2026-06-24,first_dark_blue,long,1215,710.62,0.15350664200618014,-0.058267266911360416,-0.21177390891754055,False,0.008105597928569352,0.022811066392727453,0.007486420309026021,-0.005769609636655293,0.022811066392727453,0.01099040274689711,0.018941206270580713,0.022811066392727453,0.01099040274689711,0.020475078100813393,0.03799499029016906,0.01099040274689711,0.017815428780501463,0.03799499029016906,0.013664124285834967,False,False,28.0,2026-08-04,0.018617545242182842,-0.007460109138633708
QQQ,2026-07-10,first_dark_red,short,1226,725.51,-0.011085325707767407,-0.1020194628271676,-0.0909341371194002,False,0.018979752174332565,0.02126779782497823,-0.009331366900525162,0.0080219431847941,0.02126779782497823,-0.004438257225951481,0.010709707653926204,0.02126779782497823,-0.0015850918664112035,0.041598323937643844,0.05341070419429095,-0.0015850918664112035,0.056897906300395595,0.059310002618847446,-0.0015850918664112035,False,False,,,,
QQQ,2026-07-13,reaccel_in_red,short,1227,711.74,-0.013873208059898334,-0.10827564719427313,-0.0944024391343748,False,-0.011169809199988778,-0.0036530193610027073,0.014822828560991264,-0.008430044679236692,0.002121561244274539,0.017731193975328186,0.008149043189928817,0.012827717986905296,0.017731193975328186,0.02203051676173895,0.035097086014555856,0.017731193975328186,0.041616320566499,0.05029224154888012,0.017731193975328186,False,False,,,,
QQQ,2026-07-30,first_dark_red,short,1240,683.55,-0.19445753719118475,-0.7368273670809838,-0.5423698298897991,False,-0.006495501426377004,0.0051185721600467415,0.017877258430253784,-0.024167946748592017,0.0051185721600467415,0.026391631921586,-0.05895691609977338,0.0051185721600467415,0.06160485699656215,-0.045497769000073074,0.0051185721600467415,0.06581815521907686,-0.07098237144320119,0.0051185721600467415,0.07374734840172636,False,False,,,,
QQQ,2026-08-06,early_rising_blue,long,1245,714.65,0.33594184761910956,-0.0629911332712122,-0.39893298089032175,False,0.011726019729937809,0.012565591548310495,-0.002602672636955239,0.008703561183796227,0.014020849366822796,-0.002602672636955239,0.0053172881830267915,0.014020849366822796,-0.0011893934093611946,0.024375568460085484,0.0270202196879592,-0.0011893934093611946,,,,False,False,,,,
QQQ,2026-08-11,first_dark_blue,long,1248,718.45,0.4482580332818343,0.3766187649581246,-0.0716392683237097,False,0.007307397870415455,0.01224859071612494,-0.006221727329667859,0.01895747790382063,0.021588141137170336,-0.006221727329667859,0.0175655925951701,0.02218665181988988,-0.006221727329667859,-0.0013083721901315792,0.022451110028533616,0.0035214698308860815,,,,False,False,,,,
QQQ,2021-09-17,bearish_flip,short,20,373.83,-0.017656517026471558,-0.027049870722106073,-0.009393353695634517,False,0.02174785330230322,0.034507663911403474,-0.012251558194901424,0.020544097584463517,0.034507663911403474,-0.012251558194901424,0.011395554128882046,0.034507663911403474,-0.00738303506941651,0.0013375063531552156,0.034507663911403474,0.0005617526683252549,0.03651392344113624,0.052028997137736344,0.0005617526683252549,False,False,,,,
QQQ,2021-10-11,bullish_flip,long,36,358.39,0.04954737624735711,-0.4520098768837962,-0.5015572531311533,False,-0.003487820530706731,0.005413097463656813,0.005329389770919901,0.004492312843550339,0.006417589776500421,0.005329389770919901,0.022991712938419173,0.023605569351823563,0.005329389770919901,0.039789056614302876,0.040402913027707266,0.005329389770919901,0.054521610536008236,0.05714445157509984,0.005329389770919901,False,False,,,,
QQQ,2021-11-11,bearish_flip,short,59,390.59,-0.08121653943533347,0.787796793822774,0.8690133332581075,True,-0.010522542819836778,0.001177705522414807,0.011930668987941484,-0.01029212217414699,0.001177705522414807,0.014465296090529822,-0.01748636677846349,0.001177705522414807,0.018792083770705847,-0.028572160065541974,0.001177705522414807,0.029903479351749862,-0.0015617399318978986,0.0020993881051741825,0.04639135666555716,False,False,,,,
QQQ,2021-12-10,bullish_flip,long,79,398.01,0.04884293887106905,-0.2575448256914399,-0.30638776456250894,False,-0.014446873194140841,0.0007914374010702385,0.015401623074797088,-0.024647621919047236,0.0007914374010702385,0.03612974548378178,-0.0024119996985000336,0.0007914374010702385,0.03612974548378178,-0.032913745885781664,0.0011683123539609763,0.04080299489962569,0.01374337328207842,0.01374337328207842,0.05160674354915695,False,False,,,,
QQQ,2022-01-06,bearish_flip,short,97,384.02,-0.09511612269191087,-0.03536561058306956,0.05975051210884132,False,0.01083276912660791,0.015572105619498844,0.004531014009687029,0.010181761366595432,0.0383052965991354,0.004531014009687029,-0.004687255872090068,0.0383052965991354,0.005129680745794563,0.016561637414717834,0.0383052965991354,0.01609291182750905,0.08418832352481642,0.08494349252643096,0.01609291182750905,False,False,,,,
QQQ,2022-01-31,bullish_flip,long,113,363.05,0.04535242679294205,-0.6297211727382279,-0.67507359953117,False,0.006803470596336458,0.008648946426112136,0.010769866409585549,0.014984161961162368,0.019418812835697574,0.010769866409585549,-0.026167194601294574,0.019418812835697574,0.029169535876601094,-0.021815176972868833,0.019418812835697574,0.030519212229720427,-0.042859110315383586,0.019418812835697574,0.05277509984850581,False,False,,,,
QQQ,2022-02-16,bearish_flip,short,125,356.04,-0.019428700554727313,0.15990807784931269,0.17933677840404,True,0.029743849005729794,0.030951578474328834,-0.007246376811594346,0.04081002134591627,0.047466576789124915,-0.007246376811594346,0.050443770362880724,0.0609201213346815,-0.007246376811594346,0.04367486799236042,0.10611167284574774,-0.007246376811594346,0.03870351645882497,0.10611167284574774,-0.007246376811594346,False,False,,,,
QQQ,2022-03-02,bullish_flip,long,134,347.22,0.022985504817915822,-0.09044738292974416,-0.11343288774765999,False,-0.014284891423305246,0.00812165197857273,0.019785726628650413,-0.02856978284661027,0.00812165197857273,0.035424226715050966,-0.06439721214215777,0.00812165197857273,0.06500201601290267,-0.03522262542480281,0.00812165197857273,0.07856690282817813,-0.01987212718161402,0.00812165197857273,0.08573814872415197,False,False,,,,
QQQ,2022-03-11,bearish_flip,short,141,324.4,-0.012259707277408806,-0.04331502897031569,-0.03105532169290688,False,0.019204685573366076,0.021424167694204632,0.006750924784217016,-0.011559802712700407,0.021424167694204632,0.014025893958076407,-0.04907521578298413,0.021424167694204632,0.049445129469790405,-0.08350801479654768,0.021424167694204632,0.0844327990135636,-0.10773736128236755,0.021424167694204632,0.11180641183723816,False,False,,,,
QQQ,2022-03-17,bullish_flip,long,145,344.44,0.03820902130096219,-0.013364767796494106,-0.051573789097456295,False,0.020468006038787623,0.02133898501916165,0.008390430844268937,0.016374404831030143,0.023342236674021688,0.008390430844268937,0.03634885611427241,0.03893276042271521,0.008390430844268937,0.0441586343049587,0.044303797468354444,0.008390430844268937,0.05254906514922775,0.07952038090814062,0.008390430844268937,False,False,,,,
QQQ,2022-04-08,bearish_flip,short,161,349.15,-0.041754707711228856,0.4365564757515119,0.47831118346274076,True,0.023657453816411267,0.02467420879278237,-0.009737934984963448,0.027781755692395826,0.03183445510525551,-0.00418158384648426,0.008019475869969761,0.03183445510525551,-0.00418158384648426,0.029958470571387563,0.03826149219533148,-0.00418158384648426,0.05605040813403983,0.07652871258771299,-0.0036660461119861765,False,False,,,,
QQQ,2022-05-17,bullish_flip,long,187,306.17,0.052067811954175536,-0.5212692186139204,-0.5733370305680959,False,-0.04909037462847443,-0.012803344547147044,0.053303720155469136,-0.05418558317274724,-0.012803344547147044,0.06071790181925085,-0.057125126563673856,-0.012803344547147044,0.08478949603161656,-0.06182839598915635,-0.012803344547147044,0.08478949603161656,-0.0005552470849528035,0.02116471241467144,0.08478949603161656,False,False,,,,
QQQ,2022-06-13,bearish_flip,short,205,275.41,-0.015399159544311702,0.2615484134162018,0.2769475729605135,True,-0.001815475109836262,0.007525144330271405,0.011800588213935592,-0.026832722123379726,0.007525144330271405,0.041465451508659656,0.014596419883083578,0.022257724846592497,0.041465451508659656,-0.020587487745542754,0.022257724846592497,0.041465451508659656,-0.029519625285937323,0.022257724846592497,0.0768668530554446,False,False,,,,
QQQ,2022-06-27,bullish_flip,long,214,292.45,0.05563204258369367,-0.01570552648948309,-0.07133756907317676,False,-0.030466746452384896,0.01094204137459398,0.03111643015900145,-0.029577705590699166,0.01094204137459398,0.03969909386219872,-0.04161395110275268,0.01094204137459398,0.05700119678577542,-0.018772439733287793,0.01094204137459398,0.05700119678577542,-0.021234399042571295,0.014703368097110703,0.05700119678577542,False,False,,,,
QQQ,2022-07-13,bearish_flip,short,225,285.65,-0.00030176090700503866,0.15120421639468576,0.1515059773016908,True,-0.003570803430771985,0.02047960791178005,0.0066865044635042725,-0.021774899352354327,0.02047960791178005,0.02215998599684954,-0.013127953789602742,0.02047960791178005,0.0367932784876599,-0.06084368983021182,0.02047960791178005,0.06507964291965695,-0.0740766672501314,0.02047960791178005,0.08016803780850701,False,False,,,,
QQQ,2022-07-20,bullish_flip,long,230,303.03,0.023991938085215353,0.16350766143696654,0.1395157233517512,True,0.014355014355014406,0.014536514536514611,0.007425007425007402,-0.003432003432003339,0.01821601821601826,0.009619509619509525,-0.00910800910800913,0.01821601821601826,0.015873015873015706,0.012474012474012586,0.01821601821601826,0.03131703131703112,0.06553806553806552,0.06830709830709836,0.03131703131703112,False,False,,,,
QQQ,2022-08-18,bearish_flip,short,251,329.28,-0.044816981488271956,0.6115762863296432,0.6563932678179152,True,0.019497084548104837,0.02186588921282795,-0.007410106899902846,0.045310981535471195,0.04783163265306123,-0.007410106899902846,0.0461005830903789,0.04843901846452858,-0.007410106899902846,0.026421282798833823,0.04947157434402327,-0.007410106899902846,0.0907434402332361,0.11033163265306123,-0.007410106899902846,False,False,,,,
QQQ,2022-09-14,bullish_flip,long,269,296.03,0.011166027426590897,-0.5516904857493093,-0.5628565131759002,False,-0.016653717528628653,0.0016890180049320414,0.022193696584805522,-0.02266662162618649,0.0016890180049320414,0.035165354862682685,-0.01682261932912188,0.0016890180049320414,0.035165354862682685,-0.042124109043002345,0.0016890180049320414,0.0425970340843832,-0.05435259939870951,0.0016890180049320414,0.08110664459683137,False,False,,,,
QQQ,2022-09-20,bearish_flip,short,273,288.73,-0.005733241370124986,-0.5588875448681627,-0.5531543034980377,False,0.017906002147334954,0.018390884217088677,0.018079174315103863,0.029993419457624904,0.03434004086863163,0.018079174315103863,0.0457867211581755,0.05787413846846545,0.018079174315103863,0.049354067814220914,0.05787413846846545,0.018079174315103863,0.02285872614553397,0.0749142797769542,0.018079174315103863,False,False,,,,
QQQ,2022-10-04,bullish_flip,long,283,282.13,0.08374705343884825,-0.6107829051781694,-0.6945299586170176,False,-0.0005316697976109896,0.005954701733243528,0.023783362279800047,-0.008400382802254303,0.007266153900684191,0.023783362279800047,-0.04618438308581141,0.007266153900684191,0.051004855917484826,-0.06869173785134508,0.007266153900684191,0.07478821819728498,-0.03774855563038304,0.007266153900684191,0.09878424839612943,False,False,,,,
QQQ,2022-11-02,bearish_flip,short,304,265.68,-0.004931730242512117,0.2135125575596236,0.2184442878021357,True,0.01953477868112019,0.02100271002710019,-0.004441433303221998,0.00376392652815416,0.024841915085817567,0.003500451671183402,-0.007189099668774235,0.024841915085817567,0.009259259259259078,0.008882866606443884,0.024841915085817567,0.026987353206865405,-0.07437518819632638,0.024841915085817567,0.10380909364649193,False,False,,,,
QQQ,2022-11-14,bullish_flip,long,312,285.44,0.003236583799310813,0.01126682711422805,0.008030243314917238,True,0.013838284753363128,0.027396300448430555,-0.0018567825112107972,0.0,0.027396300448430555,0.0029428251121075277,-0.002207118834080757,0.027396300448430555,0.016535874439461806,-0.0124369394618834,0.027396300448430555,0.016535874439461806,-0.0170613789237668,0.027396300448430555,0.021966087443946125,False,False,,,,
QQQ,2022-12-08,bearish_flip,short,329,283.85,-0.028689600300844387,0.38834940130724854,0.41703900160809293,True,0.006376607363043907,0.007961951735071526,0.006306147613175828,-0.006094768363572145,0.009476836357230956,0.006306147613175828,-0.016910339968293053,0.009476836357230956,0.04588691210146201,0.024519992954025183,0.028818037695966248,0.04588691210146201,0.06020785626211034,0.07537431742117329,0.04588691210146201,False,False,,,,
QQQ,2023-01-10,bullish_flip,long,350,272.83,0.03576729538923934,-0.4573633567106172,-0.4931306520998565,False,0.017300150276729154,0.017703331745042794,-0.0010629329619178396,0.022798079390096593,0.026646629769453645,-0.0010629329619178396,0.02983542865520672,0.030748084888025495,-0.0010629329619178396,0.018509694681669853,0.043470292856357506,-0.0010629329619178396,0.054612762526115244,0.06370267199354918,-0.0010629329619178396,False,False,,,,
QQQ,2023-02-09,bearish_flip,short,371,301.68,-0.01937744832958721,0.5984013494308882,0.6177787977604754,True,0.0065632458233890745,0.014684433837178434,-0.0003646247679660597,-0.009347653142402601,0.014684433837178434,0.011336515513126644,-0.016805887032617317,0.014684433837178434,0.02002121453195449,-0.005369928400954738,0.014684433837178434,0.025159108989657897,0.03258419517369393,0.03855078228586584,0.025159108989657897,False,False,,,,
QQQ,2023-03-09,bullish_flip,long,390,292.66,0.006708093896138134,-0.2788236525631571,-0.28553174645929524,False,-0.014043600082006447,0.005774619011822635,0.01804141324403752,-0.006731360623248861,0.006184651131005303,0.02552449941912127,0.016093760677919677,0.01800724390077213,0.02552449941912127,0.04834962072028959,0.04961388642110287,0.02552449941912127,0.05839540764026507,0.07718854643613748,0.02552449941912127,False,False,,,,
QQQ,2023-04-10,bearish_flip,short,411,317.87,-0.03983390359224942,0.3364989720754646,0.376332875667714,True,0.006417717935004896,0.00805360682039824,6.291880328435084e-05,0.015194890993173282,0.016689212571176948,0.0017302670903198702,-0.004089722213483471,0.016689212571176948,0.005599773492308113,-0.00305156195929146,0.016689212571176948,0.007833391008903012,0.006040205115298791,0.016689212571176948,0.011168087582974273,False,False,,,,
QQQ,2023-05-02,bullish_flip,long,427,319.38,0.043811439334496785,-0.042953062592672855,-0.08676450192716964,False,-0.006543928862170367,0.009674995303400546,0.0068883461707056615,-0.010050723276347817,0.009674995303400546,0.013353998371845366,0.010990043208716882,0.013714071012586926,0.013353998371845366,0.007076210157179519,0.014590769616131372,0.013353998371845366,0.024359696912768625,0.029815580186611568,0.013353998371845366,False,False,,,,
QQQ,2023-05-24,bearish_flip,short,443,331.65,-0.05104497783016998,0.30443210621767797,0.35547708404784795,True,-0.024332881049299093,-0.015121362882557055,0.028222523744911854,-0.05050505050505061,-0.015121362882557055,0.05305291723202177,-0.055269109000452454,-0.015121362882557055,0.06717925523895674,-0.06139001959897494,-0.015121362882557055,0.06717925523895674,-0.06482737826021401,-0.015121362882557055,0.07792853912256903,False,False,,,,
QQQ,2023-06-14,bullish_flip,long,457,365.9,0.001015727839719459,-0.0036037153089298612,-0.00461944314864932,False,0.011915823995627184,0.01604263459961741,0.005247335337523751,0.005547963924569688,0.018994260726974632,0.005247335337523751,0.002732987154960398,0.018994260726974632,0.005493577480185752,0.0007379065318393607,0.018994260726974632,0.015523367040174763,-0.005711943153867138,0.018994260726974632,0.022711123257720733,False,False,,,,
QQQ,2023-06-21,bearish_flip,short,461,361.9,-0.03315865377013737,-0.004667861531530898,0.028490792238606472,False,-0.01179883945841409,0.004642166344293819,0.012240950538822792,-0.0017684443216359202,0.004642166344293819,0.012240950538822792,0.011660679745785996,0.01190936722851621,0.012240950538822792,-0.007294832826747921,0.01190936722851621,0.012765957446808418,-0.015363360044211127,0.01190936722851621,0.027935893893340724,False,False,,,,
QQQ,2023-07-05,bullish_flip,long,470,370.28,0.05489759298345692,-0.18238558106283476,-0.23728317404629168,False,-0.007615858269417686,-0.006400561737063715,0.015555795614129786,-0.010910662201577104,0.0005401317921573945,0.015555795614129786,-0.01058658312628269,0.0005401317921573945,0.018553527060602648,0.006859673760397644,0.010559576536675053,0.018553527060602648,0.04150912822728747,0.047801663605919975,0.018553527060602648,False,False,,,,
QQQ,2023-07-21,bearish_flip,short,482,375.63,-0.011736571281217995,0.20663868577126837,0.21837525705248637,True,-0.0015973165082661112,0.00343423049277225,0.005191278651864861,-0.008385911668397084,0.00343423049277225,0.012885019833346778,-0.00503154700103825,0.00343423049277225,0.012885019833346778,-0.020898224316481695,0.00343423049277225,0.024172723158427223,0.009557277107792195,0.0109149961398185,0.024625296169102473,False,False,,,,
QQQ,2023-08-04,bullish_flip,long,492,372.04,0.002271001565804287,-0.18579551297327565,-0.18806651453907994,False,0.008466831523492147,0.00873561982582527,0.0014245780023653953,-0.00010751532093333793,0.00873561982582527,0.008654983335125377,-0.011100956886356261,0.00873561982582527,0.01317062681432113,-0.01558972153531879,0.00873561982582527,0.019755940221481638,-0.03738845285453185,0.00873561982582527,0.04658101279432325,False,False,,,,
QQQ,2023-08-09,bearish_flip,short,495,367.91,-0.014554290596413999,-0.20243072968932102,-0.18787643909290702,False,-0.0018482781114945723,0.0023782990405262217,0.01753146149873608,0.004539153597347245,0.008752140469136527,0.01753146149873608,-0.0066320567530102625,0.008752140469136527,0.01753146149873608,0.014595960968715183,0.014867766573346763,0.01753146149873608,-0.0032616672555787485,0.03587833981136701,0.01753146149873608,False,False,,,,
QQQ,2023-08-30,bullish_flip,long,510,376.86,0.038789771218857905,-0.4158661303567227,-0.4546559015755806,False,0.002998460966937344,0.00758637159687936,-2.6535052804810277e-05,0.0019370588547469314,0.010534415963487698,0.002069468768242877,0.0032107413893753822,0.010534415963487698,0.0027331104388897964,-0.01273682534628251,0.010534415963487698,0.020458525712466313,0.0010879371649947789,0.010534415963487698,0.020458525712466313,False,False,,,,
QQQ,2023-09-19,bearish_flip,short,523,369.87,-0.007709956716114769,0.08444029409254505,0.09215025080865982,True,0.014410468543001542,0.014626760753778445,0.003893259793981585,0.03247086814286093,0.03293048909076168,0.003893259793981585,0.03233568551112542,0.0332008543542327,0.003893259793981585,0.042339200259550736,0.04504258252899662,0.003893259793981585,0.04041960688890689,0.05004461026847273,0.003893259793981585,False,False,,,,
QQQ,2023-10-06,bullish_flip,long,536,364.7,0.056729119450174725,-0.3012358592131334,-0.3579649786633081,False,0.005100082259391403,0.006608171099533822,0.010748560460652645,0.010666301069371942,0.01804222648752396,0.010748560460652645,0.017877707704962997,0.01840416780915821,0.010748560460652645,0.001590348231423011,0.024787496572525436,0.010748560460652645,-0.027693995064436483,0.024787496572525436,0.028324650397587026,False,False,,,,
QQQ,2023-10-23,bearish_flip,short,547,355.67,-0.034461582318695144,0.16004947262624242,0.19451105494493756,True,-0.009728118761773485,-0.0003373914021425062,0.011921162875699443,0.01498580144515993,0.01664464250569353,0.011921162875699443,0.033767256164422,0.0374504456378103,0.011921162875699443,0.018191019765513072,0.0374504456378103,0.011921162875699443,-0.03806899654173801,0.0374504456378103,0.039671605701914636,False,False,,,,
QQQ,2023-11-03,bullish_flip,long,556,367.71,0.10656531715431952,-0.031818482354207867,-0.1383837995085274,False,0.0040793016235620705,0.005629436240515595,0.002175627532566282,0.013570476734383163,0.01596366702020613,0.002175627532566282,0.014223164994153104,0.016534769247504855,0.002175627532566282,0.029044627559761782,0.029452557722118078,0.002175627532566282,0.04984906583992821,0.054499469690789004,0.002175627532566282,False,False,,,,
QQQ,2023-11-29,bearish_flip,short,573,389.81,-0.0014643017597377739,0.6554750158667972,0.656939317626535,True,0.0025140453041225808,0.010235755881070285,0.0018983607398477265,-0.0003334958056488979,0.010235755881070285,0.0018983607398477265,0.008953079705497524,0.01834226931068972,0.0018983607398477265,0.012211077191452202,0.01834226931068972,0.0018983607398477265,-0.035735358251455906,0.01834226931068972,0.037325876709165984,False,False,,,,
QQQ,2023-12-18,bullish_flip,long,586,407.08,0.03155614406701357,0.20041772279888326,0.1688615787318697,True,0.00510956077429503,0.005404343126658162,-0.0006509776948020463,-0.009826078412105699,0.008327355802299374,0.010268251940650508,0.0016949985260883427,0.008327355802299374,0.010268251940650508,0.009334774491500442,0.01100520782155856,0.010268251940650508,-0.021494546526481306,0.014346074481674354,0.02257541515181294,False,False,,,,
QQQ,2023-12-21,bearish_flip,short,589,407.77,-0.062318924654677726,0.11505641534773423,0.17737534000241195,True,-0.001495941339480611,0.0031667361502807356,0.005395198273536739,-0.00762684846849937,0.0031667361502807356,0.009294455207592645,-0.009147313436496107,0.0031667361502807356,0.009852367756333358,-0.0042916349903132645,0.0031667361502807356,0.01262966868577875,0.006915663241533254,0.030482870245481575,0.01262966868577875,False,False,,,,
QQQ,2024-01-12,bullish_flip,long,603,409.56,0.017254117962991755,-0.3045549544558947,-0.32180907241888645,False,-9.766578767467227e-05,0.0038089657193085547,0.006665690008789915,-0.005737865025881472,0.0038089657193085547,0.01621252075397983,0.00837484129309507,0.009803203437835695,0.01621252075397983,0.029714815899990255,0.037033645863853826,0.01621252075397983,0.04539017482175978,0.04954097079792952,0.01621252075397983,False,False,,,,
QQQ,2024-01-31,bearish_flip,short,615,416.97,-0.07594274808526943,0.11346409349653264,0.18940684158180207,True,-0.011775427488788015,-0.0020145334196703946,0.012962563253950954,-0.02887497901527669,-0.0020145334196703946,0.031824831522651476,-0.027531956735496355,-0.0020145334196703946,0.031824831522651476,-0.036021776146965,-0.0020145334196703946,0.038036309566635396,-0.03897162865433956,-0.0020145334196703946,0.053169292754874364,False,False,,,,
QQQ,2024-02-09,bullish_flip,long,622,437.05,0.04307156196463684,-0.044389413257971855,-0.08746097522260869,False,-0.003912595812836095,0.004782061549021721,0.005491362544331357,-0.019448575677840085,0.004782061549021721,0.026815009724287964,-0.00876329939366205,0.004782061549021721,0.026815009724287964,-0.014826678869694576,0.004782061549021721,0.026815009724287964,-0.0011440338634023384,0.00809975975288868,0.035282004347328755,False,False,,,,
QQQ,2024-02-16,bearish_flip,short,627,430.57,-7.7025116733756e-06,-0.0012242756419980072,-0.0012165731303246316,False,0.007548133869057283,0.0164200942936108,-0.001138026337180964,0.01151961353554587,0.020763174396729922,-0.001138026337180964,-0.0174187704670552,0.020763174396729922,0.019857398332443044,-0.013888566319065543,0.020763174396729922,0.023271477343985936,-0.031237661704252462,0.020763174396729922,0.03718326869034061,False,False,,,,
QQQ,2024-02-27,bullish_flip,long,633,437.6,0.0017455727943188198,-0.10117962684696918,-0.102925199641288,False,-0.005324497257769734,-0.00212522851919561,0.007541133455210236,0.0031992687385740126,0.005690127970749526,0.007541133455210236,0.01830438756855579,0.020521023765996294,0.007541133455210236,-0.0035420475319927203,0.020521023765996294,0.009026508226691154,0.013848263254113258,0.02522851919561231,0.009026508226691154,False,False,,,,
QQQ,2024-03-08,bearish_flip,short,641,439.02,-0.04380966990068379,0.015555169051282347,0.059364838951966134,True,0.0037128149059267868,0.008154525989704342,-0.0008200082000818787,-0.010568994578834756,0.008154525989704342,0.011389002778916746,-0.002801694683613576,0.008154525989704342,0.011389002778916746,0.011616782834494965,0.014300715229374483,0.011389002778916746,-0.016764612090565345,0.014300715229374483,0.023506901735683927,False,False,,,,
QQQ,2024-03-21,bullish_flip,long,650,445.87,0.013008568810963739,-0.1083486716653006,-0.12135724047626434,False,0.001143831161549258,0.003633346042568375,0.003095072554780476,-0.002489514881019117,0.003633346042568375,0.007468544643057351,-0.005719155807746623,0.003633346042568375,0.007468544643057351,-0.004171619530356385,0.003633346042568375,0.008836656424518363,-0.012111153475228176,0.003723058290532988,0.02413259470249174,False,False,,,,
QQQ,2024-04-03,bearish_flip,short,658,442.1,-0.004346207076808745,0.08310151969519186,0.0874477267720006,True,0.015290658222121833,0.01581090251074424,0.010970368694865229,0.0036869486541506458,0.01581090251074424,0.010970368694865229,0.0033928975344944545,0.01581090251074424,0.010970368694865229,0.008437005202442949,0.01581090251074424,0.010970368694865229,0.03677900927392008,0.038905225062203175,0.010970368694865229,False,False,,,,
QQQ,2024-04-29,bullish_flip,long,676,432.75,0.02528078692306418,-0.46822132577078773,-0.4935021126938519,False,-0.018856152512998325,-0.00043905257076837234,0.019041016753321816,-0.02595031773541312,-0.00043905257076837234,0.027937608318890805,-0.01351819757365691,-0.00043905257076837234,0.028006932409012197,0.017331022530329365,0.01753899480069321,0.028006932409012197,0.023870595031773467,0.026712882726747544,0.028006932409012197,False,False,,,,
QQQ,2024-05-31,bearish_flip,short,699,450.71,-0.1094815628436383,0.6158715397851567,0.725353102628795,True,-0.005369306205764257,0.006234607619089894,0.0108051740587074,-0.008120520955825272,0.006234607619089894,0.0108051740587074,-0.028444010561114563,0.006234607619089894,0.028621508286925224,-0.02717933926471572,0.006234607619089894,0.033347385236626614,-0.06318919038849824,0.006234607619089894,0.06334450089858223,False,False,,,,
QQQ,2024-06-14,bullish_flip,long,709,479.19,0.02975610656750416,0.19846924018805479,0.16871313362055063,True,0.012249838268745261,0.01600617709050689,0.0021911976460277094,0.012562866503891934,0.01600617709050689,0.0021911976460277094,0.004758029174231515,0.01600617709050689,0.0021911976460277094,-0.010914251132118857,0.01600617709050689,0.011206410818255796,0.005697113879671978,0.016715707756839615,0.011206410818255796,False,False,,,,
QQQ,2024-06-21,bearish_flip,short,713,480.18,-0.032763217716032356,0.19969774220813535,0.2324609599241677,True,0.012953475779915902,0.013245033112582849,-0.0005206380940481203,0.001666041900953874,0.013245033112582849,-0.0005206380940481203,-0.00039568495147657146,0.013245033112582849,0.0015410887583822142,0.002228331042525733,0.013245033112582849,0.014619517680869665,-0.035736598775459205,0.013245033112582849,0.03689241534424581,False,False,,,,
QQQ,2024-07-05,bullish_flip,long,722,496.16,0.10674489972279486,-0.0839582904886314,-0.19070319021142626,False,0.0023782650757819823,0.0034968558529506755,0.0013302160593356982,0.003244920993227929,0.007739438890680406,0.0013302160593356982,0.013705256368913066,0.014833924540470722,0.0013302160593356982,-0.002700741696227138,0.014833924540470722,0.010954127700741667,-0.04216381812318615,0.014833924540470722,0.04478394066430191,False,False,,,,
QQQ,2024-07-16,bearish_flip,short,729,496.34,-0.08269805000322948,0.040922936448608754,0.12362098645183824,True,0.029354877704799165,0.02949591006165131,-0.015194423177660399,0.03394850304226937,0.04043599145746868,-0.015194423177660399,0.042511181851150326,0.0451303541926904,-0.015194423177660399,0.03167183785308447,0.0451303541926904,-0.015194423177660399,0.07819236813474639,0.0850022162227505,-0.015194423177660399,False,False,,,,
QQQ,2024-08-13,bullish_flip,long,749,462.58,0.06472323765950538,-0.6028424927805698,-0.6675657304400752,False,0.00032426823468378885,0.005467810973237119,0.009036274806519917,0.025595572657702625,0.026460287950192507,0.009036274806519917,0.02691426347874959,0.029897531237840003,0.009036274806519917,0.038220415928055695,0.04401400838773828,0.009036274806519917,0.03065415711876862,0.049634657788923064,0.009036274806519917,False,False,,,,
QQQ,2024-09-04,bearish_flip,short,764,460.61,-0.03837530312926546,0.21082672150008147,0.24920202462934693,True,-0.0009335446473155429,0.005798831983673813,0.01031241180174125,0.02587872603721153,0.026964243068973826,0.01031241180174125,0.013351859490675522,0.026964243068973826,0.01031241180174125,-0.017389982848830865,0.026964243068973826,0.019018258396474197,-0.02351229890796991,0.026964243068973826,0.039556240637415474,False,False,,,,
QQQ,2024-09-18,bullish_flip,long,774,471.44,0.016483105356088504,-0.016811746957835313,-0.03329485231392382,False,0.025284235533683974,0.031371966740200374,-0.019196504327167796,0.023332767690480205,0.031371966740200374,-0.014551162396063244,0.024605464109961117,0.031371966740200374,-0.014551162396063244,0.030502290853555047,0.0346809774308503,-0.014551162396063244,0.022293398947904164,0.0472170371627354,-0.012642117766841876,False,False,,,,
QQQ,2024-10-17,bearish_flip,short,795,491.25,-0.03981888612852025,0.39305792609023626,0.4328768122187565,True,-0.006554707379134994,-0.004173027989821998,0.00879389312977108,-0.008488549618320684,-0.0001221374045801138,0.010137404580152776,-0.00958778625954193,-0.0001221374045801138,0.012610687022900802,-0.00217811704834614,0.012620865139949089,0.012610687022900802,0.015063613231552142,0.01526717557251911,0.02055979643765915,False,False,,,,
QQQ,2024-11-08,bullish_flip,long,811,514.14,0.00469412460343005,-0.13141814418201114,-0.1361122687854412,False,-0.000583498657953041,0.0028007935581748633,0.0062628855953630325,-0.0023923444976077235,0.0028007935581748633,0.00838293071925933,-0.0036760415451043693,0.0028007935581748633,0.00838293071925933,-0.03417357140078581,0.0028007935581748633,0.03821916209592713,-0.016240712646360844,0.0028007935581748633,0.03821916209592713,False,False,,,,
QQQ,2024-11-19,bearish_flip,short,818,503.46,-0.055300013682332394,-0.00833354117451865,0.046966472507813745,False,0.0005760139832359235,0.013715091566360749,3.972510229210968e-05,-0.0030191077742025563,0.013715091566360749,0.006951892901124301,-0.004627974417034109,0.013715091566360749,0.006951892901124301,-0.01161959242045052,0.013715091566360749,0.015875144003495878,-0.03932785126921701,0.013715091566360749,0.03984427759901488,False,False,,,,
QQQ,2024-12-02,bullish_flip,long,826,515.29,0.05028330612596635,-0.09784659221926181,-0.14812989834522816,False,0.003066234547536517,0.003609617885074412,0.003726057171689612,0.015467018572066227,0.015971588814065907,0.003726057171689612,0.012653069145529772,0.01698053523258758,0.003726057171689612,0.013759242368375224,0.022181684100215593,0.003726057171689612,0.04440218129596918,0.04630402297735259,0.003726057171689612,False,False,,,,
QQQ,2024-12-13,bearish_flip,short,835,530.53,-0.007407050407431115,0.18157717994854192,0.18898423035597303,True,-0.014400693645976625,-0.0046557216368536825,0.01624790304035595,-0.009933462763651368,-0.0046557216368536825,0.01624790304035595,0.026501800086705662,0.029253765102821627,0.01624790304035595,0.02237385256253177,0.04003543626185124,0.01624790304035595,0.028122820575650742,0.04003543626185124,0.01624790304035595,False,False,,,,
QQQ,2025-01-07,bullish_flip,long,850,515.18,0.01208526025260867,-0.24526914748455533,-0.257354407737164,False,0.00017469622267940466,0.0033772661982220953,0.008948328739469602,-0.015509142435653489,0.0033772661982220953,0.021856438526340227,-0.018673085135292422,0.0033772661982220953,0.030047750300865594,0.0029504250941421173,0.0051826546061573,0.030047750300865594,0.03389106719981383,0.03618152878605563,0.030047750300865594,False,False,,,,
QQQ,2025-02-04,bearish_flip,short,868,524.47,-0.020868114611840197,-0.016715651046282337,0.0041524635655578596,False,-0.004537914466032467,0.007340743989170062,0.004842984346101753,-0.00978130302972513,0.007340743989170062,0.010181707247316263,0.0029553644631724607,0.007340743989170062,0.014548019905809673,-0.006711537361526743,0.007340743989170062,0.014548019905809673,-0.028695635594028213,0.007340743989170062,0.031155261502087583,False,False,,,,
QQQ,2025-02-11,bullish_flip,long,873,527.99,0.003960153824252136,-0.0159910222089652,-0.019951176033217336,False,0.0005871323320516542,0.0022727703176197434,0.011439610598685479,0.014981344343642844,0.015587416428341383,0.011439610598685479,0.019242788689179724,0.020549631621811004,0.011439610598685479,0.0218375348017954,0.02428076289323644,0.011439610598685479,-0.02543608780469342,0.02428076289323644,0.03513324115987049,False,False,,,,
QQQ,2025-02-25,bearish_flip,short,882,513.32,-0.042775057175497594,0.13766917474155344,0.18044423191705103,True,-0.0024156471596663565,0.0037987999688304797,0.012350970155068808,0.025422738252941723,0.0258513208135277,0.012350970155068808,0.01003272812280842,0.031929400763656246,0.012350970155068808,0.034617782280059295,0.04984220369360248,0.012350970155068808,0.0812748383074886,0.09021662900335081,0.012350970155068808,False,False,,,,
QQQ,2025-03-17,bullish_flip,long,896,482.77,0.0446780411960081,-0.4934680484366805,-0.5381460896326886,False,-0.017047455309981863,-0.006545559997514272,0.021459494169065896,-0.0038941939225718425,0.005302732149885081,0.021459494169065896,-0.007270542908631383,0.005302732149885081,0.021459494169065896,0.016343186196325465,0.018103858980466958,0.021459494169065896,-0.028688609482776406,0.022474470244630007,0.052695900739482604,False,False,,,,
QQQ,2025-04-02,bearish_flip,short,908,476.15,-0.006606041673807746,0.04536300089247164,0.051969042566279385,True,0.05353355035177976,0.054625643179670225,-0.03377087052399452,0.11231754699149421,0.11231754699149421,-0.03377087052399452,0.11017536490601698,0.15490916727921877,-0.03377087052399452,0.021316811929013912,0.15490916727921877,-0.017473485246245923,0.06714270713010595,0.15490916727921877,-0.017473485246245923,False,False,,,,
QQQ,2025-04-11,bullish_flip,long,915,454.4,0.07614814674887414,-0.04607649962017399,-0.12222464636904813,False,0.006778169014084678,0.0234375,0.003895246478873182,0.007900528169014098,0.0234375,0.003895246478873182,-0.022491197183098555,0.0234375,0.036619718309859106,-0.046852992957746364,0.0234375,0.058252640845070314,0.03963468309859164,0.04491197183098605,0.058252640845070314,False,False,,,,
QQQ,2025-04-24,bearish_flip,short,923,467.35,-0.004200605607921348,0.18008276083218375,0.1842833664401051,True,-0.011147961912913118,0.004193858992190047,0.012282015619984987,-0.01082700331657227,0.004193858992190047,0.01595806141007805,-0.017502942120466436,0.004193858992190047,0.019416497271852018,-0.030662244570450303,0.010527441959987227,0.042430726436289756,-0.04480582004921363,0.010527441959987227,0.05424200278164104,False,False,,,,
QQQ,2025-05-02,bullish_flip,long,929,488.83,0.001493455966770585,0.14904492302460925,0.14755146705783867,True,-0.0059325327823578355,0.00040914019188664774,0.009676165538121562,-0.01517910111899834,0.00040914019188664774,0.021766258208375078,-0.011312726305668597,0.00040914019188664774,0.024646605159257873,-0.0017593028251129406,0.007916862713008621,0.024646605159257873,0.06685350735429507,0.06771270175725697,0.024646605159257873,False,False,,,,
QQQ,2025-05-28,bearish_flip,short,946,518.91,-0.025224896110762174,0.6270335186141645,0.6522584147249266,True,-0.0019656587847602935,0.003064115164479242,0.014588271569251132,-0.00038542329112956075,0.013451272860418917,0.014588271569251132,-0.008286600759284113,0.013451272860418917,0.014588271569251132,-0.019001368252683504,0.013451272860418917,0.021063382860226465,-0.026016072151240133,0.013451272860418917,0.0344375710624194,False,False,,,,
QQQ,2025-06-30,bullish_flip,long,968,551.64,0.054907699784268155,0.05370692005016853,-0.0012007797340996308,False,-0.008429410485098932,-0.0016858820970196975,0.012653179609890541,-0.001522732216663103,-0.0011601769269813378,0.012653179609890541,0.00830251613371047,0.010079037053150719,0.012653179609890541,0.0012689435138859562,0.010079037053150719,0.012653179609890541,0.00920890435791466,0.016605032267420716,0.012653179609890541,False,False,,,,
QQQ,2025-07-08,bearish_flip,short,973,552.34,-0.010886472383694834,0.06526495671441687,0.0761514290981117,True,-0.007078973096281249,-0.0013759640800956596,0.009577434189086409,-0.005630589854075385,-0.0007422964116303721,0.009577434189086409,-0.0033674910381287226,0.0005250389252997589,0.009577434189086409,-0.00792989825107715,0.0012854401274577931,0.0153166527863271,-0.01613136836006812,0.0014121736611508728,0.024839772603830745,False,False,,,,
QQQ,2025-07-16,bullish_flip,long,979,557.29,0.016502120198250283,0.019239989226673932,0.002737869028423649,True,0.00809273448294423,0.009007877406736142,0.0001435518311828643,0.007123759622458703,0.013343501588042095,0.0001435518311828643,0.012345457481742095,0.01573686949344144,0.0001435518311828643,0.011699474241418262,0.01573686949344144,0.0001435518311828643,0.019253889357426113,0.0265929767266595,0.0001435518311828643,False,False,,,,
QQQ,2025-07-24,bearish_flip,short,985,565.01,-0.01095789675408354,0.09091277946690526,0.1018706762209888,True,-0.0024070370435922417,0.0013097113325427623,0.004752128280915535,-0.005539724960620163,0.0013097113325427623,0.0071326171218208945,-0.003982230403001719,0.0013097113325427623,0.012566149271694416,-0.0,0.0020176634041875197,0.017026247323056243,-0.007486593157643329,0.02359250278756131,0.017026247323056243,False,False,,,,
QQQ,2025-08-12,bullish_flip,long,998,580.05,0.0493267857283064,-0.24159214631871995,-0.29091893204702635,False,0.0004999569002672732,0.005637272648909564,0.0019136281355054408,-0.00027583828980259906,0.005637272648909564,0.0036893371261097485,-0.004672011033531431,0.005637272648909564,0.007716058960434369,-0.018567364882337678,0.005637272648909564,0.020343073872941875,-0.012826480475820912,0.005637272648909564,0.036565813291957405,False,False,,,,
QQQ,2025-08-21,bearish_flip,short,1005,563.28,-0.06119587067967111,-0.13172199845678842,-0.07052612777711731,False,-0.015427496094304827,1.7753160062472517e-05,0.01901363442692805,-0.012498224683993975,1.7753160062472517e-05,0.01901363442692805,-0.0165636983383044,1.7753160062472517e-05,0.01901363442692805,-0.02449936088623783,1.7753160062472517e-05,0.02613265161198708,-0.022688538559863636,0.006648558443402952,0.03167163755148428,False,False,,,,
QQQ,2025-09-02,bullish_flip,long,1012,565.62,0.020153996463443402,-0.20310854906741954,-0.22326254553086294,False,0.00786747286163858,0.01074042643470885,-0.0019536084296878364,0.016990205438280226,0.017644354867225376,-0.0019536084296878364,0.018457621724832896,0.02740355715851628,-0.0019536084296878364,0.026325094586471476,0.02740355715851628,-0.0019536084296878364,0.04518934974010813,0.04815954174180548,-0.0019536084296878364,False,False,,,,
QQQ,2025-09-24,bearish_flip,short,1028,596.1,-0.02052881429416209,0.3354424663530049,0.355971280647167,True,0.004311357154839879,0.012749538668008764,-0.0016524073142090145,0.00021808421405800082,0.012749538668008764,0.00033551417547372786,-0.0044120114074819305,0.012749538668008764,0.009981546720348788,-0.011994631773192488,0.012749538668008764,0.012900520046971842,-0.025733937258849204,0.012749538668008764,0.026253984230833805,False,False,,,,
QQQ,2025-10-07,bullish_flip,long,1037,604.51,0.0176130927774628,-0.013801866323211676,-0.031414959100674475,False,0.011463830209591297,0.011976642239168944,-0.0012406742651072111,0.010239698268018849,0.011976642239168944,-0.0012406742651072111,-0.024830027625680318,0.014342194504640027,0.025574432184744755,-0.010769052621131148,0.014342194504640027,0.025574432184744755,0.01136457626838272,0.014342194504640027,0.025574432184744755,False,False,,,,
QQQ,2025-10-13,bearish_flip,short,1041,602.01,-0.018242996858779108,0.0040315981021292885,0.022274594960908396,True,0.006661018919951522,0.019733891463596942,0.0011295493430343306,-0.00034883141476060864,0.019733891463596942,0.007790568262985742,0.0033554259896014793,0.019733891463596942,0.010464942442816483,-0.015830301822228776,0.019733891463596942,0.017923290310792206,-0.0433215395093105,0.019733891463596942,0.044085646417833635,False,False,,,,
QQQ,2025-10-22,bullish_flip,long,1048,605.49,0.007775007432939823,-0.15879669725444515,-0.16657170468738497,False,0.008406414639382964,0.009711143041173154,0.001602008290805812,0.01917455284150038,0.021354605360947243,0.001602008290805812,0.037325141620836,0.03808485689276453,0.001602008290805812,0.05000908355216427,0.05205701167649335,0.001602008290805812,0.029381162364366054,0.05205701167649335,0.001602008290805812,False,False,,,,
QQQ,2025-11-04,bearish_flip,short,1057,619.25,-0.07387546741316581,0.08036337853529527,0.15423884594846107,True,-0.006507872426322114,0.003294307630197779,0.011869196608800925,0.012240613645539078,0.014452967299152242,0.011869196608800925,0.015357287040775103,0.033233750504642834,0.011869196608800925,-0.003746467501009265,0.033233750504642834,0.011869196608800925,0.0370448122729109,0.04507064997981425,0.011869196608800925,False,False,,,,
QQQ,2025-11-28,bullish_flip,long,1074,619.25,0.0031473281862739455,-0.39541415479188063,-0.3985614829781546,False,-0.0033589018974566898,0.0003069842551473023,0.010867985466289865,0.004440855874041194,0.007266855066612843,0.010867985466289865,0.006895438029874912,0.008025837706903571,0.010867985466289865,0.010060557125555203,0.01561566410981019,0.010867985466289865,-0.009091643116673431,0.01608397254743643,0.012741219216794497,False,False,,,,
QQQ,2025-12-17,bearish_flip,short,1087,600.41,-0.0498212707109192,0.0654577952460241,0.1152790659569433,True,-0.01449009843273763,-0.01084259089622086,0.02085241751469824,-0.027714395163304983,-0.01084259089622086,0.028663746439932858,-0.03131193684315736,-0.01084259089622086,0.03537582651854576,-0.03917323162505615,-0.01084259089622086,0.039756166619476785,-0.021168867940240865,-0.01084259089622086,0.04181309438550329,False,False,,,,
QQQ,2025-12-29,bullish_flip,long,1094,620.87,0.01484464468138657,-0.016278935291512114,-0.031123579972898684,False,-0.0023193261069145432,0.0021099425000401517,0.0026656143798218235,-0.010565818931499438,0.0021099425000401517,0.010984586145247888,-0.012482484255963433,0.003189073397007469,0.017266094351474637,0.004107139980994434,0.005075619694944189,0.017266094351474637,0.00864915360703522,0.013851530916294985,0.017266094351474637,False,False,,,,
QQQ,2026-01-22,bearish_flip,short,1110,620.76,-0.015001252421131497,0.08762405620739552,0.10262530862852702,True,-0.003157419936851591,0.0033990592177330914,0.007474547329080483,-0.007571364134287162,0.0033990592177330914,0.011034860493588594,-0.0167053289516077,0.0033990592177330914,0.018175623429344645,-0.013966750434950548,0.004011212062632885,0.025517108061086535,0.038227334235453325,0.04188414201946,0.025517108061086535,False,False,,,,
QQQ,2026-01-27,bullish_flip,long,1113,631.13,0.021945655349019585,0.12359210242882433,0.10164644707980475,True,0.0033115206058973445,0.008666994121654836,-0.0010774325416316177,-0.0026935813540792664,0.008666994121654836,0.020376150713799057,-0.014672096081631336,0.008666994121654836,0.020376150713799057,-0.023148955048880593,0.008666994121654836,0.03195855053633956,-0.03115047613011579,0.008666994121654836,0.05762679638109425,False,False,,,,
QQQ,2026-02-04,bearish_flip,short,1119,605.75,-0.07166318314324427,0.08336517893305032,0.15502836207629458,True,0.014395377631035933,0.018142798184069386,-0.0015517952950888647,-0.006438299628559685,0.018142798184069386,0.009343788691704491,-0.014147750722245167,0.018142798184069386,0.017680561287660046,-0.012150226991333168,0.018142798184069386,0.01943045810978128,0.003763929013619438,0.02048699958728839,0.01943045810978128,False,False,,,,
QQQ,2026-02-24,bullish_flip,long,1132,607.87,0.010766571352624654,-0.3634272032560617,-0.37419377460868636,False,0.014493230460460138,0.014739993748663416,-0.0051491272805039845,0.002253771365588131,0.014739993748663416,0.006399394607399578,-0.0009541513810519264,0.014739993748663416,0.009344103179956154,-0.010347607218648691,0.014739993748663416,0.026321417408327386,-0.00016450885880203714,0.014739993748663416,0.027209765245858386,False,False,,,,
QQQ,2026-03-16,bearish_flip,short,1146,600.38,-0.02537897726728524,-0.07726188063488451,-0.05188290336759927,False,-0.0048802425130749505,-0.002481761551017758,0.00919417702121983,0.00912755255005171,0.009693860554981892,0.00919417702121983,0.012258902694959883,0.022152636663446357,0.00919417702121983,0.020620273826576496,0.036376961257870044,0.00919417702121983,0.07012225590459376,0.0745860954728671,0.00919417702121983,False,False,,,,
QQQ,2026-04-01,bullish_flip,long,1158,584.31,0.010560452541434173,-0.2612191160182911,-0.2717795685597253,False,0.0011466516061680032,0.002977871335421378,0.021204497612568596,0.007170851089319141,0.010781947938594438,0.021204497612568596,0.007324878917013278,0.010781947938594438,0.021204497612568596,0.04429155756362224,0.044822097859013255,0.021204497612568596,0.09611336448118313,0.09903989320737283,0.021204497612568596,False,False,,,,
QQQ,2026-05-04,bearish_flip,short,1180,672.88,-0.003504375796981596,0.8892445067845232,0.8927488825815048,True,-0.012974081559862016,-0.006880870288907381,0.014703067411722781,-0.03401795268101293,-0.006880870288907381,0.03425573653548919,-0.032784448935917254,-0.006880870288907381,0.04214718820592078,-0.06005528474616573,-0.006880870288907381,0.06198727856378561,-0.04904291998573296,-0.006880870288907381,0.07304422779693254,False,False,,,,
QQQ,2026-06-01,bullish_flip,long,1199,742.74,0.06411475556707814,0.005269582775046411,-0.05884517279203173,False,0.00460457225947164,0.004981554783638931,0.004725745213668309,0.0019791582518782214,0.00795702399224485,0.004725745213668309,-0.002867759915986756,0.00795702399224485,0.013625225516331385,-0.03590758542693262,0.00795702399224485,0.05172738778038066,0.0016964213587526977,0.00795702399224485,0.07589466031181846,False,False,,,,
QQQ,2026-06-08,bearish_flip,short,1204,716.07,-0.07854480264278625,-0.00018989284593637357,0.07835490979684988,False,0.01150725487731652,0.04147639197285191,0.013392545421536894,0.031253927688633776,0.04147639197285191,0.013392545421536894,-0.0014663370899492545,0.04147639197285191,0.013392545421536894,-0.0390045665926515,0.04147639197285191,0.040065775692320615,0.003379557864454652,0.04147639197285191,0.04102950828829588,False,False,,,,
QQQ,2026-06-18,bullish_flip,long,1212,740.62,0.03641116441515513,-0.28112333657140987,-0.317534500986565,False,-0.0036050876292834655,0.00652156301477147,0.008411871134994975,-0.03641543571602179,0.00652156301477147,0.0384946396262591,-0.04050660257621996,0.00652156301477147,0.04883746050606241,-0.04604250492830331,0.00652156301477147,0.051051821446895906,-0.024033917528557103,0.00652156301477147,0.051051821446895906,False,False,,,,
QQQ,2026-07-08,bearish_flip,short,1224,711.44,-0.0021189158176046635,-0.08731452610110887,-0.08519561028350421,False,-0.01664230293489255,-0.005179635668503213,0.017977622849432162,-0.0197767907342854,-0.005179635668503213,0.021013718655121805,-0.0004216799730123455,0.0019116158776566472,0.021013718655121805,-0.008855279433262142,0.0019116158776566472,0.021013718655121805,0.008560103452153411,0.034690205779826955,0.021013718655121805,False,False,,,,
QQQ,2026-08-04,bullish_flip,long,1243,723.85,0.11745312755528581,-0.424544894352174,-0.5419980219074598,False,-0.009048836084824319,0.006479242937072582,0.009573806727913303,-0.012709815569524108,0.006479242937072582,0.02120605097741246,-0.0011328313877184693,0.006479242937072582,0.02120605097741246,-0.007460109138633708,0.006479242937072582,0.02120605097741246,-0.008758720729432956,0.014823513158803703,0.02120605097741246,False,False,,,,
