timeframe,ticker,date,event,duration,macd_slope,signal_slope,slope_norm,macd_level,signal_level,both_above_zero,line_shape,return_1,short_mfe_1,short_mae_1,return_2,short_mfe_2,short_mae_2,return_4,short_mfe_4,short_mae_4,return_8,short_mfe_8,short_mae_8,recross_two_bars,fails_two_bars,cross_macd_slope,cross_signal_slope,return_3,short_mfe_3,short_mae_3,return_5,short_mfe_5,short_mae_5,return_10,short_mfe_10,short_mae_10,slope_quartile
Weekly,ALAB,2024-10-04,early_rising_blue,3,0.1464265892371605,0.05579287854113775,2.024694482495315,0.2549656045854627,-0.00885687794885038,False,MACD leads signal,0.2741688956820787,0.022927015666794115,0.35154757355750843,0.2776079480320979,0.022927015666794115,0.35154757355750843,0.38803974016048914,0.022927015666794115,0.4359954145968665,0.972678639663737,0.022927015666794115,1.1752006113870843,True,False,,,,,,,,,,,,Q3
Weekly,ALAB,2025-06-06,early_rising_blue,3,0.09902381034078336,0.0370353077705437,1.4994755110756692,-0.23596402142357153,-0.41270506581151356,False,MACD leads signal,-0.011239669421487575,0.023801652892561975,0.07151515151515153,0.025619834710743916,0.023801652892561975,0.12197245179063354,0.000550964187327807,0.06578512396694214,0.12197245179063354,0.4446280991735536,0.06578512396694214,0.5774104683195593,True,False,,,,,,,,,,,,Q2
Weekly,ALAB,2026-01-30,early_rising_blue,3,0.0412685898671179,0.015220046076205584,0.9058514288853189,-0.12007602061305209,-0.190500640446577,False,MACD leads signal,0.12767228787677598,0.08710662594608953,0.1287345638029478,-0.14141548267162407,0.18623024830699786,0.28044084450936135,-0.2110609480812642,0.2204886469260391,0.28044084450936135,-0.2532864161465941,0.2890718364095074,0.28044084450936135,True,False,,,,,,,,,,,,Q1 weak
Weekly,ALAB,2026-05-08,early_rising_blue,3,0.07096458516478948,0.026693488618448898,1.800812053901726,0.058795342733418576,-0.06879959405940858,False,MACD leads signal,0.16462285399669652,0.03598778717653539,0.20008508934381108,0.5360128134541269,0.03598778717653539,0.5807097452324943,0.5869663146303619,0.03598778717653539,0.8638069973472147,1.0342359477451324,0.03598778717653539,1.5000060063066223,True,False,,,,,,,,,,,,Q2
Weekly,ALAB,2025-01-24,bearish_crossover,18,0.10062192546779057,0.05651762742426188,3.0418393910661496,0.8756632526059496,0.8836128175417979,True,MACD and signal aligned,-0.12228472522717437,0.31155344006923413,-0.0826482042405885,-0.12340977931631325,0.31155344006923413,-0.03833838165296399,-0.258156642146257,0.31155344006923413,-0.03833838165296399,-0.3846819558632627,0.4782345305062743,-0.03833838165296399,False,True,-0.1059172480105286,-0.001987391233962077,,,,,,,,,,Q4 steep
Weekly,ALAB,2025-10-17,bearish_crossover,21,0.08113661307687438,0.055559977449717586,2.037059966983416,0.45008877838697314,0.5580763792794192,True,MACD and signal aligned,0.03235294117647047,0.07065081351689628,0.06508135168961182,0.16821026282853557,0.07065081351689628,0.26320400500625785,-0.09674593241551943,0.14490988735919896,0.26320400500625785,-0.06852315394242814,0.17759699624530678,0.26320400500625785,False,True,-0.138900755440708,-0.02699690022311141,,,,,,,,,,Q3
Weekly,ALAB,2026-03-20,bearish_crossover,9,0.04074650577473373,0.01392991016547293,1.0057302501704235,-0.12136341183572208,-0.11332191342137755,False,MACD leads signal,-0.030765253360910072,0.044812133746983784,0.09039986211651141,0.009479489831092591,0.15641158221302998,0.09039986211651141,0.4999138228197173,0.15641158221302998,0.5132712857635298,1.0051706308169597,0.15641158221302998,1.0662271630472246,False,True,-0.018080752321363733,-0.0020103746035861347,,,,,,,,,,Q1 weak
Weekly,ALAB,2026-07-24,bearish_crossover,13,0.07439693148958579,0.03946567636095726,1.9438490442199037,0.37924263547912573,0.40752214065329284,True,MACD and signal aligned,0.06739145346045694,0.16108786610878656,0.17291995335756916,0.14606625968859333,0.16108786610878656,0.2615748679607657,,,,,,,False,True,-0.1091287408077593,-0.007069876293541721,,,,,,,,,,Q3
Weekly,AMD,2021-11-19,early_rising_blue,3,0.0802043915524594,0.02537324491877234,2.4211804573252045,0.24290814439304895,0.11510379665023265,True,MACD leads signal,-0.0038607554211440576,0.06505630268322504,0.04163116916543341,-0.07335435300173743,0.09452416189434398,0.05823241747635288,-0.1136349012290071,0.15964223666430732,0.05823241747635288,-0.11923299658966602,0.19548291615726143,0.05823241747635288,True,False,,,,,,,,,,,,Q3
Weekly,AMD,2022-04-01,early_rising_blue,3,0.020746518228531102,0.00657131950000886,0.5542358257503879,-0.28000948234674783,-0.3121663322280146,False,MACD leads signal,-0.06645715870228297,0.07181347629170898,0.025409926980312303,-0.1398465662260837,0.14114058600610035,0.025409926980312303,-0.2095387743784084,0.22340327202144372,0.025409926980312303,-0.05481098068213319,0.2303355208429615,0.025409926980312303,True,False,,,,,,,,,,,,Q1 weak
Weekly,AMD,2022-08-19,early_rising_blue,3,0.09875782575808717,0.03698281811546264,3.390143611863873,-0.17210092195087423,-0.34914863235620414,False,MACD leads signal,-0.04971339239187067,0.05263157894736836,0.017195414278269983,-0.1637311099531007,0.1816571130797291,0.017195414278269983,-0.20260552371026574,0.22167795726941109,0.017195414278269983,-0.4169880145909328,0.43126628452318916,0.017195414278269983,True,False,,,,,,,,,,,,Q4 steep
Weekly,AMD,2022-12-02,early_rising_blue,3,0.11606189353839186,0.04466364290464485,3.9382438600034946,0.11692512662922486,-0.09247304358466743,False,MACD leads signal,-0.0852227260602827,0.0861563083488931,0.0025340090690850747,-0.1276340357428648,0.13576953854361173,0.0030674846625764474,-0.13616964523873043,0.17364630568151507,0.0030674846625764474,0.005601493731661744,0.19911976527073894,0.02800480128034155,True,False,,,,,,,,,,,,Q4 steep
Weekly,AMD,2023-03-03,early_rising_blue,3,0.01751465172501296,0.007200459613969271,0.5081326615199236,0.16932541813680047,0.13634883077506996,True,MACD leads signal,0.014106967615309163,0.010488223748773229,0.07715897939156036,0.20019627085377834,0.0368621197252208,0.21135917566241424,0.20228164867517195,0.0368621197252208,0.2565014720314034,0.09629538763493639,0.0368621197252208,0.2565014720314034,True,False,,,,,,,,,,,,Q1 weak
Weekly,AMD,2023-12-01,early_rising_blue,3,0.07901538631749615,0.02351395789070994,2.399073078874512,-0.01772386698585765,-0.13981163536217908,False,MACD leads signal,0.06203146881950716,0.04135431254633826,0.07916632342038055,0.1463052969766867,0.04135431254633826,0.16830051898838438,0.21435044072823128,0.04135431254633826,0.24433643627975954,0.46016970096383547,0.04135431254633826,0.5233544773045555,True,False,,,,,,,,,,,,Q3
Weekly,AMD,2024-07-05,early_rising_blue,3,0.053485620888755886,0.016518381296979773,1.0100676452280972,-0.3465445775811526,-0.4304711563265618,False,MACD leads signal,0.05648632926119834,-0.0076788830715532885,0.08947062245491555,-0.11820826061663758,0.12379290285049449,0.08947062245491555,-0.22920302501454337,0.24235020360674808,0.08947062245491555,-0.1357766143106457,0.2913030831879,0.08947062245491555,True,False,,,,,,,,,,,,Q1 weak
Weekly,AMD,2025-04-04,early_rising_blue,3,0.04891466810100434,0.015452980106518216,1.6660706329607464,-0.3765540050631344,-0.45072636536551597,False,MACD leads signal,0.0890858208955223,0.10820895522388063,0.1416744402985073,0.020289179104477473,0.10820895522388063,0.1416744402985073,0.15205223880596996,0.10820895522388063,0.1672108208955223,0.2911613805970148,0.10820895522388063,0.4286380597014925,True,False,,,,,,,,,,,,Q2
Weekly,AMD,2026-02-20,early_rising_blue,3,0.03596894925681109,0.018453235512633753,0.8428867401191709,-0.004279014072174084,-0.08025710047698237,False,MACD and signal aligned,0.0002997751686235617,0.02997751686235328,0.08273794654009503,-0.038571071696227865,0.05960529602797904,0.08273794654009503,0.005895578316262862,0.05960529602797904,0.08273794654009503,0.390906819885086,0.05960529602797904,0.40419685236072955,True,False,,,,,,,,,,,,Q1 weak
Weekly,AMD,2026-04-24,early_rising_blue,3,0.06006228517291248,0.01693208239884226,1.1954154940922712,0.07644505147018708,-0.016220055388803042,False,MACD leads signal,0.03660044277047825,0.10870877778097232,0.04306949196400334,0.30873177884477165,0.10870877778097232,0.3118944251171618,0.3441534170955407,0.10870877778097232,0.3841177654466519,0.5450102067220608,0.10870877778097232,0.6053879991949627,True,False,,,,,,,,,,,,Q2
Weekly,AMD,2021-09-24,bearish_crossover,8,0.041517724877613384,0.02030245040621093,2.320009271597454,0.14404395012121246,0.14922548505079175,True,MACD leads signal,-0.031663516068052844,0.05661625708884688,0.024952741020793923,-0.0069943289224951855,0.05661625708884688,0.024952741020793923,0.13251417769376173,0.05661625708884688,0.14896030245746705,0.4689035916824196,0.05661625708884688,0.5017958412098298,False,True,-0.0465294579252179,-0.0012953837323948225,,,,,,,,,,Q4 steep
Weekly,AMD,2021-12-17,bearish_crossover,6,0.07427006524594824,0.02409621621052583,1.5571761216650986,0.09852297185477987,0.17569574785919292,True,MACD leads signal,0.06090744101633394,0.030707803992740423,0.08180036297640658,0.04464609800362984,0.030707803992740423,0.13778584392014515,-0.006315789473684275,0.09234119782214156,0.13778584392014515,-0.17836660617059885,0.2787658802177859,0.13778584392014515,False,True,-0.12793569203009536,-0.019293194001103242,,,,,,,,,,Q2
Weekly,AMD,2022-04-29,bearish_crossover,6,0.0173450246157425,0.005719036992656634,0.501183606641681,-0.31537501632311327,-0.298619051669237,False,MACD leads signal,0.11482694106641733,0.002337464920486476,0.16569223573433112,0.11225444340505164,0.026309635173058954,0.16569223573433112,0.1957436856875585,0.026309635173058954,0.21866230121608976,0.018241347053320922,0.07121141253507934,0.2812207670720299,False,True,-0.029845427237554345,-0.004188991163469102,,,,,,,,,,Q1 weak
Weekly,AMD,2022-10-07,bearish_crossover,9,0.08814238797194815,0.0400956081487004,2.9184215669102165,-0.10056073469952159,-0.08629223155489944,False,MACD leads signal,-0.042778918548939115,0.06622176591375761,0.029089664613278554,0.006502395619438772,0.06622176591375761,0.03507871321013023,0.06416837782340856,0.06622176591375761,0.09394250513347036,0.2830253251197812,0.06622176591375761,0.35574948665297756,False,True,-0.07955362234627927,-0.003567125786155534,,,,,,,,,,Q4 steep
Weekly,AMD,2023-01-20,bearish_crossover,9,0.10611465107805282,0.04140933498491211,3.1281313192856084,0.12133353341205971,0.1341778864419648,True,MACD leads signal,0.07606679035250474,-0.020979020979021268,0.10003996003996019,0.22862851434280018,-0.020979020979021268,0.2692850007135723,0.12030826316540622,-0.020979020979021268,0.2692850007135723,0.3963179677465394,-0.020979020979021268,0.40930498073355226,False,True,-0.04239498068462255,-0.0032110882574762634,,,,,,,,,,Q4 steep
Weekly,AMD,2023-07-07,bearish_crossover,20,0.0345682067854379,0.0195931516406826,0.9545436046287503,0.48707131700777534,0.4985609975260311,True,MACD and signal aligned,0.024476451356366447,0.0324290889811788,0.07908456304674383,-0.01961650614120347,0.034726517628346776,0.07908456304674383,0.023416099673058133,0.05116196871962542,0.07908456304674383,-0.03287090218255717,0.1200848281346647,0.07908456304674383,False,True,-0.04446278825529998,-0.002872420129563902,,,,,,,,,,Q1 weak
Weekly,AMD,2024-03-15,bearish_crossover,17,0.0897335464195007,0.04217583701639847,2.5849214438782426,0.4280188609095174,0.45398453333508104,True,MACD leads signal,-0.05971945985554272,0.08929132209777035,0.012770857322307094,-0.055322935203600876,0.09975923793572705,0.012770857322307094,-0.14539935098921808,0.1530147597613316,0.012770857322307094,-0.20485711294881193,0.2612006699466136,0.012770857322307094,False,True,-0.06369105831394967,-0.006491418106390867,,,,,,,,,,Q4 steep
Weekly,AMD,2024-11-15,bearish_crossover,21,0.04499275030738241,0.023110372707174764,1.464983258393333,-0.04673878000172027,-0.01111392738293843,False,MACD and signal aligned,0.025574499629354985,-0.00022238695329868108,0.044477390659747984,0.016864343958487904,0.014381022979985114,0.058561897702001486,-0.05922905856189775,0.07509266123054126,0.06834692364714612,-0.13980726464047444,0.15159303187546325,0.06834692364714612,False,True,-0.05558918459183408,-0.008906213154695463,,,,,,,,,,Q2
Weekly,AMD,2025-09-19,bearish_crossover,26,0.07796891027782303,0.04737364893561815,2.145691554594565,0.8497568617309121,0.8648626641242612,True,MACD and signal aligned,0.013152042696486621,0.016584281085202268,0.048986593811551016,0.04625452697121801,0.016584281085202268,0.08685431094732832,0.4809073003367432,0.016584281085202268,0.5324988881123325,0.5681428299129552,0.016584281085202268,0.6969305546731053,False,True,-0.07853013440560752,-0.0037764505983372,,,,,,,,,,Q3
Weekly,AMD,2026-03-27,bearish_crossover,7,0.048251048077334414,0.01571437858479363,1.0057266800771238,-0.05760515700656782,-0.0492489264286383,False,MACD leads signal,0.07678597950393584,0.045175503737808764,0.07817218674191784,0.21312936283974437,0.045175503737808764,0.2356057230555968,0.7219169265805236,0.045175503737808764,0.7475617604831921,1.314520520817862,0.045175503737808764,1.3833358087034013,True,True,-0.013497372007960001,-0.0020890576444823894,,,,,,,,,,Q1 weak
Weekly,AMD,2026-07-02,bearish_crossover,12,0.06343083814603535,0.02831923937224745,1.192862562413523,0.2858914957382083,0.2885207600989678,True,MACD leads signal,0.0773821018886871,0.03798617280135963,0.10559653933799384,-0.04260167625815936,0.11125487621181118,0.10887953342860457,-0.08047197867985023,0.18112162527519216,0.10887953342860457,,,,False,True,-0.028986778422195714,-0.0006573160901898745,,,,,,,,,,Q1 weak
Weekly,AMKR,2022-01-21,early_rising_blue,3,0.0390822449747989,0.01725768859301169,1.3944751292647026,-0.08027989115669261,-0.1552610999027807,False,MACD leads signal,-0.026851851851851904,0.08425925925925926,0.03981481481481475,-0.029629629629629672,0.08425925925925926,0.03981481481481475,0.08611111111111103,0.08425925925925926,0.15902777777777777,0.08981481481481479,0.08518518518518514,0.15902777777777777,True,False,,,,,,,,,,,,Q2
Weekly,AMKR,2022-07-29,early_rising_blue,3,0.09434530161783397,0.027818923865013306,3.133747549232642,-0.1068405968204999,-0.25533852649542427,False,MACD leads signal,0.12295488349033201,0.01784828953891937,0.148487853247397,0.12741695587506174,0.01784828953891937,0.148487853247397,0.03470500743678717,0.01784828953891937,0.148487853247397,-0.15369360436291524,0.17005453644025792,0.148487853247397,True,False,,,,,,,,,,,,Q4 steep
Weekly,AMKR,2022-12-02,early_rising_blue,3,0.08346742842862634,0.025318360317723443,2.7974790546808577,0.33493542905879914,0.20731076209732963,True,MACD leads signal,-0.07011866235167208,0.07263574253865512,0.0001797914419274793,-0.09385113268608414,0.10697590794678169,0.0001797914419274793,-0.137720244516361,0.15821646889608054,0.0001797914419274793,0.06796116504854366,0.15821646889608054,0.1276519237684286,True,False,,,,,,,,,,,,Q4 steep
Weekly,AMKR,2023-06-23,early_rising_blue,3,0.04558894649822151,0.014673292364283774,1.1746118236585772,-0.10776855711773087,-0.1804238333260847,False,MACD leads signal,0.14864864864864868,-0.004633204633204713,0.1677606177606179,0.0791505791505791,-0.004633204633204713,0.1677606177606179,0.0806949806949806,-0.004633204633204713,0.1677606177606179,-0.02895752895752901,0.05250965250965245,0.1677606177606179,True,False,,,,,,,,,,,,Q2
Weekly,AMKR,2023-12-15,early_rising_blue,3,0.12895055758307875,0.04947203255439486,3.269829365297107,0.0493231479666425,-0.18852954034156671,False,MACD leads signal,0.006287425149700709,0.022455089820359264,0.018862275449101906,-0.0038922155688621007,0.022455089820359264,0.031137724550898138,-0.09820359281437119,0.11227544910179643,0.031137724550898138,-0.06586826347305386,0.13652694610778437,0.031137724550898138,True,False,,,,,,,,,,,,Q4 steep
Weekly,AMKR,2024-06-21,early_rising_blue,3,0.06703047077814354,0.024203920187889864,1.716068806156127,0.11584029168709833,-0.003593177196326361,False,MACD leads signal,0.043274244004171125,0.03884254431699696,0.06693952033368089,0.0443169968717414,0.03884254431699696,0.09124087591240881,0.036757038581856305,0.03884254431699696,0.16944734098018777,-0.15119916579770587,0.306657977059437,0.16944734098018777,True,False,,,,,,,,,,,,Q2
Weekly,AMKR,2025-05-02,early_rising_blue,3,0.2616777455184643,0.08819820120769195,5.655305026610088,-0.23865411451050023,-0.6756774173140208,False,MACD leads signal,0.0011025358324145973,0.05292171995589856,0.005512679162072542,0.08765159867695704,0.05292171995589856,0.11797133406835725,-0.006615214994487362,0.05292171995589856,0.11797133406835725,0.16593164277839012,0.05292171995589856,0.17475192943770668,True,False,,,,,,,,,,,,Q4 steep
Weekly,AMKR,2025-09-26,early_rising_blue,3,0.025742948097805085,0.007001324065789766,0.9224590197389541,0.5194188839964652,0.4800059026926265,True,MACD leads signal,0.012230835486649383,0.03423944875107665,0.03944875107665813,-0.02635658914728667,0.03423944875107665,0.15555555555555567,0.12902670111972458,0.03423944875107665,0.15555555555555567,0.10422049956933677,0.03423944875107665,0.31679586563307494,True,False,,,,,,,,,,,,Q1 weak
Weekly,AMKR,2026-05-08,early_rising_blue,3,0.08799586867140421,0.024826292801366237,1.8359213650189936,-0.027089329909930737,-0.15566005534774527,False,MACD leads signal,-0.08171257016055355,0.10612191619892963,0.026496540921550737,-0.14175695078971418,0.18483226732802505,0.026496540921550737,-0.15219945176869853,0.18483226732802505,0.037723534786581414,-0.09084975851716481,0.18483226732802505,0.2619762433102728,True,False,,,,,,,,,,,,Q3
Weekly,AMKR,2021-10-15,bearish_crossover,11,0.046204231837795984,0.025937143530650526,2.9540911879587286,0.18690269983493973,0.24614468124551966,True,MACD and signal aligned,0.004055881027489772,0.013970256872465225,0.06264082920234326,-0.012167643082469537,0.023884632717440346,0.06849932401982883,0.050022532672374886,0.023884632717440346,0.08787742226228024,0.05407841369986466,0.04326273095989186,0.15943668319062643,False,True,-0.0941085532353984,-0.014810495352644976,,,,,,,,,,Q4 steep
Weekly,AMKR,2022-04-14,bearish_crossover,14,0.02304379565110059,0.008298710496685477,0.8236363991436692,-0.10429195422947998,-0.09497460765282674,False,MACD leads signal,0.02284803400637614,0.004782146652497321,0.09829968119022325,-0.0005313496280553442,0.02284803400637614,0.09829968119022325,0.029755579171094615,0.04091392136025507,0.09829968119022325,0.0005313496280552332,0.04091392136025507,0.11583421891604684,False,True,-0.03667225041000172,-0.0023293366441633073,,,,,,,,,,Q1 weak
Weekly,AMKR,2022-10-07,bearish_crossover,12,0.10587396937687772,0.052792008338393634,3.4233266676342455,0.24559709465213336,0.27909198343214314,True,MACD leads signal,-0.0385044642857143,0.07533482142857151,0.005580357142856984,0.08203125,0.07533482142857151,0.08565848214285698,0.1752232142857142,0.07533482142857151,0.2243303571428572,0.5518973214285712,0.07533482142857151,0.6238839285714286,False,True,-0.07782684743103718,-0.008373722195002431,,,,,,,,,,Q4 steep
Weekly,AMKR,2023-01-06,bearish_crossover,7,0.0739203431668046,0.022710327510896598,2.0884875561512906,0.31208335863898345,0.31352164800929294,True,MACD leads signal,0.1328952172325666,-0.008944870390653614,0.14494341000365085,0.059875867104782765,-0.008944870390653614,0.14494341000365085,0.10441767068273089,-0.008944870390653614,0.14567360350492864,-0.02884264330047459,0.10040160642570284,0.14567360350492864,False,True,-0.04332894584189151,-0.00035957234257733006,,,,,,,,,,Q3
Weekly,AMKR,2023-09-01,bearish_crossover,12,0.05445190590527671,0.02850922979421172,1.557295255181459,0.10467870807397908,0.11517336113113774,True,MACD and signal aligned,-0.19034090909090906,0.20205965909090917,0.014204545454545414,-0.20987215909090906,0.22833806818181812,0.014204545454545414,-0.19744318181818177,0.22833806818181812,0.014204545454545414,-0.2624289772727273,0.2689985795454545,0.014204545454545414,False,True,-0.03996727759074614,-0.002623663264289658,,,,,,,,,,Q2
Weekly,AMKR,2024-02-23,bearish_crossover,12,0.13043142937261099,0.05735442867807407,2.7956999897567085,0.23178322016599778,0.2792188607843454,True,MACD leads signal,0.08107224583197126,0.02517162471395884,0.09447531873161163,0.1408957175547565,0.02517162471395884,0.20954560313828052,0.0346518470088264,0.02517162471395884,0.20954560313828052,-0.06832298136645965,0.0799280810722458,0.20954560313828052,False,True,-0.06214326750366317,-0.011858910154586899,,,,,,,,,,Q4 steep
Weekly,AMKR,2024-08-02,bearish_crossover,8,0.07154189280121467,0.03395222126612552,2.1478678987918003,0.21659385719401858,0.22171552434556144,True,MACD leads signal,0.10897659797415304,0.071023402025847,0.11316800558854356,0.137268599371289,0.071023402025847,0.15543136570031435,0.14914425427872868,0.071023402025847,0.1823262312259868,0.07893817673768777,0.071023402025847,0.1823262312259868,False,True,-0.12833965365837818,-0.0012804167878856798,,,,,,,,,,Q3
Weekly,AMKR,2024-11-08,bearish_crossover,3,0.0349927900530668,0.006683640452366857,0.7659708367655427,-0.2881849340130234,-0.28554624793758393,False,MACD leads signal,-0.07931286549707595,0.08552631578947367,-0.006578947368421018,-0.029970760233918092,0.08589181286549696,-0.006578947368421018,-0.039473684210526216,0.08589181286549696,0.0007309941520468044,-0.030336257309941494,0.0935672514619883,0.004020467836257202,False,True,-0.027047479577178735,-0.0006596715188598723,,,,,,,,,,Q1 weak
Weekly,AMKR,2025-08-15,bearish_crossover,17,0.2400500665126294,0.11312593296818958,8.367531684771212,0.4634637160057744,0.4713503706977268,True,MACD leads signal,0.01388888888888884,0.04292929292929304,0.03240740740740744,0.018097643097643168,0.04292929292929304,0.043560606060605966,0.07154882154882158,0.04292929292929304,0.0772306397306397,0.18939393939393945,0.04292929292929304,0.41161616161616155,False,True,-0.01210215812467963,-0.0019716636729880666,,,,,,,,,,Q4 steep
Weekly,AMKR,2025-12-19,bearish_crossover,14,0.044959974686208284,0.02382866609434055,1.5107968132765561,0.7536167230645049,0.7670442790202476,True,MACD and signal aligned,0.004951720722951247,0.012379301807378118,0.03478583807873248,0.06263926714533308,0.022777915325575715,0.06981926219361223,0.18841297350829422,0.022777915325575715,0.3417999504827929,0.1755384996286209,0.022777915325575715,0.41346868036642737,False,True,-0.03912882401885953,-0.0033568889889354914,,,,,,,,,,Q2
Weekly,AMKR,2026-07-10,bearish_crossover,11,0.08308126375808844,0.02231100958393058,2.218626620299358,-0.040954590528110554,-0.007025365375472417,False,MACD leads signal,-0.10685398041719885,0.17879948914431676,0.027387540797502608,-0.07818930041152272,0.17879948914431676,0.027387540797502608,-0.2314460053923656,0.3946360153256705,0.027387540797502608,,,,False,True,-0.04894329142030704,-0.008482306288159536,,,,,,,,,,Q3
Weekly,APLD,2022-09-02,early_rising_blue,3,0.05090385578943386,0.020595701823918566,1.5904187275469432,-0.07238279841330747,-0.16850668645661632,False,MACD leads signal,0.008928571428571175,0.14285714285714302,0.02678571428571419,-0.04017857142857151,0.1517857142857144,0.05803571428571419,-0.24107142857142871,0.3526785714285715,0.05803571428571419,-0.008928571428571397,0.3526785714285715,0.05803571428571419,True,False,,,,,,,,,,,,Q2
Weekly,APLD,2023-02-03,early_rising_blue,3,0.04690316687959967,0.01411785060374833,2.186221927483317,0.1000629552729415,0.027304697115432548,True,MACD leads signal,-0.03951367781155013,0.08814589665653494,0.07902735562310026,-0.04863221884498481,0.13981762917933127,0.07902735562310026,-0.18541033434650456,0.23100303951367784,0.07902735562310026,-0.31914893617021267,0.47112462006079026,0.07902735562310026,True,False,,,,,,,,,,,,Q3
Weekly,APLD,2023-12-29,early_rising_blue,3,0.07470860574283535,0.02731339075307715,2.0325904476957923,-0.14545245745956273,-0.2778137670059192,False,MACD leads signal,0.09347181008902083,0.05637982195845692,0.10979228486646897,0.1112759643916914,0.05637982195845692,0.2833827893175074,-0.2537091988130563,0.314540059347181,0.2833827893175074,-0.39985163204747776,0.4250741839762612,0.2833827893175074,True,False,,,,,,,,,,,,Q3
Weekly,APLD,2024-06-14,early_rising_blue,3,0.08146002720425896,0.026952588476814726,2.270293129754125,-0.1368151863873167,-0.270187374295293,False,MACD leads signal,0.1870967741935483,-0.0021505376344086446,0.3301075268817202,0.27956989247311825,-0.0021505376344086446,0.5548387096774192,0.33333333333333326,-0.0021505376344086446,0.5548387096774192,-0.16129032258064524,0.22580645161290325,0.5548387096774192,True,False,,,,,,,,,,,,Q3
Weekly,APLD,2024-10-18,early_rising_blue,3,0.0629784160978124,0.02275850700001532,1.2849446450652884,0.28587370865191064,0.17512173570200232,True,MACD leads signal,-0.017114914425427896,0.06112469437652812,0.15892420537897323,-0.2102689486552567,0.23716381418092902,0.15892420537897323,-0.11613691931540338,0.27444987775061125,0.15892420537897323,0.08801955990220067,0.27444987775061125,0.3753056234718828,True,False,,,,,,,,,,,,Q2
Weekly,APLD,2025-06-20,early_rising_blue,3,0.11364240620369064,0.042427386576022075,2.5229343388160923,-0.05393735591894702,-0.25545179790571576,False,MACD leads signal,0.004840271055179146,0.08906098741529522,0.06098741529525653,0.011616650532429773,0.08906098741529522,0.06098741529525653,0.1548886737657309,0.1268151016456922,0.17618586640851897,0.3639883833494675,0.1268151016456922,0.5343659244917716,True,False,,,,,,,,,,,,Q3
Weekly,APLD,2026-02-13,early_rising_blue,3,0.09335868980539572,0.03800676377405973,2.0720736231470784,0.07316333737135518,-0.10003007592245983,False,MACD leads signal,-0.1768707482993198,0.19600340136054428,-0.017006802721088454,-0.22704081632653061,0.2609126984126985,-0.017006802721088454,-0.23327664399092973,0.3081065759637188,-0.017006802721088454,-0.25566893424036274,0.4331065759637188,-0.017006802721088454,True,False,,,,,,,,,,,,Q3
Weekly,APLD,2026-05-15,early_rising_blue,3,0.09551946931799726,0.028801440323642534,1.9467763252249939,0.08830281828087667,-0.060767669014230016,False,MACD leads signal,0.07777255639097724,0.16165413533834594,0.14128759398496227,0.11090225563909772,0.16165413533834594,0.19184680451127822,0.00328947368421062,0.16165413533834594,0.19184680451127822,-0.26809210526315796,0.2967575187969925,0.19184680451127822,True,False,,,,,,,,,,,,Q3
Weekly,APLD,2022-12-16,bearish_crossover,17,0.03723331923200012,0.017575547917047917,2.6187842917127417,0.01148893003759937,0.026110175248395543,True,MACD leads signal,0.19254658385093149,0.09937888198757772,0.19254658385093149,0.1428571428571428,0.09937888198757772,0.2049689440993787,0.329192546583851,0.09937888198757772,0.4285714285714284,0.9627329192546583,0.09937888198757772,1.3198757763975153,False,True,-0.021778681877939805,-0.003655311302699041,,,,,,,,,,Q4 steep
Weekly,APLD,2023-07-28,bearish_crossover,27,0.04970022186924985,0.02778318965622612,1.8739431617182791,0.6986833177682905,0.7263744523744144,True,MACD and signal aligned,-0.1717171717171716,0.18022328548644329,0.07389686337054768,-0.2503987240829346,0.2704518872939925,0.07389686337054768,-0.37586390217969157,0.4247740563530037,0.07389686337054768,-0.4375332270069112,0.4875066454013822,0.07389686337054768,False,True,-0.047638762917504685,-0.006922783651530984,,,,,,,,,,Q3
Weekly,APLD,2024-03-01,bearish_crossover,11,0.07354099186833409,0.036051571884656346,1.6171337275299447,-0.05038350756299556,-0.00974957716300706,False,MACD leads signal,0.09026128266033262,0.05460807600950113,0.13539192399049882,0.06888361045130642,0.05460807600950113,0.13539192399049882,0.016627078384798155,0.05460807600950113,0.18171021377672192,-0.3016627078384798,0.43942992874109266,0.18171021377672192,False,True,-0.053421157473135056,-0.010158482599997127,,,,,,,,,,Q2
Weekly,APLD,2024-08-23,bearish_crossover,12,0.08639922975875226,0.04610477607145097,2.0389324697907516,0.19394757219242384,0.1946578772028439,True,MACD and signal aligned,-0.19780219780219777,0.265934065934066,0.0923076923076922,0.0,0.3384615384615385,0.2549450549450549,0.32307692307692304,0.3384615384615385,0.4725274725274726,0.7978021978021979,0.3384615384615385,0.9307692307692308,False,True,-0.05490606701019665,-0.00017757625260497734,,,,,,,,,,Q3
Weekly,APLD,2024-12-20,bearish_crossover,11,0.056333735726071955,0.021319502083128786,1.2011954450195865,0.3497604130197012,0.35402191462328847,True,MACD leads signal,0.0474406991260925,0.0337078651685393,0.16729088639200995,0.13732833957553048,0.07490636704119846,0.16729088639200995,0.11111111111111116,0.07490636704119846,0.27340823970037453,0.13732833957553048,0.2359550561797753,0.27340823970037453,False,True,-0.05384776714749834,-0.0010653754008967953,,,,,,,,,,Q1 weak
Weekly,APLD,2025-11-14,bearish_crossover,23,0.07528087523077687,0.044562987913786455,1.7905876639461669,0.5826880114039418,0.6412295820046372,True,MACD and signal aligned,-0.108245243128964,0.1964059196617336,0.12473572938689226,0.14587737843551807,0.1964059196617336,0.15602536997885852,0.17801268498942924,0.1964059196617336,0.4740338266384778,0.5932346723044399,0.1964059196617336,0.6201606765327696,False,True,-0.15606972289496945,-0.014635392650173884,,,,,,,,,,Q3
Weekly,APLD,2026-03-20,bearish_crossover,7,0.10011782208463883,0.030545305951968405,1.790671277307082,-0.05846715215393782,-0.015528427571349885,False,MACD leads signal,-0.08368684920940983,0.10219822599305817,0.10509062861550333,-0.052834554569996195,0.22869263401465478,0.10509062861550333,0.21596606247589678,0.22869263401465478,0.2310065561126109,0.6413420748168146,0.22869263401465478,0.8430389510219822,False,True,-0.06308816001939258,-0.010734681145646985,,,,,,,,,,Q3
Weekly,APLD,2026-07-02,bearish_crossover,9,0.09479411307838312,0.03557373840938179,1.7503111773172557,0.1040255240054728,0.17417906141730047,True,MACD leads signal,-0.05777374470659413,0.09467634603750763,0.0825771324863882,-0.2199032062915911,0.27313974591651546,0.0825771324863882,-0.1715063520871144,0.3064125831820932,0.0825771324863882,,,,False,True,-0.11438805816915495,-0.017538384352956904,,,,,,,,,,Q3
Weekly,ARM,2024-06-28,early_rising_blue,3,0.1235574815904362,0.045110943775439435,2.5377053022717737,0.10741473939877508,-0.11090672277303046,False,MACD leads signal,0.1073829605182739,0.06765676567656764,0.11630607505194956,0.10732184329544059,0.06765676567656764,0.15358758098032022,-0.08935337978242275,0.14435888033247768,0.15358758098032022,-0.17106710671067116,0.4092409240924093,0.15358758098032022,True,False,,,,,,,,,,,,Q3
Weekly,ARM,2024-10-18,early_rising_blue,3,0.0917423170458655,0.02759101976604761,1.452810511469014,-0.03099512042814262,-0.169128866599518,False,MACD leads signal,-0.06064170424099846,0.09560216950924649,0.0070790041168398155,-0.07547539698098416,0.09560216950924649,0.030451545448604733,-0.15879239364830433,0.17133895314644187,0.030451545448604733,-0.007318826373913678,0.174305691694439,0.030451545448604733,True,False,,,,,,,,,,,,Q2
Weekly,ARM,2025-02-21,early_rising_blue,3,0.026249171639288305,0.01183205554258629,0.5695071790617444,0.06086119018574243,0.010760978902412824,True,MACD leads signal,-0.09078983706158528,0.12020160176746753,0.005327948080640743,-0.13318144159072087,0.1886219276442972,0.005327948080640743,-0.1779204639602321,0.24123170394918525,0.005327948080640743,-0.30454294393813863,0.4476663904998619,0.005327948080640743,True,True,,,,,,,,,,,,Q1 weak
Weekly,ARM,2025-06-06,early_rising_blue,3,0.0671699032151973,0.02629449983669084,1.2983584199136486,-0.08084043071377009,-0.204285861208131,False,MACD leads signal,0.018330703929081205,-0.010968372023138606,0.08406505897378103,0.08962512207948303,-0.010968372023138606,0.12125309894072567,0.16512658703328076,-0.010968372023138606,0.264442190669371,0.03358124859139067,-0.010968372023138606,0.264442190669371,True,False,,,,,,,,,,,,Q2
Weekly,ARM,2026-02-27,early_rising_blue,3,0.053574783789440555,0.015444863540143683,1.145410563134875,-0.17213112477265446,-0.251478814639297,False,MACD leads signal,-0.10255001961553556,0.10937622597096897,-0.0003923107100823886,-0.09180070615927816,0.12702942330325628,-0.0003923107100823886,0.13087485288348355,0.12702942330325628,0.3078854452726558,0.8423695566888976,0.12702942330325628,0.8648881914476265,True,False,,,,,,,,,,,,Q1 weak
Weekly,ARM,2024-04-05,bearish_crossover,7,0.04624668724431622,0.01471433928891758,1.588725738691511,0.05460696775961238,0.07480380299191548,True,MACD leads signal,0.012097420285210658,0.011456497356192807,0.0848421727287294,-0.3014741227367409,0.3141323505848421,0.0848421727287294,-0.18522672648614003,0.3141323505848421,0.0848421727287294,-0.03444960743470593,0.3141323505848421,0.0848421727287294,False,True,-0.0484558460616325,-0.0050492088080757586,,,,,,,,,,Q2
Weekly,ARM,2024-08-09,bearish_crossover,8,0.1192004683458672,0.051277356732009595,2.332852013493,0.07747285309328106,0.16022358822854288,True,MACD leads signal,0.11367521367521372,0.014358974358974375,0.13760683760683756,0.1592307692307693,0.014358974358974375,0.17991452991452994,0.0024786324786325586,0.01786324786324789,0.17991452991452994,0.20128205128205146,0.01786324786324789,0.3024752136752138,False,True,-0.16756109956780207,-0.02068768378381544,,,,,,,,,,Q4 steep
Weekly,ARM,2024-12-20,bearish_crossover,11,0.0790739308710779,0.028829251057092425,1.4968066342585182,0.023585616109423037,0.04034305647845664,True,MACD leads signal,-0.022323117669315273,0.06727203934922432,0.008701475595913832,0.06757472569050327,0.06840711312902015,0.07037457434733252,0.12947408248202796,0.06840711312902015,0.14718123344684053,0.20726447219069222,0.06840711312902015,0.38388195232690125,False,True,-0.02569846494843179,-0.0041893600922583984,,,,,,,,,,Q2
Weekly,ARM,2025-03-07,bearish_crossover,4,0.02857637548460494,0.009660201952551323,0.6599099087373687,0.01684074948802529,0.018519805581083564,True,MACD leads signal,-0.06061330147351651,0.12465153325368372,-0.029868578255675016,-0.05161290322580647,0.12465153325368372,-0.01473516527279961,-0.3013938669852648,0.32783671843886897,0.005734767025089571,-0.01816009557945042,0.3628036638789327,0.005734767025089571,False,True,-0.03481318292406405,-0.0004197640232645669,,,,,,,,,,Q1 weak
Weekly,ARM,2025-08-29,bearish_crossover,14,0.07253316561234088,0.03987720138606313,1.7645823624745935,0.24646289533595256,0.2676665469199976,True,MACD and signal aligned,-0.001012218928494124,0.058202588388402976,0.003687368953799286,0.08914756705950388,0.058202588388402976,0.14879618248861237,0.009471477116621996,0.058202588388402976,0.14879618248861237,0.23403947653821122,0.058202588388402976,0.3038825826042948,False,True,-0.05089665119185044,-0.005300912896011256,,,,,,,,,,Q3
Weekly,ARM,2025-11-21,bearish_crossover,3,0.043164549290544,0.01233991549579895,1.1583929696948132,0.11208440949966669,0.14872474069215744,True,MACD leads signal,0.030326062172227886,0.035342403283423196,0.03378429733221844,0.07402903397431038,0.035342403283423196,0.09637455346963608,-0.13331306528843956,0.14395378885764232,0.09637455346963608,-0.1960173291783841,0.22467127764687989,0.09637455346963608,False,True,-0.07017834286881452,-0.009160082798122665,,,,,,,,,,Q1 weak
Weekly,ARM,2026-07-10,bearish_crossover,21,0.05217860985873154,0.03364778382965673,1.3937693225183445,0.4041877072264761,0.44787587616049385,True,MACD and signal aligned,-0.17378397600420548,0.24821423049568625,-0.036983209128297,-0.19598627044744732,0.24821423049568625,-0.036983209128297,-0.1135161878845975,0.3215931228547574,-0.036983209128297,,,,False,True,-0.10819832784063155,-0.010922042233504348,,,,,,,,,,Q2
Weekly,BIDU,2021-09-24,early_rising_blue,3,0.12271526145797289,0.049634187591604165,1.5004087132746888,0.21163173106042935,-0.015410229937678793,False,MACD leads signal,-0.031870728747524946,0.03774605607715398,0.00517340486683282,0.035255796129526784,0.07702625023950949,0.036597049243150215,0.13457239573353763,0.07702625023950949,0.16625151689340223,-0.03065721402567534,0.07702625023950949,0.16625151689340223,True,False,,,,,,,,,,,,Q2
Weekly,BIDU,2022-02-11,early_rising_blue,3,0.05520947619398181,0.01559853036870007,0.9863307916680142,0.009168527266636084,-0.07140365711732251,False,MACD leads signal,-0.018177290836653315,0.02219248007968122,0.06990786852589648,-0.04687499999999989,0.14672559760956172,0.06990786852589648,-0.259711155378486,0.2613296812749003,0.06990786852589648,-0.16110557768924305,0.3639193227091633,0.06990786852589648,True,False,,,,,,,,,,,,Q1 weak
Weekly,BIDU,2022-06-24,early_rising_blue,3,0.09046715942290848,0.0313856623704878,1.748223042783383,0.17350133681083807,0.02053929610802279,True,MACD leads signal,0.0009911457645037647,0.03231135192282286,0.035879476675036326,0.0070040967358266926,0.044433725386546885,0.035879476675036326,-0.07486454341218451,0.10370688515924409,0.035879476675036326,-0.14675564953085773,0.16049953746530998,0.035879476675036326,True,False,,,,,,,,,,,,Q2
Weekly,BIDU,2022-12-16,early_rising_blue,3,0.1271392777802945,0.0423980717922587,2.8075561419657196,-0.0031115974905978894,-0.2117739322188442,False,MACD leads signal,-0.00870414779287687,0.047606359356958894,0.025490718536282042,0.015898392397193373,0.047606359356958894,0.043609556799005134,0.23439026556532538,0.047606359356958894,0.2348343547384315,0.23447908339994683,0.047606359356958894,0.4289013233857357,True,False,,,,,,,,,,,,Q4 steep
Weekly,BIDU,2023-07-28,early_rising_blue,3,0.05935544077838649,0.021927003839851737,1.1268873744916998,0.11757153627033802,0.011597222888890856,True,MACD leads signal,-0.045700308959835345,0.06333676622039142,0.010427394438722759,-0.11231977342945432,0.12364830072090627,0.010427394438722759,-0.13858135942327499,0.20719618949536567,0.010427394438722759,-0.14810762100926889,0.20719618949536567,0.010427394438722759,True,False,,,,,,,,,,,,Q1 weak
Weekly,BIDU,2024-03-15,early_rising_blue,3,0.009379750058432085,0.0034982851393694503,0.29319718085842295,-0.42602361533967176,-0.4448778417818363,False,MACD leads signal,-0.016175621028307274,0.0243597150009629,0.017716156364336655,0.01367225110725978,0.0243597150009629,0.03341036010013476,-0.06085114577315609,0.06248796456768724,0.05825149239360683,0.046216060080878085,0.09252840362025805,0.11101482765260928,True,False,,,,,,,,,,,,Q1 weak
Weekly,BIDU,2024-08-23,early_rising_blue,3,0.015366091365588676,0.00445835980213978,0.6224008848227786,-0.06019326830363318,-0.08224538452276639,False,MACD leads signal,-0.012602100350058376,0.044096849474912436,0.02100350058343059,-0.054725787631271894,0.05484247374562434,0.02100350058343059,0.0063010501750291326,0.05710151691948662,0.022170361726954413,0.10140023337222859,0.05710151691948662,0.3564760793465578,True,True,,,,,,,,,,,,Q1 weak
Weekly,BIDU,2024-10-04,early_rising_blue,3,0.1362662835373234,0.0376248895451386,5.765758345431294,0.19713743824995264,-0.00837999847696222,False,MACD leads signal,-0.060293318848451904,0.07921419518377693,0.04101032047800102,-0.14548252761180513,0.1699257649827992,0.04101032047800102,-0.1850443599493029,0.198080753213833,0.04101032047800102,-0.23003802281368824,0.28526163317037834,0.04101032047800102,True,False,,,,,,,,,,,,Q4 steep
Weekly,BIDU,2025-02-21,early_rising_blue,3,0.08793495202588716,0.027617237036034865,2.1641299066340274,0.13043757218164168,-0.005777208099236455,False,MACD leads signal,-0.052914110429447825,0.0690184049079754,-0.0002191060473268891,0.03856266432953537,0.08139789658194574,0.04962751971954438,0.03571428571428581,0.08139789658194574,0.15238825591586314,-0.09520157756354075,0.18152936021034194,0.15238825591586314,True,False,,,,,,,,,,,,Q3
Weekly,BIDU,2025-08-01,early_rising_blue,3,0.027798672004563728,0.008186236797160074,0.9132065945164034,-0.0025459854003313104,-0.04337535595428496,False,MACD leads signal,0.014280738418669392,0.008939974457215838,0.028213166144200663,0.04319052594914652,0.017299431092534512,0.06176709624985488,0.10646696853593407,0.017299431092534512,0.11790200859166378,0.5249042145593872,0.017299431092534512,0.6440264716126785,True,False,,,,,,,,,,,,Q1 weak
Weekly,BIDU,2026-05-15,early_rising_blue,3,0.0786331125178701,0.022140045576777262,1.8954412125840108,-0.07681879280650214,-0.19077899959892625,False,MACD leads signal,-0.05571565802113354,0.06473065839060088,0.05933643685805068,-0.00014778689130279243,0.0774403310426367,0.05933643685805068,-0.14453557969408126,0.1669252937264466,0.05933643685805068,-0.13153033325943997,0.25870095322544906,0.05933643685805068,True,False,,,,,,,,,,,,Q3
Weekly,BIDU,2021-11-19,bearish_crossover,10,0.11062918961689694,0.04499588355008308,1.9295800280375475,0.1731829385444619,0.21467079466385958,True,MACD leads signal,0.008499703498715094,0.032153917111418795,0.017658298741516587,-0.0947486327996312,0.12934044936416966,0.017658298741516587,-0.06378072082756803,0.12934044936416966,0.017658298741516587,0.018185412136785928,0.12934044936416966,0.0673387362456348,False,True,-0.05420538212724382,-0.010371964029849412,,,,,,,,,,Q3
Weekly,BIDU,2022-04-22,bearish_crossover,12,0.049769438728317975,0.017281257038213267,1.042273040679091,0.05835089320716477,0.07344143830195995,True,MACD leads signal,0.0837915684734225,0.037269791393907625,0.19176049576678023,0.019114951557999582,0.037269791393907625,0.19176049576678023,0.08641005498821697,0.11306101073579466,0.19176049576678023,0.22047656454569275,0.11306101073579466,0.3589945011783189,False,True,-0.035941278918241296,-0.0037726362736987956,,,,,,,,,,Q1 weak
Weekly,BIDU,2022-08-19,bearish_crossover,10,0.08334874373286129,0.03438268255564968,1.744532970687418,0.20276437862966953,0.24630410453659227,True,MACD leads signal,0.1438860063501899,-0.009292960582359067,0.2040579261209634,0.08456594129946571,-0.009292960582359067,0.2040579261209634,-0.042128087973360206,0.05761635561062495,0.2040579261209634,-0.2233408193293579,0.22519941144582978,0.2040579261209634,False,True,-0.06143096053918004,-0.01088493147673067,,,,,,,,,,Q3
Weekly,BIDU,2023-04-21,bearish_crossover,20,0.09599253584779202,0.046516191957934404,1.828537669515047,0.44174278043273,0.4733106554591321,True,MACD leads signal,-0.03481113956466064,0.06874199743918041,-0.010243277848911547,-0.012083866837387935,0.07378361075544171,-0.005121638924455829,-0.005441741357234298,0.07378361075544171,0.07626440460947514,0.16125160051216403,0.07378361075544171,0.1995038412291934,False,True,-0.0671531564240418,-0.007891968756600476,,,,,,,,,,Q3
Weekly,BIDU,2023-09-01,bearish_crossover,7,0.05841195802795113,0.02095051525979877,1.1256584855615959,0.06868684139867592,0.0913029284146421,True,MACD leads signal,-0.0737352358844815,0.0751689765822352,-0.012562299446985725,-0.07394005598416065,0.0751689765822352,-0.012562299446985725,-0.08274732027036258,0.13449853212261897,-0.012562299446985725,-0.26906533761179763,0.28606540588516427,-0.012562299446985725,False,True,-0.046464656619139066,-0.005654021753991545,,,,,,,,,,Q1 weak
Weekly,BIDU,2024-06-28,bearish_crossover,17,0.049014858753577716,0.02458046610373464,1.3803272808501215,-0.07294206402000993,-0.013164602225129197,False,MACD and signal aligned,0.028792784458834264,0.0161887141535616,0.04417206290471776,0.14558279370952798,0.0161887141535616,0.21068455134135067,0.028908418131359914,0.0161887141535616,0.21068455134135067,-0.00901942645698428,0.07863089731729878,0.21068455134135067,False,True,-0.10196431774967034,-0.014944365448720184,,,,,,,,,,Q2
Weekly,BIDU,2024-09-06,bearish_crossover,4,0.010945014737616521,0.002991960959112805,0.4747886146519218,-0.09126611640462712,-0.08116940216970243,False,MACD leads signal,0.03258856931243059,0.0025132699666708946,0.042340451796074374,0.0645599308727316,0.0025132699666708946,0.08134798173065039,0.3635353660041969,0.0025132699666708946,0.4350080237007776,0.11122083693371176,0.0025132699666708946,0.4350080237007776,True,True,-0.02702153644083638,-0.0025241785587311744,,,,,,,,,,Q1 weak
Weekly,BIDU,2024-11-22,bearish_crossover,9,0.11499595367959858,0.04632489930862442,4.824543559077889,0.31017143636934635,0.33662030757632805,True,MACD leads signal,0.05875762479770952,0.0016183244118012086,0.0654798954313458,0.07593676086144674,0.0016183244118012086,0.08701605875762475,0.06809411178887093,0.0016183244118012086,0.18903273994771563,0.03224200174281089,0.039026515623054925,0.18903273994771563,False,True,-0.10825543807271437,-0.006612217801745424,,,,,,,,,,Q4 steep
Weekly,BIDU,2025-04-17,bearish_crossover,10,0.06903048022439351,0.027398566437274053,1.5110610182920712,0.11509642572918707,0.1631417423089827,True,MACD leads signal,0.09868022763046369,0.007143722000242159,0.1100617508172903,0.08923598498607577,0.007143722000242159,0.1100617508172903,0.08172902288412631,0.007143722000242159,0.1393631190216733,0.04128829156072156,0.01719336481414213,0.15207652258142645,False,True,-0.06387807375418131,-0.012011329144948873,,,,,,,,,,Q2
Weekly,BIDU,2025-11-14,bearish_crossover,17,0.044021293210291725,0.023257894722307725,1.3383556596218824,0.3097888735378048,0.35412969451049187,True,MACD and signal aligned,-0.04353448275862071,0.06887931034482753,0.019395689655172355,0.007672413793103461,0.06887931034482753,0.038189655172413906,0.07767241379310352,0.06887931034482753,0.13134137931034484,0.23741379310344812,0.06887931034482753,0.3053879310344829,False,True,-0.061828553714998735,-0.011085205243171747,,,,,,,,,,Q2
Weekly,BIDU,2026-02-20,bearish_crossover,4,0.06343751317662091,0.014990257549072086,2.1574854056015083,0.11435285722649477,0.13290779527383628,True,MACD leads signal,-0.08405711762108059,0.09487707934638612,0.005186221109966027,-0.1237303106138673,0.14912409833652307,0.005186221109966027,-0.15898719269836603,0.1628882673340204,0.005186221109966027,-0.07161784189606957,0.22147799205064045,0.005186221109966027,False,True,-0.062092680500177744,-0.004638734511835357,,,,,,,,,,Q3
Weekly,BIDU,2026-07-10,bearish_crossover,10,0.06925382294765048,0.02426559876910204,1.3773646388266025,-0.040207457728349855,-0.011104494734950423,False,MACD leads signal,-0.08755211435378207,0.09665617289202755,-0.009529481834425257,-0.1037181996086105,0.10490938483791368,-0.009529481834425257,,,,,,,False,True,-0.03878874456133944,-0.007275740748349859,,,,,,,,,,Q2
Weekly,CAR,2022-03-25,early_rising_blue,3,0.07196307423982895,0.021017589531910214,3.102013385406362,-0.2074561034394657,-0.31890253623769776,False,MACD leads signal,-0.008711530414273305,0.052269182485639276,0.058469966142960406,-0.06908357743371252,0.10084832807090949,0.09670179176018578,0.13390649370411234,0.10084832807090949,0.2470042226195459,-0.33548902499334265,0.37155247841138206,0.2470042226195459,True,False,,,,,,,,,,,,Q4 steep
Weekly,CAR,2022-08-26,early_rising_blue,3,0.03517548273483832,0.011854163746528423,0.8260414569077839,-0.12054614660047461,-0.17707202419299192,False,MACD leads signal,-0.08420158550396384,0.09518686296715739,0.015515288788221948,-0.04762174405436015,0.1561155152887882,0.015515288788221948,-0.2171574178935447,0.2535107587768969,0.015515288788221948,0.07219705549263877,0.2535107587768969,0.08720271800679513,True,False,,,,,,,,,,,,Q1 weak
Weekly,CAR,2022-11-18,early_rising_blue,3,0.09793122003945318,0.039216002721775,1.8709396364488857,0.0681996084561762,-0.11459012528313883,False,MACD leads signal,-0.006873309387610216,0.03325794864972731,0.02922265088022713,-0.03649505565163402,0.04931045186466232,0.02922265088022713,-0.21493503614030418,0.22761740055873347,0.02922265088022713,-0.15347434703560814,0.31911666888386325,0.02922265088022713,True,False,,,,,,,,,,,,Q3
Weekly,CAR,2023-03-03,early_rising_blue,3,0.06665832285030246,0.023896968497606988,1.3270660003879002,0.0956300347867157,-0.018041514568490253,False,MACD leads signal,-0.1718183388015886,0.18839578656536005,0.018779140044897336,-0.2515109652909687,0.2604904161630115,0.018779140044897336,-0.15903988948368153,0.2604904161630115,0.018779140044897336,-0.23730789155586252,0.2928250733897426,0.018779140044897336,True,False,,,,,,,,,,,,Q2
Weekly,CAR,2023-06-30,early_rising_blue,3,0.08633581100388135,0.030647773405336344,2.428202988000647,0.14793949415532104,-0.0026550045933157497,False,MACD leads signal,0.021646914768006287,0.02042244282153316,0.028206585909826387,0.02523286832553473,0.02042244282153316,0.0626667249748547,-0.027244500809026073,0.05431407705427027,0.07119429745922079,-0.05169020859754225,0.10902173437704976,0.07119429745922079,True,False,,,,,,,,,,,,Q3
Weekly,CAR,2023-12-22,early_rising_blue,3,0.051061614235929365,0.02201616630166603,1.0085790591080839,-0.11827055609627937,-0.2170160262424503,False,MACD leads signal,-0.027486695561529717,0.04336972623031765,0.008397432380534253,-0.08904372634004509,0.09694189938004061,0.008397432380534253,-0.09919350414220673,0.14006693366983047,0.008397432380534253,-0.38415537389586885,0.3848137378614145,0.008397432380534253,True,False,,,,,,,,,,,,Q1 weak
Weekly,CAR,2024-04-19,early_rising_blue,3,0.04089181545008648,0.014921885995586276,1.0728895802180431,-0.19525419213753706,-0.261778202288522,False,MACD leads signal,-0.008853910477127469,0.079881947860305,0.027250368912936418,0.13723561239547455,0.079881947860305,0.16517461878996542,0.16389572060993607,0.079881947860305,0.3010329562223315,0.03541564190850943,0.079881947860305,0.3010329562223315,True,False,,,,,,,,,,,,Q1 weak
Weekly,CAR,2024-10-04,early_rising_blue,3,0.10690713878917875,0.030191580731098705,3.241284658750691,0.029216089609943485,-0.1290419384500521,False,MACD leads signal,-0.060101867572156076,0.08851160158460658,0.015393322014714217,-0.08262591963780419,0.13163554046406334,0.015393322014714217,0.041992076966610226,0.13163554046406334,0.14304589700056614,0.23452178834182225,0.13163554046406334,0.2722127900396154,True,False,,,,,,,,,,,,Q4 steep
Weekly,CAR,2025-05-16,early_rising_blue,3,0.12312465539047612,0.04363133637601465,3.831752629387315,0.2650099851105989,0.05353410696885316,True,MACD leads signal,0.09987137081955155,0.03528114663726578,0.11521499448732087,0.11898199191473724,0.03528114663726578,0.14268651231165008,0.12008452774715161,0.03528114663726578,0.19400036751194416,0.7584068357221607,0.03528114663726578,0.7910694597574421,True,False,,,,,,,,,,,,Q4 steep
Weekly,CAR,2025-11-28,early_rising_blue,3,0.022268483171680703,0.008098894739890256,0.5252999298264648,-0.18781828271002837,-0.225935275626703,False,MACD leads signal,-0.007580217839269987,0.04842508095378262,0.023108625257580284,-0.03569325875772733,0.04842508095378262,0.023108625257580284,-0.029069767441860406,0.07514203709155132,0.023108625257580284,-0.1045039740947894,0.12172505151604351,0.023108625257580284,True,False,,,,,,,,,,,,Q1 weak
Weekly,CAR,2026-04-24,early_rising_blue,3,0.11436852652371672,0.047084933883764044,3.6051692991461843,0.13278624933857022,-0.07684502638443988,False,MACD leads signal,-0.09044117647058814,0.24019558823529408,0.010342647058823484,-0.2855392156862745,0.297107843137255,0.010342647058823484,-0.18112745098039207,0.31156862745098035,0.010342647058823484,-0.07632352941176468,0.31156862745098035,0.010342647058823484,True,False,,,,,,,,,,,,Q4 steep
Weekly,CAR,2021-11-19,bearish_crossover,16,0.04396466346884058,0.02373314525077238,3.8195820444163653,0.39615381362603613,0.4031689141513394,True,MACD and signal aligned,0.009290953545232128,0.034928396786587546,0.11561299336360453,-0.08760041914076133,0.12322703457911277,0.11561299336360453,-0.24366049598323447,0.27357177785539644,0.11561299336360453,-0.3178134823611597,0.34139015019210617,0.11561299336360453,False,True,-0.0724571865365114,-0.0017537751313257965,,,,,,,,,,Q4 steep
Weekly,CAR,2022-06-03,bearish_crossover,12,0.07737704137836413,0.041076688748004984,1.9176033834759942,0.04166992915504317,0.09422409431577393,True,MACD and signal aligned,-0.12221874020683177,0.13062780737490864,0.02178000626762766,-0.15998119711689118,0.18912566593544344,0.02178000626762766,-0.21179358612765076,0.2509140290400085,0.02178000626762766,-0.04925310769873603,0.2509140290400085,0.02178000626762766,False,True,-0.0870159585201836,-0.013138541290182673,,,,,,,,,,Q3
Weekly,CAR,2022-09-23,bearish_crossover,6,0.03260039348457493,0.010311330578442801,0.8679858623668737,-0.15574323898065956,-0.1442851598943883,False,MACD leads signal,0.07385171790235079,0.005424954792043413,0.14763110307414107,0.27037974683544297,0.005424954792043413,0.32795660036166363,0.36962025316455693,0.005424954792043413,0.3887884267631103,0.6311754068716093,0.005424954792043413,0.782386980108499,False,True,-0.0433742789371135,-0.0028645197715678195,,,,,,,,,,Q1 weak
Weekly,CAR,2022-12-30,bearish_crossover,8,0.08391349090097643,0.04038486823374299,1.9203043880427113,0.04904182858155842,0.0764021193014483,True,MACD leads signal,0.014457390349539523,0.0074727017629475645,0.06734581833709496,0.16452144207893604,0.0074727017629475645,0.17345818337095098,0.19374123101323737,0.0074727017629475645,0.23076923076923062,0.33111694015738413,0.0074727017629475645,0.5327273836393582,False,True,-0.08524336423320344,-0.006840072679972456,,,,,,,,,,Q3
Weekly,CAR,2023-04-06,bearish_crossover,7,0.05940086895605033,0.02132467897024006,1.2739171271133831,0.02366461255449455,0.04853412895756866,True,MACD leads signal,-0.01995149911816585,0.021164021164021163,0.08840388007054667,-0.02606922398589062,0.05753968253968256,0.08840388007054667,-0.07699514991181655,0.11166225749559078,0.08840388007054667,-0.03648589065255736,0.1316688712522045,0.08840388007054667,False,True,-0.044301045639841344,-0.0062173791007685275,,,,,,,,,,Q1 weak
Weekly,CAR,2023-09-08,bearish_crossover,12,0.07903777668412314,0.03925533537842567,2.0389457469507355,0.288680296376274,0.3317511145678532,True,MACD leads signal,-0.0041133684474542465,0.026812139453222916,0.026034612490594355,-0.08703285678454975,0.09425633308251813,0.026034612490594355,-0.10368698269375465,0.16267870579383004,0.026034612490594355,0.0033609229997493273,0.20895410082769006,0.026034612490594355,False,True,-0.06884528429403652,-0.010767704547894774,,,,,,,,,,Q3
Weekly,CAR,2024-01-26,bearish_crossover,7,0.047002514541042796,0.020015361183661776,1.1252556003535699,-0.1674040603203954,-0.15532973727502092,False,MACD leads signal,-0.07210517251277337,0.09610195763247031,0.014926229978758698,-0.030483954302772842,0.12121935817211082,0.014926229978758698,-0.3969803088581434,0.42823927894827485,0.014926229978758698,-0.34858487858085996,0.42823927894827485,0.014926229978758698,False,True,-0.028419242955877166,-0.00301858076134362,,,,,,,,,,Q1 weak
Weekly,CAR,2024-07-12,bearish_crossover,14,0.04377771719751537,0.0205440424376631,1.3012067884287162,-0.021261761072613697,-0.011715453532304663,False,MACD leads signal,-0.051940798659592446,0.05361630829377273,0.06171460485897784,-0.02503956064414048,0.10025132644512713,0.06171460485897784,-0.19054267895373744,0.26435818672624034,0.06171460485897784,-0.3562319650004655,0.3599553197430885,0.06171460485897784,False,True,-0.03308683208990873,-0.002386576885077261,,,,,,,,,,Q2
Weekly,CAR,2025-01-03,bearish_crossover,15,0.09263233319574923,0.03447047603630058,3.151949256691176,0.23909353568784847,0.2677785548322377,True,MACD leads signal,0.03424657534246567,0.002567270058708493,0.08329256360078263,0.10304549902152638,0.002567270058708493,0.11301369863013688,0.09711350293542065,0.002567270058708493,0.16267123287671237,-0.03363502935420748,0.052103718199608684,0.19850782778864962,False,True,-0.045979637317808075,-0.007171254786097314,,,,,,,,,,Q4 steep
Weekly,CAR,2025-08-08,bearish_crossover,14,0.11404031507293921,0.05426823039405779,2.87985882330625,0.7143352194451118,0.7653668052423688,True,MACD leads signal,0.012491054583306127,0.01756554550777445,0.05633986077678754,0.011580248519940106,0.058519289571270616,0.08691692147550567,0.01671979702036297,0.058519289571270616,0.08691692147550567,0.005529893956151222,0.058519289571270616,0.09095049118469833,False,True,-0.17495374250640527,-0.012757896449314132,,,,,,,,,,Q4 steep
Weekly,CAR,2026-02-20,bearish_crossover,14,0.02108374623200294,0.009372917687551543,0.5830653260353598,-0.14251406216345897,-0.13329627145666864,False,MACD leads signal,0.009743961853425853,0.10894578625479434,0.021561107079921094,0.010780553539960769,0.10894578625479434,0.03130506893334717,0.035555094848139346,0.10894578625479434,0.08033585570643731,4.119311703120141,0.10894578625479434,4.200165854669846,False,True,-0.013944799358874382,-0.002304447676697602,,,,,,,,,,Q1 weak
Weekly,CAR,2026-05-22,bearish_crossover,6,0.1079083340540828,0.037645296792768075,3.0556639629001343,-0.0024614533925352844,0.017696906620323968,False,MACD leads signal,0.05261897635438495,0.033582759652798666,0.0853337324154444,0.05830589643819195,0.033582759652798666,0.0853337324154444,0.1279856330439988,0.033582759652798666,0.14918766836276554,-0.03879078120323265,0.13558814726129909,0.18094881771924576,False,True,-0.08582069527760094,-0.00503959000321481,,,,,,,,,,Q4 steep
Weekly,CIFR,2022-04-08,early_rising_blue,3,0.11738980756885345,0.045823229512903615,2.1661666841596023,0.08065346195938451,-0.13384737969038324,False,MACD leads signal,-0.020231213872832332,0.046242774566474076,0.052023121387283267,-0.06936416184971095,0.08236994219653182,0.052023121387283267,-0.15317919075144504,0.2052023121387283,0.052023121387283267,-0.33526011560693647,0.6271676300578035,0.052023121387283267,True,False,,,,,,,,,,,,Q3
Weekly,CIFR,2022-08-05,early_rising_blue,3,0.09078591340201284,0.02921864177920841,1.8021699293650812,0.06268900733777606,-0.08298038454946496,False,MACD leads signal,0.06849315068493156,0.0770319634703196,0.15981735159817356,-0.17808219178082185,0.18721461187214605,0.2168949771689499,-0.2100456621004566,0.2557077625570776,0.2168949771689499,-0.4246575342465754,0.452054794520548,0.2168949771689499,True,False,,,,,,,,,,,,Q3
Weekly,CIFR,2022-12-02,early_rising_blue,3,0.07035702494145389,0.02041729179537316,1.0736030862943404,-0.008558633322584941,-0.11256041054733679,False,MACD leads signal,-0.17894736842105252,0.20631578947368412,0.06315789473684208,-0.368421052631579,0.368421052631579,0.06315789473684208,-0.41052631578947363,0.5981052631578947,0.06315789473684208,0.5473684210526317,0.5981052631578947,0.684105263157895,True,False,,,,,,,,,,,,Q1 weak
Weekly,CIFR,2023-07-21,early_rising_blue,3,0.025378338495192,0.00986157627323142,0.7896143709469035,0.6219091206489997,0.5816858934505441,True,MACD leads signal,-0.19354838709677413,0.20967741935483863,-0.041474654377880116,-0.20046082949308752,0.22004608294930883,-0.041474654377880116,-0.27764976958525345,0.3951612903225806,-0.041474654377880116,-0.33870967741935476,0.3951612903225806,-0.041474654377880116,False,True,,,,,,,,,,,,Q1 weak
Weekly,CIFR,2023-11-24,early_rising_blue,3,0.03937689324230695,0.01292448122362233,1.4110295823713912,-0.15699722041162556,-0.21831852622198625,False,MACD leads signal,0.09293680297397766,0.040892193308550095,0.11710037174721188,0.08178438661710041,0.052044609665427566,0.2007434944237918,0.4981412639405205,0.14869888475836424,0.6022304832713754,-0.0037174721189590088,0.14869888475836424,1.0817843866171004,True,False,,,,,,,,,,,,Q2
Weekly,CIFR,2024-04-12,early_rising_blue,3,0.055010854893917015,0.02388923937799741,1.7134536338015505,0.11523503528895097,0.010841293402709149,True,MACD leads signal,0.0039215686274509665,0.13725490196078438,0.04313725490196085,0.17647058823529416,0.13725490196078438,0.30718954248366015,-0.027450980392156876,0.13725490196078438,0.30718954248366015,0.0535947712418301,0.13725490196078438,0.30718954248366015,True,False,,,,,,,,,,,,Q2
Weekly,CIFR,2024-07-19,early_rising_blue,3,0.04232393647070974,0.013351065692941507,1.203978108089106,0.10132972056824432,0.031191313210804962,True,MACD leads signal,-0.05977382875605819,0.1389337641357028,0.05977382875605808,-0.30048465266558966,0.3166397415185783,0.05977382875605808,-0.37964458804523427,0.4588045234248789,0.05977382875605808,-0.5008077544426495,0.5710823909531503,0.05977382875605808,True,False,,,,,,,,,,,,Q2
Weekly,CIFR,2024-11-01,early_rising_blue,3,0.10776438851031604,0.029993133093724755,2.9821837974899417,-0.024925012287260767,-0.1813261828797091,False,MACD leads signal,0.3638095238095238,0.05047619047619045,0.37142857142857144,0.2628571428571429,0.05047619047619045,0.48,0.2761904761904763,0.05047619047619045,0.48,-0.07428571428571418,0.07999999999999996,0.48,True,False,,,,,,,,,,,,Q4 steep
Weekly,CIFR,2025-06-06,early_rising_blue,3,0.0842318704028994,0.032052193135279655,1.406040182713796,-0.21591642607945416,-0.36880779643156164,False,MACD leads signal,-0.0461538461538461,0.0692307692307692,0.08205128205128198,-0.028205128205128216,0.07948717948717954,0.08205128205128198,0.5512820512820513,0.1564102564102564,0.653846153846154,0.26410256410256405,0.1564102564102564,0.8205128205128205,True,False,,,,,,,,,,,,Q2
Weekly,CIFR,2026-04-24,early_rising_blue,3,0.04000416865654065,0.011025926177283221,1.107338599615751,-0.12785312982249708,-0.1886330213508264,False,MACD leads signal,-0.06373626373626373,0.09450549450549439,0.0431318681318682,0.1291208791208791,0.09450549450549439,0.26181318681318677,0.20714285714285707,0.09450549450549439,0.26181318681318677,0.6032967032967034,0.09450549450549439,0.648901098901099,True,False,,,,,,,,,,,,Q1 weak
Weekly,CIFR,2022-05-20,bearish_crossover,8,0.09912637385463156,0.04688889701075936,1.801471946701888,0.09685847278152607,0.10400057676195146,True,MACD leads signal,0.17098445595854916,0.07772020725388595,0.18652849740932642,0.1917098445595855,0.07772020725388595,0.3316062176165804,-0.05699481865284972,0.2849740932642487,0.3316062176165804,-0.0984455958549223,0.3471502590673575,0.3316062176165804,False,True,-0.08968572319545015,-0.0017855259951063407,,,,,,,,,,Q3
Weekly,CIFR,2022-09-23,bearish_crossover,9,0.08595332388382734,0.03285761933115994,1.5759802416073094,0.12004646666375202,0.13879991718463144,True,MACD leads signal,-0.023255813953488413,0.06976744186046513,0.0852713178294573,-0.11627906976744196,0.1240310077519381,0.1472868217054264,-0.37689922480620164,0.38201550387596894,0.1472868217054264,-0.31000000000000005,0.4198449612403101,0.1472868217054264,False,True,-0.0705382444805217,-0.00468836263021985,,,,,,,,,,Q2
Weekly,CIFR,2023-05-19,bearish_crossover,26,0.07419834046817438,0.032931284649828425,1.376675822095637,0.5989353237303491,0.6081927648040881,True,MACD leads signal,-0.05533596837944654,0.1264822134387351,0.035573122529644285,0.01976284584980248,0.1264822134387351,0.035573122529644285,0.2055335968379446,0.15019762845849804,0.24505928853754955,0.940711462450593,0.15019762845849804,1.0928853754940713,False,True,-0.022891494793031986,-0.0023143602684346787,,,,,,,,,,Q2
Weekly,CIFR,2023-07-28,bearish_crossover,3,0.02530498992183768,0.007340192745032133,0.8207817673495245,0.5784618103319574,0.5810410768268268,True,MACD leads signal,-0.008571428571428563,0.03285714285714292,0.11360000000000015,0.04857142857142849,0.09714285714285709,0.11360000000000015,-0.15142857142857136,0.25,0.11360000000000015,-0.3028571428571428,0.3028571428571428,0.11360000000000015,False,True,-0.0434473103170423,-0.0006448166237172925,,,,,,,,,,Q1 weak
Weekly,CIFR,2024-02-09,bearish_crossover,13,0.03847871637321338,0.020586947365501585,1.3370998361701452,-0.0017502297439613151,0.008087487598846171,False,MACD and signal aligned,0.12835820895522376,0.059701492537313494,0.3343283582089551,-0.09552238805970159,0.11641791044776117,0.3343283582089551,0.04776119402985057,0.16119402985074627,0.3343283582089551,0.20895522388059695,0.16119402985074627,0.716417910447761,False,True,-0.03666183874376622,-0.0024594293357018716,,,,,,,,,,Q2
Weekly,CIFR,2024-05-17,bearish_crossover,7,0.05900748069421352,0.019438702156531824,1.7770320009969156,0.06514682517058702,0.07561488875156215,True,MACD leads signal,0.06233766233766236,0.03116883116883118,0.1636363636363638,-0.036363636363636376,0.07272727272727275,0.1636363636363638,0.2857142857142858,0.07272727272727275,0.35844155844155856,0.21558441558441555,0.07272727272727275,0.5298441558441558,False,True,-0.04032914984851753,-0.002617015895243782,,,,,,,,,,Q3
Weekly,CIFR,2024-08-16,bearish_crossover,6,0.04173582269917571,0.013656829934711148,1.3926266312366602,0.061653919535321317,0.08318573820629942,True,MACD leads signal,0.04166666666666674,0.02083333333333337,0.09601562500000016,-0.0859375,0.09114583333333326,0.09601562500000016,-0.1953125,0.30859375,0.09601562500000016,0.09114583333333348,0.30859375,0.11197916666666652,False,True,-0.06916876490769466,-0.005382954667744522,,,,,,,,,,Q2
Weekly,CIFR,2025-01-03,bearish_crossover,11,0.10819414242786075,0.04391482112279713,2.904367662185342,0.18542909091469656,0.2498884589935618,True,MACD leads signal,-0.10592459605026927,0.14721723518850993,0.07181328545780952,-0.02513464991023351,0.17594254937163378,0.07181328545780952,0.02872531418312385,0.2639138240574507,0.15080789946140039,-0.26750448833034113,0.3096947935368043,0.1579892280071813,False,True,-0.11026790769002426,-0.016114842019716275,,,,,,,,,,Q4 steep
Weekly,CIFR,2025-11-21,bearish_crossover,26,0.0718108341569349,0.0478668024136698,1.3052628582343726,0.588772999985134,0.7200083057242181,True,MACD and signal aligned,0.4381625441696113,-0.047356890459363976,0.4954063604240282,0.3625441696113074,-0.047356890459363976,0.4954063604240282,0.14558303886925805,0.03392226148409894,0.4954063604240282,0.3286219081272086,0.03392226148409894,0.4954063604240282,False,True,-0.16475613397653,-0.03280882643477101,,,,,,,,,,Q2
Weekly,CIFR,2026-07-10,bearish_crossover,13,0.06316209556053128,0.03395038105742277,1.6282616497499784,0.24756319498126778,0.27908427078077724,True,MACD and signal aligned,-0.20578923563998197,0.2704658525554048,0.003071008593396707,0.03527815468113982,0.2704658525554048,0.10764360018091357,,,,,,,False,True,-0.12386740521708628,-0.007880268949877367,,,,,,,,,,Q2
Weekly,CRDO,2022-12-02,early_rising_blue,3,0.10850929944394809,0.044533610993344,1.9793049023153932,0.20919337288263962,0.005226522907730069,True,MACD leads signal,-0.0053547523427041055,0.02610441767068261,0.03748326639892907,-0.08099062918340016,0.0970548862115127,0.03748326639892907,-0.10910307898259697,0.18005354752342706,0.03748326639892907,0.15863453815261042,0.20214190093708162,0.18139223560910311,True,False,,,,,,,,,,,,Q3
Weekly,CRDO,2023-06-09,early_rising_blue,3,0.2040000217923943,0.07113026299713221,3.621329903801275,-0.01682634873646116,-0.3664436521076957,False,MACD leads signal,0.09405339805825252,0.012773058252427139,0.10679611650485432,0.058252427184465994,0.012773058252427139,0.15716019417475735,-0.004854368932038944,0.043689320388349606,0.15716019417475735,-0.00182038834951459,0.06341019417475724,0.15716019417475735,True,False,,,,,,,,,,,,Q4 steep
Weekly,CRDO,2023-12-15,early_rising_blue,3,0.08803637433890824,0.033512644132701865,1.792086244122785,0.20732560263110028,0.048268479894561366,True,MACD leads signal,0.021134020618556626,0.027061855670102997,0.030670103092783618,0.0036082474226803996,0.027061855670102997,0.0706185567010309,-0.02577319587628868,0.10515463917525769,0.0706185567010309,0.16237113402061865,0.10515463917525769,0.17010309278350522,True,False,,,,,,,,,,,,Q2
Weekly,CRDO,2024-06-28,early_rising_blue,3,0.12888806975650477,0.03760130165322098,2.3398146525467234,-0.09808805039047336,-0.2918222641110117,False,MACD leads signal,-0.00970569818409528,0.0563556668753914,0.00720100187852224,-0.03350031308703816,0.059016906700062655,0.013462742642454506,-0.10519724483406401,0.13525360050093926,0.06324358171571687,0.1412022542266751,0.29555416405760804,0.15231371321227316,True,False,,,,,,,,,,,,Q3
Weekly,CRDO,2024-11-01,early_rising_blue,3,0.10928129540783589,0.03590088572705554,1.617381556456366,0.12679568304297423,-0.05249374817703195,False,MACD leads signal,0.1872372000989364,0.029433588919119402,0.1951521147662627,-0.016571852584714386,0.030917635419243084,0.2104872619342073,0.2109819441009151,0.030917635419243084,0.2713331684392777,0.7138263665594857,0.030917635419243084,0.9532525352461043,True,False,,,,,,,,,,,,Q2
Weekly,CRDO,2025-06-06,early_rising_blue,3,0.08928510375382251,0.03346701199536001,2.290449005548488,-0.23826497845379874,-0.4010605480458753,False,MACD leads signal,0.007264254385964897,0.08511513157894735,0.05660635964912286,0.172012061403509,0.08511513157894735,0.19078947368421062,0.2830317982456141,0.08511513157894735,0.3118146929824561,0.47423245614035103,0.08511513157894735,0.6303440241228071,True,False,,,,,,,,,,,,Q3
Weekly,CRDO,2026-05-08,early_rising_blue,3,0.10472071315430379,0.03696778287381518,3.469535220428383,-0.030132573447388428,-0.21366112796348927,False,MACD leads signal,-0.08665552637861074,0.09275085541497574,0.11917455770403973,0.15864300681679522,0.20986392933874431,0.16150765231691455,0.09753056948091565,0.20986392933874431,0.30473939683297546,,,,True,False,,,,,,,,,,,,Q4 steep
Weekly,CRDO,2022-09-09,bearish_crossover,13,0.04219483158961359,0.020922453630299855,1.6987141534355656,0.2326825948062328,0.25243979718041754,True,MACD leads signal,-0.07120253164556967,0.09651898734177222,0.10047468354430378,-0.07832278481012656,0.11392405063291144,0.10047468354430378,-0.13053797468354433,0.141613924050633,0.10047468354430378,0.12262658227848089,0.26028481012658233,0.13370253164556956,False,True,-0.053157396233933646,-0.004939300593546192,,,,,,,,,,Q2
Weekly,CRDO,2023-01-06,bearish_crossover,7,0.10313274352435262,0.04119980715941383,1.8307808127084577,0.1681233147128865,0.17213803567063546,True,MACD leads signal,0.16337805840568276,-0.008681925808997626,0.1775848460931333,0.1838989739542225,-0.008681925808997626,0.19889502762430933,0.43725335438042623,-0.008681925808997626,0.48108918705603787,-0.18626677190213092,0.26203630623520124,0.5359116022099448,False,True,-0.08444278462229043,-0.0010036802394372546,,,,,,,,,,Q3
Weekly,CRDO,2023-08-18,bearish_crossover,12,0.18914195881706095,0.09178570103209018,2.9486578430788533,0.4383222929741437,0.4598668989063969,True,MACD leads signal,0.1162624821683309,0.007845934379457908,0.16547788873038516,0.19900142653352337,0.007845934379457908,0.20470756062767492,0.06704707560627687,0.007845934379457908,0.22539229671897298,0.10984308131241094,0.007845934379457908,0.23823109843081314,False,True,-0.0933445697613946,-0.005386151483063262,,,,,,,,,,Q4 steep
Weekly,CRDO,2024-03-22,bearish_crossover,16,0.059311989058859,0.031107433445738845,1.2980425030413565,0.3194270622777483,0.40839767159449997,True,MACD and signal aligned,-0.03638017280582073,0.047748976807639676,0.03638017280582084,-0.028649386084583894,0.07639836289222368,0.03638017280582084,-0.23055934515688936,0.23510686675761705,0.04776261937244208,-0.14097316962255557,0.23510686675761705,0.04776261937244208,False,True,-0.1187564637306669,-0.022242652329187873,,,,,,,,,,Q2
Weekly,CRDO,2024-08-16,bearish_crossover,9,0.12685454628973236,0.04447460143025337,2.1640221803161896,0.03119793894234721,0.04604670002740587,True,MACD leads signal,0.19822485207100593,0.01901709401709406,0.20989151873767264,0.14760026298487827,0.01901709401709406,0.20989151873767264,-0.06278763971071666,0.20841551610782394,0.20989151873767264,0.2577251808021037,0.20841551610782394,0.28205128205128194,False,True,-0.08081751702054801,-0.0037121902712646607,,,,,,,,,,Q3
Weekly,CRDO,2024-12-27,bearish_crossover,10,0.10419225350395461,0.034874375407356745,2.165266459770098,0.18247869731625158,0.1881239423167533,True,MACD leads signal,0.04473950064944421,0.05426468465868095,0.05513061047770229,0.06508875739644959,0.05426468465868095,0.13724924231490832,0.16135084427767343,0.05426468465868095,0.251118487516236,-0.036224563429066325,0.25241737624476845,0.251118487516236,False,True,-0.05064811052917584,-0.0014113112501254188,,,,,,,,,,Q3
Weekly,CRDO,2025-10-03,bearish_crossover,19,0.10400891402655747,0.05750438225987237,2.0059832347427244,0.4800490674842457,0.5814026001849438,True,MACD and signal aligned,-0.03503162577326746,0.06304302495308256,0.08952526586501697,-0.00180718704385896,0.10474734134982966,0.08952526586501697,0.30409397372628066,0.10474734134982966,0.34496420379509285,0.23444776534371292,0.13901438798915688,0.34496420379509285,False,True,-0.14259479957695553,-0.02533838317517445,,,,,,,,,,Q3
Weekly,CRDO,2026-02-13,bearish_crossover,3,0.012814517341717624,0.002063189181831099,0.25480413652857176,-0.26418685998914193,-0.26386453409500077,False,MACD leads signal,0.021574440052700927,0.06044054677206856,0.09099143610013183,-0.07551054018445325,0.10342555994729907,0.09099143610013183,-0.030879446640316166,0.23748353096179187,0.09099143610013183,-0.015233860342555916,0.28783761528326746,0.09099143610013183,False,True,-0.007608821321629378,-8.058147353529055e-05,,,,,,,,,,Q1 weak
Weekly,EOSE,2022-03-25,early_rising_blue,3,0.21539148202978836,0.058805676037718246,7.66699633346937,-0.35549292868998805,-0.6736648055090175,False,MACD leads signal,-0.0802752293577983,0.11215596330275235,0.05275229357798161,-0.17201834862385335,0.19036697247706436,0.05275229357798161,-0.4495412844036698,0.46444954128440374,0.05275229357798161,-0.7431192660550459,0.7706422018348624,0.05275229357798161,True,False,,,,,,,,,,,,Q4 steep
Weekly,EOSE,2022-07-15,early_rising_blue,3,0.032046824530000635,0.009114770474115581,0.8354651159667598,0.07697034732075159,0.02666898167038141,True,MACD leads signal,0.18781725888324874,0.0,0.5685279187817258,0.6091370558375635,0.0,0.66497461928934,0.30456852791878175,0.0,0.7258883248730965,0.18274111675126914,0.11675126903553301,0.7258883248730965,True,False,,,,,,,,,,,,Q1 weak
Weekly,EOSE,2023-01-20,early_rising_blue,3,0.14553962566768613,0.046450267140330945,3.861181522412661,0.08900731839233164,-0.14145519736168793,False,MACD leads signal,-0.11184210526315785,0.1842105263157895,0.03289473684210531,-0.0921052631578948,0.1842105263157895,0.03289473684210531,0.2828947368421053,0.1842105263157895,0.375,0.47368421052631593,0.1842105263157895,0.5723684210526316,True,False,,,,,,,,,,,,Q4 steep
Weekly,EOSE,2023-07-14,early_rising_blue,3,0.04168693957973285,0.019890224485065194,1.1265914325305864,0.5603812344662088,0.4804305405109495,True,MACD leads signal,-0.125,0.17222222222222228,0.1499999999999999,-0.37222222222222234,0.6555555555555556,0.1499999999999999,-0.33611111111111114,0.6555555555555556,0.1499999999999999,-0.2333333333333334,0.6555555555555556,0.336111111111111,True,True,,,,,,,,,,,,Q1 weak
Weekly,EOSE,2024-02-23,early_rising_blue,3,0.10721780310147638,0.04088515046280433,3.2959725114160547,-0.3777053186583781,-0.5691809465380817,False,MACD leads signal,0.08568387440127734,-0.000532197977647586,0.10697179350718478,0.10697179350718478,-0.000532197977647586,0.2985630654603513,0.06428951569984043,0.009898882384246965,0.2985630654603513,-0.21234699308142635,0.22299095263437996,0.2985630654603513,True,False,,,,,,,,,,,,Q4 steep
Weekly,EOSE,2024-07-12,early_rising_blue,3,0.23081828803053897,0.07513701858354259,5.169299864888369,0.2637238668265958,-0.11139638189963577,False,MACD leads signal,-0.17748917748917759,0.23809523809523814,0.04329004329004338,-0.22077922077922074,0.2857142857142858,0.04329004329004338,-0.34199134199134196,0.39610389610389607,0.04329004329004338,-0.06060606060606066,0.39610389610389607,0.21645021645021645,True,False,,,,,,,,,,,,Q4 steep
Weekly,EOSE,2025-05-09,early_rising_blue,3,0.08356895657567297,0.03187747750764115,1.5399541193868131,-0.03283542822052307,-0.1867519524345357,False,MACD leads signal,0.12399355877616758,-0.004830917874396157,0.18518518518518534,0.027375201288244666,0.106280193236715,0.18518518518518534,-0.3816425120772947,0.4057971014492754,0.18518518518518534,-0.18196457326892113,0.4057971014492754,0.18518518518518534,True,False,,,,,,,,,,,,Q2
Weekly,EOSE,2025-08-22,early_rising_blue,3,0.061142685401555666,0.024730230643241903,1.1921477437405734,0.0877357483654762,-0.026886304464973834,False,MACD leads signal,0.09177215189873422,0.027689873417721667,0.1613924050632911,0.14082278481012644,0.027689873417721667,0.2792721518987342,0.5443037974683542,0.027689873417721667,0.6068037974683542,1.3797468354430378,0.027689873417721667,2.0134493670886076,True,False,,,,,,,,,,,,Q2
Weekly,EOSE,2026-02-13,early_rising_blue,3,0.06258429904497496,0.01910811711791635,1.5989696144712746,-0.167796029944438,-0.2562479093316745,False,MACD leads signal,-0.03603603603603611,0.05135135135135138,0.1031981981981982,-0.48693693693693685,0.5036036036036036,0.1031981981981982,-0.4855855855855856,0.5099099099099098,0.1031981981981982,-0.49369369369369365,0.6063063063063063,0.1031981981981982,True,False,,,,,,,,,,,,Q2
Weekly,EOSE,2026-05-29,early_rising_blue,3,0.06505834738753657,0.026531991006983613,1.552447237385736,-0.23176921308235493,-0.35541622123940875,False,MACD leads signal,-0.16014234875444833,0.20047449584816124,0.14946619217081847,-0.28113879003558717,0.302491103202847,0.14946619217081847,,,,,,,True,False,,,,,,,,,,,,Q2
Weekly,EOSE,2021-10-29,bearish_crossover,2,0.022138830331801973,0.0036595189365753455,0.9109607836174276,-0.2195668841601401,-0.2041918708955197,False,MACD leads signal,0.07014218009478657,-0.004739336492890933,0.14881516587677712,0.009478672985781866,0.03744075829383897,0.14881516587677712,-0.0834123222748816,0.14786729857819914,0.14881516587677712,-0.18767772511848346,0.29573459715639816,0.14881516587677712,False,True,-0.02884872418641657,-0.003843753316155135,,,,,,,,,,Q1 weak
Weekly,EOSE,2022-05-20,bearish_crossover,10,0.20019194008151373,0.08715307488972053,6.227911746293618,0.07858090502386961,0.08186674803169307,True,MACD leads signal,0.3392857142857142,0.0892857142857143,0.3928571428571428,0.4285714285714286,0.0892857142857143,0.4464285714285714,0.26785714285714257,0.0892857142857143,0.9642857142857142,0.7589285714285712,0.0892857142857143,1.0,False,True,-0.14669302212534946,-0.0008214607519558548,,,,,,,,,,Q4 steep
Weekly,EOSE,2022-09-23,bearish_crossover,12,0.04517805737115236,0.021421044128438586,1.0164249835172001,0.21188094911436753,0.23461810040027492,True,MACD leads signal,-0.061797752808988804,0.10112359550561789,0.05337078651685401,-0.061797752808988804,0.10112359550561789,0.11230337078651687,-0.1966292134831461,0.2584269662921348,0.11230337078651687,-0.3764044943820224,0.398876404494382,0.11230337078651687,False,True,-0.028919143076321235,-0.005684287821476841,,,,,,,,,,Q1 weak
Weekly,EOSE,2023-05-26,bearish_crossover,20,0.08565699502780565,0.04080100750827315,2.368373682879858,0.44663127989920903,0.46611096570357313,True,MACD leads signal,0.2857142857142858,-0.042328042328042326,0.2936507936507937,0.43386243386243395,-0.042328042328042326,0.5502645502645505,0.8571428571428572,-0.042328042328042326,1.0132275132275135,0.6666666666666667,-0.042328042328042326,1.9973544973544977,False,True,-0.03759485986444083,-0.004869921451090942,,,,,,,,,,Q4 steep
Weekly,EOSE,2023-07-28,bearish_crossover,4,0.044593139979670814,0.016289921637203792,1.2929177511945724,0.4411196498295468,0.4802792387966982,True,MACD leads signal,0.08849557522123908,-0.02212389380530988,0.27876106194690276,0.05752212389380551,0.044247787610619316,0.27876106194690276,0.5530973451327434,0.044247787610619316,0.6238938053097347,0.004424778761062065,0.11504424778761058,1.1283185840707963,False,True,-0.08750386831908491,-0.009789897241787804,,,,,,,,,,Q2
Weekly,EOSE,2024-05-10,bearish_crossover,13,0.09937902412642932,0.05241472021219822,2.8224246552388976,-0.08218817371629948,-0.03573450901991413,False,MACD and signal aligned,-0.015450406952683071,0.04621327079597182,0.20016554007449305,-0.021520209684094294,0.060560077252034716,0.20016554007449305,-0.054628224582701,0.09228859152986613,0.20016554007449305,1.6486411918885362,0.09228859152986613,1.8003862601738168,False,True,-0.08650294703121451,-0.01161341617409634,,,,,,,,,,Q4 steep
Weekly,EOSE,2024-11-15,bearish_crossover,20,0.1286494643801634,0.05894294635213515,1.9530764644140368,0.743693367273292,0.7749837561564787,True,MACD leads signal,0.23287671232876717,0.05936073059360725,0.25114155251141557,0.34703196347031984,0.05936073059360725,0.36986301369863006,0.5525114155251141,0.05936073059360725,0.5730593607305936,1.2648401826484017,0.05936073059360725,1.7442922374429224,False,True,-0.11147930635540015,-0.00782259722079659,,,,,,,,,,Q3
Weekly,EOSE,2025-06-20,bearish_crossover,8,0.08767023834030024,0.03783367562360612,1.675342386033505,0.022214371585529663,0.034236599816989594,True,MACD leads signal,-0.017817371937639215,0.069042316258352,0.024498886414253684,0.13140311804008897,0.069042316258352,0.17594654788418707,0.30734966592427604,0.069042316258352,0.4476614699331849,0.3051224944320712,0.069042316258352,0.5389755011135857,False,True,-0.08384313119718886,-0.0030055570578649826,,,,,,,,,,Q2
Weekly,EOSE,2025-11-21,bearish_crossover,15,0.0615910034444141,0.04457556691705846,1.1193970441085686,0.4379597325785707,0.5355906422958641,True,MACD and signal aligned,0.2176375404530746,-0.01941747572815533,0.23584142394822005,0.21278317152103576,-0.0008090614886731018,0.298139158576052,0.05744336569579289,0.012540453074433633,0.33414239482200636,0.4118122977346279,0.09593851132686071,0.47491909385113273,False,True,-0.2129845750117454,-0.02440772742932329,,,,,,,,,,Q1 weak
Weekly,EOSE,2026-03-13,bearish_crossover,6,0.0768610606089999,0.012863704373037502,2.162386810220274,-0.26675402741530885,-0.2283704097984105,False,MACD leads signal,-0.09106830122591936,0.11733800350262691,0.06479859894921192,-0.1488616462346759,0.21190893169877412,0.06479859894921192,-0.015761821366024442,0.23467600700525393,0.1155866900175131,0.402802101576182,0.23467600700525393,0.41506129597197905,False,True,-0.057133192070721595,-0.009595904404224587,,,,,,,,,,Q3
Weekly,FUTU,2022-01-21,early_rising_blue,3,0.07144354059427199,0.02442594029222303,2.8257645654059753,-0.28354157912774514,-0.40592485462806277,False,MACD leads signal,-0.1391763928650076,0.19841444615723403,-0.02048007046905964,-0.07883726051530493,0.19841444615723403,-0.02048007046905964,-0.05791675842325472,0.19841444615723403,0.06452323276811289,-0.10394186302576525,0.5324818321955516,0.06452323276811289,True,False,,,,,,,,,,,,Q4 steep
Weekly,FUTU,2022-07-01,early_rising_blue,3,0.04401233273638294,0.012047177497974113,1.6774182654596606,0.22286876133641292,0.1584274335485936,True,MACD leads signal,-0.02521327014218011,0.06691943127962086,0.06312796208530802,-0.13440758293838873,0.16303317535545025,0.06312796208530802,-0.21137440758293835,0.23488151658767775,0.06312796208530802,-0.12151658767772511,0.30597156398104264,0.06312796208530802,True,False,,,,,,,,,,,,Q2
Weekly,FUTU,2022-12-02,early_rising_blue,3,0.08194264205466098,0.026415553146060686,3.006448921674043,0.3624923853942109,0.22884231431436183,True,MACD leads signal,0.005580693815987914,0.0490196078431373,0.06365007541478129,0.002564102564102555,0.0490196078431373,0.08898944193061853,-0.3868778280542986,0.40090497737556563,0.08898944193061853,-0.18265460030165914,0.4312217194570135,0.08898944193061853,True,False,,,,,,,,,,,,Q4 steep
Weekly,FUTU,2023-08-04,early_rising_blue,3,0.09298673039328753,0.031028486975198735,3.3573221120316954,-0.038792251835560065,-0.19576340655288468,False,MACD leads signal,-0.14116210085499914,0.14377944512301521,0.006456115861106282,-0.16000697958471477,0.1792008375501658,0.006456115861106282,0.10608968766358395,0.1858314430291399,0.1529453847496074,0.008724480893386843,0.1858314430291399,0.1529453847496074,True,False,,,,,,,,,,,,Q4 steep
Weekly,FUTU,2024-03-28,early_rising_blue,3,0.05522773597067572,0.02163324806050819,1.7840411158675629,-0.029121009570315298,-0.13001399475215422,False,MACD leads signal,0.043028624192058995,-0.006648199445983272,0.06703416435826415,0.061680517082179254,-0.006648199445983272,0.12206832871652806,0.22585410895660196,-0.0009233610341643494,0.2727608494921514,0.378393351800554,-0.0009233610341643494,0.5117266851338873,True,False,,,,,,,,,,,,Q2
Weekly,FUTU,2024-10-11,early_rising_blue,3,0.09841132798177224,0.028726306240278277,2.5703223688333217,-0.0271736370280303,-0.1751953102115468,False,MACD leads signal,-0.15997117636461888,0.22167177085209877,0.00864709061430391,-0.16609619888308413,0.22167177085209877,0.00864709061430391,-0.14871194379391095,0.22167177085209877,0.00864709061430391,-0.2499549630697172,0.2673842550891732,0.00864709061430391,True,False,,,,,,,,,,,,Q4 steep
Weekly,FUTU,2025-02-14,early_rising_blue,3,0.056706581728239926,0.019250284203280517,1.437446213430977,0.049052309216474424,-0.04861583367969684,False,MACD leads signal,-0.0034477097356754305,0.04285010671482514,0.07437202429814493,-0.10367755705138726,0.14701773107864047,0.07437202429814493,-0.027499589558364734,0.16647512723690683,0.07437202429814493,-0.34009193892628464,0.42045641109834186,0.07437202429814493,True,False,,,,,,,,,,,,Q2
Weekly,FUTU,2025-06-20,early_rising_blue,3,0.06378430070665146,0.025116834640303468,1.3451044038446804,0.09902588351301111,-0.018066874418583106,False,MACD leads signal,0.060537135858629965,0.026156941649899457,0.11197620505642547,0.06543609482984869,0.026156941649899457,0.11197620505642547,0.40468900358673765,0.026156941649899457,0.48543434520164475,0.5243635727407925,0.026156941649899457,0.5674044265593561,True,False,,,,,,,,,,,,Q2
Weekly,FUTU,2026-01-30,early_rising_blue,3,0.012587637982155259,0.004668186077760525,0.33618963566410026,-0.13510316849980825,-0.15587032406967125,False,MACD leads signal,-0.06815525619733032,0.0949129605708311,0.011810297102786693,-0.0974964630620655,0.11730331549486372,0.011810297102786693,-0.08445592667773871,0.1469520821799839,0.011810297102786693,-0.17610875315248808,0.19234791166881948,0.011810297102786693,True,False,,,,,,,,,,,,Q1 weak
Weekly,FUTU,2022-05-20,bearish_crossover,19,0.057337319214425704,0.03582122224394537,1.9686299636233835,0.14578651141911647,0.15356979166350532,True,MACD and signal aligned,0.05944363103953143,0.08931185944363096,0.06471449487554914,0.07935578330893112,0.08931185944363096,0.13323572474377765,0.30541727672035135,0.08931185944363096,0.40995607613469986,0.33704245973645675,0.08931185944363096,0.6913616398243045,False,True,-0.03202818758685058,-0.0019458200610971976,,,,,,,,,,Q3
Weekly,FUTU,2022-08-26,bearish_crossover,10,0.04019484301727893,0.014757115615081057,1.608819480600539,0.2558602854041194,0.27625186549664343,True,MACD leads signal,0.05567544238239108,0.08178679326715599,0.08610271903323241,0.0017263703064307467,0.08178679326715599,0.08610271903323241,-0.1786793267155805,0.19097971514889944,0.08610271903323241,-0.24579197237807504,0.27449287872248607,0.08610271903323241,False,True,-0.026427080012409454,-0.0050978950231309605,,,,,,,,,,Q2
Weekly,FUTU,2023-01-13,bearish_crossover,8,0.0782437002859909,0.036223593243897144,2.5163539927887695,0.4161357532765469,0.4407660830912889,True,MACD leads signal,0.014162679425837377,0.05722488038277518,0.02430622009569383,0.03712918660287068,0.05722488038277518,0.06124401913875599,-0.12153110047846893,0.13358851674641148,0.08248803827751194,-0.1324401913875598,0.1709090909090909,0.08248803827751194,False,True,-0.10048511400926702,-0.006157582453685473,,,,,,,,,,Q4 steep
Weekly,FUTU,2023-11-10,bearish_crossover,16,0.08188672698485025,0.03558610424615792,2.265946002567456,0.2876599830254112,0.28937066773447495,True,MACD leads signal,0.02777777777777768,-0.008712905452035846,0.10024154589371981,0.013285024154589209,0.004485852311939209,0.11214630779848167,-0.10179434092477568,0.1325051759834368,0.11214630779848167,-0.11128364389233958,0.1325051759834368,0.11214630779848167,False,True,-0.025876639631669973,-0.000427671177265887,,,,,,,,,,Q4 steep
Weekly,FUTU,2024-06-28,bearish_crossover,15,0.052981440672089486,0.03257740615937912,1.366983944399657,0.23406887664605763,0.28025419933536283,True,MACD and signal aligned,0.08071031171404619,0.030409267586312128,0.08284429540431382,0.045194726011736686,0.030409267586312128,0.08985595610090691,-0.06653456291441207,0.0846734242816859,0.08985595610090691,-0.040926758631201876,0.21042603460102138,0.08985595610090691,False,True,-0.08164419007660545,-0.0115463306723263,,,,,,,,,,Q2
Weekly,FUTU,2024-11-29,bearish_crossover,9,0.07723193469932085,0.030461762610951893,1.5868468578607158,0.014887361060217597,0.022431605373165533,True,MACD leads signal,-0.045397225725094636,0.04723145706752274,0.030666055256219238,-0.007910122664220975,0.04723145706752274,0.20359967900951492,-0.05044136191677184,0.06683480453972257,0.20359967900951492,0.11337842485383476,0.15854637166112573,0.20359967900951492,False,True,-0.04726567137353485,-0.0018860610782369808,,,,,,,,,,Q2
Weekly,FUTU,2025-04-11,bearish_crossover,10,0.05676263131979959,0.027100741342234724,1.3017319436649166,0.09334126569626058,0.1504340355723139,True,MACD leads signal,-0.009205125015549154,0.017539494962059865,0.11167060579674093,0.09279761164323919,0.03408384127379016,0.1715387486005724,0.2730439109341958,0.03408384127379016,0.31434133598706304,0.31944271675581537,0.03408384127379016,0.4743127254633661,False,True,-0.08776471156334945,-0.014273192469013346,,,,,,,,,,Q2
Weekly,FUTU,2025-09-26,bearish_crossover,16,0.05921820476676716,0.033933042048628376,1.4250132219261449,0.34723657991248696,0.36927299592831797,True,MACD and signal aligned,-0.016603991900491777,0.04986982933179063,0.07220133063349743,-0.10558287532542665,0.12299045415099785,0.07220133063349743,0.031993057564362104,0.12299045415099785,0.07220133063349743,-0.06554816314723744,0.12299045415099785,0.17170899623951397,False,True,-0.06113570908482041,-0.00550910400395771,,,,,,,,,,Q2
Weekly,FUTU,2026-02-20,bearish_crossover,5,0.01592164914732423,0.003522811698596473,0.6033479110985988,-0.16099481560263704,-0.15319840187486294,False,MACD leads signal,-0.04202870567033534,0.10742099504408831,0.004376649288794443,-0.07665572504344464,0.11280105554482855,0.004376649288794443,-0.13097766621612916,0.13702709660809687,0.004376649288794443,0.07440303790950642,0.16122803630044413,0.08746862328634863,False,True,-0.012753624134348884,-0.001949103431943544,,,,,,,,,,Q1 weak
Weekly,FUTU,2026-05-22,bearish_crossover,3,0.01938946542117001,0.005276319516816952,1.045446637783154,-0.2138703298049732,-0.20730240536563138,False,MACD leads signal,0.15942513368983935,-0.08790106951871657,0.3123885918003564,0.028631907308377835,-0.016042780748663166,0.3123885918003564,0.06963012477718356,0.01091800356506245,0.3123885918003564,,,,False,True,-0.02985663000900529,-0.0016419811098354886,,,,,,,,,,Q1 weak
Weekly,GLD,2022-01-28,early_rising_blue,3,0.0392158347460067,0.011822085573130525,1.2685969796130694,-0.007581268097408292,-0.06409980859741636,False,MACD leads signal,0.010532615200478768,0.0004189108318372048,0.012088569718731401,0.04015559545182534,0.0004189108318372048,0.04248952722920407,0.0565529622980252,0.0004189108318372048,0.09275882704967087,0.09144225014961105,0.0004189108318372048,0.15679233991621788,True,False,,,,,,,,,,,,Q2
Weekly,GLD,2022-11-18,early_rising_blue,3,0.11309716001913753,0.03175070778978595,3.120976060985365,-0.2650050174788274,-0.43704537488114337,False,MACD leads signal,0.0026414398918852555,0.009275754038945871,0.003931445420480406,0.027458689108667667,0.009275754038945871,0.031697278702623066,0.024571533878002372,0.009275754038945871,0.043000184286503984,0.0981018490079244,0.009275754038945871,0.09850113643344183,True,False,,,,,,,,,,,,Q4 steep
Weekly,GLD,2023-04-21,early_rising_blue,3,0.050308863901890516,0.020513392529264568,1.364747757748454,0.575237080582669,0.48306189693504753,True,MACD leads signal,0.0029850746268658135,0.004721845318860218,0.013025780189959368,0.017421981004070553,0.004721845318860218,0.03858887381275444,-0.0033107191316147366,0.015820895522387968,0.03858887381275444,-0.014219810040705605,0.022578018995929372,0.03858887381275444,True,False,,,,,,,,,,,,Q2
Weekly,GLD,2023-11-10,early_rising_blue,3,0.047207249873186606,0.018246785926087895,1.6092849525407458,-0.028552341711103227,-0.1111223410445261,False,MACD leads signal,0.023174196423597637,0.0022282881176535208,0.026795164614784817,0.03348002896774571,0.0022282881176535208,0.03679460754275543,0.034148515403041646,0.0022282881176535208,0.07177873098991716,0.05481588769427881,0.0022282881176535208,0.07616455907748887,True,False,,,,,,,,,,,,Q2
Weekly,GLD,2024-04-05,early_rising_blue,3,0.0572783836568874,0.02114860933100461,2.2650426840436593,0.21800645592797419,0.11487088282264579,True,MACD leads signal,0.008134238170493635,0.0024635121316350928,0.04624895416937824,0.027377521613833,0.0024635121316350928,0.04624895416937824,-0.01013293669238624,0.02059124291159231,0.04624895416937824,0.0007437017755880238,0.02059124291159231,0.0488983917449104,True,False,,,,,,,,,,,,Q3
Weekly,GLD,2024-08-09,early_rising_blue,3,0.09745946711335399,0.038505002703967325,3.18421728280511,0.1466646364441399,-0.03362937260013113,False,MACD leads signal,0.03308692554328463,-0.0024937655860348684,0.03322052012825094,0.03322052012825094,-0.0024937655860348684,0.04208229426433907,0.027030637691485504,-0.0024937655860348684,0.04208229426433907,0.09102244389027425,-0.0024937655860348684,0.10157641610260071,True,False,,,,,,,,,,,,Q4 steep
Weekly,GLD,2025-02-07,early_rising_blue,3,0.13610925400714752,0.0410688538824652,2.3949486613043627,-0.07610841035886873,-0.2856430718058803,False,MACD leads signal,0.009056460780598963,-0.005873436907919638,0.02459264873057987,0.02591890867752955,-0.005873436907919638,0.030087154225085344,0.017014020462296386,0.010041682455475431,0.03190602500947337,0.0599469496021221,0.010041682455475431,0.09560439560439571,True,False,,,,,,,,,,,,Q3
Weekly,GLD,2025-09-05,early_rising_blue,3,0.049295917697403296,0.014030044519391008,1.3643669912542056,-0.05935584593629137,-0.13659254683281877,False,MACD leads signal,0.013200422896843422,0.014680561848663398,0.021930222020842827,0.024558223833257786,0.014680561848663398,0.030780848814378592,0.0803201933242712,0.014680561848663398,0.08343150581483161,0.11197704274278797,0.014680561848663398,0.2182449780999849,True,False,,,,,,,,,,,,Q2
Weekly,GLD,2026-01-09,early_rising_blue,3,0.06416731573330592,0.022096084353936937,1.2160427182536864,0.04113033382115854,-0.06195643085108814,False,MACD leads signal,0.01645474943904257,-0.006200690037879708,0.029893599054213738,0.1050256954664992,-0.006200690037879708,0.10683523536082218,0.09889738702439255,-0.006200690037879708,0.22976331218182255,0.14244698048109616,-0.006200690037879708,0.22976331218182255,True,False,,,,,,,,,,,,Q2
Weekly,GLD,2026-06-18,early_rising_blue,3,0.01284832002947281,0.0072529130900650385,0.3087965521654231,-0.36694418844343807,-0.39682479570436346,False,MACD and signal aligned,-0.034847075842116215,0.06147964455466004,-0.0018340566232691868,-0.023222773300268673,0.06147964455466004,-0.0018340566232691868,,,,,,,True,False,,,,,,,,,,,,Q1 weak
Weekly,GLD,2022-04-22,bearish_crossover,14,0.05518359100471257,0.026407564080214167,1.1838153797534423,0.2547275078236706,0.2817886036715377,True,MACD leads signal,-0.018747573354040648,0.026568306617116844,-0.009290587386987514,-0.027012036163958086,0.040545787342614714,-0.009290587386987514,-0.0458150757113539,0.06811248544012427,-0.009290587386987514,-0.05003050640634521,0.06811248544012427,-0.009290587386987514,False,True,-0.04285511085084315,-0.0067652739619668,,,,,,,,,,Q1 weak
Weekly,GLD,2023-03-03,bearish_crossover,17,0.12152213920137774,0.05987723741548571,3.319196222389295,0.46252589551040885,0.4662016245181407,True,MACD leads signal,0.008000463795002632,0.02301582700446403,0.008058438170328586,0.06539509536784749,0.02301582700446403,0.07142443040176238,0.062206504724911627,0.02301582700446403,0.07971476607339545,0.07136645602643643,0.02301582700446403,0.10389008058438165,False,True,-0.047124634447864355,-0.0009189322519329024,,,,,,,,,,Q4 steep
Weekly,GLD,2023-05-26,bearish_crossover,7,0.03984418264190999,0.019416928054882286,1.4109037794667811,0.5631746226260028,0.5685990925211482,True,MACD leads signal,0.0007185496351980181,-0.00022109219544552694,0.018184833075392648,0.006190581472474088,0.004256024762325783,0.018184833075392648,-0.015034269290294056,0.018184833075392426,0.018184833075392648,0.0069644041565333215,0.028355074065885444,0.0182953791731153,False,True,-0.06769866760184806,-0.001356117473786278,,,,,,,,,,Q2
Weekly,GLD,2024-02-02,bearish_crossover,14,0.04344117152922411,0.020934195930470804,1.728040923424873,0.12458727024518629,0.1277941953131382,True,MACD leads signal,-0.005354965272254986,0.010126716504957445,0.0041355177350086425,-0.01203541699803834,0.025608398282169653,0.0041355177350086425,0.02269232808440691,0.025608398282169653,0.025396320449605048,0.09071629287948668,0.025608398282169653,0.09246593499814426,False,True,-0.026099412467036093,-0.0008017312669879872,,,,,,,,,,Q3
Weekly,GLD,2024-05-10,bearish_crossover,7,0.05968879531077633,0.025455939442525444,2.1773190617968097,0.23807624793160687,0.24412423251475937,True,MACD leads signal,0.02263270998125355,0.013305290110191548,0.023501897489826673,-0.012756618353070404,0.013945407160166456,0.03177723926660869,-0.032508801609437254,0.03278313748799788,0.03177723926660869,0.010150427506744109,0.03278313748799788,0.03177723926660869,False,True,-0.0770595841685317,-0.0015119961457880915,,,,,,,,,,Q3
Weekly,GLD,2024-11-08,bearish_crossover,15,0.07879540524955955,0.04056291944349841,1.8877238055244019,0.48173044291019174,0.48238840963896845,True,MACD and signal aligned,-0.04585417002742376,0.04769882239070822,-0.021092111630908295,0.007581868043232687,0.04769882239070822,0.009799967736731752,-0.020204871753508713,0.04769882239070822,0.009799967736731752,-0.018027101145346003,0.04769882239070822,0.013308598160993723,False,True,-0.1287870138634858,-0.00016449168219412336,,,,,,,,,,Q3
Weekly,GLD,2025-05-02,bearish_crossover,14,0.13580608589504445,0.04918186641278856,2.1071137790330954,0.16557954670169206,0.1908088095286105,True,MACD leads signal,0.02973353916370214,-0.01701456473588836,0.059198603933149796,-0.012551177931404811,0.020806765554735374,0.059198603933149796,0.01886032619638911,0.020806765554735374,0.059198603933149796,0.01087321296731325,0.020806765554735374,0.06584334519095236,False,True,-0.050358095117504165,-0.006307315706729599,,,,,,,,,,Q3
Weekly,GLD,2025-11-07,bearish_crossover,11,0.07466350716476922,0.041581703166107264,1.4304589721047387,0.14652791435035106,0.2456165564436764,True,MACD and signal aligned,0.02077054655046018,-0.007004968640547338,0.053949118948711794,0.01618202058048923,-0.0005701718660910959,0.053949118948711794,0.04922483777252862,-0.0005701718660910959,0.06360131411039616,0.08137167060356765,-0.0005701718660910959,0.13613532078955215,False,True,-0.17580625489362878,-0.024772160523331338,,,,,,,,,,Q2
Weekly,GLD,2026-03-13,bearish_crossover,11,0.06491408791824826,0.023107722189709624,1.6526418037693709,0.09854071453333499,0.1325359014996014,True,MACD leads signal,-0.10298585192257614,0.10765124555160133,0.004253103029250971,-0.1001215172294071,0.13375575036889154,0.004253103029250971,-0.05144952695078553,0.13375575036889154,0.004253103029250971,-0.05874056071521572,0.13375575036889154,0.004253103029250971,False,True,-0.0841548512550491,-0.008498796741566589,,,,,,,,,,Q2
Weekly,GRAL,2025-05-30,early_rising_blue,3,0.0796453004401358,0.025926332232956942,1.2446389391736572,-0.05578159960561216,-0.18296124871583078,False,MACD leads signal,-0.0013017443374120363,0.03827128351991671,0.12548815412652958,0.07550117156990388,0.07576152043738604,0.15516792501952614,0.2598281697474618,0.07576152043738604,0.3243946888831033,0.04894558708669616,0.12184326998177564,0.3683936474876337,True,False,,,,,,,,,,,,Q2
Weekly,GRAL,2025-10-17,early_rising_blue,3,0.10961808038868595,0.03995022004545279,1.9317929490253087,0.23082460493285267,0.038172094368461335,True,MACD leads signal,0.14602564102564108,0.03717948717948727,0.32051153846153846,0.17858974358974367,0.03717948717948727,0.32051153846153846,0.020897435897435868,0.05128205128205132,0.32051153846153846,0.16435897435897417,0.05128205128205132,0.48410256410256425,True,False,,,,,,,,,,,,Q3
Weekly,GRAL,2026-06-05,early_rising_blue,3,0.07093324073535281,0.026481059186998196,1.755984870106145,-0.28028262995596726,-0.405957620289329,False,MACD leads signal,-0.002167389129709818,0.03651217072357449,0.062187395798599665,-0.028176058686228744,0.047682560853617884,0.062187395798599665,,,,,,,True,False,,,,,,,,,,,,Q2
Weekly,GRAL,2025-01-17,bearish_crossover,10,0.07214347671009878,0.028784025292948316,1.1704565898502348,0.18056870599275543,0.24756602970590824,True,MACD leads signal,0.6423650975889781,-0.004592422502870175,0.7101033295063144,0.7382319173363949,-0.004592422502870175,0.8742824339839264,2.158438576349024,-0.004592422502870175,2.1756601607347874,0.7072330654420205,-0.004592422502870175,2.673363949483352,False,True,-0.09148085152054569,-0.016749330928288175,,,,,,,,,,Q1 weak
Weekly,GRAL,2025-08-01,bearish_crossover,11,0.06767983480152232,0.033530120328921026,1.324181513438485,0.12128500271930281,0.12195069856590487,True,MACD leads signal,0.0009149130832570851,0.031869472400121945,0.05275998780115909,-0.010978956999085021,0.05336992985666367,0.1149740774626411,0.0,0.08661177188167124,0.1149740774626411,0.5205855443732845,0.08661177188167124,0.5321744434278743,False,True,-0.05490239438121575,-0.0001664239616505081,,,,,,,,,,Q2
Weekly,GRAL,2025-12-12,bearish_crossover,10,0.10222068878002996,0.04440199600635318,2.176067924950099,0.3061704693649007,0.32600846170990583,True,MACD leads signal,0.0029729134551861325,0.06991852014974664,0.04426337811054837,0.00847830874256772,0.06991852014974664,0.04701607575423927,0.10218013653380309,0.07421272847390437,0.1832834177493945,0.10184981281656014,0.07421272847390437,0.308522351904867,False,True,-0.06202105926458984,-0.004959498086251235,,,,,,,,,,Q3
Weekly,HUT,2022-03-25,early_rising_blue,3,0.01807627324206501,0.006197008551512284,0.6133560944028017,-0.39325304545423556,-0.424784312497808,False,MACD leads signal,-0.057627118644067776,0.07796610169491525,0.13559322033898313,-0.20508474576271185,0.20677966101694922,0.13559322033898313,-0.3389830508474576,0.34576271186440677,0.13559322033898313,-0.5796610169491525,0.6186440677966102,0.13559322033898313,True,False,,,,,,,,,,,,Q1 weak
Weekly,HUT,2022-08-05,early_rising_blue,3,0.15913568184398283,0.05622562594617431,4.087008201830792,-0.3216888709150732,-0.5974689567738551,False,MACD leads signal,0.47899159663865554,0.037815126050420256,0.4957983193277311,-0.025210084033613467,0.05042016806722682,0.5546218487394958,-0.19747899159663862,0.2100840336134454,0.5546218487394958,-0.25210084033613445,0.3067226890756303,0.5546218487394958,True,False,,,,,,,,,,,,Q4 steep
Weekly,HUT,2023-02-03,early_rising_blue,3,0.20925588735571848,0.06391923071713887,4.540223172841051,0.17548530349159522,-0.1472951984911448,False,MACD leads signal,-0.23981900452488691,0.25339366515837114,0.1266968325791853,-0.0904977375565611,0.2941176470588236,0.1266968325791853,-0.2941176470588236,0.3167420814479639,0.1266968325791853,-0.16289592760181004,0.4524886877828055,0.1266968325791853,True,False,,,,,,,,,,,,Q4 steep
Weekly,HUT,2023-07-14,early_rising_blue,3,0.07672190525324189,0.026638183571335974,1.5232153811534206,0.39386362792127494,0.26149006349425286,True,MACD leads signal,-0.12740384615384626,0.17548076923076927,0.03627403846153854,-0.16346153846153855,0.2139423076923076,0.03627403846153854,-0.2860576923076924,0.3064903846153846,0.03627403846153854,-0.4639423076923077,0.4783653846153847,0.03627403846153854,True,False,,,,,,,,,,,,Q2
Weekly,HUT,2023-12-15,early_rising_blue,3,0.025180434367527954,0.010507557141714335,0.5979292218333787,-0.09787786847050878,-0.14604921561817436,False,MACD leads signal,0.41333333333333333,0.011904761904761862,0.45688571428571434,0.27047619047619054,0.011904761904761862,0.7542857142857144,-0.05714285714285716,0.06846666666666668,0.7542857142857144,-0.2047619047619048,0.4114285714285715,0.7542857142857144,True,False,,,,,,,,,,,,Q1 weak
Weekly,HUT,2024-04-26,early_rising_blue,3,0.01095269040291659,0.005081019184624391,0.36973692478587983,-0.1576658657412269,-0.18068291337752207,False,MACD leads signal,-0.06129398410896714,0.12939841089670834,-0.011350737797956811,-0.09307604994324636,0.12939841089670834,0.030874006810442722,0.05334846765039725,0.12939841089670834,0.2043132803632235,0.4018161180476729,0.12939841089670834,0.5312145289443813,True,False,,,,,,,,,,,,Q1 weak
Weekly,HUT,2024-11-22,early_rising_blue,3,0.11363250097877559,0.040575180803796504,3.2256746524780184,0.27457060229508823,0.07857204821608363,True,MACD leads signal,0.08101851851851838,0.10461033950617282,0.16396604938271597,0.16666666666666652,0.10461033950617282,0.23263888888888884,-0.0864197530864198,0.11998456790123468,0.23263888888888884,0.03858024691358031,0.2152777777777778,0.23263888888888884,True,False,,,,,,,,,,,,Q4 steep
Weekly,HUT,2025-06-06,early_rising_blue,3,0.06162549474226095,0.020571670595694036,1.0262229011529889,-0.2716649522746363,-0.3748169179687588,False,MACD leads signal,-0.05869682283252553,0.06596661281637062,0.050080775444264924,-0.10070005385029623,0.11120086160473885,0.050080775444264924,0.17932148626817446,0.1782444803446419,0.20245557350565413,0.06515885837372104,0.1782444803446419,0.2687129779213784,True,False,,,,,,,,,,,,Q1 weak
Weekly,HUT,2026-05-08,early_rising_blue,3,0.12590872337887854,0.04844608062721657,3.336896741357382,0.2199062634576551,-0.009291997170328352,False,MACD leads signal,0.04072719886248222,0.043266301035953636,0.14015843997562483,0.07556368068251085,0.1182205971968312,0.14015843997562483,0.13995531180174692,0.1182205971968312,0.43002234409912665,,,,True,False,,,,,,,,,,,,Q4 steep
Weekly,HUT,2022-05-06,bearish_crossover,8,0.018594927041519473,0.007703083482149519,0.7408073658659329,-0.42522506304749175,-0.38940998463492515,False,MACD leads signal,-0.19648093841642233,0.3401759530791789,-0.04120234604105577,-0.2727272727272727,0.3401759530791789,-0.04120234604105577,-0.32258064516129026,0.38269794721407624,-0.04120234604105577,-0.595307917888563,0.6217008797653959,-0.04120234604105577,False,True,-0.04648664792998408,-0.008953769603141704,,,,,,,,,,Q1 weak
Weekly,HUT,2022-10-21,bearish_crossover,13,0.16195934917506746,0.07661368018587945,3.4093429220151727,0.09852855220573037,0.14033790620298583,True,MACD leads signal,0.21649484536082486,0.046391752577319534,0.27835051546391765,0.11855670103092786,0.046391752577319534,0.27835051546391765,-0.3608247422680412,0.38659793814432986,0.27835051546391765,-0.5230927835051546,0.525721649484536,0.27835051546391765,False,True,-0.056269266069895935,-0.010452338499313846,,,,,,,,,,Q4 steep
Weekly,HUT,2023-03-31,bearish_crossover,10,0.1776918069177274,0.06863854837493791,4.59073790445504,0.3213912385580565,0.33070497145462185,True,MACD leads signal,-0.09189189189189184,0.14054054054054055,0.0108108108108107,0.15135135135135136,0.14054054054054055,0.21081081081081066,-0.032432432432432545,0.14054054054054055,0.21081081081081066,0.06486486486486487,0.14054054054054055,0.21081081081081066,False,True,-0.054530719165497454,-0.0023284332241413352,,,,,,,,,,Q4 steep
Weekly,HUT,2023-08-25,bearish_crossover,8,0.06323106495573397,0.02878191559347378,1.5243550250904694,0.3508063998524573,0.3975574435993637,True,MACD leads signal,0.044052863436123246,0.008898678414096861,0.20700440528634378,-0.017621145374449254,0.03524229074889873,0.20700440528634378,-0.16299559471365632,0.1674008810572688,0.20700440528634378,-0.1806167400881057,0.25110132158590304,0.20700440528634378,False,True,-0.08578911316272614,-0.011687760936726521,,,,,,,,,,Q2
Weekly,HUT,2024-02-02,bearish_crossover,9,0.03122906199212197,0.014674143645022392,0.8367778685980072,-0.08065542755930605,-0.05072649120937724,False,MACD leads signal,0.1469780219780219,0.12912087912087922,0.17719780219780223,0.3846153846153846,0.12912087912087922,0.5027472527472527,0.22527472527472514,0.12912087912087922,0.5027472527472527,0.5164835164835164,0.12912087912087922,0.669642857142857,False,True,-0.053293208884112625,-0.007482234087482199,,,,,,,,,,Q1 weak
Weekly,HUT,2024-08-30,bearish_crossover,20,0.0498268706810406,0.026691921656002933,1.7664090087656075,0.31055030010582296,0.38482265593958037,True,MACD and signal aligned,-0.10979228486646875,0.13641938674579612,-0.0189910979228487,0.11177052423343237,0.13641938674579612,0.13056379821958464,0.2937685459940653,0.13641938674579612,0.33036597428288816,0.4737883283877351,0.13641938674579612,0.6023541048466865,False,True,-0.10028330075497355,-0.01856808895843931,,,,,,,,,,Q3
Weekly,HUT,2025-01-03,bearish_crossover,8,0.10402144071117432,0.04437363304270363,2.4872216217503818,0.331689721411048,0.3360805186045363,True,MACD leads signal,-0.03145695364238421,0.08360927152317876,0.1256208609271523,0.11423841059602657,0.11216887417218546,0.21192052980132448,-0.10223509933774833,0.22826986754966894,0.21192052980132448,-0.38948675496688745,0.4321192052980132,0.21192052980132448,False,True,-0.09345311337901663,-0.0010976992983720568,,,,,,,,,,Q4 steep
Weekly,HUT,2025-11-21,bearish_crossover,26,0.06370444268829593,0.04187373135466791,1.3718221968162518,0.558159028072979,0.6173516437871429,True,MACD and signal aligned,0.310425160163075,-0.014560279557367606,0.32411182294700036,0.23558532323820613,-0.014560279557367606,0.32411182294700036,0.2847990681421082,0.004659289458357696,0.3744874781595806,0.7370413511939427,0.004659289458357696,0.8319743739079788,False,True,-0.139034410694012,-0.014798153928540891,,,,,,,,,,Q2
Weekly,HUT,2026-06-16,bearish_crossover,8,0.10861376888778962,0.0561171891187234,2.2265434318426607,0.2861863956765197,0.29023209880898343,True,MACD and signal aligned,,,,,,,,,,,,,,,-0.10561543973941456,-0.0010114257831159157,,,,,,,,,,Q4 steep
Weekly,INTC,2022-01-14,early_rising_blue,3,0.10330805984117693,0.03777912182522407,2.7433898981436284,0.1698784069598476,-0.012551392877128746,False,MACD leads signal,-0.06570915619389595,0.06750448833034117,-0.0008976660682227244,-0.14308797127468587,0.16876122082585288,-0.0008976660682227244,-0.1448833034111311,0.16876122082585288,-0.0008976660682227244,-0.1771992818671455,0.21678635547576308,-0.0008976660682227244,True,False,,,,,,,,,,,,Q4 steep
Weekly,INTC,2022-04-22,early_rising_blue,3,0.031825504332857815,0.01706993849939016,0.7628430913024699,0.07571792815831709,0.005129515280802077,True,MACD and signal aligned,-0.0633863343360549,0.06532015470562957,0.01568543188654936,-0.04813064030941128,0.06532015470562957,0.01568543188654936,-0.10507090674688446,0.13386334336054995,0.01568543188654936,-0.20562956596476145,0.21357971637301243,0.01568543188654936,True,False,,,,,,,,,,,,Q1 weak
Weekly,INTC,2022-07-29,early_rising_blue,3,0.044920501684870676,0.017946916154746393,1.3574927948350655,0.03430475366078568,-0.045140772158073474,False,MACD leads signal,-0.025337372624621324,0.03112090333241535,0.038006058936931764,-0.005508124483613375,0.052602588818507434,0.038006058936931764,-0.0812448361332967,0.08152024235747735,0.038006058936931764,-0.24208207105480595,0.2511704764527678,0.038006058936931764,True,False,,,,,,,,,,,,Q2
Weekly,INTC,2022-11-11,early_rising_blue,3,0.1897725228455984,0.05586834473982635,3.815964076533901,0.04522039840518827,-0.2420881777111334,False,MACD leads signal,-0.018402891883010142,0.04699309891554382,0.02974038777522181,-0.03581991455800193,0.0499507065395991,0.02974038777522181,-0.07196845218534342,0.07771935589878409,0.02974038777522181,-0.05586592178770944,0.16694051922444952,0.02974038777522181,True,False,,,,,,,,,,,,Q4 steep
Weekly,INTC,2023-04-14,early_rising_blue,3,0.07915590375954121,0.02539521887269911,1.730330187455231,0.1730009434162225,0.04822851027340199,True,MACD leads signal,-0.049858889934148665,0.052210724365004624,0.0235183443085607,-0.026026967701473835,0.10598933835058011,0.0235183443085607,-0.09219190968955793,0.10598933835058011,0.0235183443085607,-0.01724678582627781,0.15788648479147072,0.0235183443085607,True,False,,,,,,,,,,,,Q2
Weekly,INTC,2023-12-15,early_rising_blue,3,0.014451560019260873,0.007019478428193809,0.5513438086638616,0.42122607048422095,0.39021382669703325,True,MACD leads signal,0.03986135181975747,0.016464471403812797,0.043234402079722845,0.08860485268630858,0.016464471403812797,0.11091854419410763,0.020797227036395194,0.019930675909878515,0.11091854419410763,-0.06174176776429796,0.0987868284228769,0.11091854419410763,True,False,,,,,,,,,,,,Q1 weak
Weekly,INTC,2024-08-02,early_rising_blue,3,0.0703327120409124,0.027927880026646423,1.9514226520761488,-0.5022419307160795,-0.628395383284024,False,MACD leads signal,-0.08240223463687146,0.12290502793296088,-0.039571694599627616,-0.028398510242085617,0.12290502793296088,-0.019553072625698387,0.02607076350093096,0.12290502793296088,0.029795158286778367,0.11312849162011163,0.1382681564245809,0.14804469273743015,True,False,,,,,,,,,,,,Q3
Weekly,INTC,2025-03-07,early_rising_blue,3,0.08136405669606707,0.028721323980799105,1.8775498965098538,0.08166638847974572,-0.05284950670857446,False,MACD leads signal,0.1652131782945736,0.06540697674418616,0.18846899224806202,0.1753875968992249,0.06540697674418616,0.2795542635658914,-0.03827519379844957,0.06540697674418616,0.2795542635658914,-0.0009689922480620172,0.1441375968992249,0.2795542635658914,True,False,,,,,,,,,,,,Q3
Weekly,INTC,2025-07-11,early_rising_blue,3,0.08735697984886756,0.024444045051385088,1.9129262266257734,0.10966108570720892,-0.022679835570638185,False,MACD leads signal,-0.014084507042253502,0.050362782757148894,0.0149381135296629,-0.11651728553137009,0.13102859581732818,0.01707212974818595,-0.14852752880921893,0.1905676483141272,0.01707212974818595,0.045241143832693176,0.1905676483141272,0.13230900554844216,True,False,,,,,,,,,,,,Q3
Weekly,INTC,2026-05-01,early_rising_blue,3,0.12060744697979012,0.042333466046242815,2.4250490296918623,0.18942460629696717,-0.01642893093849914,False,MACD leads signal,0.2539650672555711,0.04035334270226876,0.3106805862276649,0.09184902629993963,0.04035334270226876,0.3325637422204375,0.15117446295924508,0.04035334270226876,0.3325637422204375,,,,True,False,,,,,,,,,,,,Q3
Weekly,INTC,2021-10-29,bearish_crossover,8,0.03893737670948382,0.014904820579058042,1.288114266968673,0.08557149464382732,0.10148648939562784,True,MACD leads signal,0.03918367346938778,0.0,0.05265306122448976,0.026734693877551008,0.0,0.06102040816326526,-0.00448979591836729,0.018061224489795857,0.06102040816326526,0.04714285714285715,0.018061224489795857,0.12244897959183665,False,True,-0.06416549802102614,-0.003978748687950118,,,,,,,,,,Q2
Weekly,INTC,2022-02-18,bearish_crossover,7,0.09337403517131254,0.03545194730980991,2.2012891031684543,0.0676038136092616,0.1214453385737909,True,MACD leads signal,0.05928063943161632,0.031416518650088765,0.061056838365896926,0.06727353463587926,0.031416518650088765,0.08769982238010665,0.05350799289520425,0.031416518650088765,0.08769982238010665,0.013987566607460034,0.031416518650088765,0.16585257548845478,False,True,-0.11367712618440359,-0.013460381241132316,,,,,,,,,,Q3
Weekly,INTC,2022-05-13,bearish_crossover,5,0.04260178759252608,0.014803065767141748,0.9084118734263928,-0.02838417020069951,0.009963303780677063,False,MACD leads signal,-0.04472477064220193,0.07545871559633022,0.018807339449541383,0.02178899082568808,0.07545871559633022,0.02178899082568808,-0.10137614678899087,0.10137614678899087,0.03050458715596327,-0.1286697247706422,0.184862385321101,0.03050458715596327,False,True,-0.05839571681032216,-0.009586868495344144,,,,,,,,,,Q1 weak
Weekly,INTC,2022-08-26,bearish_crossover,6,0.04205335954287822,0.014089473666381809,1.113537245060475,-0.07079914015966098,-0.027756213900079825,False,MACD leads signal,-0.06414868105515592,0.06894484412470026,0.0014988009592324936,-0.05695443645083931,0.10341726618705038,0.0014988009592324936,-0.17505995203836933,0.18495203836930452,0.0014988009592324936,-0.1915467625899281,0.2628896882494005,0.0014988009592324936,False,True,-0.05807583860452985,-0.01076073156489529,,,,,,,,,,Q1 weak
Weekly,INTC,2023-01-06,bearish_crossover,10,0.1719658760221921,0.06347214754866962,3.337759726782391,0.1946895001386717,0.24732736066349703,True,MACD leads signal,0.048033414549251585,-0.0038287504350853485,0.05743125652627912,0.017055342847198007,0.01705534284719812,0.05743125652627912,0.055342847198050826,0.0678733031674208,0.0849286460146188,-0.08109989557953368,0.13922728854855548,0.0849286460146188,False,True,-0.09451186384993981,-0.013159465131206305,,,,,,,,,,Q4 steep
Weekly,INTC,2023-10-06,bearish_crossover,27,0.038660247826659305,0.019726370082326604,1.274474924119191,0.4843809890227764,0.48844336990072834,True,MACD and signal aligned,-0.006079027355623046,0.019066040342636037,0.02846090080132635,-0.03509256700746055,0.03647416413373861,0.02846090080132635,0.05388228792484129,0.1117712075158882,0.0588560375794418,0.20862116606797465,0.1117712075158882,0.25283227410887,False,True,-0.03013146548081047,-0.0010155952194880191,,,,,,,,,,Q1 weak
Weekly,INTC,2024-01-12,bearish_crossover,6,0.02490788273864435,0.008703679752063953,0.9960671104687848,0.3485656611567597,0.4054689979604373,True,MACD leads signal,0.021859083191850592,0.031196943972835345,0.03480475382003401,-0.07364176570458403,0.08000848896434631,0.06748726655348047,-0.08085738539898124,0.11714770797962637,0.06748726655348047,-0.06621392190152797,0.11714770797962637,0.06748726655348047,False,True,-0.0872835058512153,-0.01422583420091933,,,,,,,,,,Q1 weak
Weekly,INTC,2024-12-13,bearish_crossover,21,0.07287347164108006,0.04246347356772226,1.5378350748716658,0.13922449858233746,0.1473865056581504,True,MACD and signal aligned,-0.04031465093412001,0.07079646017699126,0.03736479842674534,-0.001966568338249708,0.07079646017699126,0.03736479842674534,-0.05850540806293025,0.07079646017699126,0.03736479842674534,-0.06096361848574228,0.07915437561455263,0.10176991150442483,False,True,-0.06005372721774263,-0.0020405017689532345,,,,,,,,,,Q2
Weekly,INTC,2025-04-25,bearish_crossover,9,0.07407357106283885,0.030062371595417702,1.3785219837390907,0.05776356567190266,0.1213092403795995,True,MACD leads signal,0.028428927680798077,0.02493765586034913,0.051371571072319044,0.06832917705735664,0.02493765586034913,0.06982543640897743,0.0,0.02493765586034913,0.14114713216957586,0.051371571072319044,0.03690773067331676,0.14114713216957586,False,True,-0.08732562943267475,-0.015886418676924197,,,,,,,,,,Q2
Weekly,INTC,2025-11-28,bearish_crossover,22,0.06641895197490678,0.03847128407313733,1.240990477224143,0.6637488009222565,0.7152481175628262,True,MACD and signal aligned,0.02095660749506889,0.023668639053254448,0.08530571992110447,-0.06780078895463515,0.07248520710059181,0.08530571992110447,-0.10749506903353057,0.13831360946745563,0.08530571992110447,0.11119329388560151,0.13831360946745563,0.34615384615384603,False,True,-0.09740642301458802,-0.012874829160142487,,,,,,,,,,Q1 weak
Weekly,INTC,2026-06-05,bearish_crossover,7,0.11364180408824381,0.040500049661928314,2.0358411460697665,0.1381144685373885,0.16308291957378226,True,MACD leads signal,0.2561258445094281,-0.002924271453060401,0.2866794393465766,0.18029646062317228,-0.002924271453060401,0.3371987496218616,,,,,,,False,True,-0.11386011295564458,-0.006242112759098445,,,,,,,,,,Q3
Weekly,IREN,2022-08-05,early_rising_blue,3,0.08741209677997594,0.027309980555525137,2.74000326716882,-0.22839875164882534,-0.3691487518291029,False,MACD leads signal,0.2552742616033754,-0.006329113924050445,0.4641350210970465,0.06540084388185652,-0.006329113924050445,0.4641350210970465,-0.139240506329114,0.17721518987341778,0.4641350210970465,-0.12869198312236296,0.2890295358649789,0.4641350210970465,True,False,,,,,,,,,,,,Q4 steep
Weekly,IREN,2023-02-03,early_rising_blue,3,0.1832791877802488,0.0689038876818607,5.187956661537442,0.05250299717315998,-0.27498196346218995,False,MACD leads signal,-0.21603563474387533,0.2293986636971047,0.019999999999999796,0.6703786191536747,0.2293986636971047,1.3563474387527839,0.16481069042316254,0.2293986636971047,1.3563474387527839,0.36302895322939865,0.2293986636971047,1.3563474387527839,True,False,,,,,,,,,,,,Q4 steep
Weekly,IREN,2023-12-29,early_rising_blue,3,0.11969357413300294,0.04572997073117804,3.5482184051959083,0.09472251317457145,-0.12182876560076764,False,MACD leads signal,-0.1342657342657343,0.15662937062937066,0.10349650349650341,-0.2797202797202797,0.28251748251748254,0.10349650349650341,-0.4027972027972029,0.45174825174825184,0.10349650349650341,-0.13566433566433578,0.5020979020979022,0.2158741258741259,True,False,,,,,,,,,,,,Q4 steep
Weekly,IREN,2024-11-01,early_rising_blue,3,0.049443751954782435,0.019863840730589402,1.0953748230649867,-0.06022702153393088,-0.15134489445459043,False,MACD leads signal,0.21436464088397789,0.07955801104972382,0.2674033149171271,0.17900552486187826,0.07955801104972382,0.44419889502762433,0.4928176795580108,0.07955801104972382,0.520441988950276,0.183425414364641,0.07955801104972382,0.7591160220994473,True,False,,,,,,,,,,,,Q1 weak
Weekly,IREN,2025-06-13,early_rising_blue,3,0.0883439769692829,0.027390777644205666,1.8161992361225365,-0.20618665960539845,-0.3452482055031849,False,MACD leads signal,0.0651068158697865,0.03153611393692779,0.10884028484231956,0.42421159715157675,0.03153611393692779,0.4537131230925737,0.6510681586978637,0.03153611393692779,0.8860630722278737,0.8769074262461851,0.03153611393692779,1.1912512716174972,True,False,,,,,,,,,,,,Q3
Weekly,IREN,2026-02-20,early_rising_blue,3,0.07002987814539088,0.021781485191382927,1.139709062797261,-0.3204344834519372,-0.425177025797297,False,MACD leads signal,0.024262131065532877,0.026013006503251557,0.18184092046023026,-0.08204102051025497,0.08279139569784877,0.18184092046023026,0.03276638319159586,0.10880440220110044,0.18184092046023026,0.20360180090045032,0.23061530765382676,0.24662331165582807,True,False,,,,,,,,,,,,Q1 weak
Weekly,IREN,2022-10-14,bearish_crossover,12,0.09557454919282396,0.04720876427545465,1.8801422782202388,0.07693612637487718,0.10053421144084308,True,MACD leads signal,-0.11176470588235288,0.16176470588235292,0.09705882352941186,0.020588235294117796,0.17647058823529416,0.10294117647058831,-0.126470588235294,0.37941176470588234,0.10294117647058831,-0.5882352941176471,0.611764705882353,0.10294117647058831,False,True,-0.06705058528926391,-0.005899521266491473,,,,,,,,,,Q3
Weekly,IREN,2023-08-18,bearish_crossover,30,0.08153582430850888,0.042648178394061924,1.962153848659811,0.6475722078145817,0.6492617661139043,True,MACD and signal aligned,-0.052154195011338,0.07709750566893425,0.05895691609977316,0.03174603174603163,0.07709750566893425,0.22448979591836737,0.018140589569161092,0.07709750566893425,0.22448979591836737,-0.31065759637188206,0.32879818594104315,0.22448979591836737,False,True,-0.055441543034056795,-0.00042238957483065054,,,,,,,,,,Q3
Weekly,IREN,2024-02-09,bearish_crossover,8,0.10533004361879039,0.04263755462969835,2.668013149708295,-0.0023007784459892766,0.05531860152088311,False,MACD leads signal,0.1464646464646464,-0.005050505050504972,0.4635521885521885,0.04040404040404022,-0.005050505050504972,0.4635521885521885,-0.09932659932659949,0.14646464646464652,0.4635521885521885,-0.05723905723905731,0.2777777777777778,0.4635521885521885,False,True,-0.08072247037238911,-0.014404844991718097,,,,,,,,,,Q4 steep
Weekly,IREN,2024-08-02,bearish_crossover,14,0.05522094249099492,0.02743678541894987,1.15322161357449,0.22019181092825213,0.2920854866076707,True,MACD leads signal,-0.12877030162412983,0.3004408352668213,0.0046403712296985145,-0.07540603248259858,0.3004408352668213,0.0046403712296985145,-0.08236658932714602,0.3004408352668213,0.06728538283062657,0.026682134570765736,0.3004408352668213,0.09164733178654294,False,True,-0.11243145625412909,-0.017973418919854656,,,,,,,,,,Q1 weak
Weekly,IREN,2025-01-17,bearish_crossover,13,0.05073112320516672,0.029392487011585162,1.1183530631234624,0.1576367570844718,0.16257847195053052,True,MACD and signal aligned,0.11092577147623017,0.1584612176814012,0.13636363636363624,-0.1476230191826522,0.21684737281067556,0.13636363636363624,0.08507089241034183,0.22685571309424524,0.13636363636363624,-0.39866555462885744,0.46371976647206004,0.13636363636363624,False,True,-0.0378453662607075,-0.0012354287165146638,,,,,,,,,,Q1 weak
Weekly,IREN,2025-11-14,bearish_crossover,24,0.09784630213543523,0.059946994801221676,1.633691002830808,0.8398544525665814,1.0018839526006704,True,MACD and signal aligned,-0.08863489324994611,0.14772482208324333,0.16583998274746614,0.031054561138667447,0.14772482208324333,0.16583998274746614,-0.13456976493422457,0.152037955574725,0.16583998274746614,-0.007332326935518552,0.2810006469700236,0.16583998274746614,False,True,-0.22897229700125088,-0.040507375008522084,,,,,,,,,,Q2
Weekly,MRVL,2022-04-22,early_rising_blue,3,0.025438503830716414,0.012299238886692765,0.47240790942319694,-0.48337168940150527,-0.5363945464828699,False,MACD leads signal,-0.006160164271047264,0.031996919917864464,0.0734086242299794,-0.011806981519507098,0.04842573579739906,0.07991101984941817,-0.07477754962354544,0.13740588637919238,0.07991101984941817,-0.2121834360027378,0.25256673511293637,0.07991101984941817,True,False,,,,,,,,,,,,Q1 weak
Weekly,MRVL,2022-08-12,early_rising_blue,3,0.10906379611199071,0.040764042372497006,2.560056368251045,-0.29404175014482997,-0.4896839491838066,False,MACD leads signal,-0.04010115606936415,0.06719653179190754,0.009212427745664664,-0.09375,0.09718208092485559,0.009212427745664664,-0.1015173410404624,0.21188583815028894,0.009212427745664664,-0.23500722543352592,0.23943280346820817,0.009212427745664664,True,False,,,,,,,,,,,,Q3
Weekly,MRVL,2022-12-02,early_rising_blue,3,0.07904535168051542,0.029228381106037225,1.8012236121021108,0.04327848037495204,-0.09594213291325339,False,MACD leads signal,-0.0720035778175313,0.10822898032200345,0.00805008944543828,-0.1281305903398926,0.14378354203935595,0.02839892665474064,-0.17173524150268338,0.21533989266547393,0.02839892665474064,-0.010509838998211118,0.24530411449016098,0.02839892665474064,True,False,,,,,,,,,,,,Q2
Weekly,MRVL,2023-02-17,early_rising_blue,3,0.06158941026683098,0.02359387092446451,1.7418738458939773,0.16892900967389843,0.059348370331356995,True,MACD leads signal,-0.006570004531037621,0.04531037607612143,0.02775260534662438,-0.002265518803806099,0.06887177163570457,0.05573176257362933,-0.09447213411871325,0.16991391028545533,0.05573176257362933,-0.08722247394653382,0.16991391028545533,0.05573176257362933,True,False,,,,,,,,,,,,Q2
Weekly,MRVL,2023-06-09,early_rising_blue,3,0.09955711282051087,0.02888005470748571,2.2885375698085735,0.2584434459920347,0.11007850528468474,True,MACD leads signal,0.018496917180469863,-0.013331111481419855,0.05699050158306962,-0.03649391768038657,0.0569905015830694,0.05699050158306962,-0.014330944842526283,0.0569905015830694,0.05699050158306962,0.0446592234627563,0.0569905015830694,0.11331444759206799,True,False,,,,,,,,,,,,Q3
Weekly,MRVL,2023-12-29,early_rising_blue,3,0.05704973354457847,0.020020028217091562,1.5956680219795376,-0.01391907111399171,-0.11243107036552652,False,MACD leads signal,-0.006466589288675162,0.07759907146410217,0.013928038467915682,0.08903996020560445,0.07759907146410217,0.11333112253357647,0.12817111590117736,0.07759907146410217,0.21920079588791253,0.12054385674017576,0.07759907146410217,0.21920079588791253,True,False,,,,,,,,,,,,Q2
Weekly,MRVL,2024-07-12,early_rising_blue,3,0.02452914729125977,0.00908522586008282,0.6439234288707867,-0.024070117373700385,-0.06864190527106925,False,MACD leads signal,-0.09620872401141456,0.10313901345291487,0.028536485935588995,-0.10694387824432672,0.15586356841962234,0.028536485935588995,-0.17706210082891694,0.27721157766000826,0.028536485935588995,-0.1004212528876206,0.27721157766000826,0.07351542329120808,True,False,,,,,,,,,,,,Q1 weak
Weekly,MRVL,2024-09-20,early_rising_blue,3,0.05141252929011372,0.017114257027190362,1.402237634018091,0.03561305939911463,-0.04996322671635099,False,MACD leads signal,-0.03898741031541908,0.05157709489643969,0.01292811696223084,-0.00622715581426847,0.05252470556382849,0.01292811696223084,0.08095302558548778,0.05252470556382849,0.13970488696358463,0.1889806416677946,0.05252470556382849,0.28726140517124676,True,False,,,,,,,,,,,,Q2
Weekly,MRVL,2025-06-13,early_rising_blue,3,0.08915647652951775,0.030560056613743336,2.098460454904532,-0.5631454545051539,-0.7142586343383267,False,MACD leads signal,0.0940616163119512,-0.012650692067271985,0.15567792826313442,0.1483851763655306,-0.012650692067271985,0.20732251823187986,0.08215508260157756,-0.012650692067271985,0.20732251823187986,0.1510641464503648,-0.012055365381753225,0.26908766185444266,True,False,,,,,,,,,,,,Q3
Weekly,MRVL,2025-10-31,early_rising_blue,3,0.0035643782253635403,0.001048452179724324,0.07793044408185847,0.16223364157741565,0.1563401586658007,True,MACD leads signal,-0.030083208875613332,0.09206315340302962,0.04683166204395128,-0.07776829528483031,0.11105077874973324,0.04683166204395128,-0.046298271815660264,0.21463622786430547,0.04683166204395128,-0.07894175378707058,0.21463622786430547,0.09633027522935778,True,False,,,,,,,,,,,,Q1 weak
Weekly,MRVL,2026-03-13,early_rising_blue,3,0.025075454039219493,0.007004236105706024,1.1577692278409628,0.10806903062987827,0.07054060854673071,True,MACD leads signal,0.0005690871841566025,0.031072160254951076,0.06351012975187786,0.07989984065558842,0.031072160254951076,0.1456009560664695,0.46244024584566357,0.031072160254951076,0.47780559981789206,0.9363760528112905,0.031072160254951076,1.000910539494651,True,False,,,,,,,,,,,,Q1 weak
Weekly,MRVL,2021-10-15,bearish_crossover,11,0.05570934846454147,0.03229020157778574,6.104397453637605,0.2848675422948703,0.31112416868128073,True,MACD and signal aligned,0.010053313023610011,0.009596344249809707,0.03762376237623766,0.04341203351104328,0.009596344249809707,0.05239908606245236,0.11926884996191922,0.009596344249809707,0.13465346534653455,0.3559786747905558,0.009596344249809707,0.4295506473724293,False,True,-0.06113274192713675,-0.006564156596602533,,,,,,,,,,Q4 steep
Weekly,MRVL,2021-11-26,bearish_crossover,2,0.04156334699928407,0.006437758400873156,2.915361070924051,0.2891206584711294,0.2924812149915189,True,MACD leads signal,0.16113349076260608,0.03735241005695222,0.22919849979163764,0.23656063342130862,0.03735241005695222,0.303653285178497,0.2179469370745939,0.03735241005695222,0.303653285178497,0.007778858174746439,0.03735241005695222,0.303653285178497,False,True,-0.04873125133198447,-0.0008401391300973393,,,,,,,,,,Q4 steep
Weekly,MRVL,2022-06-03,bearish_crossover,8,0.02973060410560911,0.010428186523904944,0.6383750532647399,-0.4961236597449539,-0.49520260262944676,False,MACD leads signal,-0.099898236092266,0.1024423337856174,0.03867028493894176,-0.21913161465400277,0.25915875169606517,0.03867028493894176,-0.27832428765264594,0.2918928086838535,0.03867028493894176,-0.05563093622795112,0.30342605156037994,0.03867028493894176,False,True,-0.009406180185263402,-0.00023026427887679057,,,,,,,,,,Q1 weak
Weekly,MRVL,2022-10-14,bearish_crossover,11,0.09676778776333285,0.049354757616735516,2.4293318118776903,-0.14155307342915838,-0.09908086521788176,False,MACD and signal aligned,0.06835990272899228,0.0008105917319644051,0.07862739800054053,0.10807889759524447,0.0029721696838692635,0.15158065387733055,0.17130505268846274,0.008105917319643274,0.18373412591191585,0.12131856255066209,0.008105917319643274,0.2791137530397192,False,True,-0.0845507241258211,-0.010618052052819169,,,,,,,,,,Q4 steep
Weekly,MRVL,2023-01-06,bearish_crossover,7,0.07285478331236489,0.027213190131949633,1.8424461398135568,0.020915165821927026,0.028299798709670664,True,MACD leads signal,0.12659279778393362,0.002216066481994461,0.1290858725761772,0.09362880886426583,0.002216066481994461,0.1609418282548476,0.29030470914127404,0.002216066481994461,0.37077562326869806,0.21994459833795,0.002216066481994461,0.37077562326869806,False,True,-0.07284870078770367,-0.0018461582219359077,,,,,,,,,,Q3
Weekly,MRVL,2023-03-31,bearish_crossover,8,0.05572391531802841,0.02150373202171496,1.542629222870034,0.1581030713287758,0.15996387840072324,True,MACD leads signal,-0.0933025404157044,0.10254041570438799,-0.0002309468822170313,-0.06951501154734407,0.11247113163972278,-0.0002309468822170313,-0.08822170900692838,0.14780600461893767,-0.0002309468822170313,0.5129330254041573,0.14780600461893767,0.5184757505773674,False,True,-0.02185002108561193,-0.00046520176798686697,,,,,,,,,,Q2
Weekly,MRVL,2023-08-25,bearish_crossover,13,0.08672787904460835,0.0323489471276571,2.034956150514192,0.45452246712839095,0.4825045524963332,True,MACD leads signal,0.08317757009345805,-0.0011214953271028172,0.10828598130841116,0.04186915887850473,-0.0011214953271028172,0.10828598130841116,-0.02242990654205612,0.03196261682242996,0.10828598130841116,-0.07532710280373833,0.07785046728971956,0.10828598130841116,False,True,-0.0726242442902083,-0.0069955213419855555,,,,,,,,,,Q3
Weekly,MRVL,2024-03-22,bearish_crossover,14,0.06327206769269668,0.03157918938737259,1.6058850609921793,0.2815173946577604,0.2908708237967498,True,MACD leads signal,0.06522392545837064,0.03155996393146987,0.0936278929966936,0.09182446648632392,0.03155996393146987,0.1465284039675383,-0.06627592425608664,0.069131349564172,0.1465284039675383,0.08085362188157497,0.07241208295761958,0.1465284039675383,False,True,-0.05994650486033226,-0.00233835728474735,,,,,,,,,,Q2
Weekly,MRVL,2024-08-02,bearish_crossover,5,0.020269728231626094,0.00820808412236736,0.5350686386685727,-0.051164888184433044,-0.050014380245413444,False,MACD leads signal,0.022109704641350314,0.10227848101265824,0.03831223628691993,0.1699578059071729,0.10227848101265824,0.18738396624472586,0.28675105485232066,0.10227848101265824,0.33333333333333326,0.19814345991561177,0.10227848101265824,0.33333333333333326,False,True,-0.03213514892321717,-0.0002876269847549087,,,,,,,,,,Q1 weak
Weekly,MRVL,2024-12-27,bearish_crossover,16,0.0430091938435232,0.024906202072592833,1.570035978138501,0.2833877243452641,0.29063171498767515,True,MACD and signal aligned,0.04013377926421402,0.03378806548142932,0.041453969371589405,0.006160887167752094,0.03378806548142932,0.08616440767470501,0.09153318077803196,0.03378806548142932,0.12198556592149279,-0.08634043302235528,0.12409787009329354,0.12198556592149279,False,True,-0.04981276306942922,-0.0018109976606027756,,,,,,,,,,Q2
Weekly,MRVL,2025-10-03,bearish_crossover,18,0.10694817292455608,0.05665173756412494,2.121917271771449,0.1513030592805599,0.15483008976113694,True,MACD and signal aligned,-0.007074924611459088,0.009974483878450457,0.09788912085363033,0.020064950127580694,0.010321271166782608,0.09788912085363033,0.08721874275110175,0.08304337740663414,0.1316399907214103,0.0368823938761309,0.14613778705636737,0.13813500347947105,True,True,-0.008441438374858862,-0.0008817576201442523,,,,,,,,,,Q3
Weekly,MRVL,2025-11-21,bearish_crossover,5,0.0038697821424169346,0.0010759702094161397,0.09237954968279682,0.14815563050506841,0.1572103723986238,True,MACD leads signal,0.15429309231762423,-0.007101355713363455,0.1559715945771465,0.27708198837959963,-0.007101355713363455,0.3269205939315687,0.08573273079406074,-0.007101355713363455,0.3269205939315687,0.0388637830858618,-0.007101355713363455,0.3269205939315687,False,True,-0.015887749099264797,-0.0022636854733888434,,,,,,,,,,Q1 weak
Weekly,MU,2021-12-03,early_rising_blue,3,0.1369262271271779,0.05061446089864671,6.165240004241379,0.27275895115528,0.03413876021615063,True,MACD leads signal,0.0480274442538593,0.01335456995834361,0.06639304092134268,0.01690762068120555,0.01335456995834361,0.0705709384954667,0.14126439598137708,0.01335456995834361,0.18530997304582209,-0.02879196275422702,0.07473658417054652,0.20619946091644192,True,False,,,,,,,,,,,,Q4 steep
Weekly,MU,2022-08-05,early_rising_blue,3,0.09791435383985045,0.03507682241900881,1.8127275618306424,-0.26954670517286006,-0.44042631466788035,False,MACD leads signal,0.04130643611911622,0.07556836375280174,0.04731027857829018,-0.03121998078770416,0.07556836375280174,0.04731027857829018,-0.09814281139929559,0.12279859109830293,0.04731027857829018,-0.1978866474543708,0.2243035542747358,0.04731027857829018,True,False,,,,,,,,,,,,Q3
Weekly,MU,2022-11-18,early_rising_blue,3,0.08269450014005891,0.026347938145199694,1.4048106589017424,0.08455508469628302,-0.04676451386194558,False,MACD leads signal,-0.002902014339364989,0.03004438374871965,0.00938886992147503,-0.06657562307954934,0.10191191532946398,0.00938886992147503,-0.11113007852509382,0.1188118811881188,0.00938886992147503,-0.028166609764424644,0.1732673267326732,0.00938886992147503,True,False,,,,,,,,,,,,Q2
Weekly,MU,2023-02-17,early_rising_blue,3,0.05714378208115786,0.01950412455458628,1.0302574315759894,0.1343733442645361,0.04104181104595541,True,MACD leads signal,-0.014065412641925068,0.037027622436875074,0.012506354855109203,-0.03779020504999142,0.07269954245043209,0.012506354855109203,-0.03982375868496868,0.10591425182172509,0.012506354855109203,0.06134553465514325,0.10591425182172509,0.09167937637688528,True,False,,,,,,,,,,,,Q1 weak
Weekly,MU,2023-12-01,early_rising_blue,3,0.06109756670116931,0.023942705226333613,2.320302581204741,0.21823925585424803,0.10687335778151161,True,MACD leads signal,-0.01277492427235627,0.039510075069142614,-0.004346108257605841,0.07217173712630043,0.039510075069142614,0.09298037666271552,0.12392993546687725,0.039510075069142614,0.1572500987751877,0.1596207032793362,0.039510075069142614,0.18588963519030677,True,False,,,,,,,,,,,,Q3
Weekly,MU,2024-06-21,early_rising_blue,3,0.083480959692162,0.02922481434982581,2.946453545202217,0.14178394861142837,0.0026254536151395433,True,MACD leads signal,-0.0574028952271749,0.06299269026802345,0.03246380966031248,-0.05690124695427834,0.08793965887917432,0.03246380966031248,-0.1811666905546796,0.18410491615307434,0.03246380966031248,-0.22610004299842335,0.39150064497635084,0.03246380966031248,True,False,,,,,,,,,,,,Q4 steep
Weekly,MU,2024-10-25,early_rising_blue,3,0.05787157172502913,0.021669107879429966,1.2364453927809456,-0.3135564168508007,-0.41651824641478,False,MACD leads signal,-0.07580391066629588,0.08191363173014543,0.007784264664998597,0.03697525715874339,0.08191363173014543,0.0592160133444537,-0.04883699379112216,0.11472523399128898,0.0592160133444537,-0.1648596052265776,0.22583634510240003,0.0592160133444537,True,False,,,,,,,,,,,,Q2
Weekly,MU,2025-05-30,early_rising_blue,3,0.0953601932046238,0.037652879231686406,3.2539194737364,0.050117454722365645,-0.1268943600830912,False,MACD leads signal,0.14926953207706983,0.0006351894982001838,0.1756298962523819,0.22379843319923776,0.0006351894982001838,0.2413720093161127,0.3207706965911499,0.0006351894982001838,0.37465593902180827,0.1778530594960832,0.0006351894982001838,0.37465593902180827,True,False,,,,,,,,,,,,Q4 steep
Weekly,MU,2026-05-15,early_rising_blue,3,0.1276451131933057,0.053974380027344664,2.2446734974592535,0.13333893756953352,-0.10925537578925708,False,MACD leads signal,0.03634808047912119,0.09997792068004296,0.07664270140479679,0.3399387298871195,0.09997792068004296,0.3537383048602103,0.3545800789335689,0.09997792068004296,0.5031739022438109,,,,True,False,,,,,,,,,,,,Q3
Weekly,MU,2021-10-08,bearish_crossover,10,0.013995326969763373,0.004807383423347393,1.5241970250757941,0.009049312798010911,0.02885522323149752,True,MACD leads signal,-0.03479749001711352,0.0634626354820308,0.003351397604107298,-0.037221905305191094,0.0634626354820308,0.003351397604107298,0.03993154592127768,0.0634626354820308,0.05162578436965193,0.16400456360524807,0.0634626354820308,0.26996577296063884,False,True,-0.03361440781386529,-0.004951477608371651,,,,,,,,,,Q2
Weekly,MU,2022-02-11,bearish_crossover,12,0.11542966570627251,0.05168209737555886,2.47968736884584,0.4171991281131485,0.48817055225793365,True,MACD leads signal,0.01158645276292325,0.011697860962566975,0.07508912655971467,0.0037878787878786735,0.06651069518716579,0.07508912655971467,-0.18872549019607854,0.19078654188948307,0.07508912655971467,-0.196301247771836,0.23863636363636365,0.07508912655971467,False,True,-0.09100417664981952,-0.017742856036196242,,,,,,,,,,Q4 steep
Weekly,MU,2022-10-07,bearish_crossover,11,0.09700654450586334,0.04634792805523008,1.6081042137233101,-0.11292673374771434,-0.06209454316168016,False,MACD leads signal,-0.0035910035910035054,0.048762048762048704,0.05688905688905699,0.0593460593460593,0.048762048762048704,0.06369306369306371,0.06142506142506132,0.048762048762048704,0.0856170856170857,0.03345303345303341,0.048762048762048704,0.21791721791721796,False,True,-0.07107772157753617,-0.012708047646508541,,,,,,,,,,Q2
Weekly,MU,2022-12-30,bearish_crossover,8,0.06633032287768745,0.027841385448480537,1.324799465119588,0.01719167620058934,0.0808392418305283,True,MACD leads signal,0.13585434173669486,0.008603441376550669,0.1462585034013606,0.13905562224889967,0.008603441376550669,0.16976790716286527,0.27791116446578634,0.008603441376550669,0.2873149259703882,0.16406562625050025,0.008603441376550669,0.2873149259703882,False,True,-0.09758968958201839,-0.015911891407484724,,,,,,,,,,Q2
Weekly,MU,2023-07-07,bearish_crossover,22,0.03550148499279514,0.01726057559009332,0.9919889429463269,0.3622945160705448,0.37006597919469886,True,MACD leads signal,0.056553998351195345,0.0011541632316570682,0.08062654575432826,0.0824402308326464,0.0011541632316570682,0.09084913437757614,0.15267930750206093,0.0011541632316570682,0.19274525968672718,0.16059356966199512,0.0011541632316570682,0.19274525968672718,False,True,-0.0532089027217742,-0.001942865781038472,,,,,,,,,,Q1 weak
Weekly,MU,2024-02-09,bearish_crossover,12,0.048926365264556036,0.027460993094525005,2.238909820022367,0.297889996551271,0.3074978415286821,True,MACD and signal aligned,-0.07082748948106599,0.07374941561477333,0.015719962599345383,0.005142589995324798,0.07491818606825618,0.015719962599345383,0.14095371669004209,0.07491818606825618,0.1903927068723701,0.44436652641421226,0.07491818606825618,0.5257491818606825,False,True,-0.024500305613365247,-0.0024019612443527683,,,,,,,,,,Q4 steep
Weekly,MU,2024-07-19,bearish_crossover,6,0.07864620709986131,0.02203705992585191,2.6737689212044002,-0.03419253512219586,0.037207813504867605,False,MACD leads signal,-0.042447050586381985,0.08069315596009097,0.018160336075616845,-0.18869245580255556,0.2029581655872572,0.018160336075616845,-0.054874846840539226,0.25687029581655874,0.018160336075616845,-0.20164537020829687,0.26378435147908275,0.018160336075616845,False,True,-0.1001706542092457,-0.017850087156765865,,,,,,,,,,Q4 steep
Weekly,MU,2025-02-28,bearish_crossover,20,0.03945758551127757,0.019537035025459795,1.142576473605933,-0.11365641622137534,-0.10939974336190794,False,MACD leads signal,-0.007155826124105591,0.07294670511588164,0.02744846737156892,0.07647121649044131,0.08405425611449313,0.09772508811278446,-0.0554309516180711,0.08405425611449313,0.11812453273523449,-0.14792267435650963,0.3427320303321585,0.11812453273523449,False,True,-0.010996907285463792,-0.0010641682148668508,,,,,,,,,,Q1 weak
Weekly,MU,2025-11-28,bearish_crossover,28,0.06124108026082517,0.036774911260157236,2.4758849901600946,0.5330219626740484,0.6338826732521899,True,MACD and signal aligned,0.0031292286874153863,0.05560723951285507,0.03336392083897155,0.019705683355886405,0.05560723951285507,0.11954499323410017,0.20428788903924233,0.0625422868741542,0.2299983085250339,0.6899949255751014,0.0625422868741542,0.7440371278755074,False,True,-0.13728435821774398,-0.025215177644535403,,,,,,,,,,Q4 steep
Weekly,NBIS,2025-05-30,early_rising_blue,3,0.11473595429463061,0.03594555712851419,2.6924859057329504,-0.052338638827117284,-0.23320009463698782,False,MACD leads signal,0.3137414965986396,0.05523809523809531,0.3531972789115645,0.2824489795918368,0.05523809523809531,0.497687074829932,0.4106122448979592,0.05523809523809531,0.497687074829932,0.3978231292517007,0.05523809523809531,0.5827020408163264,True,False,,,,,,,,,,,,Q4 steep
Weekly,NBIS,2026-02-13,early_rising_blue,3,0.04180701856135549,0.018018659467829518,0.8773701627171349,-0.27460752886387124,-0.35752854099920056,False,MACD leads signal,-0.0009182736455464191,0.04601571268237936,0.10519334761758992,-0.06958473625140293,0.09805121926334048,0.10519334761758992,0.1524334251606978,0.1477400265279053,0.18936843179267404,0.4791347821650851,0.1477400265279053,0.5286195286195285,True,False,,,,,,,,,,,,Q1 weak
Weekly,NBIS,2025-09-05,bearish_crossover,16,0.11866213920020637,0.05750774829775955,2.214130040652924,0.43383714189034017,0.437892832417155,True,MACD leads signal,0.38093783412249893,0.025507866198258733,0.5352069650221476,0.5168779593707042,0.025507866198258733,0.5352069650221476,0.9547884527264396,0.025507866198258733,1.0311470902703528,0.9981670994348555,0.025507866198258733,1.155185581182221,False,True,-0.0479987303629727,-0.0010139226317036343,,,,,,,,,,Q3
Weekly,NVTS,2022-08-05,early_rising_blue,3,0.0775193945869323,0.022772416421423206,2.496807606403764,-0.023192928626887016,-0.1425305165363763,False,MACD leads signal,0.13953488372093026,0.13953488372093015,0.15213178294573648,0.21705426356589141,0.13953488372093015,0.5696899224806202,0.01744186046511631,0.13953488372093015,0.5696899224806202,-0.06007751937984507,0.13953488372093015,0.5696899224806202,True,False,,,,,,,,,,,,Q3
Weekly,NVTS,2023-02-03,early_rising_blue,3,0.10460656441749963,0.03394143086989193,2.8907732675512126,0.12013355539156012,-0.051693905892835706,False,MACD leads signal,-0.08103448275862069,0.10862068965517235,0.04137931034482767,-0.005172413793103514,0.10862068965517235,0.048275862068965614,0.08965517241379328,0.12672413793103443,0.19999999999999996,0.2603448275862068,0.12672413793103443,0.27068965517241383,True,False,,,,,,,,,,,,Q4 steep
Weekly,NVTS,2023-06-09,early_rising_blue,3,0.04613895292694606,0.012635574563160445,1.3543296947298398,0.5692642832321636,0.4999506835810923,True,MACD leads signal,0.014054054054054133,0.006486486486486531,0.09351351351351345,-0.05189189189189192,0.07782702702702715,0.09351351351351345,0.10270270270270254,0.07782702702702715,0.2070270270270269,0.047567567567567526,0.07782702702702715,0.2070270270270269,True,False,,,,,,,,,,,,Q2
Weekly,NVTS,2023-12-22,early_rising_blue,3,0.07117092780025228,0.022675641375452915,1.6064633199822538,-0.26643315339802526,-0.38048841700716857,False,MACD leads signal,-0.009815950920245453,0.015950920245398903,0.03496932515337425,-0.14969325153374236,0.16012269938650314,0.03496932515337425,-0.2294478527607362,0.2705521472392638,0.03496932515337425,-0.2220858895705522,0.32883435582822096,0.03496932515337425,True,False,,,,,,,,,,,,Q2
Weekly,NVTS,2024-05-31,early_rising_blue,3,0.018538626593205793,0.010897403838523306,0.46783085334716507,-0.28947329061432553,-0.3349989702103509,False,MACD and signal aligned,0.13810741687979533,-0.023017902813299296,0.1892583120204605,0.1227621483375958,-0.023017902813299296,0.3132992327365729,0.005115089514066584,0.01278772378516635,0.3132992327365729,-0.020460358056266004,0.026854219948849067,0.3132992327365729,True,False,,,,,,,,,,,,Q1 weak
Weekly,NVTS,2024-10-25,early_rising_blue,3,0.07700260676812128,0.026648285748234274,2.007974106720086,-0.008056272473147358,-0.13669816670586044,False,MACD leads signal,0.011764705882353121,0.0470588235294116,0.14117647058823546,-0.15294117647058814,0.16470588235294115,0.14117647058823546,-0.050980392156862675,0.3137254901960784,0.14117647058823546,0.2431372549019608,0.3137254901960784,0.8257254901960784,True,False,,,,,,,,,,,,Q3
Weekly,NVTS,2025-06-13,early_rising_blue,3,0.22316630901882115,0.07041813476625844,4.086654297950454,0.29470409656439933,-0.057313064749519346,False,MACD leads signal,-0.04234972677595639,0.09836065573770503,0.09153005464480879,-0.08879781420765032,0.13797814207650283,0.09153005464480879,-0.20218579234972678,0.20628415300546454,0.09153005464480879,-0.0901639344262295,0.22404371584699456,0.29508196721311486,True,False,,,,,,,,,,,,Q4 steep
Weekly,NVTS,2026-02-06,early_rising_blue,3,0.04323306425628199,0.01723050618071085,0.7995108961808345,-0.02195702218002292,-0.10025397729097697,False,MACD leads signal,-0.06320541760722331,0.07900677200902928,0.04740406320541757,-0.11060948081264099,0.1297968397291196,0.04740406320541757,-0.0744920993227991,0.1297968397291196,0.18453724604966149,-0.006772009029345272,0.13544018058690743,0.31262979683972913,True,False,,,,,,,,,,,,Q1 weak
Weekly,NVTS,2022-04-29,bearish_crossover,4,0.03199385337519217,0.0048389750039880795,1.0160891308900202,-0.0846929258073765,-0.04844317819992966,False,MACD leads signal,0.011661807580174877,0.017492711370262426,0.13556851311953344,-0.0276967930029155,0.22157434402332365,0.13556851311953344,0.16618075801749255,0.22157434402332365,0.16618075801749255,-0.31049562682215737,0.31924198250728864,0.2172011661807578,False,True,-0.048200710333149925,-0.00906243690186171,,,,,,,,,,Q1 weak
Weekly,NVTS,2022-07-01,bearish_crossover,2,0.021988803526588913,0.0024909517943989545,0.7312546327484618,-0.19447436414050803,-0.17895682513424807,False,MACD leads signal,0.11351351351351346,0.05135135135135149,0.1324324324324324,0.08918918918918917,0.05135135135135149,0.1324324324324324,0.4108108108108106,0.05135135135135149,0.4162162162162162,0.6837837837837839,0.05135135135135149,1.1890810810810812,False,True,-0.025328607515291784,-0.0038793847515649904,,,,,,,,,,Q1 weak
Weekly,NVTS,2022-10-14,bearish_crossover,12,0.07782806883932353,0.0342831798315841,2.062072611021424,0.13895447308380357,0.19319919569329858,True,MACD leads signal,0.034313725490195957,0.0490196078431373,0.07843137254901977,0.03921568627450989,0.0490196078431373,0.1482843137254901,0.19852941176470584,0.0490196078431373,0.20833333333333326,0.06862745098039214,0.0490196078431373,0.3897058823529411,False,True,-0.06996305496527905,-0.013561180652373744,,,,,,,,,,Q3
Weekly,NVTS,2023-05-19,bearish_crossover,17,0.08860348808917984,0.04267403896197799,2.7194696898808317,0.46322406286440865,0.47410282372389634,True,MACD leads signal,0.0011764705882353343,0.1588235294117647,0.1435294117647059,0.051764705882352935,0.1588235294117647,0.1435294117647059,0.10352941176470587,0.1588235294117647,0.18999999999999995,0.17294117647058838,0.1588235294117647,0.31352941176470583,True,False,-0.013806275817291769,-0.0027196902148719504,,,,,,,,,,Q4 steep
Weekly,NVTS,2023-07-28,bearish_crossover,9,0.04217944332853629,0.01914873046581746,1.1481112404946343,0.648443945129655,0.6530129918362182,True,MACD leads signal,-0.037735849056603876,0.05163853028798404,0.08242303872889778,-0.17576961271102276,0.18222442899702096,0.08242303872889778,-0.156901688182721,0.2661370407149951,0.08242303872889778,-0.30883813306852037,0.3237338629592851,0.08242303872889778,False,True,-0.05119914539818882,-0.0011422616766406657,,,,,,,,,,Q1 weak
Weekly,NVTS,2024-03-01,bearish_crossover,12,0.06734391656101207,0.026281111940290945,2.2011334843169004,-0.16423903039825016,-0.1554314728360695,False,MACD leads signal,-0.14310954063604253,0.14487632508833925,0.06448763250883394,-0.187279151943463,0.19434628975265023,0.06448763250883394,-0.15724381625441708,0.26501766784452296,0.06448763250883394,-0.21201413427561844,0.3754416961130742,0.06448763250883394,False,True,-0.018756472746775887,-0.002201889390545164,,,,,,,,,,Q3
Weekly,NVTS,2024-08-16,bearish_crossover,13,0.045418124980065214,0.026912904371957213,1.1972288825059303,-0.009035319022622154,-0.006800906790479285,False,MACD and signal aligned,-0.003225806451612967,0.04677419354838708,0.0370967741935484,-0.02580645161290329,0.06451612903225812,0.0370967741935484,-0.17419354838709677,0.28387096774193543,0.0370967741935484,-0.17741935483870974,0.3096774193548387,0.0370967741935484,False,True,-0.0665088488589522,-0.0005586030580357181,,,,,,,,,,Q1 weak
Weekly,NVTS,2025-02-28,bearish_crossover,20,0.0659060038218145,0.036041596590358826,1.5699357895413364,0.4212877781377984,0.44090168599699053,True,MACD and signal aligned,0.040983606557376984,0.10245901639344257,0.09631147540983598,0.024590163934426146,0.10245901639344257,0.09631147540983598,-0.25,0.25409836065573765,0.10245901639344268,-0.1598360655737705,0.3770491803278688,0.10245901639344268,False,True,-0.0349694376447246,-0.0049034769647979815,,,,,,,,,,Q2
Weekly,NVTS,2025-08-15,bearish_crossover,11,0.1924588189955644,0.07607461232674802,3.0249225144149454,0.4242260431491638,0.48304542954090274,True,MACD leads signal,-0.07080924855491333,0.13005780346820817,-0.0014450867052022698,-0.15317919075144504,0.1640173410404624,-0.0014450867052022698,-0.10838150289017345,0.21387283236994215,-0.0014450867052022698,0.1893063583815029,0.21387283236994215,0.4140173410404624,False,True,-0.09036723716448614,-0.014704846597934751,,,,,,,,,,Q4 steep
Weekly,NVTS,2025-11-21,bearish_crossover,3,0.05742143017395884,0.018186860869121843,0.9482715292325398,0.027227633726548614,0.043779368539423824,True,MACD leads signal,0.15608465608465627,-0.001322751322751392,0.20370370370370372,0.2539682539682542,-0.001322751322751392,0.28439153439153464,0.033068783068783025,0.030423280423280352,0.35449735449735464,0.44312169312169325,0.06018518518518512,0.47478835978835976,False,True,-0.06126234621367051,-0.004137933703218799,,,,,,,,,,Q1 weak
Weekly,OPEN,2022-04-01,early_rising_blue,3,0.07891875002745805,0.026195543912249986,1.9091677413909482,-0.22418354879324964,-0.35632603086106385,False,MACD leads signal,-0.14150977883385119,0.16745262901358682,0.08549320660452064,0.04127216231036357,0.17218058855785057,0.08549320660452064,-0.17571437275330537,0.23113385730823122,0.08549320660452064,-0.11674891854018155,0.39268872235423136,0.08549320660452064,True,False,,,,,,,,,,,,Q3
Weekly,OPEN,2022-12-09,early_rising_blue,3,0.05224798998968477,0.016139078728245757,1.6113451283805715,-0.15812804528605273,-0.23395247001075462,False,MACD leads signal,-0.030760670852873373,0.053890787695731746,0.34607741832922656,-0.21540418090771796,0.23082425880295687,0.34607741832922656,-0.11541212940147838,0.294650663699229,0.34607741832922656,0.9922899610523805,0.294650663699229,1.3460774183292266,True,False,,,,,,,,,,,,Q2
Weekly,OPEN,2023-07-07,early_rising_blue,3,0.03268179525998402,0.009189897884883072,0.9792246275516483,0.26915688332511833,0.22108669547575185,True,MACD leads signal,0.15626597777239581,0.0314038911762331,0.3385538602298108,0.07421759371383962,0.0314038911762331,0.3385538602298108,-0.07811953391996984,0.08853367778046872,0.40886951373752045,0.013024407308737551,0.20311617017841288,0.40886951373752045,True,False,,,,,,,,,,,,Q1 weak
Weekly,OPEN,2024-01-05,early_rising_blue,3,0.09945464492173776,0.03829018682850034,2.1090469790753223,0.1713058937345762,-0.004446468273619768,False,MACD leads signal,-0.03172657563923498,0.06484991875944246,0.08964966791140494,-0.13103959408226684,0.19999429890824094,0.08964966791140494,-0.03449160514238481,0.19999429890824094,0.08964966791140494,-0.14207120663607087,0.26897750919301056,0.08964966791140494,True,False,,,,,,,,,,,,Q3
Weekly,OPEN,2024-08-09,early_rising_blue,3,0.12710348246536127,0.052054493883385095,4.442140614619012,-0.24201847599202814,-0.47735448934967356,False,MACD leads signal,0.07830687830687832,0.04824151882975425,0.12648615001556185,0.3553688141923437,0.04824151882975425,0.4095860566448801,0.1384998443821972,0.04824151882975425,0.5360722066604418,0.19875505757858702,0.04824151882975425,0.5360722066604418,True,False,,,,,,,,,,,,Q4 steep
Weekly,OPEN,2025-03-21,early_rising_blue,3,0.025221401370498192,0.011013555902110991,0.5192272388800708,-0.15986667373644925,-0.21469443256919016,False,MACD leads signal,-0.058382846809610034,0.06664944458796174,0.041677430465857146,-0.17669852751227078,0.2899336949969862,0.041677430465857146,-0.20511495737535512,0.2899336949969862,0.041677430465857146,-0.34642211314905713,0.45836562473090503,0.041677430465857146,True,False,,,,,,,,,,,,Q1 weak
Weekly,OPEN,2025-06-06,early_rising_blue,3,0.05656916446249586,0.023417028095963965,1.089657840851556,-0.02645955434144491,-0.133909727210763,False,MACD leads signal,-0.15412676698586414,0.17297461620307042,-0.029335765313877604,-0.21371029031767752,0.21827025383796939,-0.029335765313877604,-0.10275117799057609,0.25216598267213863,-0.029335765313877604,2.0890712874297006,0.25216598267213863,6.3106855145158836,True,False,,,,,,,,,,,,Q1 weak
Weekly,OPEN,2026-04-24,early_rising_blue,3,0.017794169070928817,0.005129349177735998,0.41750646185044293,-0.26697725242054904,-0.29483909109588696,False,MACD leads signal,-0.01270417422867498,0.07803992740471866,0.038112522686025496,-0.09074410163339386,0.1324863883847549,0.038112522686025496,-0.17785843920145183,0.24682395644283117,0.038112522686025496,-0.13793103448275856,0.25952813067150626,0.038112522686025496,True,False,,,,,,,,,,,,Q1 weak
Weekly,OPEN,2021-11-26,bearish_crossover,14,0.06026652507845622,0.02748244089573953,2.4760129455952695,0.38754888626547745,0.39350902040432056,True,MACD leads signal,-0.14355601285199382,0.1661543122983986,0.018937122441121224,-0.08490774465184103,0.1661543122983986,0.018937122441121224,-0.09040582253391327,0.22751058900763166,0.018937122441121224,-0.4215024712944786,0.4318863267663601,0.018937122441121224,False,True,-0.057689397756478855,-0.0014900335347107219,,,,,,,,,,Q4 steep
Weekly,OPEN,2022-06-17,bearish_crossover,13,0.07049827325786572,0.03417679028049092,1.672688835001667,-0.0925339858117717,-0.07074762321462409,False,MACD leads signal,0.17183689187454543,0.05145265499978602,0.1739121133028112,0.057977835779384757,0.07661204056309112,0.19667536690770615,0.06003166317230746,0.07661204056309112,0.19667536690770615,0.3043515467887554,0.0807410893842796,0.32193744384065726,False,True,-0.030611229178271228,-0.005446590649286903,,,,,,,,,,Q2
Weekly,OPEN,2022-09-16,bearish_crossover,9,0.02134692710024257,0.006663625439331168,0.7046602022821304,-0.043708349152003854,-0.03380254163170503,False,MACD leads signal,-0.21427844235174343,0.29801476202596067,0.0,-0.2339781114787477,0.29801476202596067,0.0,-0.3977856961058793,0.3990073810129804,0.0,-0.4876813438533978,0.6403919572410282,0.0,False,True,-0.019522236486652668,-0.002476451880074712,,,,,,,,,,Q1 weak
Weekly,OPEN,2023-03-31,bearish_crossover,18,0.08932128696556901,0.04345743325588816,2.9824876462680585,0.43891618685867145,0.47382437368262875,True,MACD leads signal,-0.04544387036167219,0.10227806481916402,0.06822451855331124,-0.03405354626585255,0.10227806481916402,0.11366838891498365,-0.21588774072334438,0.2897487083137623,0.11366838891498365,0.34094645373414756,0.2897487083137623,0.5791451385627056,False,True,-0.05594938104544245,-0.008727046705989228,,,,,,,,,,Q4 steep
Weekly,OPEN,2023-09-22,bearish_crossover,13,0.03787091081340196,0.01680972657008802,1.008137194460441,0.4065212115088399,0.42458897261704504,True,MACD leads signal,0.027220457561014877,0.09714124884403519,0.1303526195167064,-0.0039001246431586978,0.09714124884403519,0.1303526195167064,-0.15174299384825696,0.17120340959350233,0.1303526195167064,-0.04668087330626025,0.29962607052390333,0.1303526195167064,False,True,-0.041242201785509136,-0.00451694027705124,,,,,,,,,,Q1 weak
Weekly,OPEN,2024-02-16,bearish_crossover,8,0.08637558952867869,0.0338896060232699,2.1583903787796967,0.07471965780022283,0.11054948446408766,True,MACD leads signal,-0.04333149627996691,0.11666437034995869,0.02335354092036379,0.036683659410305935,0.11666437034995869,0.10667539267015713,-0.10998208872967763,0.16333700744006618,0.10667539267015713,-0.21999862220997524,0.24331771837971894,0.10667539267015713,False,True,-0.05062090886631623,-0.008957456665966188,,,,,,,,,,Q3
Weekly,OPEN,2024-11-01,bearish_crossover,14,0.11347755974212244,0.05621202191869945,3.24341618443922,0.030154837377233026,0.08303101231293224,True,MACD leads signal,0.016465110997558652,0.0494521092374951,0.10986203372508951,-0.08788962698007152,0.09339692272753086,0.10986203372508951,0.2856980639300515,0.16482143871004373,0.3626298756600237,-0.08243910747743144,0.16482143871004373,0.3626298756600237,False,True,-0.06611177308710452,-0.013219043733924796,,,,,,,,,,Q4 steep
Weekly,OPEN,2025-01-10,bearish_crossover,4,0.04570442193276172,0.005835524774149895,1.5662310749803616,-0.0677588394019958,-0.029704705926936692,False,MACD leads signal,-0.020455504006748337,0.09524813721355274,0.10199634472093355,-0.047659215520877374,0.09524813721355274,0.10199634472093355,-0.08842963587797004,0.1292703500632646,0.10199634472093355,-0.18367777309152267,0.23808519611978063,0.10881484605651615,False,True,-0.053238343407678725,-0.009513533368764777,,,,,,,,,,Q2
Weekly,OPEN,2025-05-02,bearish_crossover,8,0.029016235572431034,0.011102162015354411,0.5933407733390613,-0.1964548169542366,-0.16980466090399643,False,MACD leads signal,-0.09908409658617823,0.1271162919789065,0.2352206494587843,0.05328892589508749,0.1271162919789065,0.2352206494587843,-0.12406328059950045,0.1337774077157925,0.2352206494587843,-0.2500693866222593,0.3172356369691923,0.2352206494587843,False,True,-0.04197402052746224,-0.006662539012560087,,,,,,,,,,Q1 weak
Weekly,OPEN,2025-10-17,bearish_crossover,21,0.11425768972462964,0.05641306296282382,2.6609647187521612,0.9607403371171435,1.0538040799540023,True,MACD leads signal,0.11313320825515949,0.1298888728532256,0.17109250974166534,0.08520710059171588,0.1298888728532256,0.19414056862462115,0.13408861307547992,0.26814836195699243,0.3205368740077934,-0.053254437869822535,0.26814836195699243,0.3205368740077934,False,True,-0.13220791842897794,-0.023265935709214647,,,,,,,,,,Q4 steep
Weekly,QCOM,2021-11-26,early_rising_blue,3,0.18834502908591366,0.07331202853055843,3.813260121587123,0.18256904370575092,-0.15998450179368473,False,MACD leads signal,0.004381472630021532,0.025776715602594757,0.06299078183680429,0.04631842494594274,0.025776715602594757,0.06885171275748259,0.03983156936383292,0.025776715602594757,0.09639239786047571,-0.061511323546147745,0.06355980425628782,0.10151359963582562,True,False,,,,,,,,,,,,Q4 steep
Weekly,QCOM,2022-07-29,early_rising_blue,3,0.09641643600193256,0.027056563327836458,2.7305748663732365,-0.26408782345533066,-0.4073952755077086,False,MACD leads signal,0.03550255066868879,0.006824762167379039,0.04290224734592574,0.042947745760374856,0.02585137184613262,0.04536054046601401,-0.046049910381910975,0.04832483110437058,0.05411553839790417,-0.16455259892458296,0.17930511512477598,0.05411553839790417,True,False,,,,,,,,,,,,Q4 steep
Weekly,QCOM,2022-12-02,early_rising_blue,3,0.09066798428125775,0.02627855302105371,2.1822267784304565,-0.004760643461541314,-0.13908719315190246,False,MACD leads signal,-0.052602260066847095,0.06286805666083073,-0.0015120165526022467,-0.08857233805506926,0.09796275664491483,0.018223778449785177,-0.1250994747731975,0.14992837816329785,0.018223778449785177,0.06159477956390269,0.14992837816329785,0.07345217252904646,True,False,,,,,,,,,,,,Q3
Weekly,QCOM,2023-07-14,early_rising_blue,3,0.05251146720862927,0.02089245981104269,1.215214217869741,0.04772961272648168,-0.05018347980514049,False,MACD leads signal,0.01762402088772852,0.01905189295039167,0.03704308093994779,0.056462140992167065,0.01905189295039167,0.06005221932114879,-0.06486618798955612,0.07212793733681466,0.08493798955613574,-0.13397519582245432,0.13911553524804177,0.08493798955613574,True,False,,,,,,,,,,,,Q2
Weekly,QCOM,2023-11-24,early_rising_blue,3,0.11355192910996063,0.036424223176892784,2.840122955993196,0.1654351203773629,-0.016935876221582193,False,MACD leads signal,0.01502935420743623,0.01628180039138938,0.022309197651663393,0.040861056751467784,0.01628180039138938,0.04868884540117424,0.12320939334637981,0.01628180039138938,0.13033268101761264,0.1895107632093933,0.01628180039138938,0.19585127201565555,True,False,,,,,,,,,,,,Q4 steep
Weekly,QCOM,2024-10-18,early_rising_blue,3,0.032566352470622034,0.012274948388723561,0.9068908431610856,-0.3895662569613991,-0.447344521490786,False,MACD leads signal,-0.003802948747952173,0.03873157032529828,0.014977767376550544,-0.03305640065527715,0.05172010297215057,0.033056400655277374,-0.060964193774865394,0.06622981511818393,0.06541071846477897,-0.07249005382635143,0.10513398080973546,0.06541071846477897,True,False,,,,,,,,,,,,Q1 weak
Weekly,QCOM,2025-02-07,early_rising_blue,3,0.02307240079592829,0.006466027638308197,0.8805528529059399,-0.27548141946114296,-0.30928116198856465,False,MACD leads signal,0.025422719695165297,-0.001667063586568318,0.028935460824005554,-0.0150631102643487,0.016372945939509442,0.05084543939033104,-0.040128602048106754,0.09889259347463686,0.05084543939033104,-0.24112884020004766,0.2457728030483448,0.05084543939033104,True,False,,,,,,,,,,,,Q1 weak
Weekly,QCOM,2025-05-16,early_rising_blue,3,0.07518561066662151,0.026718326337110257,2.842686775015096,-0.1167634171981494,-0.24832038451724772,False,MACD leads signal,-0.04668852459016393,0.07036065573770489,0.0238032786885245,-0.04786885245901651,0.07036065573770489,0.0238032786885245,0.014557377049180253,0.07036065573770489,0.06321311475409819,0.032524590163934386,0.07036065573770489,0.07512983606557389,True,False,,,,,,,,,,,,Q4 steep
Weekly,QCOM,2026-05-15,early_rising_blue,3,0.20764199234485772,0.059312960432349016,5.3201281755867775,-0.1851369744778098,-0.4937647381802077,False,MACD leads signal,0.1819941436299568,0.05196287656955678,0.20601518685790854,0.24581865104967981,0.05196287656955678,0.2899895776465333,0.05077175045907989,0.056528859993051794,0.2899895776465333,,,,True,False,,,,,,,,,,,,Q4 steep
Weekly,QCOM,2022-01-21,bearish_crossover,10,0.16446776474572636,0.07583906997456144,3.1433653763177634,0.3569057514645572,0.3594410651344727,True,MACD leads signal,0.01139877523797983,0.04577699630146126,0.058327775419875216,0.08815861274480086,0.04577699630146126,0.1647365549020796,0.01643121324198127,0.04577699630146126,0.1647365549020796,-0.06633117079973316,0.15691505487176372,0.1647365549020796,False,True,-0.10353675704447346,-0.0006338284174788877,,,,,,,,,,Q4 steep
Weekly,QCOM,2022-09-30,bearish_crossover,11,0.09588100937786513,0.04654239799197156,2.3011350030184174,-0.04033176613366127,0.011966800695220782,False,MACD leads signal,0.07018941405558499,-0.006063020003540531,0.1259426447158789,-0.02681890600106218,0.0736413524517614,0.1259426447158789,0.05514250309789337,0.0736413524517614,0.1259426447158789,0.09267126925119484,0.09780492122499551,0.13405027438484685,False,True,-0.10574842078227498,-0.013074641707220511,,,,,,,,,,Q4 steep
Weekly,QCOM,2023-04-06,bearish_crossover,20,0.05510769422335028,0.023272333022440535,2.386262852720892,0.18043304334299942,0.19020724216575946,True,MACD leads signal,-0.023089430894308927,0.03447154471544711,0.018292682926829285,-0.04260162601626016,0.05325203252032518,0.018292682926829285,-0.11560975609756097,0.1585365853658537,0.018292682926829285,-0.05999999999999994,0.17504065040650407,0.018292682926829285,False,True,-0.013583970540381407,-0.0024435497056899957,,,,,,,,,,Q4 steep
Weekly,QCOM,2023-09-01,bearish_crossover,9,0.05274205902900549,0.025585783539789814,1.2275405837979008,0.11266671274688514,0.11916181718276472,True,MACD leads signal,-0.08012306625644583,0.08558304805650652,0.014516618277939042,-0.019456601811327356,0.08558304805650652,0.014516618277939042,-0.03748320838930541,0.08558304805650652,0.014516618277939042,-0.07734974216752621,0.09578368072106436,0.014516618277939042,False,True,-0.04888994547988432,-0.001623776108969896,,,,,,,,,,Q1 weak
Weekly,QCOM,2024-04-19,bearish_crossover,23,0.06827826455404214,0.03400640896355253,1.5128953266499272,0.5143807497183478,0.5602007353378868,True,MACD leads signal,0.05094207955338459,0.002981665926536814,0.05639789380194138,0.13963078094271397,0.002981665926536814,0.16215187464315162,0.22984203514559431,0.002981665926536814,0.24392564867093847,0.3660470722578191,0.002981665926536814,0.3852693015288968,False,True,-0.0840991628751313,-0.011454996404884787,,,,,,,,,,Q2
Weekly,QCOM,2025-01-03,bearish_crossover,13,0.029948808038836195,0.01429365731842471,1.048671798860247,-0.3233623138464762,-0.3176052109728214,False,MACD leads signal,-0.005385541405309668,0.014445922828359659,0.049673699550148775,0.04264081606792103,0.01919787112716209,0.050750807831210665,0.09567255908255712,0.01919787112716209,0.12012925299372723,-0.004181714502946354,0.028068174618260167,0.12145979851739197,False,True,-0.009737069535237675,-0.0014392757184136795,,,,,,,,,,Q1 weak
Weekly,QCOM,2025-03-28,bearish_crossover,9,0.02210450882829145,0.008152259894304981,0.7351710938705007,-0.28953840769359784,-0.25898021970086055,False,MACD leads signal,-0.16540073336825567,0.1705081194342587,0.017941330539549494,-0.08820062860136191,0.20899751178627546,0.017941330539549494,-0.027239392352016778,0.20899751178627546,0.017941330539549494,-0.04806181246726038,0.20899751178627546,0.02232844421162916,False,True,-0.03821649321748549,-0.00763954699818431,,,,,,,,,,Q1 weak
Weekly,QCOM,2025-11-21,bearish_crossover,29,0.04928414000435064,0.02736608954683026,2.825778612207266,0.4372089556577019,0.44002516654028806,True,MACD and signal aligned,0.029332516840171463,0.008733006736068694,0.029944886711573693,0.07048377219840773,0.008733006736068694,0.08542559706062458,0.07317819963257799,0.008733006736068694,0.12333129210042859,-0.023759951010410396,0.02504592774035519,0.129516227801592,False,True,-0.028160121845933417,-0.0007040527206464975,,,,,,,,,,Q4 steep
Weekly,RIOT,2021-12-03,early_rising_blue,3,0.06595873925085292,0.027574649193851927,1.9035360807817505,0.11158363977967584,-0.009894096721801745,False,MACD leads signal,-0.09217877094972071,0.12709497206703912,0.0708798882681565,-0.18854748603351967,0.23812849162011174,0.0708798882681565,-0.2203212290502794,0.2419692737430168,0.0708798882681565,-0.486731843575419,0.5495810055865922,0.0708798882681565,True,False,,,,,,,,,,,,Q3
Weekly,RIOT,2022-03-18,early_rising_blue,3,0.04294944778387286,0.011621687467898295,0.9260314292287884,-0.22433299594817152,-0.2917488645641036,False,MACD leads signal,0.06298003072196612,0.02611367127496167,0.14029697900665639,0.06144393241167423,0.02611367127496167,0.2114695340501791,-0.23348694316436258,0.23399897593445984,0.2114695340501791,-0.5919098822324629,0.6799795186891961,0.2114695340501791,True,False,,,,,,,,,,,,Q1 weak
Weekly,RIOT,2022-07-29,early_rising_blue,3,0.15006493539636423,0.0498985887965991,2.7867154624063413,0.021847180164555946,-0.2251817703286094,False,MACD leads signal,0.1297814207650272,0.04713114754098369,0.20628415300546443,0.35655737704918034,0.04713114754098369,0.4369945355191258,-0.07240437158469948,0.07513661202185806,0.4369945355191258,-0.13524590163934425,0.19102459016393436,0.4369945355191258,True,False,,,,,,,,,,,,Q4 steep
Weekly,RIOT,2023-02-03,early_rising_blue,3,0.15092377973112137,0.05426088641992483,2.74060917915548,0.15733648543534406,-0.10258235388571325,False,MACD leads signal,-0.19444444444444442,0.20760233918128657,0.0289912280701754,-0.03654970760233922,0.24269005847953218,0.059941520467836185,-0.07309941520467833,0.24269005847953218,0.059941520467836185,0.4605263157894737,0.24561403508771928,0.4766081871345029,True,False,,,,,,,,,,,,Q4 steep
Weekly,RIOT,2023-12-01,early_rising_blue,3,0.05558141979391924,0.020041558212017113,1.2392931243080818,-0.1347372877462197,-0.2326245984508325,False,MACD leads signal,0.14960058097313,-0.025424836601307232,0.1633986928104576,0.13507625272331159,0.017429193899782147,0.1633986928104576,0.1234567901234569,0.017429193899782147,0.3616557734204793,-0.17574437182280322,0.30029048656499635,0.3616557734204793,True,False,,,,,,,,,,,,Q2
Weekly,RIOT,2024-08-02,early_rising_blue,3,0.06987755117157371,0.027693775677902793,1.9545920618920065,-0.1767488865947604,-0.3029183380137388,False,MACD leads signal,-0.05950991831971997,0.1540256709451575,0.007001166861143604,-0.0676779463243874,0.1540256709451575,0.007001166861143604,-0.1213535589264878,0.1540256709451575,0.007001166861143604,-0.0851808634772463,0.25845974329054844,0.007001166861143604,True,False,,,,,,,,,,,,Q3
Weekly,RIOT,2024-10-11,early_rising_blue,3,0.07484551956877465,0.026349799419211672,2.1913949080265156,-0.02662136245327601,-0.15733828228146757,False,MACD leads signal,0.17241379310344818,-0.0023781212841853527,0.18311533888228282,0.14625445897740796,-0.0023781212841853527,0.24231866825208082,0.5231866825208087,-0.0023781212841853527,0.5267538644470868,0.5398335315101068,-0.0023781212841853527,0.887039239001189,True,False,,,,,,,,,,,,Q3
Weekly,RIOT,2025-06-13,early_rising_blue,3,0.07615134847899037,0.027673139192048182,2.206391564046379,-0.06947606371469298,-0.20312125365747133,False,MACD leads signal,-0.016460905349794275,0.0370370370370372,0.05041152263374493,0.0853909465020577,0.08744855967078202,0.12139917695473246,0.2777777777777777,0.08744855967078202,0.3405349794238681,0.13991769547325106,0.08744855967078202,0.5781893004115226,True,False,,,,,,,,,,,,Q3
Weekly,RIOT,2026-02-13,early_rising_blue,3,0.05312897641226824,0.01796796572736227,0.8680346432525241,-0.12168072913572536,-0.20638300008178356,False,MACD leads signal,0.030223390275952555,0.07457293035479629,0.1291064388961891,0.07030223390275947,0.07457293035479629,0.14375821287779234,-0.0775295663600527,0.10840998685939551,0.14375821287779234,0.09067017082785811,0.24441524310118268,0.14375821287779234,True,False,,,,,,,,,,,,Q1 weak
Weekly,RIOT,2021-12-31,bearish_crossover,6,0.07032523773691449,0.02210889582819091,2.119743756378741,-0.04327786460645943,0.01811309984341878,False,MACD leads signal,-0.08822212270488128,0.12897447380205995,0.1027765338110167,-0.07389162561576346,0.16032243618450503,0.1027765338110167,-0.34169278996865204,0.42230183609493943,0.1027765338110167,-0.27362292879534256,0.42230183609493943,0.1027765338110167,False,True,-0.08051115901146888,-0.015347741112469553,,,,,,,,,,Q3
Weekly,RIOT,2022-05-13,bearish_crossover,10,0.07114391359702828,0.02678648144339543,1.4289038807054282,-0.06960284317741595,-0.02356463843224727,False,MACD leads signal,-0.14178168130489333,0.18810539523212044,-0.005018820577164407,-0.09159347553324959,0.25094102885821834,-0.005018820577164407,-0.3513174404015056,0.35633626097867,-0.005018820577164407,-0.314930991217064,0.4956085319949812,-0.005018820577164407,False,True,-0.09636764448074568,-0.011509551186292174,,,,,,,,,,Q2
Weekly,RIOT,2022-09-30,bearish_crossover,11,0.13333313506599873,0.06290878353781269,2.2623206575506027,0.20951841042054647,0.24805952981184137,True,MACD leads signal,-0.06348074179743213,0.08131241084165475,0.10912981455064208,-0.17831669044222542,0.20970042796005706,0.10912981455064208,0.005706134094151327,0.23252496433666192,0.10912981455064208,-0.3680456490727533,0.442225392296719,0.10912981455064208,False,True,-0.06579658614281086,-0.009635279847823697,,,,,,,,,,Q4 steep
Weekly,RIOT,2023-06-16,bearish_crossover,21,0.08650500057772044,0.04397491067357719,1.8846068477092772,0.5642181926770813,0.5786563017545517,True,MACD and signal aligned,0.11538461538461542,0.02701923076923085,0.16442307692307678,0.1365384615384615,0.02701923076923085,0.19326923076923075,0.8384615384615386,0.02701923076923085,0.9855769230769229,0.4644230769230768,0.02701923076923085,0.9855769230769229,False,True,-0.04516699234226773,-0.003609527269367585,,,,,,,,,,Q3
Weekly,RIOT,2024-02-02,bearish_crossover,11,0.06847491106982173,0.033598156019804724,1.5064467791090113,0.05665069715032556,0.08457754137109,True,MACD leads signal,0.29794826048171275,0.08529884032114188,0.3193577163247099,0.46743978590544133,0.08529884032114188,0.6271186440677963,0.2881355932203389,0.08529884032114188,0.6378233719892952,0.09188224799286338,0.08529884032114188,0.6378233719892952,False,True,-0.07158479304624463,-0.006981711055191103,,,,,,,,,,Q2
Weekly,RIOT,2024-09-13,bearish_crossover,8,0.056686531221054,0.02445888393887269,1.8939629672073126,-0.23124684228217923,-0.21794151180562588,False,MACD leads signal,-0.001388888888888884,0.05138888888888893,0.05833333333333335,0.0888888888888888,0.05138888888888893,0.12083333333333335,0.16805555555555562,0.05138888888888893,0.18333333333333335,0.7791666666666668,0.05138888888888893,0.7833333333333332,True,True,-0.016819447372795976,-0.003326332619138339,,,,,,,,,,Q3
Weekly,RIOT,2025-01-10,bearish_crossover,15,0.07925799307093419,0.04180975921969711,3.904114296500185,0.3519771818858665,0.35525933920284986,True,MACD and signal aligned,0.11583333333333345,0.08166666666666667,0.2024999999999999,0.1283333333333332,0.08166666666666667,0.21166666666666667,-0.029999999999999916,0.11166666666666669,0.21166666666666667,-0.3025000000000001,0.33999999999999997,0.21166666666666667,False,True,-0.0249420779107834,-0.0008205393292458063,,,,,,,,,,Q4 steep
Weekly,RIOT,2025-11-14,bearish_crossover,24,0.06701024580659595,0.037785045956120485,1.6194961880796803,0.42811053280435285,0.5334166719312002,True,MACD and signal aligned,-0.0888888888888888,0.13706093189964152,0.03620071684587822,0.1562724014336918,0.13706093189964152,0.19354838709677424,0.09677419354838723,0.13706093189964152,0.19354838709677424,0.09820788530465951,0.13706093189964152,0.19354838709677424,False,True,-0.1483225477486818,-0.026326534781711763,,,,,,,,,,Q2
Weekly,RKLB,2022-07-29,early_rising_blue,3,0.124143412476406,0.04489832195297366,5.815045990327109,-0.29124191643837943,-0.5157171312650117,False,MACD leads signal,0.14346895074946464,0.03854389721627405,0.19807280513918624,0.5203426124197001,0.03854389721627405,0.5310492505353319,0.13490364025695922,0.03854389721627405,0.5610278372591007,-0.11777301927194861,0.1498929336188436,0.5610278372591007,True,False,,,,,,,,,,,,Q4 steep
Weekly,RKLB,2023-02-10,early_rising_blue,3,0.10241365886680873,0.03819665420562282,2.8568723266690252,0.17735962642064027,-0.0006457568429055552,False,MACD leads signal,0.029350104821803003,0.03563941299790352,0.09643605870020977,-0.06708595387840655,0.08176100628930816,0.09643605870020977,-0.18029350104821795,0.2075471698113207,0.09643605870020977,-0.20964360587002084,0.24109014675052398,0.09643605870020977,True,False,,,,,,,,,,,,Q4 steep
Weekly,RKLB,2023-06-09,early_rising_blue,3,0.11975704274079776,0.048157749976645514,1.9524964918597296,0.21677689222744015,-0.007987346884397672,False,MACD leads signal,0.07279693486590033,0.02256704980842905,0.1685823754789273,0.06130268199233724,0.02256704980842905,0.1685823754789273,0.09770114942528751,0.02256704980842905,0.17624521072796928,0.3084291187739465,0.02256704980842905,0.5421455938697319,True,False,,,,,,,,,,,,Q3
Weekly,RKLB,2024-01-05,early_rising_blue,3,0.08498870427167854,0.028084621732247655,1.3626420474588052,-0.10642763591587451,-0.24592875600435088,False,MACD leads signal,-0.042592592592592626,0.06296296296296311,0.04999999999999982,-0.09999999999999998,0.13148148148148142,0.04999999999999982,-0.26388888888888895,0.2796296296296297,0.04999999999999982,-0.15925925925925932,0.2796296296296297,0.04999999999999982,True,False,,,,,,,,,,,,Q2
Weekly,RKLB,2024-06-07,early_rising_blue,3,0.08312548084000769,0.03139488235456063,1.8664615437242884,-0.031830402292685994,-0.18134747783968547,False,MACD leads signal,-0.011261261261261368,0.024774774774774855,0.11261261261261257,0.1283783783783783,0.05518018018018023,0.14864864864864846,0.09909909909909898,0.05518018018018023,0.16216216216216206,0.08333333333333326,0.05518018018018023,0.3153153153153152,True,False,,,,,,,,,,,,Q3
Weekly,RKLB,2025-05-23,early_rising_blue,3,0.07091867856594958,0.021980770320624232,2.1751912651426673,-0.38983243572280624,-0.5025421017788273,False,MACD leads signal,0.05389457120377639,-0.02399685287175446,0.21085759244689228,0.13768686073957515,-0.003933910306844979,0.21085759244689228,0.18174665617623909,0.007081038552321117,0.2863886703383163,1.0216365066876474,0.007081038552321117,1.10228166797797,True,False,,,,,,,,,,,,Q3
Weekly,RKLB,2026-01-16,early_rising_blue,3,0.15689373439070148,0.0539436973181411,2.657094964333811,0.16303519225532323,-0.10023899174404939,False,MACD leads signal,-0.07684319833852538,0.15523779854620978,0.020455867082035395,-0.16853582554517144,0.18982346832814123,0.020455867082035395,-0.2996884735202492,0.3367601246105919,0.020455867082035395,-0.28961578400830734,0.3367601246105919,0.020455867082035395,True,False,,,,,,,,,,,,Q4 steep
Weekly,RKLB,2026-05-08,early_rising_blue,3,0.08116113796934143,0.02890860880552998,1.0976884670514313,0.00993052811711198,-0.1318445641008833,False,MACD leads signal,0.1829904238171991,0.013937612591258142,0.2627277898928606,0.287190670332796,0.013937612591258142,0.32511614677159373,0.043709111595714445,0.013937612591258142,0.43168578742770447,,,,True,False,,,,,,,,,,,,Q1 weak
Weekly,RKLB,2022-10-14,bearish_crossover,13,0.15777879117064988,0.08067241043927706,4.769597094735065,0.3677914191384672,0.3938869813649154,True,MACD and signal aligned,0.07341772151898729,-0.015189873417721378,0.13670886075949373,0.2987341772151897,-0.015189873417721378,0.32405063291139236,0.42531645569620236,-0.015189873417721378,0.45820253164556957,0.012658227848101111,0.020253164556962022,0.45820253164556957,False,True,-0.10068116461352589,-0.006523890556611955,,,,,,,,,,Q4 steep
Weekly,RKLB,2023-03-24,bearish_crossover,8,0.0935482137473394,0.03462941309988092,2.1877579147665713,0.09960547607315648,0.15279349276014625,True,MACD leads signal,0.027989821882951516,0.020356234096692183,0.059796437659032975,-0.040712468193384255,0.07888040712468192,0.059796437659032975,0.01781170483460559,0.07888040712468192,0.07124681933842236,0.18829516539440205,0.07888040712468192,0.1959287531806615,False,True,-0.09171183633158625,-0.013297004171747423,,,,,,,,,,Q3
Weekly,RKLB,2023-09-01,bearish_crossover,14,0.10828494989744644,0.05087354965089833,2.245818574172432,0.46682131639843777,0.48945943522663665,True,MACD leads signal,-0.02208201892744477,0.04416403785488965,0.04022082018927442,-0.19242902208201884,0.20189274447949535,0.04022082018927442,-0.3091482649842271,0.3422712933753943,0.04022082018927442,-0.34384858044164035,0.3690851735015773,0.04022082018927442,False,True,-0.05405306230166601,-0.005659529707049693,,,,,,,,,,Q4 steep
Weekly,RKLB,2024-03-01,bearish_crossover,10,0.07730264765551123,0.03146958137966456,1.5423790978956187,-0.00912479190583454,-0.00706084453794284,False,MACD leads signal,-0.026431718061673992,0.08149779735682827,0.03524229074889873,-0.09251101321585897,0.09471365638766516,0.040748898678413914,-0.09471365638766516,0.1299559471365639,0.040748898678413914,-0.16960352422907488,0.23568281938325986,0.040748898678413914,False,True,-0.0326766876468052,-0.0005159868419729249,,,,,,,,,,Q2
Weekly,RKLB,2024-12-13,bearish_crossover,29,0.06560149089069937,0.04580800706858878,2.87320629163172,0.9957607117468145,1.0394004081015564,True,MACD and signal aligned,0.01842751842751844,0.0986895986895987,0.09664209664209666,0.1146601146601145,0.0986895986895987,0.17936117936117935,0.10196560196560189,0.0986895986895987,0.23914823914823913,0.12244062244062226,0.0986895986895987,0.3652743652743653,False,True,-0.172731777775868,-0.010909924088685408,,,,,,,,,,Q4 steep
Weekly,RKLB,2025-08-22,bearish_crossover,15,0.09777452605701198,0.05975019535094957,1.5079545602872912,0.32150720601119276,0.32482375006160114,True,MACD and signal aligned,0.09508787742226232,0.007435781883731507,0.14736367733213163,0.03289770166741768,0.04484001802613791,0.14736367733213163,0.07683641279855791,0.04484001802613791,0.2431275349256421,0.49324019828751675,0.04484001802613791,0.666741775574583,False,True,-0.08574667763443505,-0.0008291360126020386,,,,,,,,,,Q2
Weekly,RKLB,2026-02-20,bearish_crossover,7,0.13964436198176527,0.04953382011809221,2.7205141578589815,0.06513191095880005,0.10108117018454905,True,MACD leads signal,-0.024837708156929206,0.09539937905729612,0.026531188258537952,-0.010584250635055081,0.09539937905729612,0.05997742026531183,-0.05122777307366633,0.09539937905729612,0.11021732994637312,0.1967259384702229,0.2078464578041208,0.2276319503245836,False,True,-0.12000202492424061,-0.008987314806437247,,,,,,,,,,Q4 steep
Weekly,SNDK,2025-09-12,early_rising_blue,3,0.06544310316761152,0.020715483170637962,5.285587257517687,0.16576070407402538,0.05799700212987676,True,MACD leads signal,0.1866945315221178,0.011726460002321915,0.19575060954371293,0.1275978172529897,0.011726460002321915,0.27957738302565893,0.3573667711598747,0.011726460002321915,0.5911993498200396,1.7804481597585045,0.011726460002321915,1.7864855451062347,True,False,,,,,,,,,,,,Q4 steep
Weekly,SNDK,2026-02-20,early_rising_blue,3,0.07707180488777021,0.02798938383713309,1.9214848221138416,0.36217489447039314,0.22912881142429511,True,MACD leads signal,-0.022477960521254836,0.06611074357278035,0.0639567980060618,-0.18868563164453744,0.18976260442789672,0.0639567980060618,0.0919119343969721,0.2045786728618244,0.1963629090573411,0.41697309106574143,0.2045786728618244,0.48468390848808407,True,True,,,,,,,,,,,,Q3
Weekly,SNDK,2026-05-15,early_rising_blue,3,0.09077674361480909,0.031240598339428972,1.6385693403036128,0.08288451040134771,-0.04905394875001752,False,MACD leads signal,0.05049694162445584,0.09255404550976476,0.0983795227371218,0.20415455985677866,0.09255404550976476,0.21399073607036034,0.40671066559629443,0.09255404550976476,0.4362287849617439,,,,True,False,,,,,,,,,,,,Q2
Weekly,SNDK,2025-12-05,bearish_crossover,14,0.06696486542331771,0.03738623305194551,1.7330299265575526,0.46545849699476405,0.5450051317352353,True,MACD and signal aligned,-0.09756204315665074,0.10360222348667214,0.06880553245502696,0.04000525233072172,0.12680001750776904,0.06880553245502696,0.20470958988050958,0.12680001750776904,0.20716023985643628,1.5222129820107675,0.12680001750776904,1.961833063421894,False,True,-0.12311064456047693,-0.019886658685117853,,,,,,,,,,Q3
Weekly,SNDK,2026-03-06,bearish_crossover,4,0.07671068174048078,0.021566359303490712,1.8814414493820601,0.23945652420817598,0.2531705237964026,True,MACD leads signal,0.25466026966036437,0.019589251512335815,0.27371854436500853,0.3458555363813931,0.019589251512335815,0.4745984487891832,0.3304572089583373,0.019589251512335815,0.4745984487891832,1.2509623954639406,0.019589251512335815,1.2552102099254734,False,True,-0.12702334856193997,-0.0034284998970566805,,,,,,,,,,Q3
Weekly,USAR,2026-02-13,early_rising_blue,3,0.07184888647262831,0.028883523514297904,1.9701006017000942,-0.021042835617779282,-0.1535197421392054,False,MACD leads signal,-0.11162670791441087,0.1327661768497035,0.007476153647847372,-0.025522041763341163,0.1327661768497035,0.06986336684712557,0.0033513792214487914,0.1327661768497035,0.10569734467646308,-0.1673111626707915,0.28512503222480023,0.10569734467646308,True,False,,,,,,,,,,,,Q3
Weekly,USAR,2026-05-22,early_rising_blue,3,0.05476131103694047,0.021505910887401124,1.4917060097355916,0.11405205756743685,0.014481117838276552,True,MACD leads signal,0.1071146245059289,-0.0007905138339920903,0.13122529644268766,-0.11185770750988144,0.12430830039525687,0.2964426877470354,-0.09011857707509885,0.21403162055335967,0.2964426877470354,,,,True,False,,,,,,,,,,,,Q2
Weekly,USAR,2025-11-07,bearish_crossover,15,0.04178997499685562,0.021187519166365965,2.221268504864208,0.2672053226244617,0.29633381842144807,True,MACD and signal aligned,-0.16532258064516125,0.19758064516129026,0.06918202764976966,-0.2949308755760368,0.3351958525345622,0.06918202764976966,-0.008064516129032251,0.34043778801843316,0.06918202764976966,-0.18490783410138245,0.34043778801843316,0.09562211981566815,False,True,-0.07874384889946329,-0.0072821239492465994,,,,,,,,,,Q4 steep
Weekly,USAR,2026-04-02,bearish_crossover,9,0.0666476199800741,0.02640774462382157,1.9269490692122728,-0.0072559225891602325,0.0006789498998981077,False,MACD leads signal,0.014447236180904488,0.10678391959798994,0.14006909547738688,0.2531407035175879,0.10678391959798994,0.31155778894472363,0.653894472361809,0.10678391959798994,0.6783919597989949,0.7594221105527639,0.10678391959798994,0.8021168341708542,False,True,-0.041912146093971925,-0.001983718122264585,,,,,,,,,,Q3
Weekly,UVXY,2021-12-17,early_rising_blue,3,0.11522729163577924,0.03787451543062481,1.8172959297725795,0.15756433676485598,-0.021565310413986634,False,MACD leads signal,-0.1211180124223602,0.13726708074534166,0.19813664596273295,-0.22795031055900616,0.24378881987577639,0.19813664596273295,-0.23726708074534164,0.3068322981366459,0.19813664596273295,0.034782608695652195,0.3068322981366459,0.39068322981366466,True,False,,,,,,,,,,,,Q3
Weekly,UVXY,2022-02-25,early_rising_blue,3,0.030565390456941052,0.01149527384706879,0.7675309903084896,0.12993861326378425,0.0764576847649971,True,MACD leads signal,0.21258399511301151,-0.04031765424557121,0.28894318875992675,0.21686010995723892,-0.04031765424557121,0.4337263286499693,-0.1698228466707391,0.17348808796579107,0.4337263286499693,-0.05986560781918138,0.30726939523518637,0.4337263286499693,True,False,,,,,,,,,,,,Q1 weak
Weekly,UVXY,2022-09-30,early_rising_blue,3,0.11200884223362056,0.041582742353171484,2.4613324564754215,0.07394476258198607,-0.12799566629368506,False,MACD leads signal,-0.010894941634241206,0.13073929961089492,0.0,0.022568093385213928,0.13073929961089492,0.06887159533073928,-0.21945525291828794,0.23035019455252914,0.06887159533073928,-0.3976653696498055,0.4038910505836576,0.06887159533073928,True,False,,,,,,,,,,,,Q3
Weekly,UVXY,2023-03-03,early_rising_blue,3,0.08774085838826193,0.030289929525535775,1.916892994502737,-0.14641385484660963,-0.289364091896555,False,MACD leads signal,0.3179824561403508,0.046052631578947345,0.4978070175438596,0.4078947368421053,0.046052631578947345,0.5986842105263157,0.019736842105263053,0.046052631578947345,0.5986842105263157,-0.2192982456140351,0.2214912280701754,0.5986842105263157,True,False,,,,,,,,,,,,Q3
Weekly,UVXY,2023-07-28,early_rising_blue,3,0.0616668988793487,0.021020938359992636,0.785787943392345,-0.2989634003169965,-0.39422383786539184,False,MACD leads signal,0.193188854489164,0.018575851393188847,0.22848297213622293,0.057585139318885536,0.018575851393188847,0.28606811145510846,0.07739938080495357,0.018575851393188847,0.2941176470588236,-0.02043343653250773,0.2074303405572755,0.2941176470588236,True,False,,,,,,,,,,,,Q1 weak
Weekly,UVXY,2024-03-01,early_rising_blue,3,0.03190349077215199,0.010693797290582091,0.5194987867588193,-0.23792159087088388,-0.28416576571350477,False,MACD leads signal,0.09601181683899562,0.011816838995568735,0.15066469719350084,0.0620384047267355,0.025110782865583436,0.15066469719350084,-0.06646971935007384,0.09896602658788778,0.15066469719350084,-0.03426883308714923,0.09896602658788778,0.22357459379615952,True,False,,,,,,,,,,,,Q1 weak
Weekly,UVXY,2024-08-09,early_rising_blue,3,0.22087408751138787,0.06579907423433415,3.085751354501139,0.3661814334299487,0.035905436548032535,True,MACD leads signal,-0.2579365079365079,0.2738095238095237,0.030423280423280685,-0.24371693121693117,0.28968253968253954,0.030423280423280685,0.003968253968254176,0.28968253968253954,0.06415013227513233,-0.09193121693121675,0.28968253968253954,0.06415013227513233,True,False,,,,,,,,,,,,Q4 steep
Weekly,UVXY,2025-01-31,early_rising_blue,3,0.02611566068579651,0.011644822445724921,0.3668938906265565,0.020578851923540826,-0.029864897249779664,False,MACD leads signal,-0.00929272070211662,0.06917914300464623,0.1357769747031492,-0.07743933918430568,0.08156943727413513,0.1357769747031492,0.03820340733092409,0.10867320598864216,0.1357769747031492,0.20650490449148173,0.10867320598864216,0.5585957666494579,True,False,,,,,,,,,,,,Q1 weak
Weekly,UVXY,2025-10-31,early_rising_blue,3,0.13688422482319756,0.0429528889502796,2.5206530965339438,-0.4193875520744498,-0.6306896876403522,False,MACD leads signal,0.03393025447690867,0.03393025447690856,0.13760603204524036,0.020735155513666337,0.06691800188501407,0.13760603204524036,-0.10292177191328922,0.10292177191328922,0.29078793590951935,-0.3070688030160226,0.31140433553251645,0.29078793590951935,True,False,,,,,,,,,,,,Q3
Weekly,UVXY,2026-02-20,early_rising_blue,3,0.11806830936201261,0.03982916947206133,1.5713327595450826,0.11900228738282595,-0.07470991292913551,False,MACD leads signal,0.0280010370754471,0.05781695618356231,0.07635467980295574,0.4023852735286493,0.05781695618356231,0.40653357531760426,0.402644542390459,0.05781695618356231,0.5024630541871922,-0.010889292196007316,0.05781695618356231,0.6212081928960331,True,False,,,,,,,,,,,,Q2
Weekly,UVXY,2022-01-14,bearish_crossover,6,0.1026391429278654,0.031803088304207625,1.9445255776540826,0.05278738309216899,0.0706955691992129,True,MACD leads signal,0.40065146579804556,-0.04723941368078188,0.4047231270358307,0.3802931596091206,-0.04723941368078188,0.8232899022801303,0.35667752442996736,-0.0024429967426709,0.8232899022801303,0.6221498371335505,-0.0024429967426709,0.9112459283387622,False,True,-0.08977310888680157,-0.0044770465267609805,,,,,,,,,,Q3
Weekly,UVXY,2022-04-08,bearish_crossover,8,0.031641880337030616,0.013022146479932769,0.9203409604064108,0.0952550022117496,0.14038513944632502,True,MACD leads signal,0.018320610687022842,0.06106870229007633,0.1083893129770992,0.17480916030534344,0.13435114503816792,0.1885496183206108,0.3267175572519083,0.13435114503816792,0.5083969465648854,0.027480916030534264,0.13435114503816792,0.5083969465648854,False,True,-0.06717452480543898,-0.011282534308643871,,,,,,,,,,Q1 weak
Weekly,UVXY,2022-07-08,bearish_crossover,6,0.011710784392320003,0.0035488836333974045,0.4291510807664794,0.03025285052685516,0.034707661975158684,True,MACD leads signal,-0.04234026173979988,0.04541955350269433,0.1054657428791379,-0.10007698229407236,0.10623556581986138,0.1054657428791379,-0.23941493456505003,0.2424942263279446,0.1054657428791379,-0.20862201693610471,0.3294842186297152,0.1054657428791379,False,True,-0.020362681542478757,-0.001113702862075877,,,,,,,,,,Q1 weak
Weekly,UVXY,2022-11-18,bearish_crossover,9,0.10517872034392435,0.04705217485995854,2.081067516211571,0.10654608259579212,0.17119232671605367,True,MACD leads signal,-0.11340206185567014,0.12256586483390608,0.004581901489117968,-0.18442153493699887,0.18671248568155785,0.004581901489117968,-0.13172966781214202,0.21878579610538373,0.004581901489117968,-0.38258877434135163,0.3928980526918672,0.004581901489117968,False,True,-0.12580201440338118,-0.016161561030065358,,,,,,,,,,Q3
Weekly,UVXY,2023-04-28,bearish_crossover,10,0.10288764834922438,0.044236933207707795,1.6735927523237135,0.030344823092028766,0.08823710335117364,True,MACD leads signal,0.030898876404494402,0.061797752808988804,0.2106741573033708,-0.022471910112359605,0.061797752808988804,0.2106741573033708,-0.1039325842696629,0.1432584269662921,0.2106741573033708,-0.4283707865168539,0.4466292134831461,0.2106741573033708,False,True,-0.1252571827887852,-0.014473070064786209,,,,,,,,,,Q2
Weekly,UVXY,2023-11-24,bearish_crossover,19,0.08552312003201583,0.03870720216523115,1.4716209082255862,0.2364072038232496,0.27067950008702446,True,MACD leads signal,-0.01783944499504464,0.0354509415262636,0.02279484638255691,-0.05748265609514369,0.06045589692765119,0.03270564915758167,-0.07333994053518333,0.1625371655104063,0.03270564915758167,-0.21110009910802774,0.2547076313181368,0.03270564915758167,False,True,-0.0755376276980691,-0.008568074065943676,,,,,,,,,,Q2
Weekly,UVXY,2024-05-24,bearish_crossover,14,0.07421854487282983,0.03934904855953085,1.205586501639395,0.25011439950292047,0.2701178291317611,True,MACD and signal aligned,0.032826261008807034,0.01347477982385914,0.12209767814251404,-0.025220176140912764,0.03803042433947157,0.12209767814251404,-0.011609287429943937,0.06825460368294645,0.12209767814251404,0.01721377101681343,0.17734187349879904,0.12209767814251404,False,True,-0.09778496176637885,-0.00500085740721018,,,,,,,,,,Q1 weak
Weekly,UVXY,2024-09-20,bearish_crossover,8,0.18780070044043587,0.05818353540255247,2.826808144800283,0.35431435651346377,0.3572364489315527,True,MACD leads signal,0.09693877551020424,0.030187074829931992,0.09863945578231292,0.1675170068027212,0.030187074829931992,0.24744472789115646,0.10416666666666674,0.030187074829931992,0.3358843537414966,-0.060374149659863874,0.17091836734693877,0.3358843537414966,False,True,-0.09056959531484221,-0.0007305231045222071,,,,,,,,,,Q4 steep
Weekly,UVXY,2025-05-30,bearish_crossover,19,0.05693371503928766,0.02957144320911871,0.9132430336413039,0.34802411915726944,0.42216968629317997,True,MACD and signal aligned,-0.08587870739265169,0.09384683488269152,0.024347056219566232,0.027888446215139417,0.14563966356795044,0.05090748118636568,-0.16290393979637008,0.17485613103142983,0.05090748118636568,-0.31695440460380697,0.32049579459938027,0.05090748118636568,False,True,-0.09550840232499097,-0.01853639178397759,,,,,,,,,,Q1 weak
Weekly,UVXY,2026-01-02,bearish_crossover,11,0.12821811554443938,0.059826647472124926,1.8898938549277275,-0.07885561831236546,-0.07758266189260928,False,MACD leads signal,-0.020589076351158142,0.02916785816414058,0.029167858164140803,0.016299685444666867,0.02916785816414058,0.09837003145553336,0.06462682299113531,0.02916785816414058,0.21532456391192456,0.13382899628252787,0.02916785816414058,0.21818415784958534,False,True,-0.09624559896211171,-0.0003182391049390554,,,,,,,,,,Q3
3-day,AMD,2021-06-07,early_rising_blue,3,0.07845862869733652,0.025051569418094208,1.4582623144852633,0.041511164104805556,-0.08346583254333481,False,MACD leads signal,0.0025814382298710026,0.02028272894898575,0.015918869084204035,,,,,,,,,,True,False,,,-0.015242778119237799,0.02937922556853101,0.015918869084204035,0.027412415488629494,0.02937922556853101,0.05433312845728344,0.11296865396435174,0.02937922556853101,0.17320221266133995,Q2
3-day,AMD,2021-10-20,early_rising_blue,3,0.07520849436693268,0.021728924514126502,2.381710766513663,0.034051010876401416,-0.08202390075219385,False,MACD leads signal,0.029469885729014544,0.0011169344445398632,0.0444196236790102,,,,,,,,,,True,False,,,0.03299252513102502,0.0011169344445398632,0.10043818197439647,0.18137297018644216,0.0011169344445398632,0.19426067531574875,0.3352521694303634,0.0011169344445398632,0.3651516453303547,Q3
3-day,AMD,2022-01-12,early_rising_blue,3,0.022244141232525105,0.010946873725446116,0.6639534782889405,-0.28984774070784375,-0.3363425125696837,False,MACD leads signal,-0.0042918454935622075,0.04393685895104382,0.02749690841638186,,,,,,,,,,True,False,,,-0.13573870662690035,0.13879391867316504,0.02749690841638186,-0.2536553429839238,0.25845639048519675,0.02749690841638186,-0.17669309667563826,0.2772968647704954,0.02749690841638186,Q1 weak
3-day,AMD,2022-02-18,early_rising_blue,3,0.014968667127025465,0.0047272077070962815,0.44504424116268554,-0.35203656366831193,-0.37492369556847915,False,MACD leads signal,-0.03575507335500305,0.04208029517701828,0.047175612755864016,,,,,,,,,,True,False,,,0.0,0.08407274005095311,0.09470262672406227,-0.09558112975489763,0.09672318369498378,0.09470262672406227,0.008345778792936853,0.12079416673987531,0.09470262672406227,Q1 weak
3-day,AMD,2022-03-28,early_rising_blue,3,0.06325041531172489,0.022247182373974633,1.8291812749913896,-0.17948574734276798,-0.28996772280187083,False,MACD leads signal,-0.09065202927478366,0.09331337325349298,0.045159680638722666,,,,,,,,,,True,False,,,-0.1378077178975382,0.15410345974717232,0.045159680638722666,-0.20908183632734534,0.21324018629407848,0.045159680638722666,-0.2938290086493679,0.30123087159015305,0.045159680638722666,Q3
3-day,AMD,2022-05-13,early_rising_blue,3,0.10970050563354972,0.04656632492643269,3.0426773937307057,-0.02991080126478146,-0.246291375699522,False,MACD leads signal,0.012195121951219523,0.021445542472666168,0.09566862910008411,,,,,,,,,,True,False,,,-0.04163162321278391,0.0721194280908326,0.09566862910008411,0.1416105971404542,0.0721194280908326,0.1511774600504625,-0.14245164003364186,0.16494953742640872,0.15191337258200166,Q4 steep
3-day,AMD,2022-07-26,early_rising_blue,3,0.11501480022080585,0.03745132579033129,2.239394535902965,0.15497802540974767,-0.02720656312238418,False,MACD leads signal,0.1081524926686217,-0.012199413489736077,0.11214076246334304,,,,,,,,,,True,False,,,0.2188856304985336,-0.012199413489736077,0.2268621700879765,0.16187683284457477,-0.012199413489736077,0.2268621700879765,0.13994134897360722,-0.012199413489736077,0.2268621700879765,Q3
3-day,AMD,2022-11-04,early_rising_blue,3,0.09033114392729585,0.034972028258856674,2.0393649815427928,-0.2504122033734871,-0.41847451486432025,False,MACD leads signal,0.02669239427560699,0.012703006914294934,0.04454092297797074,,,,,,,,,,True,False,,,0.1823444283646889,0.03843061585463903,0.2100016079755589,0.18298761858819734,0.03843061585463903,0.2728734523235248,0.1837916063675833,0.03843061585463903,0.27399903521466484,Q3
3-day,AMD,2023-02-03,early_rising_blue,3,0.08031774381642903,0.023222804229514442,1.7821905468506425,0.15978722375913648,0.03643215381470468,True,MACD leads signal,-0.02799395980950159,0.033290742246486205,0.0022069926820769137,,,,,,,,,,True,False,,,-0.0535486119177605,0.06528052038564303,0.022186084330351852,-0.08816354977349294,0.10128934835637127,0.022186084330351852,-0.05308398187942864,0.11813102567080958,0.022186084330351852,Q3
3-day,AMD,2023-03-23,early_rising_blue,3,0.04050374946975063,0.01331170624571898,0.7855811102781605,0.4631496233816501,0.3957464044691923,True,MACD leads signal,-0.023234942161946548,0.03530115676106904,-0.007578779417630632,,,,,,,,,,True,False,,,-0.022636617471080922,0.07389309932189869,-0.007479058635819658,-0.0778819305943359,0.09633027522935778,-0.007479058635819658,-0.11816912644595123,0.12190865576386112,-0.007479058635819658,Q1 weak
3-day,AMD,2023-05-22,early_rising_blue,3,0.11010667808536434,0.03899282173830836,2.1489986457104937,0.06828125544342958,-0.12314914511004572,False,MACD leads signal,0.11435185185185182,0.0218518518518519,0.11749999999999994,,,,,,,,,,True,False,,,0.09453703703703709,0.0218518518518519,0.2110185185185185,0.15027777777777773,0.0218518518518519,0.2110185185185185,0.03805555555555551,0.0218518518518519,0.22990740740740745,Q3
3-day,AMD,2023-07-27,early_rising_blue,3,0.018146945333764028,0.007305137240359735,0.42024355721147266,-0.1627150448405718,-0.19501195532151017,False,MACD leads signal,0.016741674167416676,-0.012061206120612011,0.03384338433843381,,,,,,,,,,True,False,,,0.04248424842484244,0.03348334833483346,0.07560756075607555,-0.03177317731773177,0.04158415841584151,0.07560756075607555,-0.07965796579657958,0.10369036903690365,0.07560756075607555,Q1 weak
3-day,AMD,2023-11-15,early_rising_blue,3,0.12993829516875088,0.04282007135412429,10.022205483598945,0.026313171262819707,-0.19070777771541167,False,MACD leads signal,0.022203389830508513,0.013474576271186423,0.029576271186440684,,,,,,,,,,True,False,,,0.03652542372881351,0.013474576271186423,0.05730762711864412,0.026779661016949063,0.013474576271186423,0.06546610169491518,0.17923728813559325,0.013813559322033875,0.2018644067796609,Q4 steep
3-day,AMD,2024-03-08,early_rising_blue,3,0.08019824932702738,0.025127760714754376,2.2319159322979276,0.09612380506058232,-0.032619198962440955,False,MACD leads signal,-0.04339649934905254,0.0515405757268913,-0.01851583972226234,,,,,,,,,,True,False,,,-0.07874053715222518,0.11263802497709618,-0.01851583972226234,-0.13375765466030176,0.16100101258498478,-0.01851583972226234,-0.17826317565938565,0.20160084864265382,-0.01851583972226234,Q3
3-day,AMD,2024-05-28,early_rising_blue,3,0.04407189275516535,0.015697884577183685,1.5656230489355054,-0.36093085023623755,-0.43905827315284834,False,MACD leads signal,-0.027445953033040094,0.06724549851407269,-0.012295320785502106,,,,,,,,,,True,False,,,-0.028145212982926493,0.07422119923081416,-0.003088398111998125,-0.06625488025173365,0.08560107219858992,-0.003088398111998125,-0.07074179826350457,0.1064623273701999,-0.003088398111998125,Q2
3-day,AMD,2024-08-26,early_rising_blue,3,0.15141562075812148,0.05156571117642453,4.841984692552069,0.06716795574941739,-0.18209486922048412,False,MACD leads signal,-0.0300020001333422,0.03680245349689981,0.011400760050669811,,,,,,,,,,True,False,,,-0.06080405360357355,0.09260617374491642,0.011400760050669811,-0.04766984465631041,0.11920728048536577,0.011400760050669811,0.08020534702313498,0.11920728048536577,0.08640576038402537,Q4 steep
3-day,AMD,2024-10-04,early_rising_blue,3,0.029690720491890296,0.009472075896173188,1.0121199653914157,0.17945590485193966,0.13053387799369195,True,MACD leads signal,0.0004095962551198262,0.015740198946752493,0.00883557636044463,,,,,,,,,,True,False,,,-0.01761263897015808,0.052077238150965544,0.018431831480397953,-0.08736102984201288,0.09352896430661217,0.018431831480397953,-0.1699239321240491,0.17308367466354602,0.018431831480397953,Q1 weak
3-day,AMD,2025-01-08,early_rising_blue,3,0.06491926175165119,0.023545097945152665,1.6803246220270502,-0.31203739490028637,-0.4245708528075452,False,MACD leads signal,-0.047603414313854175,0.06065249507550885,-0.025689428759028354,,,,,,,,,,True,False,,,-0.003118844386080233,0.060981615233092645,0.0073867367038737974,0.00820748522652659,0.060981615233092645,0.03127051871306641,-0.09323703217334212,0.12590282337491798,0.03127051871306641,Q2
3-day,AMD,2025-03-27,early_rising_blue,3,0.11026546124188458,0.0381691558450557,3.0959142947434053,0.15728826860679979,-0.026833511546142795,False,MACD leads signal,-0.03216127519924994,0.03909985935302396,-0.001312705110173451,,,,,,,,,,True,False,,,-0.19587435536802622,0.21547116736990157,-0.001312705110173451,-0.12423816221284578,0.28288795124238164,-0.001312705110173451,-0.09929676511954999,0.28288795124238164,-0.001312705110173451,Q4 steep
3-day,AMD,2025-05-02,early_rising_blue,3,0.01768917263739389,0.005095392115515504,0.5726038300903955,0.18388562127203928,0.1565534144704473,True,MACD leads signal,0.018117408906882737,0.0004048582995950234,0.03289473684210531,,,,,,,,,,True,False,,,0.04089068825910935,0.019433198380566785,0.06720647773279342,0.18593117408906878,0.019433198380566785,0.24008097165991904,0.2002024291497977,0.019433198380566785,0.24008097165991904,Q1 weak
3-day,AMD,2025-10-08,early_rising_blue,3,0.05519519438357168,0.018404656938717567,1.4244807615533996,-0.20157083594387026,-0.2964973936988511,False,MACD leads signal,-0.08770589234165393,0.09492231278655128,0.019273221259976214,,,,,,,,,,True,False,,,-0.010528103243334974,0.09492231278655128,0.023942944472745697,-0.0024197656647987342,0.09492231278655128,0.031074885379521078,-0.008575309899813255,0.09492231278655128,0.13380837154015968,Q2
3-day,AMD,2025-12-31,early_rising_blue,3,0.020357374118845264,0.006038564459996093,0.43150906274098916,-0.23773936422681527,-0.26862970602481434,False,MACD leads signal,0.04347217033993278,-0.022109637654090353,0.060655584609637714,,,,,,,,,,True,False,,,-0.05131677250653721,0.051783713111692165,0.09273440418378787,0.0642510272693313,0.06705267090026146,0.11295293238700044,0.10538849458348887,0.06705267090026146,0.24654463952185268,Q1 weak
3-day,AMD,2026-04-06,early_rising_blue,3,0.06122246544851814,0.017848948564414546,1.6763599163549985,-0.20711455714525268,-0.3017573306382685,False,MACD leads signal,0.07475701698610226,0.021823053865019593,0.07684621673176495,,,,,,,,,,True,False,,,0.17231356163139244,0.021823053865019593,0.1725860659460441,0.2920792079207921,0.021823053865019593,0.30624943228267787,0.9138432191843036,0.021823053865019593,0.9556726314833319,Q2
3-day,AMD,2021-07-16,bearish_crossover,15,0.06389168484410233,0.03068942600162314,2.087898600310907,0.3041494948059366,0.3314173524417782,True,MACD leads signal,0.008033531260914994,0.019210618232623156,0.015594364885318512,,,,,,,,,,False,True,-0.07437557072088197,-0.0068169644089603465,0.07288392129467924,0.019210618232623156,0.07544533705902912,0.2363488182559086,0.019210618232623156,0.2454302014204215,0.2871114215857491,0.019210618232623156,0.4261264407963674,Q3
3-day,AMD,2021-12-01,bearish_crossover,16,0.07002907269818767,0.036242933918937514,2.4929253147823642,0.33906009446615953,0.43368218035008,True,MACD and signal aligned,-0.03420293742874403,0.05626718529944341,0.022936087452216425,,,,,,,,,,False,True,-0.12286643607164699,-0.0236555214709801,-0.07082019985245791,0.09999329354168085,0.022936087452216425,-0.07021661860371553,0.12413654349138237,0.022936087452216425,-0.03494064784387374,0.12413654349138237,0.05110321239353488,Q4 steep
3-day,AMD,2022-01-27,bearish_crossover,7,0.027242888193522927,0.009968940801860407,0.8850061702937171,-0.33995488993173784,-0.310780420971861,False,MACD leads signal,0.025730994152046716,0.031676413255360636,0.02729044834308003,,,,,,,,,,False,True,-0.043989410719961486,-0.007293617239969241,0.20467836257309946,0.031676413255360636,0.26764132553606257,0.1031189083820665,0.031676413255360636,0.2959064327485381,0.17992202729044848,0.031676413255360636,0.2959064327485381,Q1 weak
3-day,AMD,2022-03-11,bearish_crossover,9,0.015342787979429309,0.006565473378714485,0.4355716960400716,-0.3571820025721829,-0.3364422960460963,False,MACD leads signal,0.10624220922427852,0.031163102886182736,0.10672164157637343,,,,,,,,,,False,True,-0.03055816577246373,-0.005184926631521702,0.10058490746955595,0.031163102886182736,0.13098091859238647,0.15293892031834289,0.031163102886182736,0.16406175088694974,-0.08811966631508306,0.09291398983603427,0.20500527375587296,Q1 weak
3-day,AMD,2022-04-14,bearish_crossover,8,0.05359737651577958,0.024453001254487322,1.69252828377847,-0.17899857047742565,-0.16016813969464302,False,MACD leads signal,0.008918977004083395,0.015258972705781249,0.022566086395873652,,,,,,,,,,False,True,-0.06149781602850543,-0.00470760769569567,-0.05286911669890393,0.055071996561358305,0.05211691381904138,-0.081022995916613,0.0971416290565228,0.05211691381904138,0.022136256178809433,0.10520094562647764,0.07124435847840105,Q3
3-day,AMD,2022-06-23,bearish_crossover,13,0.11197824850127716,0.051370305947649866,3.2452058798343995,0.1946180142618807,0.2579559219528288,True,MACD leads signal,0.05641150066723277,-0.007886691738444584,0.06187067815115843,,,,,,,,,,False,True,-0.0932121567835753,-0.015834476922736984,-0.10627198835375473,0.11816086376319312,0.07024141695984465,-0.03736503700109195,0.13138420477981327,0.07024141695984465,0.06878563629746437,0.13138420477981327,0.11100327550649025,Q4 steep
3-day,AMD,2022-08-25,bearish_crossover,12,0.09647694039842913,0.04360293695493328,1.6553142146257693,0.3044137639726298,0.3291089353652189,True,MACD leads signal,-0.06174109899156199,0.06235850998147774,0.004320847911092773,,,,,,,,,,False,True,-0.04178139755900695,-0.00617379284814723,-0.17431570281951025,0.19201481786375807,0.004320847911092773,-0.1207038485285038,0.2000411607326612,0.004320847911092773,-0.3006791520889073,0.31239349660423954,0.004320847911092773,Q2
3-day,AMD,2022-12-16,bearish_crossover,16,0.11225601620513269,0.062401592397454075,2.4090710677844256,0.37478214666480564,0.40062119671002244,True,MACD and signal aligned,-0.005503745604647614,0.028894664424399807,0.009937318452835964,,,,,,,,,,False,True,-0.05675255186353839,-0.006459762511304146,-0.009020027518728102,0.05274422871120621,0.037226723742546985,-0.011466136676349215,0.05274422871120621,0.037226723742546985,0.07124292921571618,0.08194465678030882,0.11267390307292469,Q4 steep
3-day,AMD,2023-03-03,bearish_crossover,12,0.07728086074898499,0.03762841944890687,1.5638638081082454,0.36389542490504484,0.38247802744531556,True,MACD leads signal,0.04722767419038276,0.010488223748773229,0.052134445534838036,,,,,,,,,,False,True,-0.0340348130872426,-0.004645650635067611,0.07274288518155059,0.0368621197252208,0.08316977428851824,0.1875613346418057,0.0368621197252208,0.21135917566241424,0.17603042198233565,0.0368621197252208,0.2565014720314034,Q2
3-day,AMD,2023-04-04,bearish_crossover,6,0.03403474482370111,0.012132119647838613,0.6601130259954081,0.3997755261708498,0.4253310972242008,True,MACD leads signal,-0.03546469177010536,0.054761656409721526,-0.01429018462501308,,,,,,,,,,False,True,-0.05004548576482398,-0.006388892763337706,-0.03942839261499953,0.054761656409721526,0.002086158339417832,-0.061854594763742665,0.07979555648273706,0.002086158339417832,-0.09658913111505163,0.15489725670178378,0.002086158339417832,Q1 weak
3-day,AMD,2023-06-16,bearish_crossover,11,0.10930541397237155,0.04576775146814581,2.4729751895413212,0.1450564445800991,0.18534835785649384,True,MACD leads signal,-0.06637241838774155,0.07003664223850758,0.01390739506995331,,,,,,,,,,False,True,-0.052586557867378675,-0.010072978319098674,-0.08069620253164556,0.10826115922718194,0.01390739506995331,-0.0354763491005996,0.10826115922718194,0.01390739506995331,-0.017904730179880035,0.10826115922718194,0.016988674217188526,Q4 steep
3-day,AMD,2023-08-25,bearish_crossover,12,0.01718845385252618,0.0073329829122714225,0.4417811016180825,-0.14562873155474537,-0.13664515842734418,False,MACD leads signal,0.03589242053789743,0.013257701711491432,0.04224938875305617,,,,,,,,,,False,True,-0.01291919059594307,-0.002245893281850292,0.04244498777506123,0.013257701711491432,0.09359413202933986,0.05339853300733499,0.013257701711491432,0.09359413202933986,0.0049877750611246885,0.07618581907090471,0.09359413202933986,Q1 weak
3-day,AMD,2024-01-05,bearish_crossover,19,0.09534311964058881,0.05233602052925219,6.70412055448314,0.5846750851540302,0.6546271108940869,True,MACD and signal aligned,0.054841968538028585,-0.01132919613219796,0.061841535575118955,,,,,,,,,,False,True,-0.13627620495586834,-0.017488006435014247,0.0575840669649299,-0.01132919613219796,0.08875739644970393,0.2572521287343048,-0.01132919613219796,0.2573964497041419,0.2820031750613363,-0.01132919613219796,0.3343916871121373,Q4 steep
3-day,AMD,2024-03-20,bearish_crossover,6,0.06212513957952469,0.02214978940457952,1.4034747536214363,-0.05737364664935331,0.008335784479841363,False,MACD leads signal,-0.0004451121126132218,0.02603905858788169,0.04428865520502989,,,,,,,,,,False,True,-0.09359650466562675,-0.016427357782298667,0.0042285650698270505,0.04300895788126624,0.04428865520502989,-0.07733822956657199,0.07833973181995202,0.04428865520502989,-0.18410949757970296,0.19162076448005338,0.04428865520502989,Q2
3-day,AMD,2024-07-26,bearish_crossover,22,0.043857657460702526,0.025820771035362757,1.6074290122060724,-0.03945237834054453,0.03699172451602968,False,MACD and signal aligned,-0.011072219444246079,0.042431602257304024,0.032823773126651856,,,,,,,,,,False,True,-0.09749586801157252,-0.019111025714143554,-0.03693120937209815,0.12975926851917996,0.0972426601900136,-0.040860061432959505,0.12975926851917996,0.0972426601900136,0.07143367383384525,0.12975926851917996,0.1575112508036287,Q2
3-day,AMD,2024-09-16,bearish_crossover,9,0.12754922868082938,0.05300824852559349,4.169538312416752,0.12337597006833101,0.12412144413429736,True,MACD leads signal,0.03064176749079439,0.026762230405050103,0.04714623882167279,,,,,,,,,,False,True,-0.045994158099489535,-0.00018636851649157793,0.06536033666491314,0.026762230405050103,0.0714755391898998,0.05043398211467642,0.026762230405050103,0.1094726459758022,0.02663072067332961,0.026762230405050103,0.1444634402945817,Q4 steep
3-day,AMD,2024-10-25,bearish_crossover,9,0.029868715883319533,0.013501644199233368,0.902441390494268,0.17306381055425485,0.2088655393393764,True,MACD leads signal,0.023619023234974,-0.00521666773346996,0.025923318184727817,,,,,,,,,,False,True,-0.04573062717494364,-0.008950432196280361,-0.0919797734109965,0.09543621583562689,0.0722006016770147,-0.0529987838443321,0.10567752672342057,0.0722006016770147,-0.11444664917109393,0.14453049990398759,0.0722006016770147,Q1 weak
3-day,AMD,2025-02-28,bearish_crossover,18,0.0515506665881709,0.028111868049149336,1.497452682580857,0.004627339820067619,0.008175599331457822,True,MACD and signal aligned,-0.016322851992789822,0.027738834368115306,0.024834768676146535,,,,,,,,,,False,True,-0.03827847634658506,-0.0008870648778475498,0.004506308832365358,0.03975565792108948,0.03324654516322867,0.011115561786501083,0.051371920688964456,0.03324654516322867,0.03364710594832765,0.051371920688964456,0.16062387342279183,Q2
3-day,AMD,2025-04-23,bearish_crossover,10,0.09462625434158259,0.03481418757652839,2.73931824650887,0.14190739491381626,0.14582646879995748,True,MACD leads signal,0.06920013275804848,0.0002212634140944525,0.07423387542869775,,,,,,,,,,True,False,-0.005618425236987967,-0.0009797684715353028,0.09304126562672854,0.0002212634140944525,0.10742338754286962,0.12512446067042826,0.0002212634140944525,0.16650071910609587,0.22037836043810155,0.0002212634140944525,0.3554596747427812,Q4 steep
3-day,AMD,2025-07-10,bearish_crossover,24,0.03941940595068583,0.023867609130784572,1.451094218589858,0.736173764631122,0.7556559659154162,True,MACD and signal aligned,0.015677025527191857,0.017758046614872347,0.022475027746947873,,,,,,,,,,False,True,-0.05876456160732002,-0.004870550321073419,0.08899833518313005,0.017758046614872347,0.1234739178690345,0.15475860155382914,0.017758046614872347,0.15964900110987812,0.19839067702552726,0.017758046614872347,0.26595449500554946,Q2
3-day,AMD,2025-11-13,bearish_crossover,14,0.06682939583230783,0.03941905220513724,1.4023951301146267,0.1623225834137381,0.19797904442331837,True,MACD and signal aligned,-0.004637844813679681,0.051943861913211764,0.02210033876431683,,,,,,,,,,False,True,-0.08104387919432762,-0.008914115252395077,-0.17817389901597036,0.2135828359412809,0.02210033876431683,-0.12272140667849651,0.21650669462816585,0.02210033876431683,-0.14994353928052917,0.21650669462816585,0.02210033876431683,Q2
3-day,AMD,2026-02-13,bearish_crossover,17,0.03749666735669418,0.02104750171922655,1.2421644247713302,0.027399984599969285,0.08320968776682026,True,MACD and signal aligned,-0.020451475979162526,0.06024503183484464,-0.009743391857997219,,,,,,,,,,False,True,-0.0759550580544695,-0.013952425791712741,-0.05170750530580748,0.06352498552961594,-0.009743391857997219,-0.03429480995562406,0.06352498552961594,0.04529230175574006,-0.05180397453212415,0.0921281111325487,0.04529230175574006,Q1 weak
3-day,AMD,2026-05-22,bearish_crossover,18,0.10278885028677384,0.05466853247865383,2.311668978534581,0.6668900540768424,0.7089154920060994,True,MACD and signal aligned,0.05995593677140598,-0.02720797416098053,0.09133494470706505,,,,,,,,,,False,True,-0.06360290459514262,-0.010506359482314265,0.11556972043378755,-0.02720797416098053,0.12767619943958408,0.04881179012213632,0.007614810378387626,0.16883061324891457,0.11195482449573269,0.06476866804988124,0.2042307116425317,Q4 steep
3-day,APLD,2022-06-02,early_rising_blue,3,0.14558449395388387,0.04746358584688026,3.5906093717856673,-0.10714094015819647,-0.3425184968979623,False,MACD leads signal,-0.09375,0.12499999999999989,0.014583333333333393,,,,,,,,,,True,False,,,-0.4291666666666666,0.44791666666666663,0.014583333333333393,-0.7749999999999999,0.8020833333333334,0.014583333333333393,-0.7875,0.8083333333333333,0.014583333333333393,Q4 steep
3-day,APLD,2022-07-29,early_rising_blue,3,0.15732084245732408,0.06855229602529098,3.513827989840107,0.20418195124870941,-0.10552950755398663,False,MACD leads signal,0.061320754716981174,0.07547169811320764,0.09433962264150941,,,,,,,,,,True,False,,,-0.0424528301886794,0.10377358490566047,0.1839622641509433,0.028301886792452935,0.10377358490566047,0.1839622641509433,-0.028301886792452824,0.16273584905660388,0.1839622641509433,Q4 steep
3-day,APLD,2022-09-23,early_rising_blue,3,0.054887092240427045,0.021538857425223407,0.9076174296079116,0.18532117077923077,0.08769812936520786,True,MACD leads signal,0.08805031446540879,0.02515723270440251,0.10691823899371067,,,,,,,,,,True,False,,,0.08805031446540879,0.037735849056603765,0.1383647798742138,-0.02515723270440251,0.05660377358490576,0.1383647798742138,0.3018867924528301,0.05660377358490576,0.38050314465408785,Q1 weak
3-day,APLD,2022-11-08,early_rising_blue,3,0.02199487298708258,0.0059202686803287025,0.6238060746229489,0.22848714982528798,0.19287910871082284,True,MACD leads signal,-0.008474576271186418,0.1694915254237288,0.01271186440677985,,,,,,,,,,True,False,,,0.029661016949152685,0.1694915254237288,0.05932203389830515,-0.05084745762711851,0.1694915254237288,0.05932203389830515,-0.30508474576271183,0.32203389830508466,0.05932203389830515,Q1 weak
3-day,APLD,2023-01-20,early_rising_blue,3,0.12296831515455936,0.03609060389338288,3.1394668068728824,0.09106444419488932,-0.09616027264683982,False,MACD leads signal,0.03333333333333344,0.05208333333333337,0.062458333333333504,,,,,,,,,,True,False,,,0.29166666666666674,0.05208333333333337,0.48750000000000004,0.33750000000000013,0.05208333333333337,0.5562499999999999,0.19583333333333353,0.05208333333333337,0.5562499999999999,Q4 steep
3-day,APLD,2023-04-14,early_rising_blue,3,0.12167173565765407,0.04160918148555365,1.7589074095168753,-0.09245194857397576,-0.3019615488878812,False,MACD leads signal,-0.021216407355021283,0.04667609618104673,0.07355021216407343,,,,,,,,,,True,False,,,-0.13437057991513435,0.18811881188118817,0.07355021216407343,-0.12305516265912309,0.18811881188118817,0.07355021216407343,0.7284299858557284,0.18811881188118817,0.768033946251768,Q3
3-day,APLD,2023-10-06,early_rising_blue,3,0.02553866903592919,0.008985629964750608,1.4955899591911532,-0.22766449902758795,-0.2700158048004168,False,MACD leads signal,0.04738878143133474,0.1441005802707931,0.19806576402321086,,,,,,,,,,True,False,,,0.061895551257253434,0.1441005802707931,0.19806576402321086,-0.09284332688588004,0.1441005802707931,0.19806576402321086,0.03675048355899424,0.1441005802707931,0.19806576402321086,Q2
3-day,APLD,2023-11-30,early_rising_blue,3,0.07256334347654667,0.02181307708714933,3.820653087971769,-0.2851458589468746,-0.39807936916993486,False,MACD leads signal,0.11134903640256977,0.00985010706638123,0.12740899357601698,,,,,,,,,,True,False,,,0.4089935760171306,0.00985010706638123,0.41541755888650966,0.3940042826552461,0.00985010706638123,0.47537473233404715,0.44325481798715205,0.00985010706638123,0.6231263383297645,Q4 steep
3-day,APLD,2024-03-28,early_rising_blue,3,0.03357643517478412,0.01331692225628009,0.9541587786225705,-0.32076747941499656,-0.38200082537431324,False,MACD leads signal,-0.03971962616822433,0.05957943925233644,0.009345794392523477,,,,,,,,,,True,False,,,-0.30373831775700944,0.3130841121495328,0.009345794392523477,-0.3668224299065421,0.3808411214953271,0.009345794392523477,-0.3130841121495328,0.44859813084112155,0.009345794392523477,Q1 weak
3-day,APLD,2024-05-01,early_rising_blue,3,0.1353276217276749,0.03771023282495725,2.923148096328624,-0.16645804426706395,-0.3649728638019928,False,MACD leads signal,0.010000000000000009,0.026666666666666727,0.040000000000000036,,,,,,,,,,True,False,,,0.10333333333333328,0.026666666666666727,0.15000000000000013,0.21999999999999997,0.026666666666666727,0.31166666666666676,0.41000000000000014,0.026666666666666727,0.5666666666666667,Q4 steep
3-day,APLD,2024-09-13,early_rising_blue,3,0.07839055687632429,0.022099670609001837,1.4373116927455727,-0.14838732645370878,-0.2686713608199102,False,MACD leads signal,-0.03284072249589498,0.059113300492610765,-0.0037766830870278323,,,,,,,,,,True,False,,,-0.011494252873563315,0.09523809523809523,0.10016420361247946,0.3448275862068966,0.09523809523809523,0.44252873563218387,0.1954022988505748,0.09523809523809523,0.44252873563218387,Q2
3-day,APLD,2024-12-06,early_rising_blue,3,0.0922211196233848,0.038286616201790497,1.3736134598766039,0.23745060979412586,0.06181335909384898,True,MACD leads signal,-0.10777881911902532,0.12839737582005617,0.04498594189315841,,,,,,,,,,True,False,,,-0.1658856607310215,0.1968134957825679,0.04498594189315841,-0.24929709465791938,0.2680412371134021,0.04498594189315841,-0.14620431115276478,0.30552952202436734,0.04498594189315841,Q2
3-day,APLD,2025-01-23,early_rising_blue,3,0.05631524146293993,0.01897743533781794,1.1841220916001276,-0.04182749934024228,-0.13419231240871665,False,MACD leads signal,-0.033441208198489614,0.04207119741100307,0.02481121898597638,,,,,,,,,,True,False,,,-0.23193096008629988,0.3398058252427184,0.02481121898597638,-0.15965480043149938,0.3398058252427184,0.02481121898597638,0.1488673139158576,0.3398058252427184,0.3462783171521038,Q2
3-day,APLD,2025-05-05,early_rising_blue,3,0.07959582001984003,0.02161766851639657,1.9788472153754981,-0.2994344387828864,-0.41647443520067323,False,MACD leads signal,0.06382978723404253,0.03481624758220503,0.08986460348162484,,,,,,,,,,True,False,,,0.15667311411992269,0.03481624758220503,0.2147001934235977,0.3017408123791103,0.03481624758220503,0.3520309477756287,1.6808510638297873,0.03481624758220503,1.9825918762088977,Q3
3-day,APLD,2025-08-15,early_rising_blue,3,0.0690702984743784,0.02338033453889289,1.3776829151817405,0.23719961332710782,0.12619980113595702,True,MACD leads signal,0.15968772178850243,-0.04045422285308731,0.2008516678495389,,,,,,,,,,True,False,,,0.13910574875798454,0.004258339247693477,0.2008516678495389,0.13413768630234202,0.004258339247693477,0.249112845990064,0.32576295244854503,0.06600425833924772,0.3278921220723918,Q2
3-day,APLD,2025-10-20,early_rising_blue,3,0.03236947732143756,0.011745777091433159,0.7044086142685853,0.1892301979964235,0.13315414675301737,True,MACD leads signal,-0.07019498607242325,0.1895766016713092,-0.015041782729804942,,,,,,,,,,True,True,,,-0.041225626740946986,0.1895766016713092,0.03537604456824517,-0.13481894150417828,0.1895766016713092,0.03537604456824517,-0.35682451253481895,0.4275766016713092,0.03537604456824517,Q1 weak
3-day,APLD,2025-12-12,early_rising_blue,3,0.0686186872491169,0.024662481343935644,1.4001675674499965,-0.24032131382550886,-0.3568295844343581,False,MACD leads signal,-0.129935391241924,0.20495333811916727,0.0,,,,,,,,,,True,False,,,-0.002871500358937462,0.21284996410624546,0.05743000717875102,-0.1367552045944005,0.21284996410624546,0.05743000717875102,0.37150035893754496,0.21284996410624546,0.41798277099784653,Q2
3-day,APLD,2026-04-17,early_rising_blue,3,0.051768488570627685,0.013745776434369389,1.5226562624738593,-0.22193873073200826,-0.29910435888998743,False,MACD leads signal,-0.006660323501427201,0.039010466222645146,0.08341262289882634,,,,,,,,,,True,False,,,0.06787186806216305,0.039010466222645146,0.22232794164287983,0.06406596891849015,0.039010466222645146,0.22232794164287983,0.24135743736124327,0.039010466222645146,0.5156993339676497,Q2
3-day,APLD,2022-04-18,bearish_crossover,12,0.031010517062955344,0.016740821969343848,1.50597729001153,0.17097123719976082,0.19149286380980504,True,MACD and signal aligned,-0.08666666666666656,0.10222222222222221,0.06666666666666665,,,,,,,,,,False,True,-0.07927343740279585,-0.005130406652511049,-0.20444444444444443,0.2222222222222222,0.06666666666666665,-0.34444444444444444,0.3857777777777778,0.06666666666666665,-0.4355555555555556,0.6155555555555556,0.06666666666666665,Q2
3-day,APLD,2022-06-24,bearish_crossover,9,0.1338673849918066,0.05280011533723626,3.1707077197408675,0.026193920708759033,0.03789917947046754,True,MACD leads signal,-0.05982905982905973,0.0940170940170939,0.0,,,,,,,,,,False,True,-0.10573758146736764,-0.0029263146904271245,-0.12820512820512808,0.21367521367521358,0.0,-0.0940170940170939,0.21367521367521358,0.0,0.5897435897435899,0.27350427350427353,1.5213675213675217,Q4 steep
3-day,APLD,2022-08-19,bearish_crossover,9,0.14997150387654073,0.06396447131205943,2.1784685005467903,0.23394873233922425,0.24147951600444761,True,MACD leads signal,-0.040609137055837574,0.09898477157360408,-0.030456852791878153,,,,,,,,,,False,True,-0.07017747392093343,-0.0018826959163058543,0.045685279187817285,0.09898477157360408,0.07614213197969555,0.13705583756345185,0.09898477157360408,0.20812182741116758,0.09137055837563457,0.09898477157360408,0.20812182741116758,Q3
3-day,APLD,2022-10-14,bearish_crossover,9,0.0503915636498897,0.0191519264067778,0.9901147914597591,0.18424771384085217,0.18448350557782886,True,MACD leads signal,0.0932642487046631,-0.015544041450777257,0.13730569948186533,,,,,,,,,,False,True,-0.013767403512919746,-5.894793424418565e-05,0.07253886010362698,0.0,0.13730569948186533,0.15025906735751304,0.0,0.21243523316062163,0.21761658031088094,0.0,0.36010362694300513,Q1 weak
3-day,APLD,2022-12-08,bearish_crossover,12,0.043639650321470665,0.01970964701245925,1.2373248669983594,0.38381145022387525,0.4348048610531142,True,MACD leads signal,-0.030487804878048697,0.03353658536585358,0.030487804878048808,,,,,,,,,,False,True,-0.07544753637315921,-0.012748352707309674,-0.018292682926829174,0.09756097560975607,0.1340853658536587,0.1707317073170731,0.11585365853658536,0.1707317073170731,0.32317073170731714,0.11585365853658536,0.3445121951219514,Q1 weak
3-day,APLD,2023-02-21,bearish_crossover,12,0.11792713289074004,0.050690208967632856,2.903260640573742,0.36631677551415875,0.4061525185801396,True,MACD leads signal,-0.08710801393728218,0.10104529616724744,0.03135888501742157,,,,,,,,,,False,True,-0.07879668226800407,-0.009958935766495147,-0.08362369337979103,0.11846689895470397,0.03135888501742157,-0.21602787456445993,0.22125435540069693,0.03135888501742157,-0.2787456445993032,0.39372822299651566,0.03135888501742157,Q4 steep
3-day,APLD,2023-06-12,bearish_crossover,21,0.08733666321755054,0.043463738175463305,1.6724650453405252,0.3267941421183308,0.3610311948441094,True,MACD leads signal,0.08693149107656861,0.04778353483016706,0.10305123776626357,,,,,,,,,,False,True,-0.05693405499004983,-0.008559263181444565,0.05008635578583753,0.04778353483016706,0.20437535981577426,-0.15083477259643063,0.1629130685089234,0.33793897524467464,-0.08405296488198044,0.21704087507196324,0.33793897524467464,Q2
3-day,APLD,2023-08-17,bearish_crossover,5,0.03498662376933784,0.009029226209525287,1.3366845714462052,-0.145634516465503,-0.1324202584760457,False,MACD leads signal,-0.02280130293159599,0.03908794788273606,-0.002117263843648187,,,,,,,,,,False,True,-0.02577950234746018,-0.003303564497364353,-0.043973941368078084,0.11889250814332242,0.14657980456026065,-0.05863192182410415,0.11889250814332242,0.14657980456026065,-0.18729641693811072,0.21498371335504873,0.14657980456026065,Q2
3-day,APLD,2023-10-19,bearish_crossover,6,0.024665824364399486,0.008248918817625059,1.3729135516476898,-0.27028922045911846,-0.24915131276536834,False,MACD leads signal,-0.06387225548902187,0.0708582834331336,0.004990019960079861,,,,,,,,,,False,True,-0.041258071961180476,-0.005284476923437531,-0.03992015968063878,0.0848303393213573,0.03592814371257491,0.08982035928143706,0.10578842315369252,0.11177644710578849,-0.1936127744510978,0.29740518962075846,0.11177644710578849,Q2
3-day,APLD,2024-01-23,bearish_crossover,20,0.08707689559399096,0.049463432634050175,3.26113721559693,0.5517849633841667,0.5983082447379922,True,MACD and signal aligned,0.04140786749482395,0.01863354037267073,0.11387163561076608,,,,,,,,,,False,True,-0.12002460997790243,-0.011630820338456416,0.03726708074534146,0.01863354037267073,0.15486542443064177,-0.01863354037267073,0.13354037267080754,0.15486542443064177,-0.16252587991718426,0.1977225672877847,0.15486542443064177,Q4 steep
3-day,APLD,2024-04-10,bearish_crossover,6,0.03066718152054962,0.01185856597576282,0.8559866734815214,-0.37307185649843,-0.35494739431827604,False,MACD leads signal,-0.09364548494983282,0.11371237458193995,0.16387959866220725,,,,,,,,,,False,True,-0.03997527709120269,-0.004531115545038489,-0.17391304347826086,0.21070234113712383,0.16387959866220725,0.0033444816053511683,0.21070234113712383,0.16387959866220725,0.10702341137123739,0.21070234113712383,0.16387959866220725,Q1 weak
3-day,APLD,2024-07-18,bearish_crossover,28,0.09458114653886122,0.047217657272734324,2.7228069183952615,0.6764706085426703,0.6913403344852153,True,MACD leads signal,0.007042253521126751,0.040492957746478764,0.021126760563380254,,,,,,,,,,False,True,-0.07292443409937521,-0.003717431485636191,-0.2183098591549295,0.25,0.028169014084507005,-0.25352112676056326,0.30809859154929575,0.028169014084507005,-0.29401408450704225,0.3661971830985915,0.028169014084507005,Q4 steep
3-day,APLD,2024-10-31,bearish_crossover,18,0.07702651085320018,0.04481045003401118,1.6859183634510784,0.33453661481909963,0.3781042548284662,True,MACD and signal aligned,-0.044378698224852076,0.07692307692307687,0.07174556213017746,,,,,,,,,,False,True,-0.06815628468324136,-0.010891910002341576,0.11834319526627213,0.12204142011834318,0.18047337278106523,0.06952662721893499,0.12204142011834318,0.21597633136094685,0.49408284023668636,0.12204142011834318,0.6183431952662721,Q3
3-day,APLD,2024-12-18,bearish_crossover,6,0.0969480918114692,0.031171764455951018,1.4412161250299174,0.07775601480742433,0.12843290310005487,True,MACD leads signal,-0.08509423186750442,0.10793832095945188,0.041690462592803845,,,,,,,,,,False,True,-0.09749537077713005,-0.012669222073157627,-0.04169046259280418,0.11593375214163337,0.06796116504854366,-0.10908052541404922,0.1536264991433467,0.06796116504854366,0.016561964591661926,0.1536264991433467,0.1650485436893201,Q2
3-day,APLD,2025-02-10,bearish_crossover,8,0.05465275869103717,0.017692320344885645,1.1004208264172326,-0.05820103687346312,-0.04530611044528904,False,MACD leads signal,-0.024660912453760675,0.10974106041923548,0.012182490752157937,,,,,,,,,,False,True,-0.032141698023771585,-0.00322373160704352,0.2268803945745992,0.10974106041923548,0.2860665844636252,-0.025893958076448675,0.10974106041923548,0.5388409371146734,-0.18372379778051784,0.26385943279901347,0.5388409371146734,Q1 weak
3-day,APLD,2025-03-03,bearish_crossover,3,0.03881162139172476,0.008097817570361786,0.8287487658865651,-0.044519995986061475,-0.04410710599484413,False,MACD leads signal,0.01744186046511631,0.08430232558139539,0.12354651162790709,,,,,,,,,,False,True,-0.034749156689813404,-0.00010322249780433945,-0.03779069767441856,0.13225290697674408,0.12354651162790709,0.018895348837209225,0.13225290697674408,0.12354651162790709,-0.09302325581395343,0.2325581395348837,0.17296511627906974,Q1 weak
3-day,APLD,2025-07-01,bearish_crossover,20,0.09152058261334362,0.04982966939449972,2.6179195827390775,0.5178516008679139,0.5526439325220348,True,MACD and signal aligned,0.07069672131147531,-0.0010245901639343025,0.09321721311475417,,,,,,,,,,False,True,-0.060741636726333814,-0.008698082913530247,-0.044057377049180335,0.06454918032786872,0.09321721311475417,0.03073770491803285,0.0758196721311476,0.09321721311475417,0.3463114754098362,0.0758196721311476,0.44057377049180335,Q4 steep
3-day,APLD,2025-09-08,bearish_crossover,10,0.05680862604399662,0.028708775608286642,1.2852444439573087,0.27605157066697245,0.3296630849364216,True,MACD and signal aligned,0.23508267433501073,-0.00035945363048162093,0.2854061826024441,,,,,,,,,,False,True,-0.09447672664730561,-0.013402878567362275,0.4255930984902947,-0.00035945363048162093,0.4485981308411213,0.7735442127965493,-0.00035945363048162093,0.8411214953271027,1.0086268871315602,-0.00035945363048162093,1.1035226455787206,Q1 weak
3-day,APLD,2025-10-24,bearish_crossover,4,0.03944923434058,0.00906623895957189,0.8457858288905545,0.089928889786412,0.1287985190267074,True,MACD leads signal,0.029614119054741206,0.009273107986838225,0.11187556087346695,,,,,,,,,,False,True,-0.07003415488542464,-0.009717407310073839,-0.07089440622195631,0.10409811546515113,0.11187556087346695,-0.05952737062518687,0.1621298235118157,0.11187556087346695,-0.289859407717619,0.43149865390367936,0.11187556087346695,Q1 weak
3-day,APLD,2026-02-05,bearish_crossover,20,0.059273797500091104,0.03203579556557801,1.3169054468089068,0.21267570601239805,0.22885348706131114,True,MACD and signal aligned,0.25516250673370466,-0.05009876099838384,0.2600107739270965,,,,,,,,,,False,True,-0.10300978679870287,-0.004044445262228247,0.2670138265397739,-0.05009876099838384,0.4358053510504578,0.0429161429340994,-0.018674806967139412,0.4358053510504578,-0.09714490931944686,0.09965882564194639,0.4358053510504578,Q2
3-day,APLD,2026-06-11,bearish_crossover,20,0.06740200039469375,0.04260607380938997,1.578083951454899,0.4396012763478387,0.5027818820685712,True,MACD and signal aligned,0.02965999517723672,0.014227152158186596,0.08391608391608396,,,,,,,,,,False,True,-0.09548286940311895,-0.015795151430183174,0.12346274415239944,0.014227152158186596,0.18977574149987952,-0.0557029177718833,0.08463949843260188,0.18977574149987952,-0.3134796238244514,0.33296599951772365,0.18977574149987952,Q2
3-day,ASML,2021-07-30,early_rising_blue,3,0.0978513554405192,0.035172837750592836,1.875092189912707,0.15665147623687978,-0.014349343781269792,False,MACD leads signal,0.01668101312048398,-0.0010042517672221862,0.017880898348853647,,,,,,,,,,True,False,,,0.028614654250462834,-0.0010042517672221862,0.05073427759083904,0.028979836711271023,-0.0010042517672221862,0.05073427759083904,0.09501265096382094,0.007212353600959842,0.09947309387797687,Q3
3-day,ASML,2021-11-04,early_rising_blue,3,0.08428644852814507,0.031290684924818235,1.190484686190554,-0.44703271821359086,-0.599468311003454,False,MACD leads signal,-0.004103516796199802,0.010411645051676133,0.004879540029865126,,,,,,,,,,True,False,,,0.0013404037672399838,0.041599548495573124,0.0075956213476937595,0.007854295758915386,0.041599548495573124,0.03601453279873956,-0.09285235570083128,0.10658561535115052,0.03601453279873956,Q2
3-day,ASML,2022-02-25,early_rising_blue,3,0.04376577589850955,0.015940604319402224,0.7895002711868572,-0.3201006690102401,-0.4025653259491823,False,MACD leads signal,-0.04933145461086452,0.059269696606307654,0.008169444777551327,,,,,,,,,,True,False,,,-0.13907542870847822,0.13995982731742418,0.008169444777551327,-0.12182216093056719,0.16241455810049166,0.008169444777551327,0.04153675500659548,0.16241455810049166,0.04643842187312641,Q1 weak
3-day,ASML,2022-06-03,early_rising_blue,3,0.09727738356925512,0.037190089578309965,2.191833935846026,0.025081321122353173,-0.1507248125451004,False,MACD leads signal,0.006724030870220998,0.0020047902066885337,0.035145923888938224,,,,,,,,,,True,False,,,-0.12859043732812914,0.14052160028386407,0.035145923888938224,-0.13864987137407958,0.18060853366450802,0.035145923888938224,-0.1963984742304622,0.26786126142109457,0.035145923888938224,Q3
3-day,ASML,2022-07-26,early_rising_blue,3,0.12187955166059014,0.04540687034145882,1.9225611950725672,0.21167980441903692,-0.003387181104116267,False,MACD leads signal,0.0959040006104892,-0.01606368163000571,0.1006352900776466,,,,,,,,,,True,False,,,0.12265104832401708,-0.01606368163000571,0.13083541599099546,0.07989774309861297,-0.01606368163000571,0.13083541599099546,0.029704103630501688,0.010607245740885451,0.13083541599099546,Q3
3-day,ASML,2022-10-28,early_rising_blue,3,0.127437403382015,0.04585037677275608,3.038804664258956,0.023659755797823534,-0.19933067531558135,False,MACD leads signal,-0.0875955680935443,0.08773866470419889,-0.011263747495809273,,,,,,,,,,True,False,,,0.02945745942188971,0.10642299358109486,0.03436138026902169,0.18120119383458033,0.10642299358109486,0.2067151150905595,0.18324543112964564,0.10642299358109486,0.24698474998977882,Q4 steep
3-day,ASML,2023-02-06,early_rising_blue,3,0.03897280086920231,0.012142392592420094,0.7221641591948744,0.14453485577677597,0.08884258977742826,True,MACD leads signal,0.0032629877486893832,0.004124053960149254,0.0328111545840446,,,,,,,,,,True,False,,,0.022417934347477964,0.020144266356481477,0.0328111545840446,-0.0486275813103314,0.049005241929392596,0.0328111545840446,-0.06430805021375596,0.08873513905463992,0.0328111545840446,Q1 weak
3-day,ASML,2023-03-29,early_rising_blue,3,0.04296837830883847,0.014919119875870412,1.00267774917765,-0.06512833220056527,-0.13768267059976552,False,MACD leads signal,0.03275579560626296,-0.021832139822794083,0.03650321640975829,,,,,,,,,,True,False,,,-0.003034348828741318,0.005765262774608537,0.03650321640975829,0.00954302706639143,0.020679087267872265,0.03650321640975829,-0.03377230246389118,0.08095642675081927,0.03650321640975829,Q1 weak
3-day,ASML,2023-05-22,early_rising_blue,3,0.08909108402978513,0.031085136615327177,1.7123032913047802,0.0399779302316904,-0.11435429751326587,False,MACD leads signal,0.014084507042253502,0.05362260964158938,0.01767720141990159,,,,,,,,,,True,False,,,0.03476754837970919,0.05362260964158938,0.06940627504866592,0.025750028627046895,0.05362260964158938,0.06940627504866592,0.01239551127905636,0.05362260964158938,0.06940627504866592,Q2
3-day,ASML,2023-10-19,early_rising_blue,3,0.09448870432246975,0.033166684546200254,3.07116833205799,-0.4257117993646785,-0.5840056590177135,False,MACD leads signal,-0.012982151668283093,0.01604478246814023,0.007758664692971262,,,,,,,,,,True,False,,,0.003862317730930931,0.02359927177445431,0.025572967178806527,0.09303591785343612,0.02359927177445431,0.10084562639307171,0.16735575859663454,0.02359927177445431,0.16990795092984867,Q4 steep
3-day,ASML,2024-04-10,early_rising_blue,3,0.022015332274320808,0.007928435188342776,0.49575413954510295,-0.03688440838763221,-0.07406982010777832,False,MACD leads signal,-0.013102676968223204,0.0185869219482665,0.018037984424539077,,,,,,,,,,True,False,,,-0.11806773991647945,0.12212577338627761,0.018037984424539077,-0.07397830927242699,0.12212577338627761,0.018037984424539077,-0.04547460009644888,0.1287386749571624,0.018037984424539077,Q1 weak
3-day,ASML,2024-05-24,early_rising_blue,3,0.04523262889973444,0.013147891274862378,1.0713157224192187,-0.20983840640805726,-0.27903507145272055,False,MACD leads signal,0.03726129970090564,-0.009443433519482847,0.03833845767710353,,,,,,,,,,True,False,,,0.009683963941352403,0.02436154859760309,0.03833845767710353,0.07550563677814726,0.02436154859760309,0.10271694798268194,0.047886469640877616,0.02436154859760309,0.12653908096463162,Q1 weak
3-day,ASML,2024-08-26,early_rising_blue,3,0.11000852739461947,0.03145693418608464,2.1154023603454797,-0.3852807934570234,-0.5449383190235435,False,MACD leads signal,0.00498126365602114,0.009996490473333175,0.0353442166396849,,,,,,,,,,True,False,,,-0.08131912918454443,0.09518742004505776,0.0353442166396849,-0.14935866230428718,0.16875162740147853,0.0353442166396849,-0.07373402316287603,0.16875162740147853,0.0353442166396849,Q3
3-day,ASML,2024-12-06,early_rising_blue,3,0.10325366693929808,0.031559421170145374,2.314617710122368,-0.13330307373669964,-0.2952593382343181,False,MACD leads signal,-0.0034697734773900812,0.004696888487686568,0.020071088041975882,,,,,,,,,,True,False,,,0.013540579423961141,0.011862111766199335,0.022567632373268642,-0.004654574176986781,0.017913058196282083,0.0680007898671331,0.007588366385511636,0.03039577985274633,0.0680007898671331,Q3
3-day,ASML,2025-02-19,early_rising_blue,3,0.01372886140277818,0.004921571579172168,0.4888866614358439,0.2875653537431309,0.2651810715095605,True,MACD leads signal,-0.01019065520945206,0.015574650912996701,0.01437298603651982,,,,,,,,,,True,False,,,-0.0479591836734693,0.06429914070891518,0.01437298603651982,-0.04022556390977439,0.07025255102040806,0.01437298603651982,-0.03837271750805571,0.09237365735767988,0.01437298603651982,Q1 weak
3-day,ASML,2025-05-02,early_rising_blue,3,0.06892092648885303,0.022995479218006452,2.778926650445381,0.02540523175140573,-0.08835280113209366,False,MACD leads signal,-0.010096620456882976,0.011009227470919702,0.0001303724305765641,,,,,,,,,,True,False,,,0.02300349108397426,0.021482479393913123,0.03835846624078321,0.0836846146046093,0.021482479393913123,0.12076832819086514,0.07597815537496544,0.021482479393913123,0.12076832819086514,Q4 steep
3-day,ASML,2025-08-29,early_rising_blue,3,0.06403223648571835,0.02165407474218889,1.8137444861772667,-0.13648791125573828,-0.2415562657464685,False,MACD leads signal,-0.02258220893592955,0.03557674180603798,-0.020764320917831425,,,,,,,,,,True,False,,,0.0722172847485929,0.03557674180603798,0.07551641485551164,0.09594408984406555,0.03557674180603798,0.09851606474374508,0.29623495192696137,0.03557674180603798,0.3162586518003825,Q3
3-day,ASML,2025-12-10,early_rising_blue,3,0.11506303694129455,0.03422772683273096,1.675102483194687,0.0700526656755862,-0.10620257780200203,False,MACD leads signal,-0.0343690812278884,0.03763892363220511,0.0075276953864846785,,,,,,,,,,True,False,,,-0.056552192402530066,0.09765750634313686,0.0075276953864846785,-0.04806489654433044,0.09765750634313686,0.0075276953864846785,0.13808383661508783,0.09765750634313686,0.14533824107493842,Q2
3-day,ASML,2026-01-16,early_rising_blue,3,0.09111985773484738,0.03532868939473467,1.9169505866468548,0.24766133546232144,0.08017756305620093,True,MACD leads signal,0.0011188234687944387,0.03478657706264676,0.009149326129680446,,,,,,,,,,True,False,,,0.0706772562326563,0.03478657706264676,0.08466254959258634,0.06096115768786303,0.03478657706264676,0.09929926319586024,0.04505472666112165,0.03478657706264676,0.09929926319586024,Q3
3-day,ASML,2026-04-17,early_rising_blue,3,0.09219140028809836,0.032275181028440514,1.7673573143770545,-0.059968352154831706,-0.2190239604319581,False,MACD leads signal,-0.0005685710371283736,0.009282093437457117,0.013953966296753162,,,,,,,,,,True,False,,,-0.018742293464858117,0.055829565693930716,0.013953966296753162,-0.022455130839841075,0.0650739827373612,0.013953966296753162,0.008624469105356969,0.0650739827373612,0.09843129195780254,Q3
3-day,ASML,2026-06-12,early_rising_blue,3,0.01459645650917999,0.00470189795509101,0.44734530702780206,0.13155179193423772,0.11036932422760698,True,MACD leads signal,0.0022966917979125867,0.0327010276085965,0.04021351721177324,,,,,,,,,,True,False,,,-0.045660164739341536,0.057728528883045804,0.05124091116417584,0.010496096160553803,0.07150867967052132,0.05124091116417584,-0.06223068873923432,0.08593812884011687,0.07319900190496642,Q1 weak
3-day,ASML,2021-06-25,bearish_crossover,9,0.06534377715247451,0.029005972765228944,1.5496763790643313,0.12614108247792627,0.19888069547045023,True,MACD leads signal,0.026085309161918424,-0.0181577068244414,0.02854811209396524,,,,,,,,,,False,True,-0.10772440661927551,-0.018184903248130962,0.001938182189125781,0.01702102854811216,0.02854811209396524,0.007504991183456822,0.031156643010157192,0.02854811209396524,0.09024934058087175,0.031156643010157192,0.10284023841098189,Q2
3-day,ASML,2021-08-20,bearish_crossover,9,0.09082851885673104,0.04427568765570112,1.5030798526131612,0.2778713872841724,0.28446361199655334,True,MACD leads signal,0.022114237864447217,-0.008107285137912701,0.030855895861351623,,,,,,,,,,False,True,-0.08346506212119459,-0.001648056178095214,0.06522621736151657,-0.008107285137912701,0.06956532771701895,0.0887170443299754,-0.008107285137912701,0.0949021797051437,0.06668527493719711,-0.008107285137912701,0.13670735111268995,Q2
3-day,ASML,2021-12-10,bearish_crossover,14,0.09644555086772164,0.052904623961030135,1.529717813844759,-0.019146932843932256,0.011687950594806457,False,MACD and signal aligned,-0.022216821856134272,0.022383096285685022,-5.116136293503715e-07,,,,,,,,,,False,True,-0.0552532289122483,-0.007708720859684676,-0.04089071932876298,0.049357924895119254,0.02302261332241895,0.025030696817763154,0.049357924895119254,0.03054333367440898,-0.03292233705105907,0.0665545380128928,0.04535454824516516,Q2
3-day,ASML,2022-01-12,bearish_crossover,2,0.010570321256228726,0.0007131649728331357,0.2428624725165568,-0.17961507689717698,-0.1702499433958882,False,MACD leads signal,0.003179864451540837,0.01886360267863163,0.048169556840077066,,,,,,,,,,False,True,-0.015455892814199512,-0.0023412833753222173,-0.06392066507673433,0.06394761308056096,0.048169556840077066,-0.1448589945699772,0.1492515191937157,0.048169556840077066,-0.15350930379832106,0.1637091232466955,0.048169556840077066,Q1 weak
3-day,ASML,2022-04-14,bearish_crossover,18,0.06929844450545457,0.03958685849302029,1.5614182536093981,0.2681932080412802,0.30010406809231766,True,MACD and signal aligned,0.01289578001906766,0.0035124692658939916,0.026744944553163785,,,,,,,,,,False,True,-0.0907152125600107,-0.007977715012759345,0.01629116697609856,0.0035124692658939916,0.09145800926622827,-0.05703581046046802,0.09010319969224079,0.09145800926622827,-0.08287754863097319,0.14772442169702438,0.09145800926622827,Q2
3-day,ASML,2022-06-24,bearish_crossover,8,0.0907783985632567,0.035349107668469826,1.5078922755021735,0.010972794677089698,0.026220292624475897,True,MACD leads signal,-0.05946512440321383,0.06451112059930908,0.003473974304234684,,,,,,,,,,False,True,-0.04518949351143811,-0.0038118744868465455,-0.16081201723401783,0.19910336529130923,0.003473974304234684,-0.14788650390094316,0.19910336529130923,0.003473974304234684,0.017292240810464543,0.19910336529130923,0.06130885378255635,Q2
3-day,ASML,2022-08-22,bearish_crossover,11,0.10750621951588155,0.048132282281527806,1.8144907683492941,0.3595116894116926,0.3689313381733196,True,MACD leads signal,0.0378218316765051,0.0011729190301306147,0.03874478435595208,,,,,,,,,,False,True,-0.052108334633853115,-0.0023549121904067327,-0.057934508816121055,0.06416443940238825,0.03874478435595208,-0.0964293268213895,0.1137923741034862,0.03874478435595208,-0.12527159805410815,0.12538696713903907,0.03874478435595208,Q3
3-day,ASML,2022-12-20,bearish_crossover,19,0.09847259980713888,0.05814361646415353,1.7711797689667381,0.7722320978827939,0.7792852309362279,True,MACD and signal aligned,-0.02093543575538026,0.03663257333617442,0.03693444136657442,,,,,,,,,,False,True,-0.09890325226074148,-0.001763283263358395,-0.02976063640883586,0.06063996022444773,0.03693444136657442,0.05804744655160188,0.06063996022444773,0.06308065203494562,0.2101889338731444,0.06063996022444773,0.21283471837488466,Q3
3-day,ASML,2023-02-17,bearish_crossover,6,0.04240087262171343,0.008264215848762002,0.9513095103428635,0.07288087537532421,0.09990052900539563,True,MACD leads signal,-0.033976040372432625,0.03435951712607177,-0.012255917046308462,,,,,,,,,,False,True,-0.034543112980706836,-0.006754913407517854,-0.030448054238951916,0.06014449404077116,-0.012255917046308462,-0.022318347061801025,0.07470127160891493,-0.012255917046308462,-0.008589879281517776,0.09516359118310247,-0.0055222186431058695,Q1 weak
3-day,ASML,2023-04-21,bearish_crossover,10,0.049795891903766876,0.02180740123532655,1.2664693757919656,-0.02717377888705047,0.03034437750303219,False,MACD leads signal,-0.04525036644758618,0.04525036644758618,0.010780651567449784,,,,,,,,,,False,True,-0.08523255582660863,-0.014379539097520662,0.0011505666146547355,0.04525036644758618,0.010780651567449784,0.02498148060586014,0.04525036644758618,0.03112834334168668,0.10113953378410323,0.04525036644758618,0.10307027913061284,Q1 weak
3-day,ASML,2023-06-15,bearish_crossover,10,0.09034705545747534,0.0429598999201987,2.0894805188214374,0.18020982954517215,0.20036637101749558,True,MACD leads signal,-0.02275650137405416,0.02530154733379364,-0.007486225615616959,,,,,,,,,,False,True,-0.044156552437168956,-0.005039135368080844,-0.05523291231775174,0.05789478671702608,-0.007486225615616959,-0.01887124504189852,0.05789478671702608,-0.007486225615616959,0.02075295455468451,0.06154137730306353,0.045066265957302676,Q3
3-day,ASML,2023-07-27,bearish_crossover,3,0.04886441791856209,0.007695240112283022,0.9730183594749146,-0.08020214011932872,-0.07342417234402432,False,MACD leads signal,0.01447494774896918,-0.002217138338134861,0.01889510252499571,,,,,,,,,,False,True,-0.029435426462492455,-0.001694491943826093,-0.04247867593063326,0.04997740495961134,0.02060385245438634,-0.06544088572558326,0.06616110263797104,0.02060385245438634,-0.08065017228718296,0.10203651923402812,0.02060385245438634,Q1 weak
3-day,ASML,2024-01-08,bearish_crossover,29,0.07872325922413975,0.04687874385875482,1.8327202371000297,0.6392260966635399,0.6917080987045325,True,MACD and signal aligned,-0.0032045946395872216,0.01775706120637044,0.004647355862604785,,,,,,,,,,False,True,-0.09089912944273437,-0.013120500510248156,-0.011888907385827707,0.034348815271072586,0.004647355862604785,0.07983741190832916,0.034348815271072586,0.0802258476222184,0.27938238721491593,0.034348815271072586,0.28709561067643286,Q3
3-day,ASML,2024-02-16,bearish_crossover,3,0.06417531259902211,0.007061423450562737,1.4445581119857998,0.24812085219809676,0.27406768366066997,True,MACD leads signal,0.024662518569552372,0.039087562167631984,0.032854651538312574,,,,,,,,,,False,True,-0.06174620234605954,-0.006486707865643315,0.011367795551919357,0.039087562167631984,0.032854651538312574,0.04295218205696805,0.039087562167631984,0.08476327857558075,0.04519129330204308,0.039087562167631984,0.13714556376084563,Q2
3-day,ASML,2024-04-19,bearish_crossover,5,0.023600097979107403,0.006036591587911019,0.6271174771675648,-0.07287437203291278,-0.0605583235703174,False,MACD leads signal,0.01455429648416584,-0.0033971659259603992,0.023803429741489746,,,,,,,,,,False,True,-0.046913317063192,-0.0030790121156488437,0.06914163389720085,-0.0033971659259603992,0.077774158270703,0.048968052679340124,0.012099495078763067,0.077774158270703,0.07612211182725659,0.012099495078763067,0.09244479605370315,Q1 weak
3-day,ASML,2024-06-28,bearish_crossover,14,0.06660998023607144,0.03557211620005076,1.6368904195485832,0.1267899858907488,0.17536270245573968,True,MACD and signal aligned,0.04759809529396808,0.006775981930714936,0.05042386553635847,,,,,,,,,,False,True,-0.07745738910585392,-0.012143179141247712,0.03641234734485144,0.006775981930714936,0.06361405258474861,0.03999100446843262,0.006775981930714936,0.08541843888416278,-0.1588786874346113,0.16871510564860726,0.08541843888416278,Q2
3-day,ASML,2024-10-22,bearish_crossover,21,0.06883333262147012,0.03535944643339381,1.418291139044287,0.0016610103753840894,0.04206476746947013,True,MACD and signal aligned,-0.012775519829104742,0.028866155275970584,0.003245897546156895,,,,,,,,,,False,True,-0.05620181007922545,-0.010100939273521507,-0.0670818826205768,0.07447531592015644,0.003245897546156895,-0.08250683164333972,0.09174515542855555,0.003245897546156895,-0.06762286554493624,0.10467326018504375,0.003245897546156895,Q2
3-day,ASML,2025-01-29,bearish_crossover,19,0.0783885412867869,0.039116761294286116,2.381650593378797,0.26146752430197806,0.2640787119921061,True,MACD leads signal,0.03740966814004065,-0.025152599452746838,0.05886480039289976,,,,,,,,,,False,True,-0.012818953423885615,-0.0006527969225319508,0.021118361046797318,-0.007387918332982579,0.05886480039289976,0.09028274749175624,-0.007387918332982579,0.09028274749175624,-0.005009471690170408,0.02208657826422511,0.0921981337262332,Q4 steep
3-day,ASML,2025-02-28,bearish_crossover,5,0.014008557120365953,0.0036785229349779827,0.533938795304101,0.2546580492855359,0.26845448876416916,True,MACD leads signal,-0.013002764145089496,0.023416398713826392,0.0328136458509618,,,,,,,,,,False,True,-0.02502875325992171,-0.0034491098696582956,0.03263383539233944,0.023416398713826392,0.044381452022338674,0.006938568285665969,0.04665185874654487,0.044381452022338674,-0.04865459468607214,0.052222598296384204,0.05312517628476332,Q1 weak
3-day,ASML,2025-07-07,bearish_crossover,23,0.04878600911351962,0.02835597184697717,2.900668286821292,0.3841931155839867,0.4010179941387315,True,MACD and signal aligned,0.0216535683806951,0.008100982053013017,0.03312995962246368,,,,,,,,,,False,True,-0.028963256174742658,-0.0042062196386861705,-0.039027372657911785,0.06940605535671074,0.05282196945573103,-0.10140238698747917,0.10686800239463001,0.05282196945573103,-0.1198970818632259,0.12942465195073183,0.05282196945573103,Q4 steep
3-day,ASML,2025-10-14,bearish_crossover,17,0.07059052629985184,0.04213737459542622,1.7441562227381961,0.4409338693862638,0.49284519441999197,True,MACD and signal aligned,0.046878496307898976,-0.01053723631481529,0.06733253320856836,,,,,,,,,,False,True,-0.13384516729009854,-0.012977831258431993,0.05414064566000132,-0.01053723631481529,0.07017026383775105,0.0891596655749709,-0.01053723631481529,0.09619805122154657,0.03730751235785923,-0.01053723631481529,0.1046909009540471,Q3
3-day,ASML,2025-12-26,bearish_crossover,8,0.10062675894624996,0.031152404273677065,1.6448100099253624,0.010010941841951018,0.04858760216174585,True,MACD leads signal,-0.0026940107201119945,0.01088893031927296,0.012402703332556664,,,,,,,,,,False,True,-0.06397898233459338,-0.009644165079948704,0.1579491959916104,0.01088893031927296,0.16185504544395246,0.1943416453041249,0.01088893031927296,0.19651363318573756,0.3559450011652294,0.01088893031927296,0.3736564903285946,Q2
3-day,ASML,2026-02-05,bearish_crossover,8,0.08604991798972261,0.043260088575432176,1.3239517458377754,0.25640952585154814,0.30945564183494984,True,MACD and signal aligned,0.046550038513953895,-0.013598388339159717,0.04874237127451564,,,,,,,,,,False,True,-0.15326647148749062,-0.013261528995850425,0.04180985957219874,-0.013598388339159717,0.07505036440125612,0.08845618297090696,-0.013598388339159717,0.1013583575279966,-0.042483853765479695,0.047024056408129455,0.14595307222847653,Q2
3-day,ASML,2026-05-18,bearish_crossover,12,0.08677504167218905,0.03733964458455341,2.0369051611263447,0.12369743939743824,0.1355225299043358,True,MACD leads signal,0.08123527054652624,0.021108130318733487,0.08788432412608072,,,,,,,,,,False,True,-0.05629211027641709,-0.0029562726267243766,0.0852219860227248,0.021108130318733487,0.12302447041884279,0.1582325334999557,0.021108130318733487,0.16023607875630774,0.2685701478548481,0.021108130318733487,0.3165600825868147,Q3
3-day,ASML,2026-06-23,bearish_crossover,5,0.010136383197758399,0.0037057843299540295,0.3432069331601771,0.09453308073606327,0.11440893329662093,True,MACD leads signal,0.009086513050616807,0.02708523104258742,0.043548913104596076,,,,,,,,,,False,True,-0.045128830740780626,-0.004968963140139393,-0.005139277802143516,0.02708523104258742,0.12454595548958092,0.010604680453875748,0.03438368026269922,0.12454595548958092,-0.012016013854683316,0.042205053810600135,0.12454595548958092,Q1 weak
3-day,ASTS,2021-09-08,early_rising_blue,3,0.09406925103690712,0.027743080253669436,2.012329331278616,-0.03067009685559094,-0.1720687595965865,False,MACD leads signal,-0.0168491996630159,0.07076663858466725,0.033698399326032025,,,,,,,,,,True,False,,,0.09098567818028647,0.08761583824768315,0.11288963774220728,0.005054759898904804,0.08761583824768315,0.11288963774220728,-0.1524852569502948,0.1592249368155012,0.11288963774220728,Q3
3-day,ASTS,2021-11-05,early_rising_blue,3,0.060551891428886624,0.019719355206062154,1.2102587736580606,0.02905380438453893,-0.06913130224338529,False,MACD leads signal,-0.02132895816242819,0.04388843314191959,0.05168170631665303,,,,,,,,,,True,False,,,0.022969647251845915,0.06828547990155864,0.07875307629204276,-0.054963084495488146,0.0926989335520918,0.07875307629204276,-0.23789991796554555,0.3601312551271534,0.07875307629204276,Q2
3-day,ASTS,2022-02-11,early_rising_blue,3,0.1996722705307481,0.07528552513596148,4.129213479047229,-0.28142989177015887,-0.640373399382383,False,MACD leads signal,0.03490401396160547,0.017452006980802848,0.07504363001745196,,,,,,,,,,True,False,,,0.16404886561954624,0.017452006980802848,0.21815008726003482,0.2146596858638743,0.017452006980802848,0.2687609075043629,0.6596858638743455,0.017452006980802848,1.0034904013961605,Q4 steep
3-day,ASTS,2022-08-12,early_rising_blue,3,0.1243900672029155,0.04203687931545172,5.791826830301249,0.054360831926056286,-0.1597217109754666,False,MACD leads signal,0.19776440240756643,0.017196904557179815,0.225279449699054,,,,,,,,,,True,False,,,-0.017196904557179815,0.024935511607910632,0.22699914015477196,0.02063628546861551,0.03783319002579544,0.22699914015477196,-0.06792777300085995,0.16423043852106622,0.22699914015477196,Q4 steep
3-day,ASTS,2022-11-17,early_rising_blue,3,0.1022346485472839,0.03532629642782473,4.693920769572836,-0.2073197817641495,-0.37745345312682593,False,MACD leads signal,-0.023668639053254448,0.029585798816568087,0.044378698224851965,,,,,,,,,,True,False,,,-0.020710059171597628,0.07100591715976323,0.044378698224851965,-0.13905325443786976,0.17159763313609466,0.044378698224851965,-0.42899408284023666,0.44082840236686394,0.044378698224851965,Q4 steep
3-day,ASTS,2023-01-06,early_rising_blue,3,0.13619019920300895,0.04272170624630599,2.3854639743995727,0.01443476573017688,-0.19829619189468947,False,MACD leads signal,0.027368421052631486,0.012631578947368327,0.05052631578947375,,,,,,,,,,True,False,,,0.056842105263157805,0.012631578947368327,0.18210526315789477,0.09894736842105267,0.012631578947368327,0.18210526315789477,0.25263157894736854,0.012631578947368327,0.39052631578947383,Q3
3-day,ASTS,2023-05-10,early_rising_blue,3,0.06873377626623842,0.021392912031819228,2.4222063900691255,-0.03204590815929864,-0.13953099132200475,False,MACD leads signal,0.0,0.04280155642023342,0.06033073929961086,,,,,,,,,,True,False,,,0.027237354085603238,0.05447470817120614,0.06033073929961086,0.001945525291829009,0.05447470817120614,0.17898832684824906,0.11867704280155644,0.05447470817120614,0.17898832684824906,Q3
3-day,ASTS,2023-08-17,early_rising_blue,3,0.06052720934697292,0.019148855639190582,1.3950522461138957,-0.265251346737019,-0.3554588558887642,False,MACD leads signal,-0.012820512820512775,0.029487179487179382,0.007692307692307665,,,,,,,,,,True,False,,,-0.038461538461538436,0.06666666666666665,0.011538461538461497,0.023076923076923217,0.06666666666666665,0.06612820512820505,0.06153846153846154,0.06666666666666665,0.10769230769230775,Q2
3-day,ASTS,2023-11-06,early_rising_blue,3,0.18409956112755227,0.05109329502554327,5.634882545731905,0.12203535500785909,-0.14883175390175224,False,MACD leads signal,0.029925187032419087,0.029326683291770572,0.08478802992518708,,,,,,,,,,True,False,,,0.16209476309226933,0.11471321695760595,0.23189526184538645,0.07481296758104738,0.11471321695760595,0.23189526184538645,0.27182044887780554,0.11471321695760595,0.36408977556109723,Q4 steep
3-day,ASTS,2024-03-01,early_rising_blue,3,0.0843056283448666,0.028466397586422665,1.514386588204596,-0.5029711665693599,-0.6428266020265166,False,MACD leads signal,-0.06230529595015577,0.06542056074766356,0.012461059190031154,,,,,,,,,,True,False,,,-0.049844236760124616,0.08722741433021797,0.012461059190031154,-0.02180685358255452,0.09034267912772587,0.05607476635514019,-0.18068535825545173,0.1869158878504673,0.05607476635514019,Q2
3-day,ASTS,2024-05-07,early_rising_blue,3,0.10135130392053945,0.03529501685940008,1.770089791367481,-0.044244760384364146,-0.21545760628326563,False,MACD leads signal,-0.025862068965517238,0.0344827586206895,0.056034482758620774,,,,,,,,,,True,False,,,0.7370689655172415,0.08620689655172398,0.7931034482758623,1.0064655172413794,0.08620689655172398,1.4870689655172415,3.017241379310345,0.08620689655172398,3.137931034482759,Q3
3-day,ASTS,2024-10-22,early_rising_blue,3,0.03295221932679496,0.010530087780032671,0.9214529033638301,-0.27154825677390004,-0.3255155147409322,False,MACD leads signal,-0.08139117963427756,0.11652922194334892,0.09537468626747936,,,,,,,,,,True,False,,,-0.1462889924704196,0.15668698458228758,0.09537468626747936,-0.19254212979562568,0.1986375044818931,0.09537468626747936,-0.1344567945500179,0.27572427393330945,0.11939763356041588,Q1 weak
3-day,ASTS,2025-02-13,early_rising_blue,3,0.21605925719570448,0.07146258244265505,18.26824023660797,0.045845134616949224,-0.3110032990844471,False,MACD leads signal,0.06821963394342756,0.022628951747088122,0.08053244592346087,,,,,,,,,,True,False,,,-0.04692179700499166,0.04858569051580697,0.11647254575707144,-0.0978369384359401,0.16772046589018297,0.11647254575707144,-0.06322795341098175,0.18535773710482528,0.18103161397670542,Q4 steep
3-day,ASTS,2025-05-09,early_rising_blue,3,0.0550514427110563,0.021582938967986326,1.4228414708878638,-0.12497548079561624,-0.22677860041066017,False,MACD leads signal,0.01902173913043481,0.0019409937888199558,0.1277173913043479,,,,,,,,,,True,False,,,-0.028338509316770177,0.06560170807453425,0.1277173913043479,-0.08501552795031064,0.08695652173913049,0.1277173913043479,0.4895186335403725,0.1277173913043479,0.5967274844720496,Q2
3-day,ASTS,2025-10-02,early_rising_blue,3,0.061456169530458085,0.021960327123192624,1.4343944594591094,-0.10988147676412147,-0.2208429215394052,False,MACD leads signal,0.0241837968561065,0.03113663845223702,0.03990326481257567,,,,,,,,,,True,False,,,0.23987303506650548,0.03113663845223702,0.3817064691656591,0.2619407496977024,0.03113663845223702,0.5536577992744862,0.21296856106408701,0.03113663845223702,0.5536577992744862,Q2
3-day,ASTS,2025-12-16,early_rising_blue,3,0.0716973148412017,0.02847292613806962,1.7935255224660174,-0.10452938199827122,-0.23641477094022373,False,MACD leads signal,0.10925844668714335,0.10194529764516613,0.11806640339330099,,,,,,,,,,True,False,,,0.14158256545268388,0.10194529764516613,0.3595144069036127,0.06230802983764794,0.10194529764516613,0.3595144069036127,0.4809126810004387,0.10194529764516613,0.5328360391984788,Q3
3-day,ASTS,2026-03-25,early_rising_blue,3,0.03755245245539268,0.011058779650777048,0.7767250004017862,-0.1687253396379657,-0.2259690861065966,False,MACD leads signal,-0.18103268790339366,0.1825931709348324,-0.003227149698105336,,,,,,,,,,True,False,,,-0.035810951488652876,0.2520299812617115,-0.003227149698105336,-0.04632521340828655,0.2520299812617115,0.06069123464501347,-0.20466375182177798,0.2520299812617115,0.08421819696023314,Q1 weak
3-day,ASTS,2026-05-29,early_rising_blue,3,0.13808082590445098,0.043946993400529905,5.721929536606145,0.0636749468228616,-0.15567509106504304,False,MACD leads signal,0.04197160744202466,0.10757428798165947,0.04699761925756096,,,,,,,,,,True,False,,,-0.18825500396790407,0.19927695970372983,0.04699761925756096,-0.27334450224847895,0.2813684860241601,0.04699761925756096,-0.23489992064191867,0.43814478441054583,0.04699761925756096,Q4 steep
3-day,ASTS,2021-07-09,bearish_crossover,12,0.11441953888332171,0.05194571164107005,1.948775575208091,0.5027450837421602,0.5064963019088781,True,MACD leads signal,-0.022727272727272707,0.03996865203761757,0.11598746081504707,,,,,,,,,,False,True,-0.01883936148283938,-0.0009378045416793546,-0.15752351097178685,0.20611285266457668,0.11598746081504707,-0.043887147335423204,0.20611285266457668,0.11598746081504707,-0.17711598746081503,0.20611285266457668,0.11598746081504707,Q3
3-day,ASTS,2021-10-05,bearish_crossover,11,0.07890175395640933,0.03418177825241391,1.8011101258322404,0.0567344016399855,0.10272401521664402,True,MACD leads signal,-0.03547459252157237,0.043144774688398835,0.028763183125599223,,,,,,,,,,False,True,-0.06746233598496118,-0.011497403394164621,0.020134228187919545,0.043144774688398835,0.07589645254074795,0.006711409395973256,0.043144774688398835,0.07589645254074795,0.19558964525407485,0.043144774688398835,0.20516778523489942,Q3
3-day,ASTS,2021-11-26,bearish_crossover,9,0.05505547028707536,0.02502687832814544,1.2742993610604005,0.07231140957835427,0.09931447187387601,True,MACD leads signal,-0.12855831037649224,0.14784205693296615,0.011937557392102782,,,,,,,,,,False,True,-0.07096614211924362,-0.006750765573880435,-0.14692378328741973,0.2837465564738293,0.011937557392102782,-0.21946740128558317,0.2837465564738293,0.011937557392102782,-0.26354453627180907,0.2837465564738293,0.011937557392102782,Q1 weak
3-day,ASTS,2022-04-14,bearish_crossover,23,0.19307175374286356,0.09393406691235358,5.4676718599292435,0.6138990890054853,0.6376370348454324,True,MACD leads signal,-0.10928961748633881,0.12950819672131153,-0.0021857923497267118,,,,,,,,,,False,True,-0.036623065559132195,-0.005934486459986732,-0.18907103825136617,0.21374863387978138,-0.0021857923497267118,-0.17704918032786887,0.24226229508196728,-0.0021857923497267118,-0.16174863387978144,0.2863387978142077,-0.0021857923497267118,Q4 steep
3-day,ASTS,2022-09-12,bearish_crossover,12,0.12160002301052447,0.05913322766637303,5.047608944237111,0.2845063898094279,0.33624249735486267,True,MACD leads signal,-0.1697416974169742,0.18542435424354242,-0.026752767527675192,,,,,,,,,,False,True,-0.06558993192171908,-0.01293402688635864,-0.23431734317343167,0.252020295202952,-0.026752767527675192,-0.36162361623616235,0.3671586715867158,-0.026752767527675192,-0.3487084870848709,0.37915129151291505,-0.026752767527675192,Q4 steep
3-day,ASTS,2022-12-09,bearish_crossover,10,0.08728132478165732,0.036931520617348265,1.97505890312963,-0.16824438117741816,-0.12169524172193158,False,MACD leads signal,-0.07259953161592503,0.08665105386416849,0.060889929742388826,,,,,,,,,,False,True,-0.07701151242204858,-0.011637284863871666,-0.13817330210772827,0.14988290398126458,0.060889929742388826,0.014051522248243575,0.16861826697892268,0.060889929742388826,0.21545667447306815,0.16861826697892268,0.25292740046838413,Q3
3-day,ASTS,2023-03-17,bearish_crossover,24,0.06971639845839867,0.031542485454217416,2.911334413376217,0.321834906628716,0.3240713022633375,True,MACD leads signal,-0.014681892332789492,0.026264274061990167,0.00978792822185981,,,,,,,,,,False,True,-0.013120144918160603,-0.0005590989086553533,-0.030995106035888953,0.07422512234910283,0.028711256117455175,-0.17128874388254478,0.2429853181076671,0.06362153344208799,-0.36867862969004894,0.3768352365415987,0.06362153344208799,Q4 steep
3-day,ASTS,2023-07-06,bearish_crossover,21,0.05090050206631366,0.023330198407969578,2.3416555662696013,0.17001110157384897,0.2313365204140097,True,MACD leads signal,-0.011904761904761862,0.021428571428571352,0.011904761904761862,,,,,,,,,,False,True,-0.0884384308274237,-0.015331354710040157,0.00952380952380949,0.021428571428571352,0.08333333333333326,-0.05476190476190479,0.10000000000000009,0.08333333333333326,0.00952380952380949,0.10476190476190483,0.08333333333333326,Q4 steep
3-day,ASTS,2023-10-10,bearish_crossover,19,0.038656028517293946,0.015856099490897172,1.3450879090071017,-0.1487982318261137,-0.12121587009208032,False,MACD leads signal,-0.1523545706371191,0.157202216066482,0.024930747922437657,,,,,,,,,,False,True,-0.04665271777847216,-0.006895590433508361,-0.17174515235457055,0.18282548476454286,0.024930747922437657,-0.1911357340720221,0.24376731301939059,0.024930747922437657,0.14404432132963985,0.24376731301939059,0.20498614958448758,Q2
3-day,ASTS,2024-01-02,bearish_crossover,21,0.1183447647788132,0.06004672959205304,3.993930626990346,0.9045996800257903,0.9068874112244258,True,MACD and signal aligned,0.03298969072164959,0.026804123711340222,0.057731958762886615,,,,,,,,,,False,True,-0.10340738107394842,-0.0005719327996588364,-0.1195876288659794,0.1340206185567009,0.057731958762886615,-0.1175257731958762,0.17113402061855676,0.057731958762886615,-0.4020618556701031,0.4309278350515464,0.057731958762886615,Q4 steep
3-day,ASTS,2024-04-10,bearish_crossover,15,0.07774157572355009,0.04495834953666952,1.4180863889010877,-0.17033594839066424,-0.11257143981996073,False,MACD and signal aligned,-0.004672897196261738,0.04205607476635531,0.028037383177570208,,,,,,,,,,False,True,-0.07702979220715962,-0.014441127142675897,-0.02336448598130858,0.0700934579439253,0.032710280373831724,0.023364485981308247,0.0700934579439253,0.032710280373831724,0.05607476635513997,0.0700934579439253,0.2149532710280373,Q2
3-day,ASTS,2024-07-09,bearish_crossover,23,0.098413003791514,0.056188698591729286,3.0041496918195425,0.9877590132305918,1.0015173474918053,True,MACD and signal aligned,0.07166392092257001,0.06012355848434936,0.08237232289950569,,,,,,,,,,False,True,-0.025875177401757377,-0.0034395835653033835,0.01976935749588149,0.06012355848434936,0.15598764415156507,0.10049423393739687,0.06012355848434936,0.17710049423393737,0.8385502471169686,0.06012355848434936,0.8418451400329487,Q4 steep
3-day,ASTS,2024-12-27,bearish_crossover,24,0.018236250315619085,0.009421178834824887,1.5505804259268379,-0.14049083389246503,-0.12749920104749654,False,MACD and signal aligned,-0.0484293193717279,0.0920593368237349,-0.014834205933682565,,,,,,,,,,False,True,-0.021891161947722393,-0.0032479082112421426,0.04581151832460728,0.0920593368237349,0.049301919720767806,-0.023996509598603888,0.0920593368237349,0.09860383944153561,-0.22687609075043635,0.2364746945898779,0.09860383944153561,Q2
3-day,ASTS,2025-03-14,bearish_crossover,12,0.20314605477670708,0.08288861113886518,7.4172008912139225,0.3227933913982024,0.37510817119454665,True,MACD leads signal,-0.06749555950266428,0.06927175843694489,0.020248667850799373,,,,,,,,,,False,True,-0.06838580383173454,-0.01307869494908609,0.04085257548845478,0.14635879218472458,0.04618117229129659,-0.14529307282415627,0.16660746003552396,0.05115452930728237,-0.18614564831261093,0.352753108348135,0.05115452930728237,Q4 steep
3-day,ASTS,2025-07-10,bearish_crossover,21,0.0658421918308728,0.03934166361451985,1.090913766014562,0.45949886906552057,0.4891516589436667,True,MACD and signal aligned,0.03661587445985903,0.01501023425062531,0.08528542187855348,,,,,,,,,,False,True,-0.09715895533676261,-0.007413197469536503,0.31862633613827596,0.01501023425062531,0.32090061405503745,0.235728906072322,0.01501023425062531,0.3861723902660905,0.060495792585854025,0.01501023425062531,0.3861723902660905,Q1 weak
3-day,ASTS,2025-10-29,bearish_crossover,11,0.08980897183801359,0.043503370436380584,1.8160808853413937,0.14142371530597547,0.19660450515450528,True,MACD leads signal,0.002373220084936234,0.06944791406445172,0.010866849862603,,,,,,,,,,False,True,-0.10379960602973148,-0.013795197462132425,-0.1357731701224082,0.22695478391206592,0.010866849862603,-0.23257556832375725,0.2521821134149388,0.010866849862603,-0.2980264801398951,0.38408693479890077,0.010866849862603,Q3
3-day,ASTS,2026-02-05,bearish_crossover,19,0.06627735240878248,0.03752159531448103,1.78898037787919,0.4054312703060141,0.40738895318230023,True,MACD and signal aligned,0.09134770022515282,0.020585397233837233,0.12790822343733255,,,,,,,,,,False,True,-0.07149402198710386,-0.0004894207190714872,-0.11536399699796285,0.14345448697330332,0.161573925163504,-0.1401308030449233,0.15514098852792968,0.161573925163504,-0.040688324220006455,0.1726171330545727,0.161573925163504,Q3
3-day,ASTS,2026-04-30,bearish_crossover,14,0.03020825810099702,0.017127046217150756,1.4432600889799454,-0.06701925206263884,-0.03326365083609159,False,MACD and signal aligned,-0.04073071718538568,0.04451826792963465,0.009607577807848378,,,,,,,,,,False,True,-0.04969985818617411,-0.00843890030663682,0.01556156968876854,0.14167794316644122,0.020297699594046037,0.13220568335588623,0.14167794316644122,0.16575101488497967,0.5346414073071717,0.14167794316644122,0.8113653585926928,Q2
3-day,ASTS,2026-06-17,bearish_crossover,8,0.11618769448950172,0.047668150274733846,2.930661007304411,0.09502649709252092,0.1089753509279558,True,MACD leads signal,-0.0558351867025636,0.09727262085918298,0.003160482266182818,,,,,,,,,,False,True,-0.09871501198608221,-0.003487213458858718,-0.1636427484490226,0.25412618518084984,0.003160482266182818,-0.003511646962425563,0.25412618518084984,0.07473955285028677,-0.3278707713917828,0.3757462249795155,0.07473955285028677,Q4 steep
3-day,AVAV,2021-08-09,early_rising_blue,3,0.12942284217964073,0.05010193610990567,5.149331687647374,0.013880068615328117,-0.22217249781527795,False,MACD leads signal,-0.0057598156858981175,0.013727560718057141,0.017375443985792494,,,,,,,,,,True,False,,,-0.0602860708457329,0.0616300278391092,0.017375443985792494,-0.0398387251607949,0.07842949025631185,0.017375443985792494,0.012767591437073955,0.07842949025631185,0.017375443985792494,Q4 steep
3-day,AVAV,2021-10-20,early_rising_blue,3,0.09860991054323744,0.032144064709980616,2.495359150542437,-0.02913780825692494,-0.1898016665506765,False,MACD leads signal,-0.017725897103329058,0.018590575010808408,0.006593169044530889,,,,,,,,,,True,False,,,-0.03685689580631213,0.04971897968006911,0.006593169044530889,0.018914829226113206,0.04971897968006911,0.03156074362300054,-0.040856031128404635,0.04971897968006911,0.03891050583657596,Q3
3-day,AVAV,2021-12-31,early_rising_blue,3,0.057669505203669646,0.02419696641977853,1.1275651013342625,-0.04399293531103793,-0.15342579632252584,False,MACD leads signal,0.011284862163469134,-0.0037078832822827756,0.020957601160728645,,,,,,,,,,True,False,,,0.008060615831049445,-0.0011720135418344935,0.034941157504433384,-0.01724971787844587,0.03965822988876355,0.034941157504433384,-0.13300016121231661,0.1612123166209899,0.034941157504433384,Q1 weak
3-day,AVAV,2022-02-17,early_rising_blue,3,0.10361222123767351,0.039355590027587456,1.9293024852516787,0.13421744661939747,-0.049948495872689125,False,MACD leads signal,-0.007511266900350422,0.017860123518611104,0.011183441829410778,,,,,,,,,,True,False,,,0.0393924219662829,0.06526456351193455,0.06561508930061777,0.23919212151560676,0.06526456351193455,0.2684026039058587,0.5554999165414789,0.06526456351193455,0.6604907361041563,Q3
3-day,AVAV,2022-06-10,early_rising_blue,3,0.08353601061529634,0.025390035606403905,1.942116111072902,-0.08345458928382171,-0.20865253868165246,False,MACD leads signal,-0.10339114105821279,0.1155418093449686,-0.02408041533193428,,,,,,,,,,True,False,,,-0.09024632718435877,0.12702971390699214,-0.02408041533193428,-0.13884900033138192,0.22589196951286872,-0.02408041533193428,-0.1591737545565005,0.22589196951286872,-0.02408041533193428,Q3
3-day,AVAV,2022-08-05,early_rising_blue,3,0.005063863989362854,0.0018496486932348712,0.18807519177455842,-0.04844326765485921,-0.05679016188132298,False,MACD leads signal,0.036819341244316295,0.014084507042253502,0.038593767328379824,,,,,,,,,,True,False,,,0.1401796606410115,0.014084507042253502,0.1474991682377731,0.10957081069091701,0.014084507042253502,0.18154596872574036,-0.02694909615171348,0.09615171343018747,0.18154596872574036,Q1 weak
3-day,AVAV,2022-11-04,early_rising_blue,3,0.09111714161148733,0.02899486169771434,4.322371531918492,-0.08562556611832331,-0.22818747295524894,False,MACD leads signal,-0.015419020715630727,0.02402189265536714,0.01141713747645956,,,,,,,,,,True,False,,,0.05461393596986808,0.041313559322033844,0.10663841807909602,0.09145480225988711,0.041313559322033844,0.11016949152542366,0.04413841807909602,0.041313559322033844,0.11016949152542366,Q4 steep
3-day,AVAV,2023-01-20,early_rising_blue,3,0.02060491054657567,0.008859610685992635,0.5350225013436977,-0.00978424307483762,-0.04759657607262151,False,MACD leads signal,0.03521891207333261,0.0,0.03582197563623213,,,,,,,,,,True,False,,,0.0730913038234231,0.0,0.08937402002171035,0.10698347605837655,0.0,0.1518514051381017,0.023398866240501803,0.0,0.1518514051381017,Q1 weak
3-day,AVAV,2023-04-13,early_rising_blue,3,0.048374345427563775,0.01311657148455661,2.1621136495573676,0.36557937651748046,0.29388524149534095,True,MACD leads signal,-0.0181918921414721,0.034348508634222896,0.00332440668575118,,,,,,,,,,True,False,,,-0.05134361436882451,0.05420629790377696,0.00452396343152639,-0.07018191892141479,0.09002677994274644,0.00452396343152639,-0.015421553236679264,0.09002677994274644,0.00452396343152639,Q3
3-day,AVAV,2023-07-07,early_rising_blue,3,0.03664585862319637,0.010805027976804424,1.4612342566685799,-0.15766410298156738,-0.21163797412325347,False,MACD leads signal,0.0383575883575884,0.004261954261954193,0.047609147609147584,,,,,,,,,,True,False,,,-0.02515592515592513,0.037836798336798316,0.04781704781704765,0.002182952182952169,0.05405405405405406,0.04781704781704765,0.006860706860706722,0.05405405405405406,0.04781704781704765,Q2
3-day,AVAV,2023-09-13,early_rising_blue,3,0.1111045486380563,0.035724579515523255,5.408723690715741,0.15086793428115586,-0.030510859572556587,False,MACD leads signal,-0.004913785401590376,0.020146520146520186,0.0047351022960777644,,,,,,,,,,True,False,,,0.0035736621102473443,0.020146520146520186,0.016663093004556373,-0.016260162601626105,0.025818815331010603,0.016663093004556373,-0.003663003663003761,0.0648619673009917,0.03048065755382834,Q4 steep
3-day,AVAV,2023-11-30,early_rising_blue,3,0.0519634711080289,0.01737445712106206,2.2783888003363235,0.2970106047963719,0.20898494905918838,True,MACD leads signal,0.015260518857641125,0.007920935978489974,0.016423225056318547,,,,,,,,,,True,False,,,-0.09316183416902846,0.11149698423079724,0.0463629096722622,-0.0830608240680184,0.11292783954654473,0.0463629096722622,-0.08407819199186106,0.11292783954654473,0.0463629096722622,Q3
3-day,AVAV,2024-01-17,early_rising_blue,3,0.04081507329716366,0.016787801109484857,0.9937782267683354,-0.1808698703480151,-0.25748077435614747,False,MACD leads signal,0.00952380952380949,0.005747126436781658,0.019540229885057547,,,,,,,,,,True,False,,,0.0024630541871921707,0.013957307060755375,0.04269293924466333,0.0009852216748769127,0.019170771756978566,0.04269293924466333,0.021674876847290747,0.019170771756978566,0.04447454844006571,Q1 weak
3-day,AVAV,2024-05-03,early_rising_blue,3,0.0688316253056516,0.023540999100778254,1.836145864910317,0.10502350275462717,-0.013162402291734338,False,MACD leads signal,0.06411092018723696,-0.003969899863719872,0.0773253540321146,,,,,,,,,,True,False,,,0.10967589026485736,-0.003969899863719872,0.14057593174142324,0.1484861053504769,-0.003969899863719872,0.170527937429638,0.20442021686318657,-0.003969899863719872,0.21632991645434618,Q3
3-day,AVAV,2024-08-08,early_rising_blue,3,0.035392855943976065,0.012574985019400076,0.7448740984387993,-0.5266692122426,-0.5887147447628929,False,MACD leads signal,-0.0023238678229325904,0.00906875247973693,0.0103400782179901,,,,,,,,,,True,False,,,0.079408263900697,0.01031570594570086,0.08694666439947851,0.05206030720399024,0.01031570594570086,0.08694666439947851,0.017230629711500356,0.01031570594570086,0.19843564019724536,Q1 weak
3-day,AVAV,2024-10-11,early_rising_blue,3,0.04187974141793037,0.016182315585461314,1.1135477221706982,0.13218972461794964,0.05430479314355838,True,MACD leads signal,0.022470866799758626,0.027257532847392962,0.028460002785644756,,,,,,,,,,True,False,,,0.00506058777101992,0.027257532847392962,0.05473791726635424,0.02511722921212689,0.027257532847392962,0.05473791726635424,0.0122568364362321,0.05654858628534276,0.09847207391243784,Q1 weak
3-day,AVAV,2025-01-17,early_rising_blue,3,0.0884222242285701,0.02673856280638487,1.7420762486247112,-0.492076589472368,-0.6302932795849778,False,MACD leads signal,0.0760341353561691,-0.01339338627474218,0.08237525186677708,,,,,,,,,,True,False,,,0.015052743866303064,-0.0015408320493066618,0.08237525186677708,0.10299869621903524,-0.0015408320493066618,0.11882185610999163,-0.05867014341590615,0.08753111295484184,0.11882185610999163,Q2
3-day,AVAV,2025-04-02,early_rising_blue,3,0.048515109417625116,0.020856383745807977,0.7051302074805919,-0.20422426612585168,-0.30118554025033445,False,MACD leads signal,-0.11975717439293598,0.13189845474613693,-0.028066855881425434,,,,,,,,,,True,False,,,0.15365815200252286,0.19386628823714913,0.16697019867549656,0.16374960580258602,0.19386628823714913,0.1807789340901924,0.2768842636392306,0.19386628823714913,0.2890255439924314,Q1 weak
3-day,AVAV,2025-09-12,early_rising_blue,3,0.011105557774427004,0.004056159938417889,0.516511648929088,-0.10659290474990098,-0.12555518996532572,False,MACD leads signal,0.11962962962962953,-0.0018106995884774602,0.1297119341563786,,,,,,,,,,True,False,,,0.2288477366255144,-0.0018106995884774602,0.23917695473251022,0.27032921810699584,-0.0018106995884774602,0.3049794238683128,0.6527983539094651,-0.0018106995884774602,0.7195884773662553,Q1 weak
3-day,AVAV,2026-01-09,early_rising_blue,3,0.09589428419905097,0.02660841551553228,4.240232158935553,-0.3823588815424241,-0.5309354834899656,False,MACD leads signal,0.01558946820460827,0.008931751554837053,0.026055508370092406,,,,,,,,,,True,False,,,0.07635825639058602,0.05074111619496424,0.11852379517247047,-0.1568262144168333,0.17805967286774982,0.11852379517247047,-0.29532315953861754,0.3588865448368449,0.11852379517247047,Q4 steep
3-day,AVAV,2026-04-21,early_rising_blue,3,0.14694955146887065,0.04465908255696624,4.128946296519022,-0.22735047250643065,-0.459601938404864,False,MACD leads signal,-0.06564478507164273,0.07021469034131478,0.04346170324177656,,,,,,,,,,True,False,,,-0.07164278573808724,0.1350502213547865,0.04346170324177656,-0.16994335221592793,0.20969200742609595,0.04346170324177656,-0.22363973913457413,0.25739039367829764,0.04346170324177656,Q4 steep
3-day,AVAV,2026-06-08,early_rising_blue,3,0.08625714363294196,0.040979212586318925,1.3097774253006391,0.23514249066858572,0.05713859321092747,True,MACD leads signal,-0.005360623781676455,0.08490361706735983,0.011912497292614121,,,,,,,,,,True,False,,,-0.09513753519601464,0.10894520251245399,0.011912497292614121,-0.19276586528048512,0.1999675113710202,0.011912497292614121,-0.21713233701537793,0.2679228936538879,0.08501191249729256,Q2
3-day,AVAV,2026-07-31,early_rising_blue,3,0.009596316951517126,0.004077941987280658,0.19259984371929625,0.0022093578342705904,-0.01752458229738104,False,MACD leads signal,,,,,,,,,,,,,,,,,,,,,,,,,,Q1 weak
3-day,AVAV,2021-07-01,bearish_crossover,11,0.023571077425232356,0.01105316248289013,1.7342925209478095,0.059636379546870136,0.09087789563137597,True,MACD leads signal,-0.02796019900497515,0.030646766169154183,0.020000000000000018,,,,,,,,,,False,True,-0.04619420403820211,-0.00781037902112644,-0.011542288557213842,0.06378109452736314,0.020000000000000018,-0.06308457711442794,0.07517412935323387,0.020000000000000018,0.005970149253731183,0.09158208955223879,0.020000000000000018,Q3
3-day,AVAV,2021-09-10,bearish_crossover,13,0.09774885253024779,0.044533017332229696,3.416466719519839,0.11799281297734097,0.11906907553840698,True,MACD leads signal,-0.05242408098028761,0.05423548215237073,0.004635055940330313,,,,,,,,,,False,True,-0.013116555562151813,-0.0002690656402664915,-0.08929142248268507,0.11070857751731489,0.004635055940330313,-0.10261054874800213,0.11230687266915285,0.004635055940330313,-0.06478423015450185,0.11230687266915285,0.004635055940330313,Q4 steep
3-day,AVAV,2021-11-19,bearish_crossover,12,0.091561708852501,0.03628994484855645,2.041409578635315,0.1589678233826149,0.161508154334712,True,MACD leads signal,-0.006197881451431075,0.006592292089249385,0.01611449177372104,,,,,,,,,,False,True,-0.03502913272818553,-0.0006350827380242619,-0.06254225828262339,0.08710840658102315,0.01611449177372104,-0.12384494027496051,0.14176245210727967,0.01611449177372104,-0.27732702276312826,0.3971151679062429,0.01611449177372104,Q3
3-day,AVAV,2022-01-21,bearish_crossover,9,0.05221969589085159,0.024270980122311773,1.3086089219018213,-0.004774658211151764,-0.0014622760811573822,False,MACD leads signal,0.018670389111847818,0.038038736695166664,0.021462222997731484,,,,,,,,,,False,True,-0.05119982311509307,-0.0008280955324985956,-0.06159483510731112,0.09213051823416507,0.021462222997731484,-0.01046937707206419,0.09213051823416507,0.021462222997731484,0.03751526784156334,0.09213051823416507,0.0900366428197521,Q2
3-day,AVAV,2022-04-22,bearish_crossover,24,0.07193721553331506,0.042114453958716484,2.3604599274208056,0.8085653370496522,0.8348026310059754,True,MACD and signal aligned,-0.06522240147499425,0.06837981101636315,0.00991011753860338,,,,,,,,,,False,True,-0.12992477257021307,-0.006559323489080726,-0.0011523392486747497,0.08802834754551736,0.013482369209495193,-0.12687255127909658,0.13436275639548279,0.05300760543904115,-0.0344549435353767,0.16420834293616038,0.05300760543904115,Q4 steep
3-day,AVAV,2022-07-14,bearish_crossover,12,0.0779328260199065,0.02226021050822803,2.0800154490223255,-0.051751604305493526,-0.03822016024486871,False,MACD leads signal,0.03363110877561737,0.0014450867052022698,0.03717813977929585,,,,,,,,,,False,True,-0.017813646593251478,-0.0033828610151562036,0.06686810299527046,0.0014450867052022698,0.10444035733053059,0.1382028376248028,0.0014450867052022698,0.14844981607987373,0.28652128218602213,0.0014450867052022698,0.2884918549658433,Q3
3-day,AVAV,2022-09-06,bearish_crossover,12,0.02521073277891297,0.011598524049606868,0.7606915625327397,0.046543111851556546,0.08595051759663433,True,MACD leads signal,0.1405288351948939,0.020743104627307885,0.20082060633690446,,,,,,,,,,False,True,-0.07000477083886289,-0.009851851436269432,0.0765899247777524,0.020743104627307885,0.20082060633690446,0.05105994985183493,0.020743104627307885,0.20082060633690446,-0.09790289491679949,0.09801686801914744,0.20082060633690446,Q1 weak
3-day,AVAV,2022-12-08,bearish_crossover,13,0.07749472811881734,0.03782158832049833,3.6682083877917737,0.16021946688051283,0.16083365865313676,True,MACD leads signal,-0.0007300158170093773,0.01964959240783548,0.010251855456868242,,,,,,,,,,False,True,-0.03995081871689632,-0.00015354794315597387,-0.004015086993551464,0.01964959240783548,0.11339457354909355,0.030782333617228375,0.01964959240783548,0.11339457354909355,0.09283367806302456,0.01964959240783548,0.11339457354909355,Q4 steep
3-day,AVAV,2023-03-31,bearish_crossover,25,0.028237270686146433,0.014697614047159389,1.1855550383386328,0.25686835598367963,0.2716364698001689,True,MACD and signal aligned,0.10800785511673583,0.009164302858389761,0.16670303294785072,,,,,,,,,,True,True,-0.028345286058735653,-0.003692028454122309,0.16823041675758232,0.009164302858389761,0.17150338206415006,0.15993890464761074,0.009164302858389761,0.1915775692777657,0.1090988435522584,0.009164302858389761,0.1915775692777657,Q1 weak
3-day,AVAV,2023-04-25,bearish_crossover,6,0.03875498749949813,0.01220075183893403,1.6806756706626156,0.30084227173279016,0.3341214766233118,True,MACD leads signal,-0.002773100921065641,0.024056650490244635,0.0006932752302664102,,,,,,,,,,False,True,-0.07207551261596051,-0.008319801222630374,-0.00178270773497069,0.024056650490244635,0.031197385361988683,0.04882638407447759,0.024056650490244635,0.049519659304744,-0.08844211151827264,0.12607705258987822,0.11310290185203531,Q2
3-day,AVAV,2023-08-14,bearish_crossover,14,0.03391892212919656,0.01410212649227805,1.396230815418098,-0.07605990903194987,-0.07259903350556238,False,MACD leads signal,-0.034349551054499994,0.037168511171434604,0.0006264355815410738,,,,,,,,,,False,True,-0.004513007268812097,-0.0008652188815968798,0.017644602213405802,0.04727813739820419,0.0390478179160576,-0.007621632908749287,0.04727813739820419,0.0390478179160576,0.1628732512006681,0.04727813739820419,0.2980778868239715,Q2
3-day,AVAV,2023-10-10,bearish_crossover,11,0.0965875696664316,0.04645030662814894,4.8901613371508255,0.334872530092954,0.3723358375043767,True,MACD leads signal,0.02452916858061549,0.03748277446026638,0.05963895268718433,,,,,,,,,,False,True,-0.08256634419444042,-0.009365826852855696,0.07928341754708335,0.03748277446026638,0.10656867248507118,0.11070280202113003,0.03748277446026638,0.1331649058337161,0.10592558566835097,0.03748277446026638,0.17556270096463034,Q4 steep
3-day,AVAV,2023-12-08,bearish_crossover,5,0.05053909229050155,0.017747238394022972,1.9951957542650987,0.16533802941509335,0.23596226354189892,True,MACD leads signal,0.0027245772898467635,0.021796618318775662,0.005849827710553646,,,,,,,,,,False,True,-0.14070125514353332,-0.01765605853170138,0.008253866495712803,0.021796618318775662,0.04884526003686185,0.022277426075807183,0.021796618318775662,0.04884526003686185,-0.027726580655501265,0.06637711355076537,0.04884526003686185,Q3
3-day,AVAV,2024-03-28,bearish_crossover,25,0.040850057413440416,0.019557012821134895,1.3659057528414587,0.08299147264152293,0.10889111650423253,True,MACD leads signal,-0.025182672233820536,0.029618997912317258,0.013830897703549061,,,,,,,,,,False,True,-0.04450614191468252,-0.0064749109656773995,-0.030989039665970775,0.057911012526095984,0.013830897703549061,-0.040187891440501056,0.057911012526095984,0.013830897703549061,0.03138048016701456,0.0628262004175365,0.062173799582463385,Q2
3-day,AVAV,2024-06-18,bearish_crossover,17,0.07432134278339947,0.04408962180911372,2.548943701162257,0.6420426790337547,0.6698937194741571,True,MACD and signal aligned,-0.13601750946149294,0.1541521134467192,0.021385253750398903,,,,,,,,,,False,True,-0.06299432878403266,-0.006962760110100552,-0.1887738817199398,0.2590397154712507,0.021385253750398903,-0.22342802425789976,0.2590397154712507,0.021385253750398903,-0.24586202179563177,0.2590397154712507,0.021385253750398903,Q4 steep
3-day,AVAV,2024-09-20,bearish_crossover,17,0.06503989823040592,0.04056807008775379,1.7682658372810296,0.03479589544638255,0.04985147501635483,True,MACD and signal aligned,0.07654847887940464,-0.03983366163274238,0.12322225869993453,,,,,,,,,,False,True,-0.05491330077417493,-0.0037638948924930624,0.15501203764499905,-0.03983366163274238,0.1996607572773037,0.12322171153425265,-0.03983366163274238,0.1996607572773037,0.18450426789231789,-0.03983366163274238,0.243050995841541,Q3
3-day,AVAV,2024-11-15,bearish_crossover,13,0.050838711675734755,0.028040027164061593,1.3234764512012605,0.3033144791968096,0.34844694114605257,True,MACD and signal aligned,-0.014945516345096554,0.022393282015395366,0.004378686394081788,,,,,,,,,,False,True,-0.08531450916379751,-0.011283115487310758,-0.020743776866939956,0.05398380485854248,0.024942517244826545,-0.027791662501249648,0.05398380485854248,0.024942517244826545,-0.21773467959612114,0.24772568229531144,0.024942517244826545,Q2
3-day,AVAV,2025-02-25,bearish_crossover,14,0.11423942374802248,0.0580888615575053,2.2132365630758093,0.05421394814039768,0.12031371089177743,True,MACD and signal aligned,-0.013646252224932431,0.029435031973103043,0.040411365284461764,,,,,,,,,,False,True,-0.11439219962930133,-0.016524940687844922,-0.10956556134221107,0.2743753708220714,0.040411365284461764,-0.1988265541565034,0.2743753708220714,0.040411365284461764,-0.18524622585536288,0.2743753708220714,0.040411365284461764,Q3
3-day,AVAV,2025-07-01,bearish_crossover,30,0.07531999336671637,0.04210222562722742,2.111332586846539,0.7750594673123111,0.7834766928481092,True,MACD and signal aligned,-0.02444532488114115,0.0315372424722663,-0.003645007923930299,,,,,,,,,,False,True,-0.03778324136958311,-0.002104306383949428,-0.058755942947702144,0.0931458003169573,-0.003645007923930299,0.06545166402535663,0.0931458003169573,0.06743225039619638,0.06038034865293174,0.0931458003169573,0.1258641045958795,Q3
3-day,AVAV,2025-10-20,bearish_crossover,14,0.05713418406707324,0.03206266382224557,2.7394692211900122,0.226990370416621,0.3034197536616828,True,MACD and signal aligned,0.0006592682122841254,0.0515327985935613,0.04293484232501932,,,,,,,,,,False,True,-0.13855597316925983,-0.01910734581126544,0.04562685419184698,0.0515327985935613,0.08246346555323592,0.0028568289198989127,0.0515327985935613,0.08246346555323592,-0.22967256345456544,0.24283045819140758,0.08246346555323592,Q4 steep
3-day,AVAV,2026-02-06,bearish_crossover,12,0.13213065903537352,0.06210450188856099,3.7117515496370164,0.0914061113886705,0.1580044367014994,True,MACD leads signal,-0.05357698289269053,0.08102643856920677,0.08055987558320377,,,,,,,,,,False,True,-0.12732356326032163,-0.016649581328207236,0.022511664074650106,0.09105754276827371,0.08055987558320377,0.016057542768273647,0.09105754276827371,0.1110804821150857,-0.13853032659409015,0.2370917573872473,0.17807153965785383,Q4 steep
3-day,AVAV,2026-05-15,bearish_crossover,10,0.13953488099828945,0.06229802720991414,2.7528723823670727,0.060738210311083646,0.06918283486837574,True,MACD leads signal,0.02227848101265839,-0.0004430379746835911,0.03993670886075962,,,,,,,,,,False,True,-0.11380056088337276,-0.0021111561393230144,0.10272151898734161,0.006297468354430458,0.10446202531645565,0.31164556962025314,0.006297468354430458,0.3782911392405064,0.07962025316455712,0.006297468354430458,0.3782911392405064,Q4 steep
3-day,AVAV,2026-06-23,bearish_crossover,7,0.0941279781204985,0.03460681133791363,1.8694340258474633,0.08991212402683849,0.14470828396074412,True,MACD leads signal,-0.07465790179769272,0.09310437349074341,-0.0028179500939093938,,,,,,,,,,False,True,-0.08446567130397023,-0.013699039983476408,0.2804534478132543,0.09310437349074341,0.3441105446740005,-0.030185135497719395,0.09310437349074341,0.3441105446740005,0.0028843573920041,0.09310437349074341,0.3441105446740005,Q3
3-day,BIDU,2021-07-07,early_rising_blue,3,0.04916436249307869,0.017385924165684057,1.476538737055086,0.11584682629933638,0.03957156625962573,True,MACD leads signal,-0.007388758141316787,0.05440315253680694,-0.004379070658420581,,,,,,,,,,True,False,,,-0.017130972579497583,0.05440315253680694,0.02610092496305616,-0.023096710634338602,0.05514202835093873,0.02610092496305616,-0.10097969459799694,0.16184116906573265,0.02610092496305616,Q2
3-day,BIDU,2021-08-30,early_rising_blue,3,0.2106541744501132,0.0707957740578424,4.278679468370585,0.1338366376969547,-0.21533377982476254,False,MACD leads signal,0.05999477738608161,-0.001175088131609936,0.08689123906515217,,,,,,,,,,True,False,,,0.062018540279409784,-0.001175088131609936,0.10849980415197802,0.04791748270009144,-0.001175088131609936,0.10849980415197802,-0.008225616921269219,0.009335422378900726,0.10849980415197802,Q4 steep
3-day,BIDU,2022-01-12,early_rising_blue,3,0.06513916299777804,0.022899917947009213,2.701513382287047,-0.017677713952437307,-0.13197017409654901,False,MACD leads signal,-0.030308734939759163,0.052459839357429816,-0.010793172690763186,,,,,,,,,,True,False,,,-0.01581325301204828,0.061182228915662606,0.03551706827309231,-0.09807981927710863,0.1012801204819278,0.03551706827309231,0.008032128514056103,0.12713353413654627,0.05923694779116473,Q4 steep
3-day,BIDU,2022-04-01,early_rising_blue,3,0.05224637518235615,0.027723917884038538,2.252414741468282,0.1201566327126039,0.003293556985906179,True,MACD and signal aligned,-0.006880896644676171,0.021139249485706113,0.09452365751578351,,,,,,,,,,True,False,,,-0.07079520465347233,0.07427112151521598,0.09452365751578351,-0.10101440022699859,0.1174008654323615,0.09452365751578351,-0.09505568560686672,0.21756402071362702,0.09452365751578351,Q3
3-day,BIDU,2022-05-24,early_rising_blue,3,0.06107206389848975,0.017441952873187616,1.8097140054838554,-0.09283192879116728,-0.1820173146372941,False,MACD leads signal,0.20184913159941242,-0.007517497623779512,0.20444137215933633,,,,,,,,,,True,False,,,0.23926380368098155,-0.007517497623779512,0.2701114663440767,0.23451136265445438,-0.007517497623779512,0.3453728506005356,0.3075261384256458,-0.007517497623779512,0.3546185085975979,Q3
3-day,BIDU,2022-09-02,early_rising_blue,3,0.04024855219602258,0.014259452645022172,1.0380523757640432,0.08875093898633273,0.022516018667979587,True,MACD leads signal,-0.036772581220992584,0.03777222420564097,-0.01731524455551592,,,,,,,,,,True,False,,,-0.0034987504462692387,0.05262406283470189,0.0015708675473045108,-0.11681542306319181,0.1310960371295966,0.0015708675473045108,-0.14687611567297398,0.177716529810782,0.0015708675473045108,Q1 weak
3-day,BIDU,2022-11-18,early_rising_blue,3,0.13974811205707333,0.04704144382522091,4.720774667275152,-0.24184723842272315,-0.47429230354039276,False,MACD leads signal,0.010732520579347815,0.04261748463061377,0.028237991038866372,,,,,,,,,,True,False,,,0.03824111701573418,0.04261748463061377,0.07200166718766288,0.2182973845993541,0.04261748463061377,0.26581223298947587,0.12649786391580697,0.04261748463061377,0.29321663019693656,Q4 steep
3-day,BIDU,2023-05-26,early_rising_blue,3,0.016002726765842717,0.007155367934814555,0.6033107230681207,-0.3272949840313612,-0.3590792315411188,False,MACD leads signal,-0.025618654822335052,0.05218908629441621,0.01491037436548237,,,,,,,,,,True,False,,,0.09018083756345163,0.05218908629441621,0.10687658629441632,0.06567258883248739,0.05218908629441621,0.10687658629441632,0.14133883248730972,0.05218908629441621,0.19765228426395942,Q1 weak
3-day,BIDU,2023-09-22,early_rising_blue,3,0.01454038068842817,0.007105410012041895,0.774445805007867,-0.04621611477344729,-0.07562981175616836,False,MACD leads signal,-0.002266717038156285,0.018813751416698055,3.7778617302475226e-05,,,,,,,,,,True,False,,,0.015111446921042715,0.018813751416698055,0.0315829240649792,0.01820929353985634,0.04238760861352475,0.0315829240649792,-0.19561768039289762,0.20385341896486586,0.0315829240649792,Q1 weak
3-day,BIDU,2023-11-27,early_rising_blue,3,0.12011924186102207,0.034957053032614316,5.820619579868723,-0.17709925601688165,-0.3610125326175993,False,MACD leads signal,-0.04306451612903228,0.06233870967741939,-0.0020967741935484785,,,,,,,,,,True,False,,,-0.08564516129032262,0.09895161290322574,-0.0020967741935484785,-0.08749999999999991,0.10580645161290325,-0.0020967741935484785,-0.07750000000000001,0.11669274193548385,-0.0020967741935484785,Q4 steep
3-day,BIDU,2024-02-28,early_rising_blue,3,0.06390516732197923,0.023916346568240168,3.0319763642206503,0.0015410436793262539,-0.10813429686365791,False,MACD leads signal,0.006872519601200278,0.023811828477398156,0.013938631303842763,,,,,,,,,,True,False,,,-0.048785209563449894,0.06514374213532093,0.013938631303842763,0.012873874745910285,0.06514374213532093,0.07462975510599157,0.019068821992062723,0.06514374213532093,0.07462975510599157,Q4 steep
3-day,BIDU,2024-05-13,early_rising_blue,3,0.10892932997872887,0.04542649921115491,3.5216861867101525,0.2787120639764578,0.07191949096785326,True,MACD leads signal,0.007156275158779923,0.06404866267107978,0.011539493693532465,,,,,,,,,,True,False,,,-0.08390732623669384,0.08507022094999561,0.011539493693532465,-0.10761248770015208,0.1104749977636641,0.011539493693532465,-0.15573843814294663,0.16522050272833,0.011539493693532465,Q4 steep
3-day,BIDU,2024-07-15,early_rising_blue,3,0.18844453540037925,0.07313392040898223,4.0234551129953395,0.04197879246390965,-0.3007718658852211,False,MACD leads signal,-0.024154589371980673,0.029522275899087513,0.016103059581320522,,,,,,,,,,True,False,,,-0.04723564143854009,0.051207729468599195,0.016103059581320522,-0.04734299516908225,0.061943102522812765,0.016103059581320522,-0.09833601717659701,0.14460547504025767,0.016103059581320522,Q4 steep
3-day,BIDU,2024-08-30,early_rising_blue,3,0.02838087913565307,0.008429125176359617,0.4586258198919667,-0.023453296774319843,-0.06347928346302907,False,MACD leads signal,-0.026471283384542743,0.028480264712833936,-0.007445048451902747,,,,,,,,,,True,True,,,-0.03037107066887268,0.04506735996218403,-0.007445048451902747,-0.006381470101630926,0.04506735996218403,0.005081541006854096,0.30323800519971633,0.04506735996218403,0.3123375088631528,Q1 weak
3-day,BIDU,2024-09-25,early_rising_blue,3,0.0742388121953917,0.020697960803743823,1.2205800853794955,0.0728682548225533,-0.04052020637231585,False,MACD leads signal,0.11871077544942032,-0.06738751196681192,0.14530369109669183,,,,,,,,,,True,False,,,0.1749813849590467,-0.06738751196681192,0.23657057759812772,0.10700989256462057,-0.06738751196681192,0.23657057759812772,-0.04488884161259443,0.05775981278587394,0.23657057759812772,Q2
3-day,BIDU,2024-12-13,early_rising_blue,3,0.0745628701986727,0.020867876855028278,1.3235506522758198,-0.14122791976409096,-0.2500014404239611,False,MACD leads signal,-0.027196652719665315,0.03248183219555156,-0.0036335608896718163,,,,,,,,,,True,False,,,-0.03049988989209418,0.07487337590839016,-0.0036335608896718163,-0.07454305219114732,0.07894736842105254,-0.0036335608896718163,-0.12398150187183432,0.15002202158114952,-0.0036335608896718163,Q2
3-day,BIDU,2025-02-04,early_rising_blue,3,0.09577013783147169,0.03561897679736053,1.7494201645689833,0.13945331921183277,-0.030380651164780878,False,MACD leads signal,-0.038329026701119706,0.051141257536606366,-0.013350559862187694,,,,,,,,,,True,False,,,0.03994401378122325,0.0513565891472868,0.052433247200689204,-0.052217915590008546,0.06319982773471133,0.0835486649440138,0.005490956072351505,0.09722222222222221,0.0835486649440138,Q2
3-day,BIDU,2025-03-24,early_rising_blue,3,0.053053616964329524,0.017938534599740416,1.0311224417173637,0.22989753143681407,0.14479907600919095,True,MACD leads signal,0.02659851882757902,0.007510170021904683,0.03780849066444136,,,,,,,,,,True,False,,,-0.04109731928653382,0.06049859184312101,0.03780849066444136,-0.19828935016167737,0.21195368728486497,0.03780849066444136,-0.05350996140607078,0.2207155523104205,0.03780849066444136,Q1 weak
3-day,BIDU,2025-05-09,early_rising_blue,3,0.058190780161303704,0.017931670362824316,1.4498345160424406,0.022950212748716427,-0.06340180135952768,False,MACD leads signal,0.06493207460280903,-0.03139880267096484,0.08335252129864146,,,,,,,,,,True,False,,,0.028551692378540272,-0.008634584388671485,0.08335252129864146,-0.028436564586691193,0.04271241077596122,0.09544093944278154,-0.00990099009900991,0.06550771356205387,0.09544093944278154,Q2
3-day,BIDU,2025-07-07,early_rising_blue,3,0.017876315137203377,0.006575739295333203,0.46426301319331936,-0.001005008980469669,-0.0340726715903657,False,MACD leads signal,-0.015035081857667998,0.023822251921149507,0.016260162601625883,,,,,,,,,,True,False,,,-0.038645728923042744,0.051453391246241265,0.050451052455729783,0.029624679808441856,0.051453391246241265,0.050451052455729783,-0.033188551063592864,0.051453391246241265,0.0524557300367523,Q1 weak
3-day,BIDU,2025-09-02,early_rising_blue,3,0.05365862459253996,0.015300923382814666,3.0426278734858454,0.16112497173277196,0.07732131668879648,True,MACD leads signal,0.05888461937895917,0.004255893654585119,0.059300031155883115,,,,,,,,,,True,False,,,0.1612836223906946,0.004255893654585119,0.17125350503686776,0.43140513033544514,0.004255893654585119,0.43317063038737147,0.45632983695087725,0.004255893654585119,0.5079447502336689,Q4 steep
3-day,BIDU,2025-12-05,early_rising_blue,3,0.02386634104679447,0.007845024761033659,1.0784661795171577,-0.17696786495662442,-0.21798076640520703,False,MACD leads signal,0.0032627725608784797,0.017347604647461434,0.044370523635206105,,,,,,,,,,True,False,,,-0.05053318478433866,0.060798981378322514,0.044370523635206105,-0.009947477319751763,0.060798981378322514,0.044370523635206105,0.1652077033264363,0.060798981378322514,0.20503740251472236,Q1 weak
3-day,BIDU,2026-04-24,early_rising_blue,3,0.12590425623139895,0.036266334322384686,4.016497145746829,-0.3415180424454928,-0.5322192934577037,False,MACD leads signal,-0.005438582860694763,0.027348302385207135,0.012664128661331597,,,,,,,,,,True,False,,,-0.021987413565379588,0.07544013674151195,0.012664128661331597,0.09587444642995879,0.07544013674151195,0.16059358247222422,-0.007147851759770063,0.07544013674151195,0.18382410069147692,Q4 steep
3-day,BIDU,2026-07-20,early_rising_blue,3,0.042093441013677346,0.01334038023413689,1.0452171851070113,-0.14764920225094103,-0.21154875720145155,False,MACD leads signal,-0.022038065749931723,0.03915854658045714,-0.0051907840815955675,,,,,,,,,,True,False,,,-0.04134413987797114,0.06547673253802022,-0.0051907840815955675,,,,,,,Q1 weak
3-day,BIDU,2021-06-16,bearish_crossover,7,0.052573131710055274,0.020362257512465107,1.4500809445069947,0.07504901222015242,0.09636939996320336,True,MACD leads signal,0.009371106657277473,0.010887817561345603,0.01560045501327112,,,,,,,,,,False,True,-0.07125577436259675,-0.005330096935762738,0.09766534857266662,0.010887817561345603,0.09977791018904703,0.0912734954769514,0.010887817561345603,0.1330372135853961,-0.027246628026650788,0.0641352039434484,0.1330372135853961,Q2
3-day,BIDU,2021-07-16,bearish_crossover,5,0.055805173201085224,0.012650481392532819,1.3579491682215337,0.010824784509685131,0.04805343206065391,True,MACD leads signal,-0.017429557857222555,0.03831161599287236,-0.011304154137431799,,,,,,,,,,False,True,-0.06280806821322453,-0.009307161887742187,-0.03853435794631932,0.06537476333667447,0.010206036306938282,-0.0867023053792183,0.147232431228422,0.010206036306938282,-0.15107472992538162,0.15302372201804215,0.010206036306938282,Q2
3-day,BIDU,2021-09-29,bearish_crossover,12,0.18732777691762484,0.07894195182021488,3.2933801715328075,0.4251420656146234,0.46348435239749725,True,MACD leads signal,-0.0022380200105317494,0.008293180621379626,0.023894154818325575,,,,,,,,,,False,True,-0.06606239184296903,-0.009585571695718442,0.06694312796208535,0.04877567140600314,0.0683254344391786,0.07095839915745139,0.04877567140600314,0.09873617693522907,0.06793048973143767,0.04877567140600314,0.20194839389152186,Q4 steep
3-day,BIDU,2022-03-01,bearish_crossover,18,0.039901047737927374,0.02033505526528794,2.145432556699259,0.14320658390771307,0.1475574662451639,True,MACD and signal aligned,-0.09578779319661068,0.10106840230873149,0.0032543288714230734,,,,,,,,,,False,True,-0.01756420720687732,-0.0010877205843626836,-0.17008473535552016,0.18928527569691778,0.0032543288714230734,-0.07362151541201034,0.3725899545622007,0.0032543288714230734,-0.18764583077489871,0.3725899545622007,0.0032543288714230734,Q3
3-day,BIDU,2022-04-14,bearish_crossover,6,0.06397060370629289,0.024134125350197568,2.587306593881646,0.057182488797271905,0.06124406193343376,True,MACD leads signal,-0.02184316146958931,0.0396727384995369,-0.0037820314912010433,,,,,,,,,,False,True,-0.048021687252307446,-0.001015393284040468,-0.11569928990429157,0.11654831738190807,-0.0037820314912010433,-0.04160234640321092,0.148656992899043,0.05387465267057734,-0.09740660697746217,0.21567922198209322,0.05387465267057734,Q4 steep
3-day,BIDU,2022-07-14,bearish_crossover,17,0.07975311590862241,0.040232213653432394,2.7417550707318292,0.33601354286800783,0.34638223461799794,True,MACD and signal aligned,-0.013936791722390263,0.045224185260786864,-0.005771802632505096,,,,,,,,,,False,True,-0.030093709811970126,-0.0025921729374975278,-0.014499894418244508,0.045224185260786864,0.03498275497993952,-0.03871331033997327,0.07756739635390997,0.03498275497993952,-0.012036320123882449,0.09551629478426127,0.03498275497993952,Q4 steep
3-day,BIDU,2022-09-15,bearish_crossover,6,0.04004420627275815,0.010694361864710808,1.4809030426030738,0.05211244746154285,0.05548151941058597,True,MACD leads signal,-0.028434529887675808,0.044144214908491075,-0.02537114130861684,,,,,,,,,,False,True,-0.03128857855338836,-0.0008422679872607808,-0.0672374518890897,0.08844552666719041,0.002749194878642669,-0.07713455345220332,0.09543005262744486,0.002749194878642669,-0.2122378446312151,0.214123006833713,0.002749194878642669,Q2
3-day,BIDU,2023-02-24,bearish_crossover,32,0.0679487657179402,0.036263761387691724,1.9177181353206174,0.5104197924368743,0.5392235522775322,True,MACD and signal aligned,0.05169421175760336,-0.024149120821070236,0.05871254999622666,,,,,,,,,,False,True,-0.06624312176956759,-0.007200939960164465,0.1581012753754436,-0.024149120821070236,0.16715719568334464,-0.0006791940230925775,0.012376424420798338,0.16715719568334464,0.17930722209644578,0.04663798958569154,0.20481397630367537,Q3
3-day,BIDU,2023-08-11,bearish_crossover,27,0.041666982326167994,0.023571025441511777,1.9310583819104565,0.2097804548597228,0.21999257839075284,True,MACD and signal aligned,-0.0023203538539626756,0.025378870277717347,-0.0022478427960264113,,,,,,,,,,False,True,-0.031116503007392465,-0.0025530308827575177,-0.09245159886882748,0.09622217388151688,-0.0022478427960264113,-0.02958451163802467,0.10688129939815816,-0.0022478427960264113,-0.0031904865491987344,0.10688129939815816,0.0949169748386629,Q3
3-day,BIDU,2023-10-04,bearish_crossover,6,0.019927483472315505,0.005948919643856974,1.305189109786438,-0.06901194108034399,-0.0653050018820358,False,MACD leads signal,0.0543775917377356,0.0024254753149206554,0.05852437211485784,,,,,,,,,,False,True,-0.012172217332696592,-0.0009267347995770558,-0.020577419607229475,0.025271887958688732,0.0629058759095531,-0.1560910726860183,0.15929895939284877,0.0629058759095531,-0.14200766763164074,0.19161176746733433,0.0629058759095531,Q1 weak
3-day,BIDU,2023-12-29,bearish_crossover,13,0.10894292437457646,0.048652825974619056,4.184290621177267,0.08735004382571465,0.09421430447132685,True,MACD leads signal,-0.03148878999076332,0.04064153161474515,-0.018473423461247807,,,,,,,,,,False,True,-0.014185132633363962,-0.0017160651614030464,-0.009992442690402226,0.05096985473171556,0.005542027038374364,-0.08380216642875138,0.08506171802838203,0.005542027038374364,-0.0951381308254261,0.18120749013351245,0.005542027038374364,Q4 steep
3-day,BIDU,2024-04-16,bearish_crossover,18,0.03829064429177012,0.019511483279590503,1.2496060759988803,0.12425487567442384,0.1543877104603043,True,MACD and signal aligned,-0.011131918435289267,0.01945484810653353,0.0047856845609652865,,,,,,,,,,False,True,-0.07437172871497225,-0.007533208696470117,0.0393258426966292,0.01945484810653353,0.04182272159800249,0.08531002913025376,0.01945484810653353,0.12151477320016646,0.1713483146067416,0.01945484810653353,0.20047856845609657,Q1 weak
3-day,BIDU,2024-05-31,bearish_crossover,8,0.10429671292945863,0.04206384376534962,3.102977277755933,0.14340769585222052,0.23335580746392665,True,MACD leads signal,-0.015740740740740722,0.022427983539094698,0.006172839506172867,,,,,,,,,,False,True,-0.1190863986716097,-0.022487027902926504,-0.013477366255144063,0.025720164609053464,0.007818930041152194,-0.05360082304526759,0.055761316872428024,0.007818930041152194,-0.11028806584362139,0.11080246913580238,0.007818930041152194,Q4 steep
3-day,BIDU,2024-08-05,bearish_crossover,9,0.15731185209635196,0.07467671652075389,2.792333306456975,0.05285947059109217,0.10275863080847539,True,MACD leads signal,0.050370190557106564,0.01274426508071369,0.05558927054254159,,,,,,,,,,False,True,-0.12514166214085878,-0.012474790054345791,0.019419832503944523,0.01274426508071369,0.05558927054254159,0.06784803981065668,0.01274426508071369,0.09781405510377472,-0.000121373953149706,0.01274426508071369,0.09781405510377472,Q4 steep
3-day,BIDU,2024-09-06,bearish_crossover,4,0.033875594911218665,0.005629623348416601,0.5450538523020105,-0.058610030849587255,-0.05669468063351822,False,MACD leads signal,0.01283792124429084,0.0025132699666708946,0.017379335884458724,,,,,,,,,,False,True,-0.03144794930419876,-0.00047883755401725847,0.03789655598074293,0.0025132699666708946,0.049870386372052655,0.0645599308727316,0.0025132699666708946,0.08134798173065039,0.41303542772497215,0.0025132699666708946,0.4350080237007776,Q1 weak
3-day,BIDU,2024-10-22,bearish_crossover,11,0.10259757391730051,0.04674381147270369,1.554021532600987,0.4865635392919734,0.48697969659182366,True,MACD leads signal,-0.023809523809523836,0.03696455751250283,-0.0053272450532725335,,,,,,,,,,False,True,-0.10843728729912228,-0.00010403932496255708,-0.008153946510110921,0.03696455751250283,0.028158295281582868,-0.011524244400956785,0.03696455751250283,0.028158295281582868,-0.11252446183953047,0.12785388127853892,0.028158295281582868,Q2
3-day,BIDU,2025-01-08,bearish_crossover,10,0.06333771547335235,0.026662484735707776,1.3376145339257743,-0.03588449858501611,-0.03035894252545305,False,MACD leads signal,-0.048069830341775255,0.04856159331202359,-0.016351118760757344,,,,,,,,,,False,True,-0.04983746647103963,-0.001381389014890766,0.01942463732480948,0.05095893779198435,0.032087533808704105,0.0622080157364151,0.05095893779198435,0.06786328989427082,0.15379886894516837,0.05095893779198435,0.18244406196213436,Q2
3-day,BIDU,2025-02-28,bearish_crossover,10,0.08152616587777847,0.0369734827879196,1.4720362304680896,0.17413948886895303,0.20744798349407018,True,MACD leads signal,-0.024638519375361545,0.03007518796992492,0.008559861191440143,,,,,,,,,,False,True,-0.059530178730084315,-0.008327123656279273,0.09658762290341238,0.03007518796992492,0.1082706766917294,0.0852515905147484,0.03007518796992492,0.12423366107576617,0.08004626951995375,0.03007518796992492,0.2167727009832272,Q2
3-day,BIDU,2025-04-08,bearish_crossover,7,0.05201993849933825,0.016262458524829736,1.077828313203173,0.14195476662898818,0.20296971771926292,True,MACD leads signal,0.07637262555295354,0.02797293780900345,0.08222742648972159,,,,,,,,,,False,True,-0.09652927740028105,-0.015253737772568665,0.07455113192818108,0.02797293780900345,0.12835024720270605,0.1805880822274264,0.02797293780900345,0.19281811085089773,0.13010668748373666,0.02797293780900345,0.19984387197501952,Q1 weak
3-day,BIDU,2025-05-30,bearish_crossover,8,0.05392735315351773,0.018507967407484213,1.2529209770515326,0.05227762386001554,0.052442794754474185,True,MACD leads signal,0.03650793650793638,-0.005982905982905962,0.042901098901098944,,,,,,,,,,False,True,-0.04769638518847537,-4.129272361465958e-05,0.06825396825396801,-0.005982905982905962,0.08730158730158721,0.06532356532356531,-0.005982905982905962,0.08730158730158721,0.05054945054945059,-0.005982905982905962,0.08730158730158721,Q1 weak
3-day,BIDU,2025-08-08,bearish_crossover,13,0.01801439126363419,0.008703941195272062,0.8185666993663626,0.05987491155018353,0.06650789145249277,True,MACD leads signal,0.005380036630036722,0.031135531135531136,0.00984432234432231,,,,,,,,,,False,True,-0.0177407880992779,-0.0016582449755773027,0.031707875457875456,0.031135531135531136,0.04681776556776551,0.030334249084249088,0.031135531135531136,0.04681776556776551,0.2437042124542126,0.031135531135531136,0.27415293040293043,Q1 weak
3-day,BIDU,2025-10-02,bearish_crossover,12,0.07007282158759548,0.036513166138300274,2.7936086689344273,0.43987744359482356,0.46543686544832596,True,MACD and signal aligned,0.01262212080154046,-0.008842615702774115,0.030164729373172827,,,,,,,,,,False,True,-0.04985360253994131,-0.00638985546337556,-0.13221136703986303,0.14205234258004695,0.06617699493688933,-0.14419168508878266,0.1604506881551736,0.06617699493688933,-0.13805890323040704,0.16972117235969464,0.06617699493688933,Q4 steep
3-day,BIDU,2026-02-05,bearish_crossover,22,0.03938797065337714,0.027315993964311967,1.3115374892821656,0.2877534372215082,0.34651794821783477,True,MACD and signal aligned,0.05015831894070244,-0.016263672999424328,0.05159758203799636,,,,,,,,,,False,True,-0.11515864984425633,-0.0146911277490816,-0.014032815198618431,0.05368451352907322,0.07642487046632129,-0.022308578008059854,0.05656303972366161,0.07642487046632129,-0.14327864133563617,0.168105929763961,0.07642487046632129,Q2
3-day,BIDU,2026-06-05,bearish_crossover,16,0.12508636250562066,0.06609379560253786,2.963487360335783,0.24629065146332796,0.28425179849938575,True,MACD and signal aligned,-0.021042248890350224,0.029007068880486542,0.0069044879171462625,,,,,,,,,,False,True,-0.04823275730023041,-0.009490286759014421,-0.048413611704751,0.07331908597731385,0.009616965313167913,-0.08137432188065097,0.08819661351306918,0.009616965313167913,-0.03320729903008379,0.17540687160940327,0.009616965313167913,Q4 steep
3-day,BILI,2021-06-07,early_rising_blue,3,0.06678565310423096,0.02192008331371574,1.3214123797193955,0.02742472739049579,-0.07770673508622376,False,MACD leads signal,0.07244576125394242,-0.0049698939118800745,0.0752174328586448,,,,,,,,,,True,False,,,0.06518207015196409,-0.0049698939118800745,0.11621905763165441,0.052566185606422566,-0.0049698939118800745,0.13915702953263875,-0.006212367389849871,0.015195450635572927,0.2352097868680112,Q2
3-day,BILI,2021-09-03,early_rising_blue,3,0.13600326397451878,0.04599550986198578,2.9100355059175813,-0.2421267640837319,-0.4705430213895873,False,MACD leads signal,-0.0017452006980803736,0.020127981384525984,0.08749272833042454,,,,,,,,,,True,False,,,-0.07504363001745207,0.09075043630017443,0.08749272833042454,-0.18813263525305413,0.20133798720186158,0.08749272833042454,-0.24956369982548,0.2964514252472368,0.08749272833042454,Q4 steep
3-day,BILI,2021-10-29,early_rising_blue,3,0.0877158962667917,0.04022745363343512,1.3626546228434662,0.15611639292675258,-0.020707353628259526,False,MACD leads signal,0.10081855388813099,-0.009686221009549856,0.10463847203274224,,,,,,,,,,True,False,,,0.020736698499317807,-0.00914051841746244,0.10463847203274224,0.17394270122783073,-0.00914051841746244,0.1923601637107777,-0.061527967257844374,0.10409276944065482,0.22510231923601642,Q2
3-day,BILI,2022-01-21,early_rising_blue,3,0.026996638190466993,0.009916642493656369,0.6169854208944217,-0.36171444797637314,-0.40400575582526244,False,MACD leads signal,-0.024667405764966732,0.09864190687361407,-0.021895787139689538,,,,,,,,,,True,False,,,-0.15354767184035478,0.21507760532150777,-0.006929046563192931,-0.07123059866962311,0.21507760532150777,0.007206208425720728,-0.04988913525498884,0.21507760532150777,0.08370288248337032,Q1 weak
3-day,BILI,2022-02-08,early_rising_blue,3,0.13657026074675288,0.04453885992078491,3.3098787785062744,-0.0739855130422945,-0.300286152109232,False,MACD leads signal,0.01619433198380582,-0.007807981492192084,0.11191440138808573,,,,,,,,,,True,False,,,0.05668016194331993,0.02342394447657592,0.13071139386928876,-0.12810873337189121,0.1304222093695777,0.13071139386928876,-0.373048004626952,0.38342972816657017,0.13071139386928876,Q4 steep
3-day,BILI,2022-03-31,early_rising_blue,3,0.08229809150656936,0.0313063444668989,1.865213466035242,0.20665214241183452,0.06427688488447758,True,MACD leads signal,0.07974980453479286,-0.06841282251759195,0.16379984362783429,,,,,,,,,,True,False,,,0.0050820953870212016,-0.003131352619233807,0.32056293979671624,-0.02501954652071925,0.039483971853010114,0.32056293979671624,-0.04847537138389357,0.2365129007036747,0.32056293979671624,Q3
3-day,BILI,2022-06-03,early_rising_blue,3,0.0705379509229681,0.020373890327133506,1.640828949581106,0.03946855099019972,-0.06928308897283085,False,MACD leads signal,0.22920976417045913,-0.04054613156805953,0.2556888705006206,,,,,,,,,,True,False,,,0.06785270997103843,0.07405875051717015,0.2556888705006206,0.1522548613984278,0.07405875051717015,0.2556888705006206,0.10798510550268925,0.07405875051717015,0.2556888705006206,Q2
3-day,BILI,2022-11-04,early_rising_blue,3,0.05978679749387311,0.014524157674583704,2.3117460296573915,-0.45185599006344257,-0.5479674761899931,False,MACD leads signal,-0.012809564474807855,0.06917164816396248,0.0872758326216907,,,,,,,,,,True,False,,,0.09991460290350118,0.14005123825789922,0.1520068317677199,0.2570452604611442,0.14005123825789922,0.44150298889837725,0.681468830059778,0.14005123825789922,0.9649871904355252,Q3
3-day,BILI,2023-03-31,early_rising_blue,3,0.06284314873655747,0.02492693434280166,2.1019924832521864,-0.07919904715204915,-0.19604796415139775,False,MACD leads signal,-0.07829787234042551,0.09191489361702132,-0.024255319148936194,,,,,,,,,,True,False,,,-0.10893617021276591,0.12170212765957444,-0.024255319148936194,-0.11063829787234047,0.13893617021276594,-0.024255319148936194,-0.13914893617021273,0.18085106382978722,-0.024255319148936194,Q3
3-day,BILI,2023-06-21,early_rising_blue,3,0.129316209110737,0.041275644989067994,3.2718853522384816,-0.35950562234565986,-0.5615220773302477,False,MACD leads signal,-0.0398457583547559,0.04884318766066842,0.010925449871465265,,,,,,,,,,True,False,,,-0.029562982005141403,0.059768637532133684,0.010925449871465265,-0.06491002570694082,0.07326478149100257,0.02699228791773778,-0.006426735218509005,0.07326478149100257,0.13688946015424164,Q4 steep
3-day,BILI,2023-10-16,early_rising_blue,3,0.09117857900666801,0.026770285435704255,2.011038807961328,-0.12128525450308975,-0.256519165052564,False,MACD leads signal,-0.06681350954478693,0.07855359765051384,0.0022026431718062955,,,,,,,,,,True,False,,,-0.042584434654919234,0.10866372980910421,0.03083700440528636,-0.013950073421439058,0.10866372980910421,0.03267254038179157,0.11600587371512483,0.10866372980910421,0.1490455212922175,Q3
3-day,BILI,2024-02-13,early_rising_blue,3,0.11967160426909312,0.03909724792017914,2.7409072451510705,-0.033375988078095,-0.23017695993757412,False,MACD leads signal,0.07580477673935593,-0.022845275181723634,0.11318795430944961,,,,,,,,,,True,False,,,0.04049844236760114,-0.022845275181723634,0.11318795430944961,0.04361370716510904,0.0,0.11318795430944961,0.22326064382139132,0.0,0.3707165109034265,Q4 steep
3-day,BILI,2024-05-07,early_rising_blue,3,0.06029066685734315,0.01821892515494418,1.8010944868244692,0.3635947396754303,0.2744553680828219,True,MACD leads signal,0.014419610670511895,0.03100216294160052,0.04397981254506145,,,,,,,,,,True,False,,,0.1737563085796685,0.03100216294160052,0.1773612112472962,0.1304974765681326,0.03100216294160052,0.2285508291276135,0.06777217015140602,0.03100216294160052,0.2285508291276135,Q3
3-day,BILI,2024-09-13,early_rising_blue,3,0.02723121204825274,0.00895678264170359,0.9916346917878521,-0.12487441931542437,-0.16917777365597864,False,MACD leads signal,-0.01078894133513153,0.03169251517194882,-0.0053944706675657095,,,,,,,,,,True,False,,,0.07215104517869175,0.03169251517194882,0.0883344571813891,0.545515846257586,0.03169251517194882,0.552933243425489,0.526635198921106,0.03169251517194882,1.1422791638570464,Q1 weak
3-day,BILI,2024-12-13,early_rising_blue,3,0.025627993127474588,0.008510136617537023,1.1292741734639744,-0.06144674036908791,-0.10258852903475224,False,MACD leads signal,-0.02221100454315994,0.03180212014134276,0.027511357900050548,,,,,,,,,,True,False,,,-0.03129732458354351,0.04896516910651183,0.027511357900050548,-0.07117617364967188,0.07546693589096398,0.027511357900050548,-0.15951539626451294,0.1997980817768803,0.027511357900050548,Q2
3-day,BILI,2025-02-14,early_rising_blue,3,0.04617939951304571,0.01281178143545525,2.121440687131854,-0.07144318111896786,-0.1416322811655799,False,MACD leads signal,-0.07548885857207821,0.09464301955434284,-0.023874488403819893,,,,,,,,,,True,False,,,-0.03137789904502031,0.09464301955434284,0.12642110050022737,-0.09959072305593442,0.10727603456116408,0.12642110050022737,-0.017735334242837464,0.10727603456116408,0.12642110050022737,Q3
3-day,BILI,2025-05-14,early_rising_blue,3,0.04445815676551621,0.01952488430389887,1.737770957650932,-0.032935876925128296,-0.12141559528014714,False,MACD leads signal,0.03896816684961579,0.03430296377607023,0.05433589462129529,,,,,,,,,,True,False,,,0.039242590559824375,0.03430296377607023,0.05598243688254656,0.004390779363337094,0.03430296377607023,0.07848518111964875,0.16081229418221743,0.03430296377607023,0.17124039517014267,Q2
3-day,BILI,2025-09-26,early_rising_blue,3,0.029020962424768718,0.009363163811385912,1.130885061051822,0.06399076621773866,0.023098081348636817,True,MACD leads signal,0.04752778842468364,-0.03487926408585662,0.04925258719816017,,,,,,,,,,True,False,,,0.09275584515139901,-0.03487926408585662,0.13453430433116154,0.019547719432732924,-0.0007665772326561626,0.18512840168647005,0.12916826370256818,0.012648524338827016,0.18512840168647005,Q2
3-day,BILI,2025-12-31,early_rising_blue,3,0.012810691301239546,0.0043738632956635826,0.470268850485992,-0.3254346245678323,-0.3464097558857675,False,MACD leads signal,0.07238714924766176,-0.052460349735664824,0.07747051647010994,,,,,,,,,,True,False,,,0.18625457503050025,-0.052460349735664824,0.19133794225294842,0.34688897925986173,-0.052460349735664824,0.37210248068320473,0.38430256201708013,-0.052460349735664824,0.48027653517690116,Q1 weak
3-day,BILI,2026-04-21,early_rising_blue,3,0.11255216149346575,0.03735438048571077,2.007023361249079,-0.4066149069590934,-0.5892071679235477,False,MACD leads signal,-0.047924689773213514,0.06290115532734286,-0.010269576379974388,,,,,,,,,,True,False,,,-0.05733846812152332,0.10183996576807886,-0.010269576379974388,-0.042789901583226375,0.10183996576807886,-0.010269576379974388,-0.24775353016688073,0.2588789045785195,-0.010269576379974388,Q3
3-day,BILI,2026-07-10,early_rising_blue,3,0.05687536099564634,0.017379870865982604,1.1859302829966036,0.1332199626745348,0.043843054366368,True,MACD leads signal,-0.012429378531073398,0.021468926553672274,0.005084745762711895,,,,,,,,,,True,False,,,0.04011299435028248,0.021468926553672274,0.07853107344632781,-0.03050847457627115,0.031638418079095953,0.07853107344632781,,,,Q2
3-day,BILI,2021-07-09,bearish_crossover,13,0.05870745369545823,0.02880812171749551,1.6472999282392877,0.15031966713990513,0.21690337560368872,True,MACD leads signal,0.03410155518081326,0.021360314783586243,0.05564924114671177,,,,,,,,,,False,True,-0.09488313951260136,-0.01664592711594587,0.016301292861158112,0.021641371557054367,0.07063893573168456,-0.10801948660296046,0.14924114671163569,0.08843919805133993,-0.23177815252014233,0.2856473674348885,0.08843919805133993,Q2
3-day,BILI,2021-10-01,bearish_crossover,11,0.13024116440846858,0.060763831085815484,2.3504332286035003,-0.004244570901098976,0.04266967992852697,False,MACD leads signal,-0.005856966707768141,0.06797163995067812,0.010635018495684267,,,,,,,,,,False,True,-0.10134705950783221,-0.011728562707406485,0.08754623921085081,0.06797163995067812,0.12823674475955626,0.08030209617755868,0.06797163995067812,0.12823674475955626,0.2436806411837238,0.06797163995067812,0.29747225647348974,Q4 steep
3-day,BILI,2021-11-22,bearish_crossover,10,0.08390077968757384,0.03692658543519398,1.7230152049179757,0.10068235536799361,0.14112609909164145,True,MACD leads signal,0.05472274778052699,0.011643137825643968,0.06170863047591335,,,,,,,,,,False,True,-0.051833333442405594,-0.010110935930911946,-0.0896521612574589,0.09139863193130537,0.06170863047591335,-0.10988211322951535,0.24217726677339535,0.06170863047591335,-0.31596565274341426,0.37112501819240273,0.06170863047591335,Q3
3-day,BILI,2022-01-28,bearish_crossover,5,0.03556586605547141,0.007288704700376569,0.8619644178207397,-0.41405123256137605,-0.3999233313045522,False,MACD leads signal,0.10314341846758346,-0.023248199083169663,0.1899148657498364,,,,,,,,,,True,False,-0.019606375537886522,-0.0035319753142059596,0.1322855271774721,-0.023248199083169663,0.1899148657498364,0.12409954158480674,-0.023248199083169663,0.25900458415193195,0.0216110019646365,0.08284217419777329,0.28028814669286195,Q1 weak
3-day,BILI,2022-03-07,bearish_crossover,11,0.12683453098703937,0.06067947433927209,2.9617876097458113,0.1296520417616872,0.20561028527576125,True,MACD leads signal,-0.0742954739538857,0.08962425277540564,0.1093082835183603,,,,,,,,,,False,True,-0.12002192063119,-0.01898956087851847,0.18830059777967523,0.36251067463706244,0.19940222032450894,0.2766865926558495,0.36251067463706244,0.34671221178479916,0.2818104184457728,0.36251067463706244,0.49444918872758326,Q4 steep
3-day,BILI,2022-04-18,bearish_crossover,8,0.07710081237565111,0.02743980562251,1.9767231430170946,0.13440237690648044,0.16893510462790282,True,MACD leads signal,-0.10025706940874035,0.1117866323907456,0.03556126820908312,,,,,,,,,,False,True,-0.05306091472306676,-0.008633181930355588,-0.04755784061696655,0.16323907455012843,0.03556126820908312,0.002142245072836335,0.16323907455012843,0.12596401028277637,-0.11096829477292203,0.25107112253641817,0.12596401028277637,Q3
3-day,BILI,2022-07-14,bearish_crossover,14,0.07453957677083013,0.03312250823097689,1.553092183126604,0.31988259946106123,0.3428051538484629,True,MACD leads signal,-0.009094846253789535,0.0666045907319186,-0.007362494586400925,,,,,,,,,,False,True,-0.045208152051734674,-0.005730638596850357,0.10827197921177989,0.0666045907319186,0.18731052403637927,0.05846686877436125,0.0666045907319186,0.18731052403637927,0.10004330879168455,0.0666045907319186,0.18731052403637927,Q2
3-day,BILI,2023-01-25,bearish_crossover,27,0.09661888117149496,0.05011843383477508,4.437367530435068,0.7457965916513144,0.788236547720848,True,MACD and signal aligned,0.072172906213817,-0.03705133153222695,0.08644924739482818,,,,,,,,,,False,True,-0.05619135165462463,-0.010609989017383303,-0.060980316480123586,0.06252412196063295,0.08644924739482818,-0.13469702817444995,0.1528367425704361,0.08644924739482818,-0.209957545349286,0.22964106522578154,0.08644924739482818,Q4 steep
3-day,BILI,2023-04-25,bearish_crossover,10,0.052973809606204056,0.02557236179748194,1.657687993494457,-0.06114517233255346,-0.04935914529829134,False,MACD leads signal,0.056016597510373245,0.0005186721991702337,0.06846473029045641,,,,,,,,,,False,True,-0.025741019015379313,-0.0029465067585655313,0.03112033195020736,0.02904564315352709,0.06846473029045641,-0.020746887966805128,0.03682572614107893,0.06846473029045641,-0.14159751037344404,0.15300829875518684,0.06846473029045641,Q2
3-day,BILI,2023-08-17,bearish_crossover,21,0.09236908436467409,0.04707749635586974,2.2808817039343596,0.24826512275189733,0.2713415693035348,True,MACD and signal aligned,-0.0638436482084691,0.06775244299674266,-0.032573289902280145,,,,,,,,,,False,True,-0.05679956428445726,-0.00576911163790933,-0.051465798045602584,0.08143322475570036,-0.005211726384364845,0.014983713355048778,0.08143322475570036,0.06319218241042357,-0.1140065146579805,0.12964169381107493,0.06319218241042357,Q3
3-day,BILI,2023-12-01,bearish_crossover,18,0.07483889298265463,0.039083582482120786,1.7414249700476034,0.3055857556282231,0.35804342414930423,True,MACD and signal aligned,0.019982623805386623,0.03301476976542128,0.038227628149435144,,,,,,,,,,False,True,-0.08426126228800856,-0.013114417130270228,0.06689834926151161,0.03301476976542128,0.06950477845351877,-0.008688097306689846,0.03301476976542128,0.06950477845351877,0.008688097306689846,0.0955690703735882,0.0703735881841876,Q3
3-day,BILI,2024-04-01,bearish_crossover,17,0.11235822868823105,0.05360819951231571,2.8957647532396686,0.4084000074670065,0.41154999469093523,True,MACD leads signal,-0.008960573476702427,0.013440860215053752,0.05913978494623651,,,,,,,,,,False,True,-0.03328164124522548,-0.000787496805982113,0.04659498207885293,0.03360215053763438,0.07078853046594968,-0.015232974910394215,0.03360215053763438,0.12096774193548376,0.1406810035842294,0.03360215053763438,0.20340501792114685,Q4 steep
3-day,BILI,2024-05-28,bearish_crossover,9,0.048743118344721836,0.02247282033411347,1.3310213065754424,0.42383955082672187,0.4387104465844942,True,MACD leads signal,0.04235463029432873,0.03230437903804728,0.05599425699928218,,,,,,,,,,False,True,-0.08516765956645977,-0.0037177239394430295,0.06317300789662594,0.03230437903804728,0.10050251256281406,0.033022254127781814,0.03230437903804728,0.10050251256281406,0.14716439339554932,0.03230437903804728,0.3058147882268487,Q2
3-day,BILI,2024-07-15,bearish_crossover,4,0.004948449275154332,0.0008336343435714558,0.13433438694494096,0.01648170497539016,0.020558777308715474,True,MACD leads signal,-0.01702395964691039,0.031525851197982346,0.02522068095838592,,,,,,,,,,False,True,-0.006752230585122539,-0.0010192680833313282,-0.08764186633039084,0.08890290037831028,0.02522068095838592,-0.059268600252206816,0.08890290037831028,0.02522068095838592,-0.1733921815889029,0.17465321563682212,0.02522068095838592,Q1 weak
3-day,BILI,2024-10-18,bearish_crossover,14,0.05255103592861135,0.02769820111380056,2.0431095935133445,0.22100015219532515,0.23142714442045745,True,MACD and signal aligned,0.016873449131513674,0.017369727047146344,0.05235732009925553,,,,,,,,,,False,True,-0.09244970170439337,-0.0026067480562830536,0.10322580645161294,0.02133995037220837,0.1136476426799009,0.08684863523573205,0.02133995037220837,0.12357320099255586,-0.052605459057071924,0.10371712158808932,0.21042183622828792,Q3
3-day,BILI,2025-01-03,bearish_crossover,9,0.02094886931773935,0.008580919632639964,1.1114996232277161,-0.05462191962524676,-0.04896303514065506,False,MACD leads signal,-0.01985981308411211,0.01985981308411211,0.030957943925233433,,,,,,,,,,False,True,-0.019094098653649458,-0.0014147211211479327,-0.027453271028037518,0.07406542056074772,0.030957943925233433,-0.04030373831775713,0.07406542056074772,0.05724299065420557,0.08119158878504673,0.07406542056074772,0.1226109813084113,Q1 weak
3-day,BILI,2025-03-28,bearish_crossover,16,0.04560328493245329,0.022909967707307882,2.3291877941907657,0.20757146210298455,0.21606210843458123,True,MACD and signal aligned,0.00572320499479706,0.03563995837669087,0.011186264308012506,,,,,,,,,,False,True,-0.03875239275914852,-0.0021226615828991435,-0.22580645161290314,0.24713839750260136,0.011186264308012506,-0.11498439125910498,0.24713839750260136,0.011186264308012506,-0.05671175858480748,0.24713839750260136,0.011186264308012506,Q4 steep
3-day,BILI,2025-08-06,bearish_crossover,29,0.032503830750885615,0.020422964315593765,1.7894955689993495,0.3666076494285836,0.3878640864925196,True,MACD and signal aligned,-0.025278491859468732,0.03513281919451583,-0.003427592116538092,,,,,,,,,,False,True,-0.04840652336814921,-0.005314109265983968,0.06469580119965723,0.04455869751499564,0.06812339331619532,0.01799485861182526,0.04455869751499564,0.09661525278491845,-0.03984575835475579,0.05655526992287918,0.09661525278491845,Q3
3-day,BILI,2025-10-17,bearish_crossover,9,0.03309506173187311,0.011888022682665759,1.4519291459310903,0.06701689226333105,0.09994705714024987,True,MACD leads signal,0.01848428835489835,0.0181146025878004,0.028465804066543532,,,,,,,,,,False,True,-0.05927001463359832,-0.008232541219229686,0.08909426987061009,0.0181146025878004,0.1031423290203326,0.1182994454713493,0.0181146025878004,0.20147874306839175,-0.032162661737523135,0.0739371534195934,0.20147874306839175,Q2
3-day,BILI,2026-02-11,bearish_crossover,16,0.073480012144598,0.04233205247488533,2.3918486243879893,0.3742040112062303,0.3839908039405581,True,MACD and signal aligned,-0.03894472361809043,0.06501256281407031,-0.012719849246231152,,,,,,,,,,False,True,-0.1019621458177698,-0.0024466981835819523,-0.04836683417085419,0.08103015075376874,-0.012719849246231152,-0.10584170854271358,0.1275125628140703,-0.012719849246231152,-0.20854271356783927,0.23178391959798994,-0.012719849246231152,Q4 steep
3-day,BILI,2026-06-29,bearish_crossover,25,0.07457502158098576,0.03254631904213636,1.554992793009018,0.00028039487019684145,0.006486830622192967,True,MACD leads signal,0.01660735468564667,0.007710557532621509,0.04478054567022527,,,,,,,,,,True,False,-0.012890322050927848,-0.0015516089379990312,0.04982206405693956,0.007710557532621509,0.08718861209964412,0.06998813760379585,0.007710557532621509,0.13226571767497042,,,,Q2
3-day,CAR,2021-06-07,early_rising_blue,3,0.03647427897566026,0.009993226679248696,1.9798269859593087,0.04222751406917067,-0.012399244450227895,False,MACD leads signal,-0.025439874481676727,0.033957189286114575,0.03339683962792761,,,,,,,,,,True,False,,,-0.015689790429227912,0.033957189286114575,0.06578504987111944,-0.10243191751653036,0.13672531659755693,0.06578504987111944,-0.1591393029250252,0.1675445477978259,0.06578504987111944,Q3
3-day,CAR,2021-08-06,early_rising_blue,3,0.09200165228741804,0.03383861491480089,2.6492677053608746,-0.11250884085559146,-0.27471929591005073,False,MACD leads signal,-0.047260110074180406,0.055994256999282066,-0.005264417324718829,,,,,,,,,,True,False,,,0.10086145010768144,0.055994256999282066,0.12586743240009568,0.07441971763579813,0.055994256999282066,0.13776022972002866,0.10480976310122037,0.055994256999282066,0.1624790619765495,Q4 steep
3-day,CAR,2021-09-29,early_rising_blue,3,0.04811263299303492,0.013063693174474755,1.3839522356899083,0.3932915264588551,0.32203741913667994,True,MACD leads signal,0.03305364861428939,0.029494024917365746,0.045515721671328,,,,,,,,,,True,False,,,0.17128570217815065,0.029494024917365746,0.177642173065514,0.24747859988134602,0.029494024917365746,0.30638189677091265,0.4688532926519198,0.029494024917365746,0.5361471311128063,Q2
3-day,CAR,2022-01-12,early_rising_blue,3,0.021136284789351922,0.007682229293315246,0.5310278499373129,-0.5225741554443923,-0.5592493593545386,False,MACD leads signal,0.01697474615985417,0.018172350950273364,0.031346003644884046,,,,,,,,,,True,False,,,-0.08831033585003911,0.10122363967716741,0.031346003644884046,-0.14345222598281704,0.16245769330903415,0.031346003644884046,-0.056235355376204166,0.18104660244727944,0.057641239260609156,Q1 weak
3-day,CAR,2022-08-04,early_rising_blue,3,0.1352831324154417,0.04553817731434748,5.086409693261635,-0.26696642976121254,-0.49388119596410357,False,MACD leads signal,0.037122577737719764,0.0223073456511943,0.04219242902208187,,,,,,,,,,True,False,,,0.06506309148264977,0.0223073456511943,0.09283461018476791,-0.039488508337088835,0.040558810274898716,0.12274673276250558,-0.08894772420009023,0.0998760703019379,0.12274673276250558,Q4 steep
3-day,CAR,2022-10-14,early_rising_blue,3,0.1349348423654243,0.04457080997106107,3.7001616928984546,0.16969156082585077,-0.048441377887190634,False,MACD leads signal,0.10794297352342164,-0.026296873128070164,0.13100515155145565,,,,,,,,,,True,False,,,0.32281059063136475,-0.026296873128070164,0.32886006948604285,0.457649454893974,-0.026296873128070164,0.47606924643584514,0.4084701090212053,-0.026296873128070164,0.47606924643584514,Q4 steep
3-day,CAR,2023-01-27,early_rising_blue,3,0.07141200179630064,0.019704320106643802,1.713981747976947,-0.2779537052353208,-0.3816707087907499,False,MACD leads signal,0.02222903571976076,0.028361183504522547,0.02284225049823707,,,,,,,,,,True,False,,,0.08533905667126573,0.028361183504522547,0.19063314425877675,0.09775665593540794,0.028361183504522547,0.2076907353467219,0.13020593796310487,0.028361183504522547,0.28396954366600236,Q2
3-day,CAR,2023-06-06,early_rising_blue,3,0.08824887053522651,0.026709466898223594,2.4875649946932117,-0.1921309575165166,-0.3329320654024521,False,MACD leads signal,0.046858071505958776,-0.005308775731311055,0.07952329360780075,,,,,,,,,,True,False,,,0.11765980498374873,-0.005308775731311055,0.1307150595882991,0.19019501625135438,-0.005308775731311055,0.2412784398699892,0.22806067172264344,-0.005308775731311055,0.2657096424702059,Q3
3-day,CAR,2023-11-10,early_rising_blue,3,0.10220938200860272,0.0321884226477282,2.612249331761799,-0.27182422362243264,-0.433733800331382,False,MACD leads signal,0.0266382525306339,0.0185935002663824,0.08433670751198719,,,,,,,,,,True,False,,,-0.01331912626531695,0.0185935002663824,0.08433670751198719,-0.020618007458710563,0.0384922749067661,0.08433670751198719,0.031326584976025806,0.05684603090037288,0.08576398508257865,Q4 steep
3-day,CAR,2024-02-07,early_rising_blue,3,0.0419649407725317,0.015581891657004049,1.55703941184838,-0.1275751190011086,-0.20091512352505828,False,MACD leads signal,0.014842858001322012,0.028904512949942895,0.015624061054023253,,,,,,,,,,True,False,,,-0.32546121026380626,0.326182320773992,0.030196502614025622,-0.36878793341746285,0.40150832281713844,0.030196502614025622,-0.3284057448470644,0.40150832281713844,0.030196502614025622,Q2
3-day,CAR,2024-03-14,early_rising_blue,3,0.04025515251913736,0.01482229841548495,1.3228196279221678,-0.02979808236280361,-0.10025179127731701,False,MACD leads signal,0.001394700139470073,0.009019060901906073,0.015805671780567243,,,,,,,,,,True,False,,,0.05504416550441649,0.025755462575546173,0.10876708507670863,0.1386331938633194,0.025755462575546173,0.15462575546257562,0.06675964667596479,0.025755462575546173,0.17870757787075786,Q2
3-day,CAR,2024-05-17,early_rising_blue,3,0.10423258501360279,0.04602012601841162,2.461468100253345,0.21231875237652728,0.007036368971518117,True,MACD leads signal,-0.03938804834756149,0.045558279097286825,0.010058321359141198,,,,,,,,,,True,False,,,-0.0597582621925451,0.08798918096526076,0.010058321359141198,-0.04454399459048264,0.08798918096526076,0.010058321359141198,-0.11748795537148171,0.1333784126447468,0.010058321359141198,Q3
3-day,CAR,2024-07-18,early_rising_blue,3,0.06068057557788714,0.019885894923333456,1.7531320526967185,0.06829023741738954,-0.03276982624011087,False,MACD leads signal,-0.0668804397617958,0.06852954649564824,-0.004672469079248787,,,,,,,,,,True,False,,,-0.04040311497938631,0.11442968392120945,-0.004672469079248787,-0.22638570774164002,0.2271644525881814,-0.004672469079248787,-0.19835089326614752,0.2759505267979845,-0.004672469079248787,Q2
3-day,CAR,2024-09-20,early_rising_blue,3,0.1285268922796028,0.03590272046391618,2.6411819957484264,0.03280212846009861,-0.15672730202961616,False,MACD leads signal,-0.041327124563446005,0.042956926658905825,0.05726426076833513,,,,,,,,,,True,False,,,-0.0005820721769500548,0.042956926658905825,0.05726426076833513,0.03643771827706632,0.042956926658905825,0.05726426076833513,-0.07275902211874274,0.1068684516880094,0.05726426076833513,Q4 steep
3-day,CAR,2024-11-21,early_rising_blue,3,0.038635872834560755,0.014582175903083985,1.1181136044589723,0.24946795065239444,0.1798427986737195,True,MACD leads signal,0.010133805588351086,0.010822510822510734,0.025162337662337775,,,,,,,,,,True,False,,,0.07310114128295941,0.010822510822510734,0.10586383313656045,0.008067689885871587,0.03227075954348679,0.10586383313656045,-0.20326643053915783,0.21290830381739478,0.10586383313656045,Q1 weak
3-day,CAR,2025-01-31,early_rising_blue,3,0.05740175086471408,0.024599782316966592,1.2910735764713561,-0.021076103391743012,-0.13280607752520346,False,MACD leads signal,-0.005908584169453723,0.05462653288740249,0.004905239687848395,,,,,,,,,,True,False,,,0.008138238573021317,0.05462653288740249,0.02006688963210701,0.011705685618728978,0.10813823857302118,0.03149386845039026,-0.172463768115942,0.17692307692307696,0.09241917502787067,Q2
3-day,CAR,2025-04-04,early_rising_blue,3,0.15282812201294446,0.048821789399667276,3.0811340025202676,-0.11254785367251918,-0.35337939625249587,False,MACD leads signal,-0.09161849710982661,0.10166184971098269,0.08280346820809248,,,,,,,,,,True,False,,,0.030346820809248554,0.10166184971098269,0.08684971098265892,0.24725433526011553,0.10166184971098269,0.27817919075144504,0.4608381502890173,0.10166184971098269,0.4849710982658959,Q4 steep
3-day,CAR,2025-09-11,early_rising_blue,3,0.08942939282840534,0.03793397957040412,1.8341842070770233,-0.3744079810386133,-0.547263838000072,False,MACD leads signal,-0.009552314844297305,0.016111571037381367,0.009807043240145141,,,,,,,,,,True,False,,,0.00401197223460481,0.032223142074762845,0.02623702477233647,0.027001209959880423,0.032223142074762845,0.06788511749347248,-0.06393682735782968,0.08297777494746228,0.06788511749347248,Q3
3-day,CAR,2026-06-12,early_rising_blue,3,0.06830137422332644,0.024362841446046335,1.7052763910172706,-0.24784301798622388,-0.3647562926975099,False,MACD leads signal,-0.03334758443779395,0.04703398888413857,0.025928815733219368,,,,,,,,,,True,False,,,0.017849508336896136,0.04703398888413857,0.05428334758443776,-0.17069260367678496,0.17667806755023518,0.05428334758443776,-0.14188755878580595,0.228302693458743,0.05428334758443776,Q2
3-day,CAR,2021-06-22,bearish_crossover,7,0.0375288211761076,0.01268570848078343,1.2903477773789906,0.012004740143539902,0.05131243395228889,True,MACD leads signal,0.00824072917967289,0.007241852915470082,0.05918341865401411,,,,,,,,,,False,True,-0.0834646463133936,-0.00982692345218724,0.022349856411536972,0.0404544887002124,0.05918341865401411,-0.06317892371082534,0.07254338868772636,0.05918341865401411,-0.02946684979398173,0.17755025596204266,0.05918341865401411,Q1 weak
3-day,CAR,2021-09-17,bearish_crossover,16,0.08267704276509523,0.047565129399426934,2.222042811257412,0.28162742252511636,0.30022150982698875,True,MACD and signal aligned,-0.00409148132605941,0.03336130927402425,0.004825849769198642,,,,,,,,,,True,True,-0.02783965502886332,-0.004648521825468099,0.17089802769618134,0.03336130927402425,0.18023499790180453,0.27874527906000846,0.03336130927402425,0.3008812421317668,0.5838229122954259,0.03336130927402425,0.6170793117918589,Q3
3-day,CAR,2021-11-05,bearish_crossover,15,0.05804398303700395,0.036303701208976996,1.3294617064628773,0.7390715654978696,0.814362975239473,True,MACD and signal aligned,-0.146507093390708,0.17562025146238147,0.06898372890472682,,,,,,,,,,False,True,-0.09841510544092236,-0.018822852435400828,-0.0536542728434074,0.17562025146238147,0.06898372890472682,0.013917837692462909,0.17562025146238147,0.07375781617696497,-0.14993612586566252,0.17699858804545143,0.07375781617696497,Q2
3-day,CAR,2022-05-09,bearish_crossover,41,0.039430033168037316,0.02075713528610506,2.6838512057924584,0.17597121562403506,0.2109655610352923,True,MACD and signal aligned,-0.032209803749009946,0.06908386869664696,0.06206459561735467,,,,,,,,,,False,True,-0.04638657111959263,-0.00874858635281428,-0.18049810789404197,0.18538238141335917,0.06206459561735467,-0.228812813517557,0.27307929244037665,0.06206459561735467,-0.26049458769691103,0.27307929244037665,0.06206459561735467,Q4 steep
3-day,CAR,2022-09-06,bearish_crossover,13,0.13031972102515602,0.06820428850009311,5.165746975849038,0.18159630313159106,0.1959823444557763,True,MACD and signal aligned,0.08572719643664062,0.03795752372345229,0.0859208572719643,,,,,,,,,,False,True,-0.0673372860209692,-0.0035965103310462987,0.04383190239493895,0.03795752372345229,0.13614356723258658,-0.029694661416306167,0.0687495965399264,0.13614356723258658,0.14950616486992452,0.14898973597572773,0.17661868181524776,Q4 steep
3-day,CAR,2022-11-23,bearish_crossover,15,0.11574816246361294,0.059030452420344035,2.7941219710801097,0.5522970963140232,0.5965043433331233,True,MACD and signal aligned,0.005251582207459915,0.013869563265855755,0.008298397594147078,,,,,,,,,,False,True,-0.058609257345555776,-0.011051811754774987,-0.02473181022487536,0.03770366713048168,0.025539745949100023,-0.1651779702859194,0.17716235019525117,0.025539745949100023,-0.2755060819605907,0.30737465774945016,0.025539745949100023,Q4 steep
3-day,CAR,2023-03-10,bearish_crossover,16,0.0831499418515248,0.04752804997745995,1.2005572781071274,0.3121957761577494,0.3133207474111366,True,MACD and signal aligned,-0.03164095079232687,0.0717264386989157,0.027939949958298405,,,,,,,,,,False,True,-0.06279021131005508,-0.0002812428133467382,-0.08720809007506247,0.10706839032527105,0.027939949958298405,-0.06328190158465397,0.10706839032527105,0.027939949958298405,-0.005994578815679774,0.10706839032527105,0.036645120934111874,Q1 weak
3-day,CAR,2023-05-04,bearish_crossover,4,0.00992373759510573,0.0008103566399602913,0.1641268597152627,-0.2744578102762074,-0.2732696017524712,False,MACD leads signal,0.03204535650459106,-0.017008689221667428,0.05373759783077592,,,,,,,,,,False,True,-0.006561998910116051,-0.00029705213093406124,-0.020829481727984378,0.02674554754421643,0.05373759783077592,-0.012017008689221731,0.029087323596475034,0.05373759783077592,0.07734023541011892,0.029087323596475034,0.09588956677143035,Q1 weak
3-day,CAR,2023-07-28,bearish_crossover,20,0.1077378237226837,0.051594202711402914,4.596232139803978,0.5638751115135001,0.5884817234216382,True,MACD leads signal,0.003236827908649431,0.08406761373853622,0.03497572379068514,,,,,,,,,,False,True,-0.057768795941767204,-0.006151652977034461,0.01128394173709757,0.08406761373853622,0.03497572379068514,0.04198885092609239,0.08406761373853622,0.059341844991907866,-0.014655637475274208,0.08406761373853622,0.059341844991907866,Q4 steep
3-day,CAR,2023-12-22,bearish_crossover,16,0.09933795071945194,0.04372065654605417,3.5733686462921317,0.08978184303071214,0.09806963256305035,True,MACD leads signal,-0.015142371207549354,0.019888078125857245,0.008397432380534253,,,,,,,,,,False,True,-0.021198150420965456,-0.002071947383084541,-0.03631974543259997,0.04336972623031765,0.008397432380534253,-0.0627640313820157,0.10023591375432062,0.008397432380534253,-0.07856476655511069,0.14006693366983047,0.008397432380534253,Q4 steep
3-day,CAR,2024-02-23,bearish_crossover,7,0.04341647849516257,0.016934817361913147,1.7995064049878349,-0.12772292373535385,-0.12591811170156803,False,MACD leads signal,0.02751332825590258,0.020658796648895694,0.048456778370144615,,,,,,,,,,False,True,-0.03619563308763096,-0.0004512030084464491,0.0028560548362528415,0.020658796648895694,0.06954493526275707,0.06397562833206405,0.020658796648895694,0.11985910129474475,0.12842726580350328,0.020658796648895694,0.14280274181264274,Q3
3-day,CAR,2024-04-19,bearish_crossover,14,0.03620256613263379,0.02074654313404901,1.0705072686951316,0.0891613400693646,0.12732898652262492,True,MACD and signal aligned,0.004328578455484511,0.027643876045253313,0.01780619773733383,,,,,,,,,,False,True,-0.05111698156428501,-0.00954191161331508,-0.008853910477127469,0.079881947860305,0.027250368912936418,0.13723561239547455,0.079881947860305,0.16517461878996542,0.16389572060993607,0.079881947860305,0.3010329562223315,Q1 weak
3-day,CAR,2024-06-06,bearish_crossover,8,0.09629413189841707,0.04178628019715008,2.4995103599505852,0.12369489925735586,0.1570946832779221,True,MACD leads signal,-0.00018479164741758147,0.025224059872493765,0.012103852905848589,,,,,,,,,,False,True,-0.06264386196887253,-0.00834994600514155,-0.027533955465212978,0.04550494317656839,0.05077150512796802,0.03834426683913872,0.05266561951399795,0.053312390279959265,-0.028457913702300663,0.06865009701561497,0.06855770119190607,Q4 steep
3-day,CAR,2024-08-05,bearish_crossover,8,0.051624964592764666,0.01893868476223127,1.5807694412814575,-0.012653038029100866,0.05041953965705354,False,MACD leads signal,0.0634826107670321,0.0076226774654597484,0.09266317293949511,,,,,,,,,,False,True,-0.082956675374314,-0.0157681444215386,0.004287756074321081,0.020366841353025134,0.09266317293949511,0.05979037636970008,0.020366841353025134,0.09266317293949511,-0.11243449261553118,0.11380419247260587,0.09266317293949511,Q2
3-day,CAR,2024-10-22,bearish_crossover,12,0.10796168903991125,0.047544848613258944,2.636876459343705,0.21756405407778664,0.25812629234264584,True,MACD leads signal,0.03402385436283728,0.035907093534212176,0.07595731324544874,,,,,,,,,,False,True,-0.05450374085195395,-0.01014055956621479,0.04205900816070307,0.035907093534212176,0.11462649089767729,0.2106716886377904,0.035907093534212176,0.2678983678593847,0.2760828625235403,0.035907093534212176,0.37853107344632764,Q4 steep
3-day,CAR,2024-12-18,bearish_crossover,11,0.04484746406078436,0.022404483317276198,1.1167248068548283,0.29724606396123976,0.36489481096735493,True,MACD leads signal,-0.029947292764734068,0.04168663152850982,0.027671298514614362,,,,,,,,,,False,True,-0.08969270168865884,-0.01691218675152878,-0.03018687110685203,0.04575946334451375,0.027671298514614362,-0.03641590800191674,0.09103977000479169,0.027671298514614362,0.0803186391950168,0.09103977000479169,0.09008145663631995,Q1 weak
3-day,CAR,2025-02-21,bearish_crossover,9,0.05042704693263228,0.02473253033934382,1.2213410445900232,-0.008561050946739632,-0.004154999650602691,False,MACD leads signal,-0.04190585533869107,0.05384615384615388,0.008151549942594816,,,,,,,,,,False,True,-0.027982337283905756,-0.0011015128240342356,-0.14776119402985066,0.15235361653272095,0.008151549942594816,-0.14477611940298507,0.19283122847301948,0.008151549942594816,-0.30355912743972446,0.37967853042479904,0.008151549942594816,Q1 weak
3-day,CAR,2025-06-16,bearish_crossover,24,0.09807424534427285,0.058359249070390855,2.132499199553539,0.8488383496031623,0.86519297623293,True,MACD and signal aligned,0.018190371648110437,0.00929120275991846,0.02509016779049711,,,,,,,,,,False,True,-0.046163375010497054,-0.004088656657441736,0.377842245570017,0.00929120275991846,0.3858789399404108,0.3477340442214205,0.00929120275991846,0.48957189901207454,0.5032930845225025,0.00929120275991846,0.5523757252626627,Q3
3-day,CAR,2025-07-31,bearish_crossover,3,0.03914600149064518,0.005344605082279186,0.7239705184921059,0.48679801372921494,0.6493308891222117,True,MACD leads signal,-0.03624295112781961,0.06220629699248126,-0.020897556390977456,,,,,,,,,,False,True,-0.21800305355538308,-0.04063321884824911,-0.0970982142857143,0.09797932330827075,-0.020897556390977456,-0.08582001879699253,0.11295817669172947,-0.020897556390977456,-0.07054746240601517,0.14993538533834594,-0.018620770676691767,Q1 weak
3-day,CAR,2025-10-23,bearish_crossover,16,0.0794550846645435,0.04167602710324908,1.7676287090088472,-0.08209862789881711,-0.07819669028430216,False,MACD and signal aligned,0.02460193161054547,-0.004959540589924316,0.04770229705037843,,,,,,,,,,False,True,-0.01620841683243679,-0.0009754844036287402,-0.11204646306447408,0.1380833985904465,0.0516183764030278,-0.06480031323414259,0.14917776037588104,0.0516183764030278,-0.14239102062124787,0.18526494387888293,0.0516183764030278,Q3
3-day,CAR,2026-04-27,bearish_crossover,40,0.07830923803055775,0.04200290401701729,3.3216895102543385,0.9152063717137098,0.9302086544665235,True,MACD and signal aligned,-0.03421179237718508,0.17143261880579452,0.09584647458170736,,,,,,,,,,False,True,-0.1892334482470135,-0.003750570688203392,-0.12209333404607903,0.17143261880579452,0.09584647458170736,-0.19527449617790138,0.2334954829742878,0.09584647458170736,-0.11744266851980545,0.24926498102314643,0.09584647458170736,Q4 steep
3-day,CIFR,2022-02-14,early_rising_blue,3,0.17671259490759628,0.059789554544699364,6.58211004918963,-0.3375914731323817,-0.6365906023403419,False,MACD leads signal,0.0032573289902280145,0.026058631921824005,0.061889250814332275,,,,,,,,,,True,False,,,-0.16938110749185664,0.17263843648208466,0.061889250814332275,-0.01628664495113996,0.24104234527687285,0.07491856677524433,-0.03583061889250816,0.24104234527687285,0.07491856677524433,Q4 steep
3-day,CIFR,2022-07-15,early_rising_blue,3,0.07153532303464347,0.02317996375942767,1.7141238357063795,0.05856499694680501,-0.056128234253074547,False,MACD leads signal,0.13793103448275867,0.0,0.2068965517241379,,,,,,,,,,True,False,,,-0.12068965517241381,0.13218390804597702,0.2068965517241379,-0.06321839080459779,0.13218390804597702,0.2068965517241379,0.49425287356321834,0.13218390804597702,0.5316091954022988,Q2
3-day,CIFR,2022-11-04,early_rising_blue,3,0.16551111352565073,0.049648297279996007,5.753964092461199,-0.16360286736968743,-0.4119086265187916,False,MACD leads signal,-0.053091544679921276,0.08477168450950401,0.08149442866506451,,,,,,,,,,True,False,,,0.037797684072536475,0.18243390867380382,0.15796373170198819,-0.027638190954773822,0.18243390867380382,0.19073629014638427,0.036705265457723346,0.18243390867380382,0.19073629014638427,Q4 steep
3-day,CIFR,2023-01-13,early_rising_blue,3,0.18335856598799943,0.0617992576316278,5.2104467486119646,0.17652443712127,-0.12768269221368878,False,MACD leads signal,-0.14585585585585592,0.1711711711711712,0.23423423423423428,,,,,,,,,,True,False,,,0.018018018018017834,0.1711711711711712,0.23423423423423428,0.08108108108108092,0.1711711711711712,0.4413513513513514,0.6486486486486485,0.1711711711711712,1.6126126126126121,Q4 steep
3-day,CIFR,2023-04-14,early_rising_blue,3,0.052209474483987245,0.014985840403617695,1.0015340332765355,0.40327623298880744,0.32528095411973124,True,MACD leads signal,-0.15807560137457044,0.16838487972508598,0.010309278350515427,,,,,,,,,,True,True,,,-0.24398625429553267,0.3024054982817871,0.010309278350515427,-0.27835051546391754,0.3024054982817871,0.010309278350515427,-0.16151202749140903,0.39518900343642616,0.010309278350515427,Q1 weak
3-day,CIFR,2023-05-26,early_rising_blue,3,0.06946757665689347,0.022781584196559623,1.2775356753293434,-0.06855105656304719,-0.178233201175054,False,MACD leads signal,0.06276150627615062,0.04184100418410042,0.08786610878661083,,,,,,,,,,True,False,,,-0.004184100418410108,0.10041841004184104,0.08786610878661083,0.012552301255229992,0.10041841004184104,0.08786610878661083,0.21338912133891208,0.10041841004184104,0.35146443514644354,Q2
3-day,CIFR,2023-09-19,early_rising_blue,3,0.004886607047192515,0.0020152649722223193,0.14227605160507226,-0.33601747113674774,-0.34486742220177147,False,MACD leads signal,-0.11272727272727279,0.11272727272727279,0.025818181818181962,,,,,,,,,,True,True,,,-0.13090909090909086,0.18181818181818177,0.025818181818181962,-0.09454545454545449,0.18181818181818177,0.025818181818181962,-0.06545454545454554,0.18181818181818177,0.040000000000000036,Q1 weak
3-day,CIFR,2023-10-27,early_rising_blue,3,0.06787032650031091,0.018829249031356576,4.2739127274300435,-0.2685228162967139,-0.37209906729938413,False,MACD leads signal,0.003012048192771122,0.054216867469879415,0.1292168674698797,,,,,,,,,,True,False,,,0.16867469879518082,0.054216867469879415,0.28542168674698787,-0.10240963855421681,0.128012048192771,0.28542168674698787,-0.21084337349397586,0.27710843373493976,0.28542168674698787,Q4 steep
3-day,CIFR,2023-12-27,early_rising_blue,3,0.15127575480708577,0.0541725403323606,5.31839240508691,0.2922678970636369,0.028823344648057532,True,MACD leads signal,-0.21631878557874762,0.24098671726755216,-0.02134724857685011,,,,,,,,,,True,False,,,-0.25806451612903214,0.30550284629981017,-0.02134724857685011,-0.33396584440227706,0.37191650853889935,-0.02134724857685011,-0.4781783681214421,0.5910815939278937,-0.02134724857685011,Q4 steep
3-day,CIFR,2024-02-23,early_rising_blue,3,0.07904554546868711,0.03293145186827668,1.512784873415137,0.030500398539943477,-0.11711962612203318,False,MACD leads signal,0.07920792079207928,0.01980198019801971,0.22772277227722793,,,,,,,,,,True,False,,,-0.05940594059405935,0.07260726072607249,0.22772277227722793,0.04290429042904309,0.07260726072607249,0.2640264026402641,0.7227722772277227,0.07260726072607249,0.8085808580858089,Q2
3-day,CIFR,2024-06-14,early_rising_blue,3,0.04013570200419153,0.011591132380387954,1.22384523248611,0.015251846124757357,-0.04906309412288798,False,MACD leads signal,0.012121212121211977,0.06666666666666665,0.04646464646464632,,,,,,,,,,True,False,,,-0.13737373737373748,0.1575757575757576,0.18987878787878776,-0.16161616161616155,0.1828282828282829,0.18987878787878776,0.2080808080808081,0.1828282828282829,0.21010101010101012,Q2
3-day,CIFR,2024-07-19,early_rising_blue,3,0.046538661176961725,0.01231263076473197,1.662048667535208,0.2043843439432542,0.13504437929143484,True,MACD leads signal,-0.07592891760904696,0.08077544426494343,0.05977382875605808,,,,,,,,,,True,False,,,-0.14216478190630055,0.15589660743134093,0.05977382875605808,-0.3457189014539581,0.4588045234248789,0.05977382875605808,-0.36187399030694667,0.4588045234248789,0.05977382875605808,Q2
3-day,CIFR,2024-10-01,early_rising_blue,3,0.10332573928262503,0.03646695398550581,4.228940451107355,-0.21249458110715497,-0.39057283553059263,False,MACD leads signal,0.14525139664804465,0.019553072625698387,0.17597765363128492,,,,,,,,,,True,False,,,0.025139664804469275,0.019553072625698387,0.17597765363128492,0.3994413407821229,0.019553072625698387,0.4077932960893855,0.3770949720670389,0.019553072625698387,0.6340782122905027,Q4 steep
3-day,CIFR,2025-02-07,early_rising_blue,3,0.04878946334100151,0.01610796271850881,1.1802210264855675,-0.19396217842608815,-0.2749578364774512,False,MACD leads signal,-0.0016750418760468344,0.010887772194304812,0.03015075376884435,,,,,,,,,,True,False,,,0.015075376884422065,0.0737018425460636,0.03433835845896138,-0.08040201005025116,0.08375209380234505,0.07788944723618085,-0.34840871021775544,0.44554438860971524,0.07788944723618085,Q2
3-day,CIFR,2025-04-23,early_rising_blue,3,0.09255243633781968,0.027769768188037613,1.7263337753697627,-0.37766472442083543,-0.5246454894951263,False,MACD leads signal,0.0769230769230771,0.01748251748251739,0.11013986013986021,,,,,,,,,,True,False,,,0.104895104895105,0.03146853146853146,0.15384615384615374,0.09090909090909105,0.03146853146853146,0.15384615384615374,0.21328671328671334,0.03146853146853146,0.3671328671328673,Q2
3-day,CIFR,2025-07-10,early_rising_blue,3,0.05445661668894011,0.014882805305883928,1.6307921414044462,0.4898140800771207,0.4091868480982176,True,MACD leads signal,-0.059294871794871806,0.0608974358974359,0.03685897435897423,,,,,,,,,,True,False,,,0.019230769230769162,0.0689102564102565,0.08008012820512822,0.03685897435897423,0.0689102564102565,0.13782051282051277,-0.23878205128205132,0.27081730769230783,0.13782051282051277,Q2
3-day,CIFR,2025-09-08,early_rising_blue,3,0.0830838881795885,0.027754460509672684,2.168993877066312,0.1924936145707366,0.06310212931480444,True,MACD leads signal,0.2914507772020727,-0.023316062176165886,0.38277202072538863,,,,,,,,,,True,False,,,0.6036269430051815,-0.023316062176165886,0.6398963730569949,0.8329015544041452,-0.023316062176165886,0.9085880829015545,1.2797927461139897,-0.023316062176165886,1.343264248704663,Q3
3-day,CIFR,2025-12-12,early_rising_blue,3,0.04174454906531752,0.014903942260707945,0.8498119209495271,-0.17172636860365226,-0.2408302124377896,False,MACD leads signal,-0.12082111436950149,0.19824046920821115,0.006451612903225712,,,,,,,,,,True,False,,,-0.04164222873900303,0.19824046920821115,0.011143695014662613,-0.10909090909090913,0.19824046920821115,0.011143695014662613,0.036950146627565905,0.19824046920821115,0.07390029325513181,Q1 weak
3-day,CIFR,2026-04-17,early_rising_blue,3,0.12896994796053157,0.0400867524889747,5.957748702905291,-0.025966336832032227,-0.23457115790380323,False,MACD leads signal,-0.06866288074341775,0.08259679917398044,0.026329375322663884,,,,,,,,,,True,False,,,-0.06246773360867319,0.08259679917398044,0.04491481672689712,-0.12028910686628813,0.1491997934950955,0.04491481672689712,-0.012906556530717594,0.1491997934950955,0.18559628291171903,Q4 steep
3-day,CIFR,2021-11-22,bearish_crossover,9,0.035605161185608386,0.014504354546032178,1.8477985998831963,0.09920700387233652,0.1266249789897779,True,MACD leads signal,-0.05910735826296731,0.08504221954161628,0.00361881785283491,,,,,,,,,,False,True,-0.043373714677067715,-0.006854493779360343,-0.07237635705669465,0.13389626055488535,0.00361881785283491,-0.2412545235223159,0.25090470446320856,0.00361881785283491,-0.3992762364294329,0.47527141133896256,0.00361881785283491,Q3
3-day,CIFR,2022-04-18,bearish_crossover,23,0.16324850972127997,0.07950967716314593,4.3610801401648205,0.5028519463905584,0.5142414192165781,True,MACD leads signal,-0.02127659574468077,0.03343465045592697,0.04863221884498481,,,,,,,,,,False,True,-0.02933668937957845,-0.0028473682065048855,-0.09726443768996951,0.12401215805471122,0.04863221884498481,-0.03343465045592697,0.13677811550151986,0.04863221884498481,-0.44680851063829785,0.60790273556231,0.04863221884498481,Q4 steep
3-day,CIFR,2022-08-25,bearish_crossover,15,0.05307915630108097,0.020944434599413298,1.7276125605811838,0.16701099490509544,0.16867025646996706,True,MACD leads signal,-0.037634408602150615,0.06182795698924726,0.021505376344086002,,,,,,,,,,False,True,-0.0221191630903525,-0.00041481539121790423,-0.06989247311827962,0.08064516129032262,0.12365591397849451,-0.10215053763440873,0.27956989247311825,0.12365591397849451,-0.30645161290322587,0.30645161290322587,0.12365591397849451,Q3
3-day,CIFR,2022-12-02,bearish_crossover,11,0.13543070285993272,0.057967408987313555,4.078319899925216,0.04274020611745205,0.05480943939143719,True,MACD leads signal,-0.001052631578947416,0.08463157894736839,0.06315789473684208,,,,,,,,,,False,True,-0.0484064499752572,-0.0030173083184962812,-0.17894736842105252,0.20631578947368412,0.06315789473684208,-0.368421052631579,0.368421052631579,0.06315789473684208,-0.31442105263157893,0.5981052631578947,0.06315789473684208,Q4 steep
3-day,CIFR,2023-03-02,bearish_crossover,17,0.16379266967177403,0.06768102799935155,2.8699422716367895,0.6746484102330668,0.6919386065029016,True,MACD leads signal,0.012578616352201255,0.04402515723270439,0.03459119496855334,,,,,,,,,,False,True,-0.05893232665736092,-0.004322549067458659,-0.16981132075471694,0.20754716981132082,0.03459119496855334,0.4591194968553458,0.20754716981132082,0.6352201257861636,0.46540880503144644,0.20754716981132082,0.6352201257861636,Q4 steep
3-day,CIFR,2023-04-21,bearish_crossover,4,0.04790096570734111,0.010286227828106564,0.9836741248331577,0.24388086171859652,0.31440493021036886,True,MACD leads signal,-0.0265486725663715,0.10176991150442483,0.004424778761062065,,,,,,,,,,False,True,-0.11517505846903858,-0.017631017122943127,-0.07079646017699104,0.10176991150442483,0.12831858407079655,-0.022123893805309658,0.10176991150442483,0.12831858407079655,0.10176991150442505,0.22123893805309724,0.12831858407079655,Q1 weak
3-day,CIFR,2023-07-24,bearish_crossover,21,0.05051865925214857,0.025672897733622486,1.1131743789464243,0.297143341258947,0.3118926723396875,True,MACD and signal aligned,-0.12219451371571066,0.12219451371571066,0.03224438902743154,,,,,,,,,,False,True,-0.10277119092839138,-0.0036873327701851255,-0.06982543640897754,0.15586034912718205,0.03224438902743154,-0.06982543640897754,0.21197007481296748,0.03224438902743154,-0.22693266832917702,0.3453865336658354,0.03224438902743154,Q1 weak
3-day,CIFR,2023-09-25,bearish_crossover,4,0.005607037566999947,0.0016024488910718244,0.1884903401897835,-0.36081055735368284,-0.3476318677609163,False,MACD leads signal,0.021367521367521514,0.038461538461538436,0.06837606837606836,,,,,,,,,,False,True,-0.01859426934714531,-0.003294672398191645,0.06410256410256432,0.038461538461538436,0.17521367521367526,0.1068376068376069,0.038461538461538436,0.17521367521367526,0.512820512820513,0.038461538461538436,0.5256410256410258,Q1 weak
3-day,CIFR,2023-11-24,bearish_crossover,11,0.08747708253228094,0.04153889638029941,3.6057329823639632,0.07101763482918916,0.076612595951056,True,MACD leads signal,-0.026022304832713727,0.040892193308550095,0.0074349442379182396,,,,,,,,,,False,True,-0.08493503722533002,-0.001398740280466701,0.09293680297397766,0.040892193308550095,0.11710037174721188,0.08178438661710041,0.052044609665427566,0.2007434944237918,0.4981412639405205,0.14869888475836424,0.6022304832713754,Q4 steep
3-day,CIFR,2024-01-12,bearish_crossover,8,0.13102056348765256,0.05055719034639265,4.600237586643781,0.27408093167558173,0.2915906815109311,True,MACD leads signal,-0.14110429447852757,0.15337423312883436,-0.04601226993865026,,,,,,,,,,False,True,-0.09306938989509267,-0.004377437458837341,-0.1595092024539876,0.24539877300613488,-0.04601226993865026,-0.04601226993865026,0.33895705521472397,-0.015337423312883347,0.07361963190184051,0.33895705521472397,0.2147239263803682,Q4 steep
3-day,CIFR,2024-04-16,bearish_crossover,19,0.0607727818195883,0.02797328499408385,1.2450326618059475,0.2612284790032171,0.284200567035891,True,MACD leads signal,0.1428571428571428,0.017857142857142905,0.1875,,,,,,,,,,False,True,-0.07012072470342778,-0.005743022008168452,0.31845238095238093,0.017857142857142905,0.48809523809523814,0.09821428571428581,0.017857142857142905,0.48809523809523814,0.21130952380952395,0.017857142857142905,0.48809523809523814,Q1 weak
3-day,CIFR,2024-07-12,bearish_crossover,11,0.043468344598137254,0.020060884969403583,1.5029023942554849,0.10223399416258934,0.11019714180513093,True,MACD leads signal,0.2777777777777779,-0.040598290598290676,0.27991452991453003,,,,,,,,,,True,False,-0.015002484410808453,-0.001990786910635395,0.32264957264957284,-0.040598290598290676,0.7072649572649574,0.24358974358974383,-0.040598290598290676,0.7072649572649574,-0.1303418803418802,0.2841880341880342,0.7072649572649574,Q2
3-day,CIFR,2024-08-05,bearish_crossover,7,0.03501375621421588,0.014302778727091809,1.3593293779079296,0.10283600677283722,0.1819689405528916,True,MACD leads signal,0.06913580246913598,0.0493827160493826,0.09876543209876543,,,,,,,,,,False,True,-0.10727310175989077,-0.019783233445013593,-0.09876543209876543,0.09876543209876543,0.09876543209876543,-0.024691358024691246,0.09876543209876543,0.09876543209876543,-0.26543209876543206,0.2787160493827161,0.09876543209876543,Q2
3-day,CIFR,2024-11-29,bearish_crossover,22,0.0871373462787093,0.05083830560188238,2.4879789712725455,0.5513239600511338,0.5823778894559208,True,MACD and signal aligned,-0.07611940298507458,0.11044776119402988,0.006716417910447747,,,,,,,,,,False,True,-0.047815144179222946,-0.007763482351196727,-0.047761194029850795,0.11044776119402988,0.12462686567164183,-0.08507462686567169,0.11044776119402988,0.12462686567164183,-0.30447761194029854,0.32686567164179114,0.14477611940298507,Q4 steep
3-day,CIFR,2025-03-03,bearish_crossover,10,0.05358640785251021,0.026275110588396718,1.2280600813803713,-0.07066389016365554,-0.04702991215226595,False,MACD leads signal,-0.01558441558441559,0.14023376623376627,0.08051948051948044,,,,,,,,,,False,True,-0.0845111736411693,-0.005908494502847396,-0.16883116883116878,0.2545454545454545,0.08051948051948044,-0.2545454545454545,0.25714285714285723,0.08051948051948044,-0.3116883116883117,0.4337662337662337,0.08051948051948044,Q1 weak
3-day,CIFR,2025-06-20,bearish_crossover,21,0.11558850422040758,0.05422689308171973,3.9928986317580417,0.39229120224976854,0.39780217433854653,True,MACD leads signal,0.0158311345646438,0.13192612137203164,0.04221635883905006,,,,,,,,,,False,True,-0.017710036866915413,-0.0013777430221944553,0.2928759894459103,0.13192612137203164,0.3192612137203166,0.5277044854881265,0.13192612137203164,0.7018469656992086,0.8311345646437995,0.13192612137203164,0.8733509234828496,Q4 steep
3-day,CIFR,2025-08-01,bearish_crossover,10,0.054130902076006786,0.02524740533463241,1.5327314680166084,0.5453047990483992,0.6148329718610277,True,MACD leads signal,0.05679513184584173,0.0040567951318457585,0.05679513184584173,,,,,,,,,,False,True,-0.11763565467273329,-0.01738204320315706,-0.04259634888438135,0.07705882352941185,0.0730223123732252,0.22718052738336714,0.07705882352941185,0.2778904665314401,0.6876267748478704,0.07705882352941185,0.7809330628803246,Q2
3-day,CIFR,2025-09-29,bearish_crossover,9,0.07216803556055883,0.02972329316699127,2.011305903291795,0.25217919383707305,0.2721493377230767,True,MACD leads signal,0.09169960474308292,0.04031620553359683,0.14150988142292475,,,,,,,,,,False,True,-0.0990438602813295,-0.0049925359715009,0.39130434782608714,0.04031620553359683,0.43003952569169956,0.6513833992094862,0.04031620553359683,0.6980237154150197,0.5486166007905138,0.04031620553359683,0.7391304347826086,Q3
3-day,CIFR,2026-02-05,bearish_crossover,20,0.031055805521164104,0.014883109581653342,1.0832647865100569,0.0050048207009220705,0.009184944087952753,True,MACD leads signal,0.15984251968503949,-0.059055118110236116,0.17007874015748037,,,,,,,,,,False,True,-0.04609713513253837,-0.0010450308467576698,0.29291338582677184,-0.059055118110236116,0.41417322834645676,0.15354330708661434,-0.059055118110236116,0.41417322834645676,0.07244094488188968,-0.059055118110236116,0.41417322834645676,Q1 weak
3-day,CIFR,2026-06-08,bearish_crossover,19,0.09551579415504069,0.045461546596639736,4.398076708470227,0.4457250130835832,0.45820457551305926,True,MACD leads signal,-0.06834088102099634,0.14812680115273769,0.05310827501029225,,,,,,,,,,False,True,-0.04464935262239317,-0.003119890607368947,0.0848085631947304,0.14812680115273769,0.1597365170852203,0.13791683820502265,0.14812680115273769,0.24083985179086054,-0.08974886784685054,0.2019349526554136,0.24083985179086054,Q4 steep
3-day,DJT,2024-07-24,early_rising_blue,3,0.031350333226105434,0.011135125789380779,5.57968483193123,-0.13379658516132636,-0.18531153407484519,False,MACD leads signal,0.027106466361854986,0.02841280209013719,0.03135205747877201,,,,,,,,,,True,False,,,-0.046048334421946446,0.15480078380143703,0.03135205747877201,-0.13977792292619207,0.18027433050293928,0.03135205747877201,-0.25506205094709344,0.30339647289353366,0.03135205747877201,Q4 steep
3-day,DJT,2024-10-01,early_rising_blue,3,0.0677530492953157,0.018776206391923733,2.974875249365383,-0.36251468753922267,-0.469435384231636,False,MACD leads signal,0.021039603960395947,0.06745049504950495,0.0365099009900991,,,,,,,,,,True,False,,,0.49257425742574257,0.06745049504950495,0.516089108910891,0.9344059405940595,0.06745049504950495,1.0946782178217824,1.1868811881188122,0.06745049504950495,2.383663366336634,Q4 steep
3-day,DJT,2025-04-25,early_rising_blue,3,0.22651420672517233,0.07986154430556713,7.511736129035983,-0.16344624198751884,-0.5540386570894109,False,MACD leads signal,-0.044376434583014546,0.05241009946442243,0.01377199693955622,,,,,,,,,,True,False,,,-0.07192042846212698,0.10940703902065796,0.01377199693955622,-0.047819433817903545,0.10940703902065796,0.01377199693955622,-0.2031369548584545,0.2130833970925784,0.06273909716908954,Q4 steep
3-day,DJT,2025-07-22,early_rising_blue,3,0.053184778474614516,0.017617387998841147,1.3576061413562304,-0.11089017481043548,-0.20025956768939843,False,MACD leads signal,-0.03575025176233637,0.05287009063444115,0.015609264853978067,,,,,,,,,,True,False,,,-0.11430010070493457,0.1198388721047331,0.015609264853978067,-0.1817724068479355,0.1958660624370594,0.015609264853978067,-0.12487411883182276,0.1958660624370594,0.015609264853978067,Q2
3-day,DJT,2025-08-22,early_rising_blue,3,0.01789127866643562,0.005233196812854777,0.34346983278250204,0.005259849896613194,-0.021599032370682874,False,MACD leads signal,0.002797985450475604,0.03693340794627864,0.0615556799104644,,,,,,,,,,True,False,,,-0.044208170117515544,0.06754336877448242,0.0615556799104644,-0.045886961387800795,0.08086177951874651,0.0615556799104644,-0.022383883603805388,0.08086177951874651,0.0615556799104644,Q1 weak
3-day,DJT,2025-10-08,early_rising_blue,3,0.021946771231063714,0.007515744355200596,0.6733125858780822,-0.01741370241552226,-0.05417961860609634,False,MACD leads signal,-0.07473928157589804,0.07502896871378917,0.012166859791425066,,,,,,,,,,True,False,,,-0.06257242178447286,0.10486674391657025,0.012166859791425066,-0.07879490150637314,0.10776361529548095,0.012166859791425066,-0.24101969872537665,0.26419466975666295,0.012166859791425066,Q1 weak
3-day,DJT,2025-12-01,early_rising_blue,3,0.13687778960809152,0.03862860461162293,4.523945263951159,-0.08104047260249297,-0.28480948899953945,False,MACD leads signal,0.0767123287671232,0.004913242009132346,0.084337899543379,,,,,,,,,,True,False,,,0.03196347031963476,0.004913242009132346,0.084337899543379,-0.020091324200913085,0.05388127853881275,0.084337899543379,0.20913242009132427,0.05388127853881275,0.5607305936073059,Q4 steep
3-day,DJT,2026-04-09,early_rising_blue,3,0.10182388119711402,0.03536380664610042,2.4211339409410355,-0.22652269514572998,-0.39987624101416075,False,MACD leads signal,0.01403887688984895,-0.005032397408207379,0.022138228941684712,,,,,,,,,,True,False,,,0.10799136069114468,0.005399568034557101,0.13930885529157688,0.009719222462202914,0.026457883369330415,0.13930885529157688,-0.0356371490280778,0.06047516198704106,0.13930885529157688,Q3
3-day,DJT,2026-06-11,early_rising_blue,3,0.05656064892787638,0.024672080418870104,1.1527083548042802,0.036095585388808304,-0.0712065002816078,False,MACD leads signal,-0.054545454545454564,0.054545454545454564,0.0012000000000000899,,,,,,,,,,True,False,,,,,,,,,,,,Q2
3-day,DJT,2024-08-09,bearish_crossover,8,0.028366708763932484,0.009739959085987057,2.649906887660464,-0.1682485600830534,-0.1488771458789301,False,MACD leads signal,-0.0854635635253721,0.11446012972148034,0.03700877527661195,,,,,,,,,,False,True,-0.024975172860701444,-0.004842853551030812,-0.18294544067149954,0.1861884776802748,0.03700877527661195,-0.17130866081648233,0.1861884776802748,0.03700877527661195,-0.28920259442960705,0.3628386112170927,0.03700877527661195,Q4 steep
3-day,DJT,2024-11-18,bearish_crossover,18,0.1206520013159697,0.06586079890768995,2.9160325909416147,0.6932626378984427,0.7268011686445806,True,MACD and signal aligned,-0.06985967053081155,0.12263575350823674,-0.027477120195241067,,,,,,,,,,False,True,-0.0729102242295161,-0.008384632686534332,-0.07138499084807814,0.12263575350823674,-0.027477120195241067,0.02684563758389258,0.12263575350823674,0.05064063453325196,0.07748627211714454,0.12263575350823674,0.18451799877974362,Q4 steep
3-day,DJT,2025-01-31,bearish_crossover,3,0.009525778413101243,0.0024311717810652908,0.20437271503018545,-0.015252411589797333,-0.006956321182964046,False,MACD leads signal,-0.038920276208411764,0.058380414312617646,-0.016321406151914575,,,,,,,,,,False,True,-0.01347204651465424,-0.002074022601708322,-0.020401757689893274,0.05869428750784689,0.02322661644695545,-0.04613935969868166,0.06622724419334591,0.02322661644695545,-0.27118644067796616,0.27432517263025735,0.02322661644695545,Q1 weak
3-day,DJT,2025-05-30,bearish_crossover,13,0.20077330530851453,0.09894820752364918,7.348964475279243,0.3123189193493978,0.33721790992602074,True,MACD leads signal,0.025785278949835844,0.030473511486169613,0.05016408813877171,,,,,,,,,,False,True,-0.07177964311815821,-0.006224747644155759,-0.019690576652601877,0.07313642756680727,0.05016408813877171,-0.12470698546647896,0.12892639474917955,0.05016408813877171,-0.16877637130801681,0.19503047351148606,0.05016408813877171,Q4 steep
3-day,DJT,2025-08-12,bearish_crossover,9,0.05472013857683944,0.02479820387835104,1.3738118482757098,-0.034226890769631646,-0.029511421418748764,False,MACD leads signal,0.0595647193585338,0.005727376861397571,0.060710194730813294,,,,,,,,,,True,True,-0.03811239020086567,-0.001178867337720723,-0.004581901489118079,0.04695876288659795,0.061855670103092786,0.026345933562428536,0.04695876288659795,0.08648339060710186,-0.030927835051546393,0.05927835051546393,0.08648339060710186,Q2
3-day,DJT,2025-09-08,bearish_crossover,7,0.01570421018654587,0.005842792201396151,0.33899421265805585,-0.01988682017759606,-3.1641245540543414e-05,False,MACD leads signal,-0.007624633431084993,0.0181818181818183,0.006457478005865047,,,,,,,,,,False,True,-0.02972970581085258,-0.004963794733013879,-0.007624633431084993,0.02111436950146628,0.03284457478005853,0.02463343108504379,0.02111436950146628,0.04985337243401755,0.012316715542522116,0.04105571847507328,0.05395894428152492,Q1 weak
3-day,DJT,2025-10-17,bearish_crossover,5,0.019946680200587704,0.005669151440037716,0.7324721021226595,-0.06177939416459628,-0.047353241336518886,False,MACD leads signal,-0.011742892459826959,0.01792336217552526,0.0074474660074166366,,,,,,,,,,False,True,-0.029556139193026514,-0.0036065382070193455,-0.021013597033374576,0.04820766378244745,0.0074474660074166366,-0.05284301606922126,0.0599505562422743,0.02781211372064263,-0.31582200247218783,0.3195302843016069,0.02781211372064263,Q1 weak
3-day,DJT,2026-01-21,bearish_crossover,19,0.12581263044667315,0.0560743644307215,4.262635276153959,0.5506793964298015,0.5693811053162854,True,MACD leads signal,0.02830856334041032,0.0007077140835103357,0.08740268931351736,,,,,,,,,,False,True,-0.03378413354257248,-0.0046754272216208426,-0.09554140127388544,0.10403397027600858,0.08740268931351736,-0.22894550601556973,0.2292993630573248,0.08740268931351736,-0.2845010615711253,0.2993630573248408,0.08740268931351736,Q4 steep
3-day,DJT,2026-05-12,bearish_crossover,13,0.1053634456061622,0.05353439651080568,2.291141655888323,0.09857699749994742,0.14426366746149796,True,MACD and signal aligned,-0.0068728522336770626,0.019473081328751474,0.044673539518900185,,,,,,,,,,False,True,-0.07119128293970028,-0.011421667490387616,-0.0893470790378007,0.09965635738831613,0.044673539518900185,-0.018327605956471982,0.09965635738831613,0.044673539518900185,-0.054982817869415834,0.11225658648339065,0.1053837342497137,Q3
3-day,FLNC,2022-03-04,early_rising_blue,3,0.09766156052066408,0.031212764278994498,1.34520885714109,-0.2723091620897145,-0.4249933854650574,False,MACD leads signal,-0.018924302788844605,0.02191235059760943,0.06175298804780893,,,,,,,,,,True,False,,,0.08366533864541847,0.02191235059760943,0.29083665338645437,0.41135458167330685,0.02191235059760943,0.4173306772908367,0.356573705179283,0.02191235059760943,0.4960159362549801,Q2
3-day,FLNC,2022-05-24,early_rising_blue,3,0.10422829377140658,0.0321237016537267,1.4676568216559205,0.013007512201477722,-0.14922232236137248,False,MACD leads signal,0.1670560747663552,0.015186915887850594,0.16822429906542058,,,,,,,,,,True,False,,,0.26168224299065423,0.015186915887850594,0.264018691588785,0.09112149532710268,0.015186915887850594,0.4789719626168223,0.03855140186915884,0.05140186915887868,0.4789719626168223,Q2
3-day,FLNC,2022-11-17,early_rising_blue,3,0.051156843732709234,0.017241807559283368,1.6276821110993052,-0.34113353629302795,-0.4278363267428975,False,MACD leads signal,-0.02059925093632964,0.04806491885143571,0.03745318352059934,,,,,,,,,,True,False,,,0.15855181023720344,0.10112359550561789,0.1710362047440701,0.056179775280899014,0.10112359550561789,0.1710362047440701,0.2440699126092385,0.12484394506866414,0.45911360799001244,Q2
3-day,FLNC,2023-01-31,early_rising_blue,3,0.08840153102110188,0.034385452814121496,1.9167628595509394,0.29313408171683647,0.1307426027408458,True,MACD leads signal,-0.10149130074565038,0.12220381110190548,0.055923777961888854,,,,,,,,,,True,False,,,0.004971002485501197,0.1379453189726596,0.10936205468102744,-0.036868268434134266,0.1694283347141673,0.10936205468102744,-0.20463960231980116,0.2391714995857499,0.10936205468102744,Q3
3-day,FLNC,2023-04-13,early_rising_blue,3,0.06353692160200561,0.023355221613660215,1.7643408631652895,-0.10573793956241093,-0.2195340626316185,False,MACD leads signal,-0.01974288337924701,0.03948576675849402,0.01974288337924701,,,,,,,,,,True,False,,,-0.0757575757575758,0.11019283746556485,0.01974288337924701,-0.1707988980716254,0.19834710743801653,0.01974288337924701,0.03305785123966931,0.2736455463728191,0.10284664830119361,Q3
3-day,FLNC,2023-05-22,early_rising_blue,3,0.07474953212675314,0.020889993737553795,1.8261558263706836,0.09115382024448282,-0.018455727418823724,False,MACD leads signal,-0.02586584831214378,0.05743095133713283,0.03156510302498905,,,,,,,,,,True,False,,,0.08724243752740035,0.05743095133713283,0.10828583954405979,0.17799210872424376,0.05743095133713283,0.1959666812801404,0.1389741341516879,0.05743095133713283,0.295484436650592,Q3
3-day,FLNC,2023-09-15,early_rising_blue,3,0.037902022556331974,0.01691484618815567,0.9430529526806599,-0.12659848626246484,-0.20201036364805838,False,MACD leads signal,-0.0511093502377179,0.05309033280507136,0.0023771790808242432,,,,,,,,,,True,False,,,-0.10063391442155312,0.14738510301109342,0.0023771790808242432,-0.08914421553090335,0.1477812995245641,0.0023771790808242432,-0.15412044374009493,0.23197305863708384,0.0023771790808242432,Q1 weak
3-day,FLNC,2023-11-21,early_rising_blue,3,0.07848921793964095,0.025493774944107567,2.7583344630635005,-0.3206426410780514,-0.4488008238190883,False,MACD leads signal,-0.002116402116402072,0.022751322751322745,0.03809523809523818,,,,,,,,,,True,False,,,0.32698412698412693,0.02804232804232787,0.4015873015873017,0.18518518518518512,0.02804232804232787,0.47089947089947115,0.31798941798941804,0.02804232804232787,0.47089947089947115,Q4 steep
3-day,FLNC,2024-04-01,early_rising_blue,3,0.09684046621157041,0.029963821503964094,1.9704759013330793,-0.14062239672791937,-0.2936841961861943,False,MACD leads signal,-0.04133180252583246,0.1096440872560277,-0.0011481056257177658,,,,,,,,,,True,False,,,-0.039035591274397374,0.1096440872560277,0.008036739380022695,-0.07864523536165335,0.12169919632606208,0.008036739380022695,0.04133180252583224,0.14351320321469585,0.09357060849598153,Q3
3-day,FLNC,2024-08-26,early_rising_blue,3,0.07221506310213008,0.02410632391527054,2.3119186117824904,-0.13243998462989054,-0.25382266924782754,False,MACD leads signal,-0.049844236760124616,0.07113187954309452,-0.0015576323987539498,,,,,,,,,,True,False,,,-0.0389408099688473,0.1225337487019732,-0.0015576323987539498,-0.017653167185877505,0.1225337487019732,0.012461059190031154,0.12253374870197287,0.1225337487019732,0.1941848390446521,Q3
3-day,FLNC,2025-04-23,early_rising_blue,3,0.03371623675676544,0.016703000938638773,1.3934031425995776,-0.3092894195496926,-0.3791770686218837,False,MACD leads signal,0.1389645776566757,0.004087193460490468,0.15667574931880113,,,,,,,,,,True,False,,,0.18256130790190728,0.004087193460490468,0.23392370572207088,0.31335149863760225,0.004087193460490468,0.33514986376021816,0.3297002724795641,0.004087193460490468,0.7779291553133516,Q2
3-day,FLNC,2025-07-10,early_rising_blue,3,0.03513130893909211,0.01084720503559064,1.1392723753880047,0.39090221346587994,0.33689704350294086,True,MACD leads signal,-0.046674445740956916,0.0676779463243874,-0.004667444574095736,,,,,,,,,,True,False,,,0.04550758459743287,0.1073512252042007,0.05075845974329063,0.09451575262543765,0.1073512252042007,0.207117852975496,0.07234539089848302,0.11551925320886813,0.207117852975496,Q2
3-day,FLNC,2025-10-02,early_rising_blue,3,0.11481348990450667,0.0381569108344996,2.7431422683517392,0.18257389433234852,-0.0059514935686169335,False,MACD leads signal,0.056704980842911645,0.003831417624521105,0.08965517241379306,,,,,,,,,,True,False,,,0.0030651340996168397,0.005363984674329525,0.21149425287356327,0.40421455938697304,0.005363984674329525,0.6950191570881226,0.6091954022988504,0.005363984674329525,0.6950191570881226,Q4 steep
3-day,FLNC,2025-12-19,early_rising_blue,3,0.06196671293714206,0.03147470867255285,1.0519902467233688,0.017885773590823342,-0.11357790306494922,False,MACD and signal aligned,0.024549098196392727,0.02114228456913836,0.04959919839679361,,,,,,,,,,True,False,,,0.01252505010020033,0.04258517034068143,0.05961923847695383,0.15280561122244496,0.04258517034068143,0.1583166332665331,0.3567134268537073,0.04258517034068143,0.39929859719438876,Q1 weak
3-day,FLNC,2026-03-25,early_rising_blue,3,0.011839238498438487,0.004676116041732681,0.3214315299922696,-0.5202736413573215,-0.5426505613002426,False,MACD leads signal,-0.13455657492354745,0.14000000000000012,-0.018654434250764518,,,,,,,,,,True,False,,,-0.1865443425076453,0.2587155963302753,-0.018654434250764518,-0.17064220183486245,0.2587155963302753,-0.018654434250764518,-0.18165137614678906,0.2587155963302753,-0.018654434250764518,Q1 weak
3-day,FLNC,2026-04-24,early_rising_blue,3,0.0379632545829553,0.0144383763513522,0.9967363274630019,-0.4988850418264802,-0.5670672353779554,False,MACD leads signal,-0.001494768310911887,0.06091180866965629,0.04035874439461873,,,,,,,,,,True,False,,,-0.08893871449925272,0.15284005979073245,0.04035874439461873,0.8056801195814647,0.15284005979073245,1.0164424514200299,0.6061285500747382,0.15284005979073245,1.0470852017937218,Q1 weak
3-day,FLNC,2022-04-14,bearish_crossover,16,0.09522453830647949,0.052888631085324295,1.3576159997152328,0.2442565313510766,0.29459338249015155,True,MACD and signal aligned,0.0019860973187686426,0.04170804369414105,0.0059384309831180815,,,,,,,,,,False,True,-0.0788810604152978,-0.012584212784768734,-0.06752730883813307,0.09533267130089385,0.08937437934458803,-0.08937437934458792,0.1469712015888779,0.08937437934458803,-0.2750744786494539,0.5074478649453824,0.08937437934458803,Q2
3-day,FLNC,2022-09-02,bearish_crossover,34,0.05827083479610513,0.029973784556755673,1.7988725055277395,0.7049023377698207,0.7409231640320775,True,MACD and signal aligned,0.006080707573244748,0.05030403537866224,0.022664455500276404,,,,,,,,,,False,True,-0.05897748952427195,-0.009005206565564139,0.04588170259812063,0.05030403537866224,0.08347153123272544,0.008291873963515606,0.05030403537866224,0.11442786069651745,-0.1393034825870647,0.2371475953565505,0.11442786069651745,Q3
3-day,FLNC,2023-01-04,bearish_crossover,17,0.06896581353087208,0.035527276234670876,1.4374133849068065,0.10553722816610914,0.1429810130731343,True,MACD and signal aligned,0.01045510455104548,0.04366543665436662,0.01845018450184477,,,,,,,,,,False,True,-0.06535672319392882,-0.009360946226756262,0.3579335793357932,0.04366543665436662,0.3979089790897907,0.38622386223862226,0.04366543665436662,0.4255842558425582,0.34993849938499366,0.04366543665436662,0.5676506765067648,Q2
3-day,FLNC,2023-02-15,bearish_crossover,7,0.08383205807606027,0.027453578756250163,1.9293432915218702,0.21923218000016878,0.22764286269327566,True,MACD leads signal,-0.1238709677419354,0.13763440860215048,-0.027311827956989276,,,,,,,,,,False,True,-0.04497527872380411,-0.0021026706732766853,-0.19397849462365602,0.210047311827957,-0.027311827956989276,-0.17419354838709677,0.210047311827957,-0.027311827956989276,-0.3436559139784946,0.367741935483871,-0.027311827956989276,Q3
3-day,FLNC,2023-05-04,bearish_crossover,9,0.059431087041733714,0.02957787188532557,1.338102796021368,-0.0202567271651955,-0.01688179924081255,False,MACD leads signal,0.08996960486322192,-0.02917933130699102,0.12462006079027366,,,,,,,,,,False,True,-0.06335263177872523,-0.0008437319810957397,0.3677811550151977,-0.02917933130699102,0.4601823708206687,0.321580547112462,-0.02917933130699102,0.5057750759878419,0.4328267477203649,-0.02917933130699102,0.5367781155015199,Q2
3-day,FLNC,2023-06-27,bearish_crossover,14,0.06671077919825044,0.0277732479801332,1.5161230696884547,0.27070159151610856,0.3361262813317696,True,MACD leads signal,0.07985407377381426,0.008917713822456541,0.1001216051884879,,,,,,,,,,False,True,-0.0824358811091912,-0.01635617245391524,-0.012160518848804203,0.03080664775030406,0.10985002026753121,0.10458046209971616,0.03080664775030406,0.12038913660316175,0.1252533441426833,0.03080664775030406,0.26955816781515995,Q2
3-day,FLNC,2023-10-06,bearish_crossover,9,0.03641463810700457,0.015464940554166931,1.1651543289571278,-0.17413487531967967,-0.1463390649988352,False,MACD leads signal,0.08180943214629455,0.03897978825794046,0.08902791145332034,,,,,,,,,,False,True,-0.03579615454592902,-0.00694895258021111,0.027430221366698815,0.03897978825794046,0.1352261790182867,-0.1304138594802695,0.1785370548604428,0.1352261790182867,-0.09672762271414825,0.20981713185755535,0.1352261790182867,Q1 weak
3-day,FLNC,2024-01-11,bearish_crossover,19,0.10020886242803229,0.05009095654450007,2.710975348019505,0.4686759277276955,0.49134025463682,True,MACD leads signal,-0.031563845050215256,0.04112864658058346,0.016738402678144526,,,,,,,,,,False,True,-0.0632427699119471,-0.005666081727281114,-0.046389287422285985,0.10377809660449555,0.016738402678144526,-0.03778096604495451,0.10377809660449555,0.0985174557627928,0.07269249163079872,0.133428981348637,0.10760401721664281,Q4 steep
3-day,FLNC,2024-06-21,bearish_crossover,29,0.06451236614880325,0.02970338542872512,1.9057614010742647,0.3637740831743749,0.39409470025014326,True,MACD leads signal,-0.044638276038994174,0.061570035915854304,0.009748589020010412,,,,,,,,,,False,True,-0.07120134219622776,-0.007580154268942041,-0.11031298101590548,0.1174961518727552,0.009748589020010412,-0.14879425346331443,0.22216521292970748,0.009748589020010412,-0.18111852231913794,0.22216521292970748,0.009748589020010412,Q3
3-day,FLNC,2024-10-18,bearish_crossover,20,0.06837574891207633,0.03247768608584322,2.6910881764356462,0.29975680947792144,0.30612077172040547,True,MACD leads signal,-0.059354226020892686,0.061253561253561184,0.002136752136752129,,,,,,,,,,False,True,-0.020419141878095792,-0.001590990560620953,-0.011870845204178582,0.09069325735992406,0.02801519468186142,0.010446343779677125,0.09069325735992406,0.07739791073124414,-0.06742640075973405,0.1358024691358024,0.07787274453941118,Q4 steep
3-day,FLNC,2025-04-08,bearish_crossover,14,0.029972204756479506,0.014324988837558703,1.467717174864331,-0.4404320437576731,-0.4204633662570757,False,MACD leads signal,0.06666666666666665,0.038461538461538436,0.14615384615384608,,,,,,,,,,True,True,-0.0479594872932666,-0.004992169375149347,-0.05384615384615388,0.10510256410256413,0.14615384615384608,0.07179487179487176,0.11282051282051286,0.14615384615384608,0.1743589743589744,0.11282051282051286,0.26410256410256405,Q2
3-day,FLNC,2025-06-10,bearish_crossover,17,0.0925815319172541,0.050333888991573275,2.9843953002414656,0.3910382247378147,0.41562868576087186,True,MACD and signal aligned,0.008048289738430636,0.05835010060362178,0.03822937625754541,,,,,,,,,,False,True,-0.04140925714509863,-0.006147615255764294,0.12072434607645888,0.05835010060362178,0.20321931589537234,0.24547283702213285,0.05835010060362178,0.2655935613682092,0.7243460764587526,0.05835010060362178,0.7937625754527162,Q4 steep
3-day,FLNC,2025-08-12,bearish_crossover,13,0.046115182001938634,0.021288279434527137,1.35200788491654,0.5450218169909241,0.5878964410164487,True,MACD leads signal,0.07869742198100416,0.035278154681139706,0.17910447761194015,,,,,,,,,,False,True,-0.05672261794647537,-0.010718656006381111,-0.07191316146540028,0.0800542740841248,0.17910447761194015,-0.012211668928086783,0.08141112618724566,0.17910447761194015,-0.05834464043419263,0.10415196743554955,0.17910447761194015,Q2
3-day,FLNC,2025-11-07,bearish_crossover,14,0.10921546913843261,0.04324184574546753,3.169528032261729,0.3654865233348062,0.38998742771578904,True,MACD leads signal,0.0481000481000482,-0.023088023088023046,0.14203463203463196,,,,,,,,,,False,True,-0.03317044444530293,-0.006125226095245684,-0.1385281385281385,0.2679172679172679,0.14203463203463196,-0.2592592592592592,0.2987012987012987,0.14203463203463196,0.15247715247715266,0.2987012987012987,0.19240019240019235,Q4 steep
3-day,FLNC,2026-02-06,bearish_crossover,19,0.05368258523990613,0.02912131731382195,1.2577899932230914,0.15810205361552543,0.2561932321036452,True,MACD and signal aligned,-0.09876543209876554,0.11208847736625527,0.08435699588477341,,,,,,,,,,False,True,-0.1908136197150117,-0.024522794622029942,-0.08539094650205759,0.14609053497942381,0.08435699588477341,-0.1733539094650206,0.20318930041152272,0.08435699588477341,-0.13168724279835398,0.2896090534979424,0.08435699588477341,Q1 weak
3-day,FLNC,2026-04-02,bearish_crossover,5,0.016227074266947767,0.003788300280280913,0.44174891474222816,-0.5679154119778348,-0.5436654052452526,False,MACD leads signal,-0.007518796992481258,0.021052631578947434,0.05375939849624056,,,,,,,,,,False,True,-0.03232914241944096,-0.006062501683145594,0.03609022556390973,0.05789473684210533,0.11090225563909772,0.017669172932330834,0.05789473684210533,0.19849624060150362,-0.08345864661654145,0.14774436090225562,0.19849624060150362,Q1 weak
3-day,FSLR,2021-10-22,early_rising_blue,3,0.10372193883745356,0.038625749098796576,2.396771223268213,0.0791876109047763,-0.10607624198273334,False,MACD leads signal,0.02560723027678402,-0.0033891922425155485,0.04405949915270191,,,,,,,,,,True,False,,,0.1404631896064772,-0.0033891922425155485,0.1591508190547919,0.09499152701939373,-0.0033891922425155485,0.1591508190547919,0.01826398041800026,0.04796366032762189,0.1591508190547919,Q3
3-day,FSLR,2022-02-11,early_rising_blue,3,0.06776607803492246,0.02880240978306986,1.337193520375813,-0.6758503861955838,-0.8036922142796367,False,MACD leads signal,-0.015582167075458009,0.020630500649256978,0.014860770451594396,,,,,,,,,,True,False,,,-0.010676670033184399,0.020630500649256978,0.04140816620978227,0.019766267493868117,0.11643341509161742,0.04140816620978227,0.08772182946183804,0.11643341509161742,0.18020487664117724,Q2
3-day,FSLR,2022-06-10,early_rising_blue,3,0.09041987284346323,0.031769098052748246,1.7180097848510711,0.10740816291126681,-0.041787493279895414,False,MACD leads signal,-0.08897058823529402,0.10183823529411762,-0.028529411764705803,,,,,,,,,,True,False,,,0.0235294117647058,0.1063235294117647,0.02750000000000008,-0.017058823529411682,0.1063235294117647,0.051911764705882435,0.04470588235294137,0.1063235294117647,0.08147058823529418,Q2
3-day,FSLR,2022-08-01,early_rising_blue,3,0.0649239379969413,0.019508116398325108,1.6070220685879868,0.18087839429308442,0.07672808501816827,True,MACD leads signal,-0.0032164036586590505,0.03739069253191274,0.024022514825610575,,,,,,,,,,True,False,,,0.15096994672831454,0.03739069253191274,0.15931249371796175,0.17589707508292296,0.03739069253191274,0.22534928133480747,0.2820383958186752,0.03739069253191274,0.30917680168861206,Q2
3-day,FSLR,2022-11-14,early_rising_blue,3,0.09846391059290388,0.03720916802481042,2.162060757411385,-0.05483645254111297,-0.23428802462119042,False,MACD leads signal,0.07387879971359768,-0.006313870988739145,0.07479008006248788,,,,,,,,,,True,False,,,0.10310486233157579,-0.006313870988739145,0.10993946494825235,0.05324480895658401,-0.006313870988739145,0.12744906593764238,0.04204907895593313,0.03299941417691843,0.13050836425177392,Q3
3-day,FSLR,2023-01-20,early_rising_blue,3,0.060168657530965064,0.019919815770997662,0.8149648088246256,-0.14753827213983345,-0.24248612829532012,False,MACD leads signal,0.0023232263060701808,0.024125811639959527,0.05674033478286766,,,,,,,,,,True,False,,,0.05796151784118653,0.024125811639959527,0.07690474772145106,-0.0023827962113540657,0.024125811639959527,0.08625722285101567,-0.0409840948352892,0.06475248704354564,0.08625722285101567,Q1 weak
3-day,FSLR,2023-03-10,early_rising_blue,3,0.08086635511388193,0.02537990690059242,1.4050558967150266,0.12238149472536103,-0.0038796139304141768,False,MACD leads signal,-0.002118134116401049,0.0286429499831512,0.01475472969720304,,,,,,,,,,True,False,,,-0.014682520579598402,0.0597260867472198,0.01475472969720304,0.016222981755162902,0.0597260867472198,0.05040148269388167,0.020699947046647127,0.0597260867472198,0.05690078467241144,Q2
3-day,FSLR,2023-05-31,early_rising_blue,3,0.03799216469294231,0.012912984650182369,1.0154370229915068,-0.20437995983470192,-0.26681426695099186,False,MACD leads signal,0.018624359479700425,0.005419787150177324,0.04626527394560487,,,,,,,,,,True,False,,,-0.05400078833267641,0.07163973196689011,0.04626527394560487,-0.049664958612534504,0.07163973196689011,0.04626527394560487,-0.06341150965707532,0.1280917422152148,0.04626527394560487,Q1 weak
3-day,FSLR,2023-07-14,early_rising_blue,3,0.01754164949264632,0.0056688988016019015,0.6815778160497432,-0.1250815752207052,-0.15377262758989096,False,MACD leads signal,0.05368531102979612,0.0015420805018296901,0.10444328280188175,,,,,,,,,,True,False,,,0.03324621014113949,0.0015420805018296901,0.10444328280188175,0.08938839519079966,0.0028227914270779753,0.1735488761108206,0.10522739153162575,0.006282279142707847,0.1735488761108206,Q1 weak
3-day,FSLR,2023-10-27,early_rising_blue,3,0.09527844787676071,0.036603546974569356,3.2350913354800817,-0.35557987588226636,-0.5243952758051784,False,MACD leads signal,-0.005654055563311444,0.07727209269858992,0.0067011028898507075,,,,,,,,,,True,False,,,0.025896970543068498,0.07727209269858992,0.08180929778025958,-0.06519614686583841,0.09803853134161655,0.08180929778025958,0.07950579366187371,0.09803853134161655,0.13416096607566663,Q4 steep
3-day,FSLR,2024-03-01,early_rising_blue,3,0.023212161464683488,0.007258388569560315,0.5085278643645945,0.04421329099607472,0.005905583603581234,True,MACD leads signal,0.006390382790256277,0.03574818095539389,0.03891173679215432,,,,,,,,,,True,False,,,0.026004428978171346,0.03574818095539389,0.06744701043973422,-0.06725719708952882,0.0708636507434357,0.06744701043973422,0.08744068332806076,0.07769693135083833,0.09471686175260996,Q1 weak
3-day,FSLR,2024-04-05,early_rising_blue,3,0.06651049778297184,0.02135956129582922,1.7288486097257554,0.27270098490121913,0.1631704500649261,True,MACD leads signal,0.061225658648339065,-0.008419243986254266,0.0706185567010309,,,,,,,,,,True,False,,,-0.008705612829324028,0.014833906071019531,0.07857961053837337,0.009621993127147732,0.02491408934707906,0.07857961053837337,0.11494845360824746,0.02491408934707906,0.13430412371134026,Q2
3-day,FSLR,2024-05-24,early_rising_blue,3,0.04949856354662997,0.014326478018400146,1.464696601414449,0.34638043912213756,0.2709169599010143,True,MACD leads signal,0.012358170123581758,0.018934740189347488,0.02491472139914719,,,,,,,,,,True,False,,,-0.014526270145262643,0.05611765556117665,0.03562911035629113,-0.03396690033966909,0.05611765556117665,0.03562911035629113,-0.05586471055864728,0.08372479583724801,0.10851304473513035,Q2
3-day,FSLR,2024-08-08,early_rising_blue,3,0.01873768485055588,0.006708802409475523,0.6343327906014548,-0.37103345307909047,-0.40386823537868877,False,MACD leads signal,-0.0062403228076759465,0.02876178857973999,0.002674424060432612,,,,,,,,,,True,False,,,0.05757049687983873,0.02876178857973999,0.0936517618354995,0.08415051846290988,0.02876178857973999,0.0936517618354995,-0.021020034720592995,0.02876178857973999,0.14582649087411448,Q1 weak
3-day,FSLR,2024-11-27,early_rising_blue,3,0.07365982693299958,0.02890359852462554,3.533073402847643,-0.24616125549683904,-0.38514992496673617,False,MACD leads signal,0.03479254297138712,0.005400633535857069,0.03770057641377167,,,,,,,,,,True,False,,,0.008412525315469654,0.005400633535857069,0.10167731214623266,0.019473438230253937,0.005400633535857069,0.10167731214623266,-0.05161759360232643,0.09975593290751406,0.10167731214623266,Q4 steep
3-day,FSLR,2025-03-14,early_rising_blue,3,0.16790180697570356,0.05513242969808882,3.4905857654673964,0.008602977285864344,-0.26203176038107484,False,MACD leads signal,-0.039015923326541246,0.05161874575503733,0.02407365481850432,,,,,,,,,,True,False,,,-0.027846954946796454,0.05161874575503733,0.02407365481850432,-0.03916685533167308,0.06180665610142633,0.02407365481850432,-0.009433250320730502,0.12034940759187984,0.06044826805524117,Q4 steep
3-day,FSLR,2025-04-29,early_rising_blue,3,0.06978672705433633,0.025001210632876723,1.276558704373703,0.20364805051910614,0.08370126901369643,True,MACD leads signal,-0.04881958612649384,0.13224934421451473,-0.03621393179830956,,,,,,,,,,True,False,,,-0.025357038764208806,0.13224934421451473,-0.014135820460507098,0.40614981055085964,0.13224934421451473,0.44906732730982224,0.15185077236957167,0.13224934421451473,0.44906732730982224,Q2
3-day,FSLR,2025-08-12,early_rising_blue,3,0.019453626394843104,0.007792121323046602,0.546131511030237,0.1819177830855531,0.14584028223898943,True,MACD leads signal,0.0823905158880529,0.04471390678287224,0.11838900016239928,,,,,,,,,,True,False,,,0.03935473393601474,0.04471390678287224,0.19904725816055868,0.035186488388458725,0.04471390678287224,0.19904725816055868,0.10057922373193318,0.04471390678287224,0.19904725816055868,Q1 weak
3-day,FSLR,2025-10-02,early_rising_blue,3,0.0755098149638293,0.024591145430619785,2.58227413627051,0.21222376324162923,0.08915916464665635,True,MACD leads signal,-0.008615861801576696,0.023305906173265,0.0161116615689485,,,,,,,,,,True,False,,,-0.02679533020290359,0.03502304743031914,0.021840778873907007,-0.0012062206522207575,0.05182440873648386,0.06853918063154274,0.14995907465644254,0.06677249816912934,0.1617283418773965,Q4 steep
3-day,FSLR,2025-11-07,early_rising_blue,3,0.013880224752918613,0.006738882527708476,0.5362286592474994,0.26394098913345443,0.23299213246942405,True,MACD leads signal,0.018681811388432168,-0.0015692721566282763,0.04173479300553007,,,,,,,,,,True,True,,,-0.05440143476311454,0.0892616948139291,0.04173479300553007,-0.06624570318338063,0.0995366910775668,0.04173479300553007,-0.037475713645194975,0.0995366910775668,0.04173479300553007,Q1 weak
3-day,FSLR,2025-12-24,early_rising_blue,3,0.05655873461683769,0.020866384441816058,2.1688040320178406,-0.06356523986984158,-0.1618105115917474,False,MACD leads signal,-0.00925755850262655,0.019139634840747877,-0.0017449763050584322,,,,,,,,,,True,False,,,0.00782484111531545,0.04301825796260228,0.019690312626281292,-0.12325043165203331,0.13625509716762785,0.030454428566180525,-0.11042944785276065,0.1440432019396789,0.030454428566180525,Q3
3-day,FSLR,2026-04-02,early_rising_blue,3,0.026332370783436643,0.007707643922696905,0.8497529344032997,-0.5467073718264,-0.5880434503438123,False,MACD leads signal,0.0012799508498873013,0.006502150317427735,0.0176121236944502,,,,,,,,,,True,False,,,0.04172639770632802,0.032408355519148,0.059799303706737694,-0.02498464058980132,0.034200286708990446,0.08027851730493563,0.08391357771861574,0.052170796641409,0.1155027646938358,Q1 weak
3-day,FSLR,2021-07-23,bearish_crossover,19,0.04637983923118725,0.026896040220273466,2.0641144201158843,0.36115688137852303,0.407631925966639,True,MACD and signal aligned,0.006389391199517869,0.048461723930078415,0.01989150090415892,,,,,,,,,,False,True,-0.092679174923601,-0.011618761147028922,0.11320072332730557,0.048461723930078415,0.11609403254972861,0.14177215189873404,0.048461723930078415,0.1470765521398434,0.138878842676311,0.048461723930078415,0.17600964436407462,Q3
3-day,FSLR,2021-08-27,bearish_crossover,3,0.019319012370321714,0.006284153402450227,0.7442841469969853,0.19646293037824278,0.21621681866888828,True,MACD leads signal,0.013235916984328577,-0.001800084709868699,0.016836086404066197,,,,,,,,,,False,True,-0.03244487557007458,-0.0049384720726613485,-0.004023718763235817,0.013871240999576484,0.019165607793308004,0.0526260059296908,0.013871240999576484,0.09063955950868285,-0.034836933502752965,0.04510800508259205,0.13585345192714948,Q1 weak
3-day,FSLR,2021-11-12,bearish_crossover,9,0.10269295730606132,0.04885095666722172,2.144346645580885,0.09423012504890999,0.1842498834405762,True,MACD leads signal,-0.05796970789758393,0.0869996393797332,0.015506671474936784,,,,,,,,,,False,True,-0.14720599619844382,-0.02250493959791655,-0.0248827984132709,0.08830418319509559,0.03642264695275865,-0.04507753335737463,0.08830418319509559,0.03642264695275865,-0.12486476739992791,0.1603858636855392,0.03642264695275865,Q3
3-day,FSLR,2022-04-12,bearish_crossover,22,0.1124185921968298,0.06466942737483046,1.968874838056846,0.5321381803266216,0.545692614636199,True,MACD and signal aligned,-0.01238938053097327,0.01694058154235134,0.01944374209860955,,,,,,,,,,False,True,-0.03963468092996458,-0.003388608577394314,-0.05903919089759779,0.06573957016434884,0.01944374209860955,-0.08798988621997461,0.12060682680151702,0.01944374209860955,-0.22376738305941846,0.24652338811630836,0.01944374209860955,Q3
3-day,FSLR,2022-07-05,bearish_crossover,9,0.09059755364715379,0.023837240919309843,1.7973861487510792,0.04365354724187705,0.06474230816450793,True,MACD leads signal,0.09482107806130147,0.011022195379737365,0.1103729427751774,,,,,,,,,,False,True,-0.03076270980148918,-0.005272190230657725,0.07262569832402233,0.011022195379737365,0.1103729427751774,0.10191756001811858,0.07957119130303492,0.1103729427751774,0.49735769288841913,0.07957119130303492,0.541899441340782,Q3
3-day,FSLR,2022-09-16,bearish_crossover,18,0.07286782769881382,0.04064921785540581,1.671177485401383,0.7745865989439062,0.7780643761521997,True,MACD and signal aligned,-0.0017671747294014661,0.025182239893969616,0.035564391429202535,,,,,,,,,,False,True,-0.07520631861009619,-0.0008694443020733633,-0.025771298137103327,0.06435461306236656,0.035564391429202535,0.005964214711729587,0.06435461306236656,0.035564391429202535,-0.10676680656799942,0.14836904498932335,0.07311685442898175,Q2
3-day,FSLR,2022-12-08,bearish_crossover,10,0.10728025763098034,0.05566883348610733,1.5759175556002445,0.16636645903022662,0.19392801798190448,True,MACD and signal aligned,-0.011459629362844614,0.018662824962346947,0.013096719271822321,,,,,,,,,,False,True,-0.11791233859140587,-0.0068903897379194445,0.015519612337109523,0.027173727981140705,0.06410844083557055,0.02645537292908129,0.027173727981140705,0.06410844083557055,0.11983498133717485,0.07137712003143215,0.12304367755877155,Q2
3-day,FSLR,2023-02-17,bearish_crossover,11,0.05673303033861995,0.02597728396049034,0.8249854283003751,-0.018072184008917403,-0.018024834130706133,False,MACD leads signal,-0.020026783540296966,0.021974677380082852,0.0042610177745312505,,,,,,,,,,False,True,-0.029564443733894764,-1.183746955281742e-05,0.011139517896274764,0.028487947406866332,0.023313854394935607,0.27897492086681286,0.028487947406866332,0.28725346968590215,0.2459215972729487,0.028487947406866332,0.32852447041636235,Q1 weak
3-day,FSLR,2023-04-06,bearish_crossover,11,0.0600309900073128,0.021232189487298665,1.4027010279794458,0.15367344168941438,0.1615945920053417,True,MACD leads signal,0.03677081805290694,0.007432399393672573,0.03769986797711611,,,,,,,,,,False,True,-0.045768066137131386,-0.001980287578981832,0.019021074764070223,0.007432399393672573,0.04477971737323361,0.060534937166886627,0.007432399393672573,0.08493472201848329,-0.12669307124345996,0.1660549606376217,0.08493472201848329,Q2
3-day,FSLR,2023-06-27,bearish_crossover,11,0.03734454366165714,0.014262515231434337,1.236520690110601,-0.1704805984504275,-0.1602556892498568,False,MACD leads signal,0.040278005800908456,0.013407760083182785,0.04416351994746348,,,,,,,,,,False,True,-0.0162646297986824,-0.0025562273001426827,0.0022437476057570738,0.013407760083182785,0.07070979040113845,0.06692934931319439,0.013407760083182785,0.07694412521206151,0.08794396103540758,0.013407760083182785,0.15624144913260007,Q1 weak
3-day,FSLR,2023-08-18,bearish_crossover,14,0.024233536424331202,0.012763176246036831,1.3664895973966122,-0.004943769726600419,0.006480925699802651,False,MACD and signal aligned,-0.007311307789566235,0.042218679566818795,0.009730086306415364,,,,,,,,,,False,True,-0.03216003171644646,-0.002856173856600767,-0.0016491671705787248,0.04491231927876416,0.009730086306415364,-0.0077510857017205614,0.04491231927876416,0.06360288054532459,-0.1069759771315486,0.10999945027760971,0.06360288054532459,Q2
3-day,FSLR,2023-12-27,bearish_crossover,22,0.09366051474569324,0.059338578142845815,2.3916450487743783,0.4643355910282298,0.4668953411514604,True,MACD and signal aligned,-0.0009278589654372338,0.007770818835536986,0.021108791463697596,,,,,,,,,,False,True,-0.0034925231781803845,-0.0006399375308075994,-0.0323010902342844,0.048248666202737156,0.03160519601020639,-0.07045929018789143,0.08154430526559964,0.03160519601020639,-0.14271630712131744,0.18771746694502434,0.03160519601020639,Q4 steep
3-day,FSLR,2024-03-26,bearish_crossover,10,0.032447468420963806,0.012898886388080155,0.7998540445103081,0.10561396662111021,0.1178680641253296,True,MACD leads signal,0.10211543483938379,-0.008749020632018878,0.12966832071036838,,,,,,,,,,True,True,-0.024935603784820085,-0.003063524376054852,0.11948289370592846,-0.008749020632018878,0.15787411856881706,0.209780621572212,-0.008749020632018878,0.22048837816662314,0.14272656045965015,-0.008749020632018878,0.22956385479237396,Q1 weak
3-day,FSLR,2024-04-26,bearish_crossover,9,0.06536633795089541,0.026580488827699766,2.040153650210424,0.2874554755531911,0.3269919495225808,True,MACD leads signal,-0.0064342863537177886,0.020477815699658675,0.027751356795165938,,,,,,,,,,False,True,-0.05558622537680358,-0.009884118492347438,0.08918480389414207,0.037151009903205856,0.10809321322665477,0.060482291724948345,0.037151009903205856,0.11397079393498566,0.5675040563979188,0.037151009903205856,0.5869462317462095,Q3
3-day,FSLR,2024-06-06,bearish_crossover,6,0.04747894403559828,0.014363318642398072,1.3818537662661567,0.32147321538046497,0.33135033733865155,True,MACD leads signal,-0.0223441214115927,0.030572316694093993,0.023769976229658152,,,,,,,,,,False,True,-0.059607774236342614,-0.002469280489546588,0.0005851161089780454,0.03795940756993965,0.12185006399707454,-0.05331870543060879,0.07270067654050094,0.12185006399707454,-0.18771256171146455,0.21605412324008044,0.12185006399707454,Q2
3-day,FSLR,2024-10-11,bearish_crossover,24,0.029256820075687227,0.0179179527042707,1.5255010256220727,-0.026800331838779418,0.004945408646712485,False,MACD and signal aligned,-0.027755449430233115,0.05484845619178225,0.01040238309139907,,,,,,,,,,False,True,-0.05953041100080561,-0.007936435121372976,-0.047709111541916926,0.07986193200624148,0.01040238309139907,-0.03054517944110835,0.09778240105915181,0.01040238309139907,-0.13820984443708928,0.18024492883824295,0.04591233628067504,Q2
3-day,FSLR,2024-12-27,bearish_crossover,12,0.09670957659334842,0.048945325122470996,4.47808099220658,0.10057809997827608,0.13038446791813976,True,MACD and signal aligned,-0.02496851557794444,0.03821935059957282,-0.003942397196517566,,,,,,,,,,False,True,-0.09049526347310566,-0.007451591984965894,0.02080709631495381,0.03821935059957282,0.02940371242402673,0.03619339648469588,0.03821935059957282,0.10168099436018174,-0.0910036686196134,0.13442479329792467,0.10168099436018174,Q4 steep
3-day,FSLR,2025-01-29,bearish_crossover,3,0.04115669196331448,0.004641304383470976,1.326181909116888,-0.033621335164950715,-0.029312526380552775,False,MACD leads signal,0.009095837600144652,0.0028305523763628715,0.02382507077886875,,,,,,,,,,False,True,-0.030300892816371706,-0.0010772021960994867,0.014035299078368757,0.024155171375218276,0.03331124631046323,-0.03415456900186731,0.053851575206312896,0.03331124631046323,-0.1796879706041804,0.19342208300704766,0.03331124631046323,Q2
3-day,FSLR,2025-04-04,bearish_crossover,9,0.1365750568804199,0.05668584060233278,2.798265018078481,0.07291332395699543,0.07630230923090722,True,MACD leads signal,-0.06457378195663999,0.07863858885694308,0.08889579609915299,,,,,,,,,,False,True,-0.060216761371164246,-0.0008472463184779483,0.01997047167612087,0.09423809153780405,0.08889579609915299,0.018727173828580357,0.09423809153780405,0.09923070945683432,0.039397000543942795,0.09423809153780405,0.12386354806123245,Q4 steep
3-day,FSLR,2025-06-20,bearish_crossover,19,0.06039115302533922,0.029935702029953278,1.5129411142346605,0.4544936871688771,0.4966156747469655,True,MACD leads signal,0.053103448275861886,0.03958344827586202,0.058551724137931194,,,,,,,,,,False,True,-0.05607749196929107,-0.010530496894522068,0.12386206896551721,0.03958344827586202,0.16986206896551725,0.22110344827586204,0.03958344827586202,0.306896551724138,0.24131034482758618,0.03958344827586202,0.306896551724138,Q2
3-day,FSLR,2025-08-29,bearish_crossover,8,0.028595579656337494,0.010811318380765617,0.9478342371854609,0.17273602895582654,0.20688591604971457,True,MACD leads signal,0.0030226958348276156,0.038680260259234656,0.005430606076130884,,,,,,,,,,False,True,-0.05223380715566986,-0.008537471773472,0.041088170500537924,0.038680260259234656,0.09252523182540084,0.033352118448690904,0.038680260259234656,0.09252523182540084,0.14519186433731246,0.038680260259234656,0.16980890414467953,Q1 weak
3-day,FSLR,2025-10-20,bearish_crossover,8,0.06618952869357103,0.027021876506039173,2.4549942978647303,0.23225591269810728,0.23376415708617498,True,MACD leads signal,0.0,0.05401703056768559,0.011136244541484652,,,,,,,,,,False,True,-0.03641878733239454,-0.0003770610970169064,0.05550218340611357,0.05401703056768559,0.08978165938864624,0.14716157205240177,0.05401703056768559,0.20122270742358062,0.09986899563318774,0.05401703056768559,0.22947598253275103,Q4 steep
3-day,FSLR,2025-11-13,bearish_crossover,4,0.02301505063516151,0.007397965678560908,0.8437143428881427,0.2409617477128748,0.24414409920245353,True,MACD leads signal,-0.013679410733075992,0.050040921314158715,0.004325967496784822,,,,,,,,,,False,True,-0.051768157783669916,-0.0007955878723946708,-0.026033750341010853,0.06075840835574253,0.031957597723995645,0.06364238668693267,0.06075840835574253,0.07619158969562334,-0.006976109747067194,0.06075840835574253,0.07619158969562334,Q1 weak
3-day,FSLR,2026-01-12,bearish_crossover,8,0.04711722767636377,0.018861578447856853,1.3325012879534968,-0.10775136042298494,-0.07822637218268036,False,MACD leads signal,0.02442921414455701,0.012698145734348132,0.06176680822436187,,,,,,,,,,False,True,-0.058431937821130174,-0.007381247060076146,0.024765588865996557,0.013454988857587447,0.06176680822436187,-0.011689021570029046,0.014485136441996449,0.06176680822436187,-0.04242526174158012,0.10019762014884581,0.06176680822436187,Q2
3-day,FSLR,2026-06-16,bearish_crossover,27,0.0638287527202665,0.04247766584749805,1.6327369840376011,0.6483162977549152,0.6569705508520619,True,MACD and signal aligned,,,,,,,,,,,,,,,-0.07138777785104711,-0.002163563274286684,,,,,,,,,,Q2
3-day,FUTU,2021-06-07,early_rising_blue,3,0.07914881543006522,0.02324868605116106,1.580795384926937,0.056643361817432306,-0.06302003854844432,False,MACD leads signal,-0.04169160183522824,0.05292905113371882,0.035241704900591975,,,,,,,,,,True,False,,,-0.028392845268967237,0.06110778642196957,0.08903517521111781,0.06722521444244967,0.06110778642196957,0.08903517521111781,-0.03397832302679693,0.07141432276082171,0.20646319569120286,Q2
3-day,FUTU,2021-09-08,early_rising_blue,3,0.09580402911277028,0.02994556962111422,2.469098768547204,-0.3575938797653678,-0.5102871222926052,False,MACD leads signal,0.013732718894009066,0.03391705069124429,0.042580645161290454,,,,,,,,,,True,False,,,-0.11870967741935479,0.1308755760368664,0.042580645161290454,-0.11640552995391706,0.19308755760368668,0.042580645161290454,-0.19225806451612903,0.2547465437788019,0.042580645161290454,Q3
3-day,FUTU,2021-11-01,early_rising_blue,3,0.039595805515470234,0.0171516951814914,0.9294977322842879,-0.08079970269383105,-0.1590351338358259,False,MACD leads signal,-0.00925925925925919,0.09036351165980805,0.08453360768175577,,,,,,,,,,True,False,,,-0.040466392318244115,0.09036351165980805,0.08453360768175577,0.045610425240054875,0.09036351165980805,0.10699588477366251,-0.24657064471879286,0.25531550068587106,0.10699588477366251,Q1 weak
3-day,FUTU,2021-12-17,early_rising_blue,3,0.04459349340379628,0.01480639357051234,1.1035690477020794,0.009643352875088065,-0.06019406525148366,False,MACD leads signal,0.020214943705220145,0.08648925281473885,0.10030706243602872,,,,,,,,,,True,False,,,0.03761514841351077,0.08648925281473885,0.17272262026612073,0.07625383828045051,0.08648925281473885,0.17272262026612073,0.20931422722620274,0.09160696008188329,0.2528147389969295,Q1 weak
3-day,FUTU,2022-03-28,early_rising_blue,3,0.13011828219611696,0.048716366553965176,4.223563243877589,0.2585225796132223,0.031243837137195175,True,MACD leads signal,-0.13771186440677952,0.14194915254237284,0.08659957627118642,,,,,,,,,,True,False,,,0.028336864406779627,0.14194915254237284,0.09520656779661008,-0.09401483050847448,0.14194915254237284,0.09520656779661008,-0.1514830508474576,0.21795550847457623,0.09520656779661008,Q4 steep
3-day,FUTU,2022-06-03,early_rising_blue,3,0.05706872818978394,0.019221286456675736,2.0824835377744404,0.11480242847501322,0.021012937269718267,True,MACD leads signal,0.25393380358111783,-0.07596310363537695,0.30629408572978845,,,,,,,,,,True,False,,,0.18909386869234934,-0.07596310363537695,0.30629408572978845,0.42213781877373857,-0.07596310363537695,0.49321758003255556,0.395008138903961,-0.07596310363537695,0.5670103092783505,Q3
3-day,FUTU,2022-09-06,early_rising_blue,3,0.06221698355152215,0.021663968824530408,1.213117945408817,-0.07996815192947962,-0.18336798062197193,False,MACD leads signal,0.06175663311985358,0.023559011893870108,0.08485818847209514,,,,,,,,,,True,False,,,0.010292772186642374,0.023559011893870108,0.08737419945105218,-0.09377859103385178,0.09492223238792308,0.08737419945105218,-0.12877401646843545,0.18549862763037506,0.08737419945105218,Q2
3-day,FUTU,2022-11-17,early_rising_blue,3,0.1173620952853578,0.0365714372240139,2.813333711894538,-0.004781637808987521,-0.19358698943120145,False,MACD leads signal,-0.03138155376961349,0.044202066590126154,0.007845388442403456,,,,,,,,,,True,False,,,0.008610792192881744,0.06620742441637961,0.07998469192499047,0.26865671641791034,0.06620742441637961,0.29927286643704565,0.2719096823574436,0.06620742441637961,0.3815537696134712,Q4 steep
3-day,FUTU,2023-02-10,early_rising_blue,3,0.03215982667895227,0.014482337663205419,0.6605353227823584,-0.13371972804457422,-0.1965856255141249,False,MACD leads signal,0.09389978213507622,0.02461873638344214,0.14553376906318083,,,,,,,,,,True,False,,,0.014161220043573008,0.02461873638344214,0.14553376906318083,0.012418300653594727,0.0562091503267973,0.14553376906318083,0.022222222222222365,0.0631808278867102,0.14553376906318083,Q1 weak
3-day,FUTU,2023-06-15,early_rising_blue,3,0.15302479272616423,0.05937687489791288,5.401549151389182,-0.04835178783992272,-0.3303512869671482,False,MACD leads signal,-0.01175640724194682,0.029391018104867106,0.021396661180343113,,,,,,,,,,True,False,,,-0.08323536327298375,0.1006348459910652,0.021396661180343113,-0.06560075241006347,0.1006348459910652,0.021396661180343113,0.10439689630848803,0.1006348459910652,0.11415471431930402,Q4 steep
3-day,FUTU,2023-11-24,early_rising_blue,3,0.02593676965411219,0.011289989548086615,1.003938920292978,0.045776214039022836,-0.0036808818048403233,False,MACD leads signal,-0.03405414609228674,0.061297462966116045,0.01992167546398771,,,,,,,,,,True,False,,,-0.0732164140984164,0.1060786650774731,0.01992167546398771,-0.11357057721777619,0.14387876723991144,0.01992167546398771,-0.12310573812361647,0.14387876723991144,0.01992167546398771,Q1 weak
3-day,FUTU,2024-02-16,early_rising_blue,3,0.08456471918910255,0.02337074183587262,4.719193097479382,-0.41330012971754365,-0.5429682532028919,False,MACD leads signal,-0.03452232954002099,0.05957731663000854,-0.008319785789423273,,,,,,,,,,True,False,,,-0.0012431863823275657,0.05957731663000854,0.0414076695036818,0.05804724108252857,0.05957731663000854,0.09343023811800721,0.10318446973319317,0.05957731663000854,0.25160179783876835,Q4 steep
3-day,FUTU,2024-05-10,early_rising_blue,3,0.03248365292803154,0.010896154208050485,1.0963822452767658,0.39155402580083093,0.3424634461950372,True,MACD leads signal,0.05268505079825836,-0.01930333817126262,0.08113207547169798,,,,,,,,,,True,False,,,0.16705370101596495,-0.011611030478954953,0.18809869375907096,0.08330914368650211,-0.011611030478954953,0.18809869375907096,0.08708272859216248,-0.011611030478954953,0.18809869375907096,Q1 weak
3-day,FUTU,2024-08-29,early_rising_blue,3,0.04311295489461181,0.014179382329010587,1.5429822256103036,-0.3745753759495719,-0.4438067612285901,False,MACD leads signal,0.05249213445934764,-0.02666004305348557,0.06077165093558534,,,,,,,,,,True,False,,,-0.028150356019208567,0.0336148368935254,0.06077165093558534,-0.046530882596456435,0.06905116741182316,0.06077165093558534,0.41877794336810736,0.06905116741182316,0.42391124358337473,Q2
3-day,FUTU,2024-12-13,early_rising_blue,3,0.014237102620555116,0.004347014877366828,0.4256851507547975,-0.09084364270037457,-0.11200277232051173,False,MACD leads signal,-0.0385948694245436,0.05939449965333954,0.006470996071180846,,,,,,,,,,True,False,,,0.005315461058470028,0.05939449965333954,0.01687081118557887,-0.06956320776519542,0.07638086434018954,0.01687081118557887,-0.10284261613126888,0.15183730067021028,0.01687081118557887,Q1 weak
3-day,FUTU,2025-01-31,early_rising_blue,3,0.047988836449178895,0.01730906590598607,2.0445735321686787,0.014268170427372752,-0.06979386226430581,False,MACD leads signal,0.021417485773409073,0.05544956026901193,0.037075012933264206,,,,,,,,,,True,False,,,0.11329539575788927,0.05544956026901193,0.15333678220382807,0.2604242110708741,0.05544956026901193,0.3180548370408691,0.0733574754267976,0.05544956026901193,0.3541645111226073,Q3
3-day,FUTU,2025-05-14,early_rising_blue,3,0.1050375029433728,0.042398862640423224,3.4317006982400544,-0.03251309712541395,-0.23197472282989123,False,MACD leads signal,-0.03697072777728039,0.07788022558410157,-0.028735117715513292,,,,,,,,,,True,False,,,0.00044758750335693875,0.07788022558410157,0.00850416256378117,-0.0875481156566108,0.10034911825261839,0.06096141795721066,0.10563065079223,0.10034911825261839,0.11615432817115745,Q4 steep
3-day,FUTU,2025-10-31,early_rising_blue,3,0.0677170458815433,0.018504353060252082,2.61358585814966,-0.1399257505243711,-0.24209966742040662,False,MACD leads signal,-0.09797025723472674,0.0999799035369775,0.017533661575562798,,,,,,,,,,True,False,,,-0.05662178456591627,0.11424839228295813,0.017533661575562798,-0.1671523311897105,0.16795618971061088,0.017533661575562798,-0.14223271704180063,0.22950160771704176,0.017533661575562798,Q4 steep
3-day,FUTU,2026-01-15,early_rising_blue,3,0.043023017821256254,0.01471758936148189,2.330701002355562,-0.07197715597324647,-0.14330492857518995,False,MACD leads signal,-0.026628895184135914,0.041869688385269055,0.01127478753541089,,,,,,,,,,True,False,,,-0.08413597733711042,0.0913031161473088,0.01127478753541089,-0.07892351274787535,0.09348441926345608,0.01127478753541089,-0.16872521246458927,0.18696883852691215,0.01127478753541089,Q3
3-day,FUTU,2026-03-19,early_rising_blue,3,0.03683596874034467,0.011707004540964905,1.5088755893622647,-0.28515850920453956,-0.3406488529549756,False,MACD leads signal,-0.03190650319065025,0.03864558686455877,-0.00035850003585014,,,,,,,,,,True,False,,,-0.03965010396501045,0.058578905857890495,0.026457302645730207,0.0049473004947300225,0.06560550656055075,0.036065103606510274,0.19688821968882197,0.06560550656055075,0.21144332114433229,Q2
3-day,FUTU,2021-07-07,bearish_crossover,12,0.061025291771528135,0.02643936506395481,2.101013711710831,0.1876645046513981,0.21118935969486707,True,MACD leads signal,-0.03806442731277537,0.08404460352422916,0.011219713656387631,,,,,,,,,,False,True,-0.07614009653031295,-0.005881213760867199,-0.08177312775330392,0.11378028634361237,0.011219713656387631,-0.0729625550660793,0.11935572687224671,0.016244493392070458,-0.2719575991189428,0.3460214757709251,0.016244493392070458,Q3
3-day,FUTU,2021-10-05,bearish_crossover,11,0.09291509915822382,0.041593871429437546,2.278341545467733,-0.12643340092729716,-0.12169557631230549,False,MACD leads signal,0.03361245429885584,0.0463498054015804,0.07323976884066519,,,,,,,,,,False,True,-0.06270191187022559,-0.0011844561537479315,-0.12949640287769792,0.15615048944451004,0.08031607500884519,-0.21028423163108867,0.3135983016865197,0.08031607500884519,-0.3185517160042458,0.4091284349569525,0.08031607500884519,Q3
3-day,FUTU,2021-11-26,bearish_crossover,11,0.03891101793915835,0.01897931203960596,1.0362431563798387,-0.02249988243441252,-0.0030677849127855854,False,MACD leads signal,-0.11642871506133123,0.12668409410818415,0.018499899457068203,,,,,,,,,,False,True,-0.05175375678434366,-0.004858024380406734,-0.12205911924391721,0.286346269857229,0.018499899457068203,-0.16147194852201874,0.286346269857229,0.018499899457068203,-0.1845968228433541,0.3140961190428313,0.018499899457068203,Q1 weak
3-day,FUTU,2022-01-28,bearish_crossover,16,0.04320110558962886,0.021144756553720282,1.7482936767142618,0.18520393685629594,0.19427262542194118,True,MACD leads signal,0.08262982860066503,-0.029930928626247022,0.13788692760296728,,,,,,,,,,False,True,-0.03588552071858753,-0.002267172141411311,0.12637503197748767,-0.020209772320286534,0.15118956254796623,0.12867741110258368,-0.020209772320286534,0.23663341007930416,0.05551291890509069,0.05269889997441801,0.23663341007930416,Q3
3-day,FUTU,2022-04-18,bearish_crossover,9,0.11754266684839215,0.04374206212699719,3.5291066413703676,0.23273795559801536,0.2537497339577929,True,MACD leads signal,-0.06814770339237475,0.07385169618733112,0.035725007505253537,,,,,,,,,,False,True,-0.05318034741235517,-0.005252944589944353,-0.03812668868207758,0.11347943560492346,0.044731311918342787,0.009006304413089028,0.11347943560492346,0.08736115280696466,-0.048033623536475556,0.19423596517562303,0.08736115280696466,Q4 steep
3-day,FUTU,2022-07-15,bearish_crossover,15,0.06453642577465654,0.03698175606803902,1.3253193159561927,0.45537317497721364,0.536877694281036,True,MACD and signal aligned,-0.013140604467805406,0.02146298729741558,0.07665352606219877,,,,,,,,,,False,True,-0.11534647187095382,-0.02037612982595549,-0.07818659658344274,0.08738501971090662,0.07665352606219877,-0.10490582566798068,0.14651773981603144,0.07665352606219877,-0.10359176522120006,0.15462111257117817,0.07665352606219877,Q2
3-day,FUTU,2022-09-30,bearish_crossover,10,0.052664027233592516,0.025133265245183268,1.0938316267427441,-0.06386661476668541,-0.026427440308672813,False,MACD leads signal,0.00697237865379452,0.023196567444355054,0.018235451863770402,,,,,,,,,,False,True,-0.047835137120990114,-0.009359793614503151,-0.002949852507374562,0.026548672566371723,0.0946634486457496,-0.06865111289890058,0.09359077500670432,0.0946634486457496,-0.09224993295789752,0.24912845266827566,0.0946634486457496,Q1 weak
3-day,FUTU,2022-12-29,bearish_crossover,15,0.11442636239879352,0.057935772519844796,2.654074575129969,0.4830868662120533,0.5737428966396857,True,MACD and signal aligned,-0.30996435240196907,0.325751145815651,-0.1682227126124597,,,,,,,,,,False,True,-0.12329016698213502,-0.02266400760690801,-0.25954846375827534,0.35987098964522146,-0.1682227126124597,-0.11305381089797994,0.35987098964522146,-0.09455101001527744,-0.1383466304532337,0.35987098964522146,-0.05873366151756909,Q4 steep
3-day,FUTU,2023-04-13,bearish_crossover,22,0.021235727612577037,0.011656724323881401,0.8274669913796585,-0.01291100512023884,-0.004123398366364571,False,MACD and signal aligned,-0.004994797086368297,0.009365244536940653,0.022476586888657835,,,,,,,,,,False,True,-0.02053086485868015,-0.002196901688468567,-0.03725286160249741,0.06805411030176889,0.03870967741935494,-0.07866805411030164,0.1275754422476586,0.03870967741935494,-0.14651404786680544,0.16732570239334021,0.03870967741935494,Q1 weak
3-day,FUTU,2023-08-17,bearish_crossover,23,0.08318798885377433,0.044182610215288215,2.627408840606133,0.48778427213378905,0.5132380165817699,True,MACD and signal aligned,-0.019152404237978815,0.041564792176039145,-0.0181336593317033,,,,,,,,,,False,True,-0.08145296908405675,-0.006363436111995191,0.04034229828850866,0.04930725346373277,0.07294009779951094,0.29156479217603914,0.04930725346373277,0.34627750611246944,0.19967400162999205,0.04930725346373277,0.34627750611246944,Q4 steep
3-day,FUTU,2023-10-27,bearish_crossover,3,0.02398173330581556,0.00697364897312959,0.800780672223243,0.0109713366572982,0.012441584967892407,True,MACD leads signal,-0.033298465829846524,0.04916317991631802,0.038354253835425345,,,,,,,,,,False,True,-0.02013814807467803,-0.0003675620776485509,0.07095536959553694,0.04916317991631802,0.10268479776847972,0.010460251046025215,0.04916317991631802,0.10268479776847972,-0.010983263598326354,0.04916317991631802,0.1237796373779636,Q1 weak
3-day,FUTU,2023-12-01,bearish_crossover,5,0.026653370541654908,0.009206954334708743,1.1854054439766986,-0.022697963570281778,0.002596810682726911,False,MACD leads signal,-0.04482821973176554,0.053060812052177164,-0.0099209994488334,,,,,,,,,,False,True,-0.04224277102765715,-0.006323693563252172,-0.027190887378284012,0.07624471798640453,-0.0099209994488334,-0.050156163880213045,0.07624471798640453,0.027925776226345844,-0.05401433033253711,0.07624471798640453,0.028660665074407454,Q1 weak
3-day,FUTU,2024-04-05,bearish_crossover,18,0.11194216878959572,0.06129395034536675,3.7386536959376753,0.41951452405138145,0.439498862879843,True,MACD and signal aligned,0.044617563739376864,0.00230169971671379,0.07577903682719556,,,,,,,,,,False,True,-0.03457102255876354,-0.004996084707115378,-0.030099150141642994,0.031869688385269046,0.07577903682719556,-0.016466005665722427,0.04036827195467407,0.07577903682719556,0.2581444759206799,0.04036827195467407,0.3323300283286119,Q4 steep
3-day,FUTU,2024-05-28,bearish_crossover,8,0.034686867959432176,0.01361567354431307,1.0538729505083968,0.4014284210361999,0.42404824644937533,True,MACD leads signal,-0.023013912365101974,0.03510596801456256,0.019373293459888252,,,,,,,,,,False,True,-0.061109739087596204,-0.005654956353293827,-0.005590950461578426,0.04043687426862563,0.019373293459888252,-0.043427382655051416,0.05512937199323875,0.019373293459888252,-0.14458457937849423,0.15147575087764908,0.019373293459888252,Q1 weak
3-day,FUTU,2024-10-22,bearish_crossover,20,0.07791914760634557,0.042910807893729655,1.9009489093685563,0.4069346997024279,0.4111600093280092,True,MACD and signal aligned,0.0022734654108476082,0.06111291544873887,0.01807946302912211,,,,,,,,,,False,True,-0.10864049146989685,-0.0010563274063953298,0.02836418750676617,0.06111291544873887,0.08455126123200185,0.04638952040705857,0.06111291544873887,0.121576269351521,-0.08314387788242938,0.08433474071668301,0.21121576269351516,Q3
3-day,FUTU,2025-01-03,bearish_crossover,9,0.01306468841917733,0.0036823288462545303,0.44262370051056793,-0.09228747665132297,-0.08882767823298782,False,MACD leads signal,-0.039687461242713495,0.05494232915788155,0.03615279672578442,,,,,,,,,,False,True,-0.008490358504510659,-0.0008649496045837896,-0.037082971598660475,0.08966885774525601,0.03615279672578442,0.14647153664889,0.08966885774525601,0.15168051593699627,0.3101823142750837,0.08966885774525601,0.32655339203770306,Q1 weak
3-day,FUTU,2025-03-06,bearish_crossover,13,0.045114854622830956,0.027148686179910578,1.6565258303638946,0.22920663663789645,0.2340708001327032,True,MACD and signal aligned,-0.0324514085110027,0.03758883466050178,0.025858378285812167,,,,,,,,,,False,True,-0.040080536941793116,-0.0012160408737016959,0.014384793218597425,0.10822844421611444,0.036818220738076946,-0.08930559123212611,0.10822844421611444,0.04889031595170801,-0.28495590375888347,0.31672232211661966,0.04889031595170801,Q2
3-day,FUTU,2025-08-01,bearish_crossover,28,0.058663790764405324,0.03378131243438134,1.773707855784483,0.4699073835426591,0.5243981145453974,True,MACD and signal aligned,0.09430366344321328,-0.022023011223265332,0.11244441307263364,,,,,,,,,,False,True,-0.11177721315612982,-0.013622682750684567,0.1659490364932592,-0.022023011223265332,0.18147808286863842,0.22058304510482118,-0.022023011223265332,0.26469965412578533,0.31982776875838215,-0.022023011223265332,0.39302604644596606,Q3
3-day,FUTU,2025-11-25,bearish_crossover,10,0.05596646430828395,0.025369599025404435,1.6871696471299673,-0.10003335269180269,-0.05712854993281559,False,MACD leads signal,0.00808080808080791,0.007724301841948944,0.027866904337492615,,,,,,,,,,False,True,-0.05635380744051271,-0.010726200689746779,0.015270350564468238,0.016577540106952005,0.04563279857397484,0.030065359477124298,0.016577540106952005,0.04563279857397484,-0.021568627450980538,0.05525846702317294,0.04961378490790258,Q3
3-day,FUTU,2026-01-30,bearish_crossover,7,0.035057571704318606,0.013336026294259447,1.8900927318493383,-0.11974573611390456,-0.09722669030279692,False,MACD leads signal,-0.005228516946546025,0.016546718336716504,0.0070738758688564385,,,,,,,,,,False,True,-0.03843714964416929,-0.00562976145277691,-0.06815525619733032,0.0949129605708311,0.011810297102786693,-0.0974964630620655,0.11730331549486372,0.011810297102786693,-0.08445592667773871,0.1469520821799839,0.011810297102786693,Q3
3-day,FUTU,2026-05-12,bearish_crossover,20,0.07069134343580241,0.038676640507430256,3.082721346362802,0.3921811673149151,0.41691924529302316,True,MACD and signal aligned,-0.017441436181858117,0.03575859300883022,0.04812814712106839,,,,,,,,,,False,True,-0.079949253411084,-0.006184519494526974,-0.09611034080128444,0.1089542435962928,0.04812814712106839,-0.19565058746259945,0.4125374005692184,0.04812814712106839,-0.3028533897686638,0.4125374005692184,0.04812814712106839,Q4 steep
3-day,GLD,2021-10-15,early_rising_blue,3,0.10254835758396019,0.034451629648186766,2.9400167461422173,-0.048890845201892685,-0.2166463819848094,False,MACD leads signal,0.009496159196757947,0.0031452247021109825,0.010766346095687496,,,,,,,,,,True,False,,,0.014213996249924366,0.0031452247021109825,0.025464223069013414,0.013246234803121038,0.0031452247021109825,0.025464223069013414,0.04590818363273441,0.005746083590395079,0.05649307445714613,Q4 steep
3-day,GLD,2022-01-03,early_rising_blue,3,0.06109189331977142,0.023679990070706827,1.149937982182018,0.0405318797264151,-0.06841460853749455,False,MACD leads signal,-0.00796055367433024,0.008732846194974164,0.01544585041287938,,,,,,,,,,True,False,,,0.014317115190399798,0.008732846194974164,0.01544585041287938,0.006297154399096838,0.008732846194974164,0.01544585041287938,0.003029762965603311,0.01167349848511856,0.028633636309629784,Q2
3-day,GLD,2022-02-18,early_rising_blue,3,0.07416924791054694,0.022794878470862617,1.9192099188550402,0.2254546529086394,0.10825743198499047,True,MACD leads signal,0.0066056910569105565,0.0017078816621499682,0.007170280036133514,,,,,,,,,,True,False,,,0.025406504065040636,0.010444896115627822,0.030939476061427218,0.052450316169828426,0.010444896115627822,0.053748870822041495,0.012646793134598155,0.010444896115627822,0.09135049683830165,Q3
3-day,GLD,2022-06-14,early_rising_blue,3,0.03251885452264362,0.012703961556846416,0.8086887346320413,-0.2145551608736125,-0.2701803178837797,False,MACD leads signal,0.016017084890550093,-0.0030254493682151384,0.024915465385299873,,,,,,,,,,True,False,,,0.009017025568013315,-0.0030254493682151384,0.024915465385299873,-0.00148306341579163,0.009550928397698222,0.024915465385299873,-0.0567123450198731,0.061398825413774616,0.024915465385299873,Q1 weak
3-day,GLD,2022-08-04,early_rising_blue,3,0.14347667497409808,0.04174704147852623,2.8934123620841676,-0.12485138641105936,-0.3420082260809869,False,MACD leads signal,-0.011246036968355577,0.013758449482562551,-0.007955972961655733,,,,,,,,,,True,False,,,0.004187354190345216,0.013758449482562551,0.0048453669916850295,-0.026619608781479842,0.027247711910031613,0.0048453669916850295,-0.04731710235090025,0.058922055392714,0.0048453669916850295,Q4 steep
3-day,GLD,2022-10-07,early_rising_blue,3,0.1351087565581749,0.03813682670354453,2.9333406662523984,0.025375693291364326,-0.17243416803675699,False,MACD leads signal,-0.011971117304281687,0.018748416518875155,-0.0067772992145933575,,,,,,,,,,True,False,,,-0.02615910818343048,0.032683050418038984,-0.0067772992145933575,-0.026792500633392335,0.04186724094248784,-0.0067772992145933575,0.009944261464403192,0.04629908791487203,0.012604509754243765,Q4 steep
3-day,GLD,2022-11-18,early_rising_blue,3,0.08653228994483358,0.03127927475917688,1.5529498895617209,0.25107160944494356,0.10300166716709212,True,MACD leads signal,0.0017814362061552291,0.009275754038945871,0.002764297561275386,,,,,,,,,,True,False,,,-0.0003685730081700589,0.009275754038945871,0.005159407826033524,0.009828613551200904,0.009275754038945871,0.031697278702623066,0.0386387370231589,0.009275754038945871,0.043000184286503984,Q2
3-day,GLD,2023-03-23,early_rising_blue,3,0.13723309510553824,0.04847550260042979,3.6770029801560677,-0.1049145485089823,-0.343535747800203,False,MACD leads signal,-0.011252288144718459,0.0114138042424895,0.0013459674814255695,,,,,,,,,,True,False,,,-0.013567352212770611,0.027188543124798126,0.0013459674814255695,0.004037902444276931,0.027188543124798126,0.01679767416819211,-0.008021966189296958,0.027188543124798126,0.025142672553031042,Q4 steep
3-day,GLD,2023-07-18,early_rising_blue,3,0.03674499515241536,0.01233768370501015,1.1395097523035793,-0.19928432515723937,-0.262462695929917,False,MACD leads signal,-0.007950337617076753,0.010673055979089408,0.0010618601611851464,,,,,,,,,,True,False,,,-0.01753430625136132,0.01807884992376385,0.0010618601611851464,-0.021999564365062008,0.023034197342626794,0.0010618601611851464,-0.04541494227837062,0.047429753866259916,0.0010618601611851464,Q2
3-day,GLD,2023-09-13,early_rising_blue,3,0.05563335070872784,0.019304560399404425,1.8496913858059483,-0.14817836639018647,-0.23833983728419156,False,MACD leads signal,0.007115428055116224,0.004065958888637922,0.01143550937429394,,,,,,,,,,True,False,,,0.008696634289586669,0.004065958888637922,0.020216851140727243,-0.021741585723966672,0.026880505985995118,0.020216851140727243,0.009882538965439336,0.04958210978088995,0.020216851140727243,Q3
3-day,GLD,2023-10-19,early_rising_blue,3,0.1322249354928322,0.035548164395513435,3.8583616379196823,0.16030141647323343,-0.033709991638522306,False,MACD leads signal,0.002730897372876795,0.0,0.011688240755912238,,,,,,,,,,True,False,,,0.01671309192200554,0.00770113059151234,0.017860068818613906,0.00928505106778088,0.00770113059151234,0.017860068818613906,0.00316784095253686,0.021737943088098732,0.017860068818613906,Q4 steep
3-day,GLD,2024-05-31,early_rising_blue,3,0.05000689112592832,0.019976298899167175,1.5894540876061314,-0.10263107506020153,-0.19044458097944567,False,MACD leads signal,0.008917789131444476,-0.001114723641430393,0.011704598235020791,,,,,,,,,,True,False,,,-0.01718532280538787,0.017464003715745524,0.02169066418950294,0.0019972131908962965,0.017464003715745524,0.02169066418950294,-0.0013469577333953264,0.017464003715745524,0.02169066418950294,Q2
3-day,GLD,2024-08-23,early_rising_blue,3,0.0559187575183734,0.016073875877419472,1.5381923198157925,0.21093763207097269,0.1286443753284378,True,MACD leads signal,0.0031893802258424753,-0.0001723989311266383,0.006378760451685173,,,,,,,,,,True,False,,,-0.0031462804930609822,0.006335229721575852,0.006852857512283483,-0.005990862856650403,0.015084906473579851,0.006852857512283483,0.04391862770450827,0.015084906473579851,0.04570726661494695,Q2
3-day,GLD,2024-10-01,early_rising_blue,3,0.03548770975855261,0.012767341369184282,1.0070424336626078,0.18686886365987887,0.12727031615479048,True,MACD leads signal,-0.002483612230772425,0.007817271283742544,0.004397215097105001,,,,,,,,,,True,False,,,-0.011359472334188436,0.02027604739220723,0.004397215097105001,0.006270103008835015,0.02027604739220723,0.01009730874150061,0.03216481413623207,0.02027604739220723,0.049265095069418896,Q1 weak
3-day,GLD,2024-12-13,early_rising_blue,3,0.052015081486434356,0.019304537615105005,1.317905452188916,-0.3189617305344569,-0.4101597798309356,False,MACD leads signal,-0.02059028204183555,0.022391420033566645,0.005116869294690796,,,,,,,,,,True,False,,,-0.011666461991894805,0.022759834622784414,0.005116869294690796,-0.014982193294854507,0.022759834622784414,0.005116869294690796,0.011216177493962087,0.022759834622784414,0.019444103319824713,Q2
3-day,GLD,2025-05-05,early_rising_blue,3,0.028731047312634872,0.011600677899476986,1.1806410896596709,0.028777908803398287,-0.025113121682696082,False,MACD leads signal,-0.007331856100104228,0.012480448383732967,0.0284801876955163,,,,,,,,,,True,False,,,-0.04470802919708017,0.048618352450469304,0.0284801876955163,-0.010753388946819653,0.049204900938477625,0.0284801876955163,-0.005539624608967619,0.049204900938477625,0.0284801876955163,Q2
3-day,GLD,2025-06-13,early_rising_blue,3,0.033717455513266936,0.00905036760612286,0.9088233970239527,0.010259278552500285,-0.04040847185979255,False,MACD leads signal,-0.01425906604698235,0.014670081254545053,-0.004489550728761671,,,,,,,,,,True,False,,,-0.019475797527585548,0.022258054317240594,-0.004489550728761671,-0.04764614752284291,0.051851149261753604,-0.004489550728761671,-0.02260583641594749,0.051851149261753604,-0.004489550728761671,Q1 weak
3-day,GLD,2025-12-04,early_rising_blue,3,0.09855767616147729,0.03919804683587724,2.1450087354386715,-0.34896665305366165,-0.5331074002053681,False,MACD leads signal,-0.0017823470152145138,0.002466871593521547,0.011895228992844897,,,,,,,,,,True,False,,,0.021465657531061888,0.008059308242709173,0.03425206003151393,0.030713197117247404,0.008059308242709173,0.0389533231730943,0.028801694521220167,0.008059308242709173,0.08090305582104196,Q3
3-day,GLD,2026-03-06,early_rising_blue,3,0.08870273714372412,0.031653192803333154,1.2704624669791553,0.07679455165942214,-0.06942197466448023,False,MACD leads signal,0.009186712001858499,0.018415661760047275,0.01647272496884966,,,,,,,,,,True,False,,,-0.027623492640070912,0.03506789719330117,0.01647272496884966,-0.12698781440729867,0.13152837321281485,0.01647272496884966,-0.09685117526556997,0.1569343836455408,0.01647272496884966,Q2
3-day,GLD,2026-04-24,early_rising_blue,3,0.03845751108556081,0.014450257106763537,0.662501843597279,-0.18804473050322718,-0.25430216561997787,False,MACD leads signal,-0.007755337564916309,0.010917484131563793,-0.003346797461050155,,,,,,,,,,True,False,,,-0.023242931332948635,0.04406231967686092,-0.003346797461050155,0.001200230813617864,0.04609324870167342,0.009624927870744315,-0.04484708597807274,0.05393929601846503,0.009624927870744315,Q1 weak
3-day,GLD,2021-11-24,bearish_crossover,15,0.09145759049675856,0.042428349712421744,1.7731271535202304,0.252599501982015,0.26971867713691744,True,MACD leads signal,-0.0016156055528961932,0.004487793202489265,0.009095260890378043,,,,,,,,,,False,True,-0.06404503393646294,-0.0042797937887256166,-0.0029320248922930503,0.014899473432264276,0.011309238870272686,-0.0032312111057921644,0.014899473432264276,0.011309238870272686,0.01106988989947344,0.019865964576352257,0.012206797510770695,Q3
3-day,GLD,2022-02-02,bearish_crossover,12,0.05411438922161363,0.021122063764922754,1.2962450155837342,0.06728164054794651,0.08488028551886317,True,MACD leads signal,0.00011845534233589916,0.010720208481402538,0.0015399194503671332,,,,,,,,,,False,True,-0.029654745304898714,-0.004399661242729169,0.029436152570480933,0.010720208481402538,0.03174603174603163,0.04981047145226247,0.010720208481402538,0.05146884624496573,0.08789386401326693,0.010720208481402538,0.08967069414830608,Q1 weak
3-day,GLD,2022-03-18,bearish_crossover,11,0.06102310199904723,0.036086441881989256,1.4796911705726463,0.381116126842068,0.4321553592925439,True,MACD and signal aligned,0.0003346346904629094,0.0054484104852202675,0.011098717233686495,,,,,,,,,,False,True,-0.13749335853554084,-0.012759808112618898,-0.0013385387618517486,0.0054484104852202675,0.023480200780814142,0.001115448968209698,0.01455660903513667,0.023480200780814142,0.029615170105967703,0.01455660903513667,0.03792526491912995,Q2
3-day,GLD,2022-05-06,bearish_crossover,5,0.06799536929798164,0.018500632262054728,1.5663534529792966,-0.0961208417956342,-0.08537045496318812,False,MACD leads signal,-0.014479534830691976,0.014992589214456675,-0.006555694903659703,,,,,,,,,,False,True,-0.04030663785004218,-0.0026875967081115143,-0.03779500627066468,0.04224147759662522,-0.006555694903659703,-0.019325048455136162,0.04224147759662522,-0.006555694903659703,-0.015049595257097148,0.04224147759662522,-0.0055295861361304155,Q2
3-day,GLD,2022-07-05,bearish_crossover,8,0.029126983053678848,0.010874721401786122,0.6844326690110849,-0.2373968119467338,-0.2244702330350003,False,MACD leads signal,-0.01487101669195745,0.019908952959028836,-0.0010925644916540689,,,,,,,,,,False,True,-0.030837040854079095,-0.0032316447279333582,-0.032898330804248754,0.03963581183611531,-0.0010925644916540689,-0.04072837632776938,0.04081942336874045,-0.0010925644916540689,0.014688922610015087,0.04081942336874045,0.015538694992412783,Q1 weak
3-day,GLD,2022-08-31,bearish_crossover,11,0.13210286708947372,0.0568442893924361,2.7827470405797556,0.13720748711813044,0.16959255598475476,True,MACD leads signal,-6.2786463238651e-05,0.012243360331512632,0.004960130595843548,,,,,,,,,,False,True,-0.08863890482349526,-0.008096267216656072,0.0034532554781188107,0.012243360331512632,0.006090286934137046,-0.026935392729327656,0.02919570540591454,0.014754818861053565,-0.02888177308972195,0.05173541784391289,0.014754818861053565,Q4 steep
3-day,GLD,2022-10-28,bearish_crossover,9,0.11269098502232251,0.0417269805039171,2.280912654125766,0.0878084850042859,0.1026557305954001,True,MACD leads signal,-0.005027422303473528,0.008291982240793971,0.014755810916688317,,,,,,,,,,False,True,-0.06649786491107873,-0.0037118113977785416,0.04106816401149116,0.01690846173935745,0.04381039435884038,0.07678244972577697,0.01690846173935745,0.0788717680856621,0.06248367720031345,0.01690846173935745,0.08533559676155655,Q3
3-day,GLD,2023-01-31,bearish_crossover,24,0.05875492123334081,0.03653610673022197,1.45301363610754,0.8188804850231897,0.8737535220180588,True,MACD and signal aligned,-0.033164260632071674,0.035059361239618725,0.012931274733849696,,,,,,,,,,False,True,-0.11830291392514525,-0.01371825924871728,-0.03556100551808705,0.03645281756869734,0.012931274733849696,-0.047488991695000315,0.051557884175909896,0.012931274733849696,-0.04877097151775267,0.06253832004904969,0.012931274733849696,Q2
3-day,GLD,2023-04-25,bearish_crossover,13,0.12244592588105781,0.06070352774170464,3.6695212083102233,0.16702214535920687,0.22771122864833965,True,MACD leads signal,-0.005114401076715902,0.012759084791386321,0.004845222072678457,,,,,,,,,,False,True,-0.08036593684921081,-0.015172270822283174,0.025248990578734753,0.012759084791386321,0.030201884253028277,0.016150740242261152,0.012759084791386321,0.030201884253028277,-0.029878869448183076,0.03041722745625841,0.030201884253028277,Q4 steep
3-day,GLD,2023-08-14,bearish_crossover,11,0.039633319343229494,0.02049647982809662,1.253462914827876,-0.13146900969616318,-0.07790143772394274,False,MACD and signal aligned,-0.00994013328815091,0.012029820399864444,0.002089687111713534,,,,,,,,,,False,True,-0.08127528020292119,-0.013391892993055113,0.004687676493843718,0.012029820399864444,0.006551451485372173,0.015870326443013782,0.012029820399864444,0.01592680447305983,0.007229187845927854,0.012029820399864444,0.022930080198802605,Q1 weak
3-day,GLD,2023-10-06,bearish_crossover,10,0.05068790187938976,0.0218639357717933,1.6766983419715544,-0.14085655561689106,-0.0904617047831398,False,MACD leads signal,0.01667648791985865,-0.008102533883323604,0.018621096051856467,,,,,,,,,,True,True,-0.06458106115559552,-0.01259871270843782,0.048674130819092554,-0.008102533883323604,0.05536240424278138,0.08185032410135551,-0.008102533883323604,0.0915144372421921,0.08043606364172073,-0.008102533883323604,0.09817324690630547,Q2
3-day,GLD,2023-11-15,bearish_crossover,11,0.13040892147034175,0.05514979553987714,3.8564748216284093,0.49348517035922623,0.5286281014801356,True,MACD leads signal,0.011175952433384762,-0.006386258533362943,0.014754459370182715,,,,,,,,,,False,True,-0.11007438021878402,-0.008785732780227318,0.021360933715040886,-0.0032206562431182917,0.02463664391103304,0.0391433604932836,-0.0032206562431182917,0.04597005064963677,0.029508918740365653,-0.0032206562431182917,0.0592105263157896,Q4 steep
3-day,GLD,2024-01-17,bearish_crossover,4,0.029787813447504315,0.0037254932117921275,0.5732415398333747,-0.010445504401801867,0.009707012425898007,False,MACD leads signal,0.011246233318984,-0.0024752475247524774,0.013237193284545867,,,,,,,,,,False,True,-0.027031085257168803,-0.005038129206924967,0.006295738269479045,-0.0024752475247524774,0.013613861386138515,0.02459104606112783,-0.0024752475247524774,0.02970297029702973,0.002690486439948403,0.011084804132587167,0.02970297029702973,Q1 weak
3-day,GLD,2024-04-25,bearish_crossover,25,0.04859734414408777,0.025640859021963922,1.5705230413024656,0.4037063359793249,0.4725259843078197,True,MACD and signal aligned,0.0032419414597999463,0.0018062245276027067,0.005314931456094962,,,,,,,,,,False,True,-0.16997077942011818,-0.017204912082123658,-0.013708781030011052,0.02412930715079653,0.005997591700629856,0.012921452389774046,0.02412930715079653,0.017043349388662588,0.0,0.02412930715079653,0.045109299740644815,Q2
3-day,GLD,2024-08-02,bearish_crossover,23,0.04095919709227729,0.019371140862567752,1.3248126887862683,0.1320104231008761,0.13483890103719826,True,MACD leads signal,-0.012691932191355337,0.02262802875654557,-0.009940534303718884,,,,,,,,,,False,True,-0.03295524704944036,-0.0007071194840805317,-0.0034614360521878496,0.023209372503772085,-0.00026626431170673204,0.0295109612141653,0.023209372503772085,0.02964409337001861,0.026404544244253092,0.023209372503772085,0.03847519304162583,Q2
3-day,GLD,2024-09-06,bearish_crossover,7,0.0558063077151608,0.019813428265965206,1.330739638268877,0.18414079216006646,0.22582317885919062,True,MACD leads signal,0.008628539218662024,0.0010406278454667683,0.009148853141395463,,,,,,,,,,False,True,-0.0979154975583515,-0.01042059667478104,0.03481767332957553,0.0010406278454667683,0.037497290031652364,0.05021029354377138,0.0010406278454667683,0.05200971252655773,0.05870875428174993,0.0010406278454667683,0.07258379222130684,Q2
3-day,GLD,2024-10-10,bearish_crossover,5,0.044299504354205856,0.009691378473318834,1.2912912499558702,0.06219876120100329,0.1258591522261617,True,MACD leads signal,0.010913433819289997,-0.0067951569063504635,0.01276665843011271,,,,,,,,,,False,True,-0.0871807925721764,-0.015915097756289603,0.03479943991433987,-0.005930318754633124,0.035211267605633756,0.0432419075858661,-0.005930318754633124,0.045795239271888555,0.02116794333250982,-0.005930318754633124,0.06132114323367088,Q1 weak
3-day,GLD,2024-11-06,bearish_crossover,3,0.028827998085014198,0.0033446404305302402,0.9281794916177981,-0.044904739466153504,0.006863090073513652,False,MACD leads signal,0.00919820919820924,-0.00846560846560851,0.018477818477818486,,,,,,,,,,False,True,-0.08174769778046663,-0.01294195738491679,-0.03707773707773698,0.038939356939356906,0.018477818477818486,0.003907203907203893,0.038939356939356906,0.018477818477818486,-0.01119251119251119,0.038939356939356906,0.019088319088319095,Q1 weak
3-day,GLD,2025-02-28,bearish_crossover,26,0.05105960167017242,0.03614061973202086,1.7299937430058223,0.3784000052165225,0.41679659518331147,True,MACD and signal aligned,0.01318038515592379,-0.006837087400767272,0.01371215862042785,,,,,,,,,,False,True,-0.09526992062276529,-0.009599147491697158,0.019447715273293698,-0.006837087400767272,0.026854559957458113,0.045466631215102415,-0.006837087400767272,0.04949291601777661,0.07896835947886216,-0.006837087400767272,0.08117142097466479,Q3
3-day,GLD,2025-04-08,bearish_crossover,3,0.047923141415934414,0.005681722242676462,1.4720756782570474,0.016722908492307093,0.0788225625055372,True,MACD leads signal,0.08259447674418618,-0.021220930232558333,0.08748183139534871,,,,,,,,,,False,True,-0.0933233325565147,-0.015524913503307522,0.11235465116279086,-0.021220930232558333,0.11940370639534903,0.10730377906976751,-0.021220930232558333,0.1541787790697675,0.11497093023255811,-0.021220930232558333,0.1541787790697675,Q2
3-day,GLD,2025-05-16,bearish_crossover,6,0.036408828813134717,0.01265652360716225,1.1767188043094494,-0.005241593184376031,0.015232343635629036,False,MACD leads signal,0.031742794997281054,-0.007619630233822727,0.032091150081566155,,,,,,,,,,False,True,-0.0667534618306613,-0.005118484205001267,0.03864192495921692,-0.007619630233822727,0.0544113648722131,0.056620445894507876,-0.007619630233822727,0.05995106035889064,0.05444535073409451,-0.007619630233822727,0.07939097335508438,Q1 weak
3-day,GLD,2025-06-27,bearish_crossover,7,0.03189261751227334,0.008815098698960333,0.8269326697874416,-0.03284648537097079,-0.0004926562993312362,False,MACD leads signal,0.021014540867140274,-0.0024234778567158166,0.025828298253767867,,,,,,,,,,False,True,-0.05444477649898791,-0.008088457267909889,0.02041697098466222,-0.0024234778567158166,0.027139632162538785,0.02629307482902843,-0.0024234778567158166,0.03007768408472189,0.013910098931013914,-0.0024234778567158166,0.049863886860102236,Q1 weak
3-day,GLD,2025-10-14,bearish_crossover,27,0.05098273378646198,0.03216888379069449,1.9453273153903332,0.6879472729867653,0.6997144182346641,True,MACD and signal aligned,0.02153417894377485,-0.009979253656871023,0.04330470863205438,,,,,,,,,,False,True,-0.1366965487348214,-0.0029417863119746146,-0.005252238766774386,0.03114577588697187,0.059113947320045046,-0.04671866383045775,0.05428188765461284,0.059113947320045046,0.0054623283174453086,0.05428188765461284,0.059113947320045046,Q3
3-day,GLD,2026-02-02,bearish_crossover,22,0.08060083007232498,0.05340876229609767,2.250535066577762,0.3136912986404788,0.38669874685662065,True,MACD and signal aligned,0.03453281202444214,-0.030950764404279685,0.08421323718774154,,,,,,,,,,False,True,-0.14809618492980758,-0.01825186205403545,0.0948189075925363,-0.030950764404279685,0.09711329103551614,0.049329244024067576,-0.030950764404279685,0.09711329103551614,0.10458174326317526,-0.030950764404279685,0.152225317818931,Q3
3-day,GLD,2026-03-20,bearish_crossover,7,0.0877385910688441,0.027973688694026784,1.2823273072036216,-0.0618936380085865,0.013274169610268227,False,MACD leads signal,0.007039527795249079,0.03430257874110987,0.017610914896705188,,,,,,,,,,False,True,-0.10759029995845051,-0.01879195190471368,0.040906671827374286,0.03430257874110987,0.04158401470801687,0.03452029609560214,0.03430257874110987,0.0648555808215201,0.03916493299143653,0.03430257874110987,0.0854419662296193,Q1 weak
3-day,GLD,2026-05-22,bearish_crossover,12,0.03781866140494452,0.012847552247871,0.9756510307383942,-0.1721830114510301,-0.1584815170878271,False,MACD leads signal,-0.012879996133584592,0.02300517133053015,0.005219660722053154,,,,,,,,,,False,True,-0.02078632858439111,-0.0034253735908007787,-0.004518872939925589,0.02300517133053015,0.019332076748344695,-0.039993233773138126,0.04325552172442115,0.019332076748344695,-0.08820260016432269,0.10134841235319703,0.019332076748344695,Q1 weak
3-day,INTC,2021-08-13,early_rising_blue,3,0.019624252372825723,0.006110959091776794,0.787990065197344,-0.12675188230271947,-0.15541117685066155,False,MACD leads signal,-0.024303608151056366,0.025799214806505932,0.0,,,,,,,,,,True,True,,,0.005982426621798487,0.03869882220975884,0.008973639932697619,0.00841278743690399,0.03869882220975884,0.02579921480650582,0.019255935688913928,0.03869882220975884,0.03729669097027477,Q1 weak
3-day,INTC,2021-08-30,early_rising_blue,3,0.05417118356628319,0.014662655256128136,2.060501008952017,-0.04234621974118942,-0.12310250998109586,False,MACD leads signal,-0.0038932146829810943,0.010938079347422969,0.010381905821282844,,,,,,,,,,True,False,,,-0.006859473489061907,0.017612161661104908,0.010381905821282844,0.010752688172043001,0.017612161661104908,0.02864293659621797,-0.008342602892102202,0.030033370411568394,0.02864293659621797,Q3
3-day,INTC,2021-12-16,early_rising_blue,3,0.05134225958885438,0.015530179191256675,2.2601605328072716,0.03693107110293714,-0.0416100768124828,False,MACD leads signal,-0.004131418453669156,0.016132205390517407,0.003737950029510273,,,,,,,,,,True,False,,,0.009443242179815181,0.03678929765886285,0.01770607908715327,0.013181192209325232,0.03678929765886285,0.0261459767853629,0.09580956128270723,0.03678929765886285,0.10722014558331705,Q3
3-day,INTC,2022-03-10,early_rising_blue,3,0.12930814872198942,0.037747947560709816,2.9405879584588304,-0.1472458743442135,-0.3363978697984018,False,MACD leads signal,-0.01778825546506635,0.01918131161594505,0.01318045435062154,,,,,,,,,,True,False,,,0.016930990141448943,0.05550792970424334,0.02014573510501516,0.11080154307758261,0.05550792970424334,0.1139798542648951,0.007715387912559102,0.05550792970424334,0.12537505357908274,Q4 steep
3-day,INTC,2022-06-10,early_rising_blue,3,0.0685174005233952,0.03326610960903864,1.0969749967355389,-0.1174438296643136,-0.2590129761462317,False,MACD leads signal,-0.03190403266972941,0.041858090862685104,-0.009443593670239836,,,,,,,,,,True,False,,,-0.045176110260336966,0.06584992343032159,-0.0002552322613578184,-0.0482388973966309,0.06584992343032159,-0.0002552322613578184,-0.03751914241960186,0.09290454313425223,-0.0002552322613578184,Q1 weak
3-day,INTC,2022-09-16,early_rising_blue,3,0.06261961268963345,0.029053894352565585,1.3769990124768934,-0.02342520468547782,-0.15122734731236204,False,MACD leads signal,-0.02633378932968533,0.026675786593707174,0.01196990424076616,,,,,,,,,,True,False,,,-0.08036935704514359,0.08960328317373456,0.01196990424076616,-0.07763337893296851,0.11969904240766072,0.01196990424076616,-0.1152530779753761,0.15902872777017785,0.01196990424076616,Q2
3-day,INTC,2022-10-12,early_rising_blue,3,0.04604158676220873,0.023241665533827782,1.0872155555477625,0.06620492230816939,-0.030492939242623307,False,MACD and signal aligned,0.022897749703908454,0.02921437031188312,0.05941571259376244,,,,,,,,,,True,False,,,0.06474536123174102,0.02921437031188312,0.0679036715357284,0.0371101460718517,0.02921437031188312,0.09751283063561011,0.20134228187919478,0.02921437031188312,0.20923805763916303,Q1 weak
3-day,INTC,2023-01-25,early_rising_blue,3,0.06339446219795292,0.020264711906501462,2.0622208042938643,0.13271779201658718,0.033822953493608775,True,MACD leads signal,-0.051851851851851816,0.09831649831649825,0.013804713804713709,,,,,,,,,,True,False,,,0.020875420875420936,0.09831649831649825,0.04949494949494948,-0.06632996632996624,0.09831649831649825,0.04949494949494948,-0.15353535353535352,0.16094276094276083,0.04949494949494948,Q3
3-day,INTC,2023-03-23,early_rising_blue,3,0.11512165177926802,0.032406502434284175,3.7794762883710957,0.16835085862799148,0.002080492456419586,True,MACD leads signal,0.011367550809507243,0.003616947984843244,0.026868756458835685,,,,,,,,,,True,False,,,0.12538753014123327,0.013778849466069665,0.13331036858422318,0.13021012745435767,0.013778849466069665,0.1656906648294869,0.04374784705477097,0.013778849466069665,0.1656906648294869,Q4 steep
3-day,INTC,2023-06-12,early_rising_blue,3,0.06257671175680446,0.022258057190490232,1.3699440305169344,0.008657258863184289,-0.10296937093551728,False,MACD leads signal,0.08315693982461436,0.0,0.10130027214998494,,,,,,,,,,True,False,,,-0.005140610825521641,0.007257332930148186,0.12216510432416094,0.03114605382521929,0.03144844269730873,0.12216510432416094,0.027517387360145085,0.051103719383126744,0.12216510432416094,Q2
3-day,INTC,2023-08-04,early_rising_blue,3,0.04310480546262015,0.016493228844207793,0.9053878570118115,0.07264794855685086,-0.0026838274702713563,False,MACD leads signal,-0.0034149117814455954,0.03642572566875357,0.011667615253272423,,,,,,,,,,True,False,,,0.015367103016505457,0.03642572566875357,0.016220830961866772,-0.0680136596471258,0.08423449060899257,0.016220830961866772,0.08651109846328975,0.0887877063175867,0.09106431417188388,Q1 weak
3-day,INTC,2023-09-15,early_rising_blue,3,0.09559346435629887,0.03538036345953132,2.1105997691872287,0.19527493466687373,0.029610508505876123,True,MACD leads signal,-0.04065469904963037,0.04910242872228088,0.013463569165786726,,,,,,,,,,True,False,,,-0.09477296726504758,0.10863252375923971,0.013463569165786726,-0.06151003167898639,0.1119324181626189,0.013463569165786726,-0.03484688489968324,0.1119324181626189,0.013463569165786726,Q3
3-day,INTC,2024-03-01,early_rising_blue,3,0.013614425588813955,0.005395264066824251,0.42161844352506817,-0.2596293361408259,-0.28580994411682087,False,MACD leads signal,-0.01506161570059339,0.025787311729803752,0.06366955727978096,,,,,,,,,,True,False,,,0.02373345504335922,0.025787311729803752,0.06407348242811484,-0.026928343222272888,0.033546325878594185,0.06407348242811484,0.015974440894568787,0.07416704701049748,0.06407348242811484,Q1 weak
3-day,INTC,2024-05-24,early_rising_blue,3,0.10489834723331432,0.034924366846304344,4.100124186632649,-0.37476485683297733,-0.544750318256114,False,MACD leads signal,0.01106770833333326,0.0021158854166666297,0.02114257812500009,,,,,,,,,,True,False,,,-0.01399739583333337,0.02539062499999989,0.02114257812500009,0.0006510416666667407,0.02539062499999989,0.02114257812500009,-0.0048828125,0.02539062499999989,0.02473958333333348,Q4 steep
3-day,INTC,2024-09-06,early_rising_blue,3,0.04681470625590256,0.018937707325415942,0.9693508992676239,-0.0806410677778083,-0.16203264892053845,False,MACD leads signal,0.004764425622022284,0.020116463737427148,0.03440974060349378,,,,,,,,,,True,False,,,0.1069348861831656,0.020116463737427148,0.11539968237162523,0.15616728427739535,0.020116463737427148,0.22498676548438334,0.18475383800952883,0.020116463737427148,0.30545262043409216,Q1 weak
3-day,INTC,2025-01-10,early_rising_blue,3,0.031451230488446745,0.010714686615332758,1.0073608527466171,-0.09126929334067845,-0.1389187528196676,False,MACD leads signal,0.0026109660574413773,0.02193211488250646,0.019321148825065304,,,,,,,,,,True,False,,,0.12637075718015667,0.02193211488250646,0.1702349869451698,0.031331592689295196,0.02193211488250646,0.1702349869451698,0.26005221932114897,0.02193211488250646,0.2966057441253265,Q1 weak
3-day,INTC,2025-02-21,early_rising_blue,3,0.10540984631855438,0.0352118864298894,3.5652431862554743,0.2515392930162081,0.07698389739188409,True,MACD leads signal,-0.0755930840369925,0.08443506232408526,-0.0028146361077603377,,,,,,,,,,True,False,,,-0.08564535585042232,0.09449135504624051,0.006835544833132312,-0.17008443908323279,0.19581825492561322,0.006835544833132312,-0.02613590671491761,0.224366706875754,0.06192199437072765,Q4 steep
3-day,INTC,2025-05-14,early_rising_blue,3,0.06565380048506354,0.024346965856529387,1.4910154278427208,-0.030635026341204713,-0.1467903524744769,False,MACD leads signal,0.006505576208178487,0.015566914498141293,0.01115241635687747,,,,,,,,,,True,False,,,-0.06830855018587356,0.07342007434944231,0.01115241635687747,-0.09154275092936803,0.10269516728624539,0.01115241635687747,-0.036245353159851335,0.10269516728624539,0.04275092936802971,Q2
3-day,INTC,2025-07-01,early_rising_blue,3,0.03347848939160682,0.009826848765225766,0.9410237055474319,0.07240613165717165,0.02108413225828884,True,MACD leads signal,-0.01575492341356688,0.058205689277899375,-0.0035010940919038003,,,,,,,,,,True,False,,,0.042450765864332496,0.058205689277899375,0.05207877461706767,-0.0070021881838074895,0.058205689277899375,0.05207877461706767,-0.1334792122538293,0.1396061269146609,0.05207877461706767,Q1 weak
3-day,INTC,2025-08-27,early_rising_blue,3,0.11683740571960098,0.038541700851175725,3.5518113668770956,0.22772206082426594,0.03638381645325424,True,MACD leads signal,-0.02012072434607648,0.02293762575452718,0.011670020120724267,,,,,,,,,,True,False,,,-0.01448692152917519,0.04708249496981898,0.011670020120724267,-0.00965794768611683,0.04708249496981898,0.011670020120724267,0.4285714285714284,0.04708249496981898,0.4607645875251507,Q4 steep
3-day,INTC,2025-12-12,early_rising_blue,3,0.11219394005115449,0.04160624825762611,2.611037559086455,-0.0503484442429325,-0.24185362710336264,False,MACD leads signal,-0.013224014810896634,0.023538746363395924,0.017720179846601347,,,,,,,,,,True,False,,,-0.03808516265538231,0.0565987833906374,0.017720179846601347,-0.04258132769108702,0.0756413647183285,0.017720179846601347,0.16530018513620726,0.0756413647183285,0.20937582650092557,Q4 steep
3-day,INTC,2026-03-20,early_rising_blue,3,0.014227264166199877,0.005447720876752243,0.5087642009548294,-0.16083437129601968,-0.1854842419574797,False,MACD leads signal,0.07545019375427398,0.015272395714611253,0.09060861636653761,,,,,,,,,,True,False,,,0.005926601322087999,0.07385457032140408,0.09060861636653761,0.15751082744472322,0.07385457032140408,0.19409619329838157,0.5103715523136543,0.07385457032140408,0.6030316845224528,Q1 weak
3-day,INTC,2021-06-22,bearish_crossover,9,0.04474795909828857,0.01989659204073926,1.7491301589749124,0.13942647287258916,0.1440423211070925,True,MACD leads signal,0.0007159477358151811,0.011455163773044563,0.009575800966529435,,,,,,,,,,False,True,-0.05986727928594038,-0.0011539620586258348,0.002505817075353578,0.011455163773044563,0.03508143905494898,0.0016108824055844906,0.011455163773044563,0.03508143905494898,0.0016108824055844906,0.03400751745122599,0.03508143905494898,Q3
3-day,INTC,2021-08-20,bearish_crossover,4,0.022221695554752646,0.00421003172667155,0.9515393464109525,-0.16108473150370373,-0.1528626288982512,False,MACD leads signal,0.034608729090559676,-0.0090367237069795,0.037685060565275874,,,,,,,,,,True,False,-0.02869392267190976,-0.0020555256513631326,0.03710824841376659,-0.0090367237069795,0.0549894251105556,0.02884060757546636,-0.0090367237069795,0.0549894251105556,0.018650259565468064,-0.005960392232263079,0.06681407421649688,Q1 weak
3-day,INTC,2021-10-22,bearish_crossover,20,0.043523643242969756,0.02238455487341557,1.8213683520266475,0.3198526032908729,0.3239976583654691,True,MACD and signal aligned,-0.023857662757784115,0.030934088152042127,0.012333198544278279,,,,,,,,,,False,True,-0.02069515968863972,-0.001036263768649015,0.001819652244237746,0.032147189648200625,0.012333198544278279,0.029518803073190547,0.032147189648200625,0.04286291953093402,0.007480792559644067,0.032147189648200625,0.05115244642135064,Q3
3-day,INTC,2022-01-28,bearish_crossover,17,0.045981081681623646,0.02731084106619297,1.7270806152367597,0.25631092638904973,0.35204929839328475,True,MACD and signal aligned,0.03729310706054889,0.008904253090299519,0.03875968992248069,,,,,,,,,,False,True,-0.1315708313379238,-0.023934593001058713,0.022627278441232024,0.01257071024512868,0.040959564215378386,-0.00314267756128217,0.01298763880159215,0.04693065158181442,-0.01906557720511204,0.08600460926042319,0.04693065158181442,Q3
3-day,INTC,2022-04-14,bearish_crossover,14,0.09472103231436395,0.04803138462242687,2.244610868886702,0.14642186393189985,0.19045088190546933,True,MACD and signal aligned,0.021239325596671854,0.0032844317932997358,0.02671337858550471,,,,,,,,,,False,True,-0.0733842471945913,-0.011007254493392349,0.019049704401138623,0.0032844317932997358,0.07072476461572141,-0.04554412086708992,0.04751477994306985,0.07072476461572141,-0.04532515874753673,0.08014013575651424,0.07072476461572141,Q3
3-day,INTC,2022-08-04,bearish_crossover,19,0.0556827050169648,0.028223256685121642,1.1042642784979357,0.1572122049833774,0.16582198801989756,True,MACD and signal aligned,-0.007571508693213547,0.013460459899046429,0.0008412787436904434,,,,,,,,,,False,True,-0.0864082440775655,-0.0021524457591300394,0.012619181155356207,0.03533370723499718,0.017666853617498646,-0.007851934941110361,0.03533370723499718,0.025659001682557747,-0.12450925406618052,0.12899607403252944,0.025659001682557747,Q1 weak
3-day,INTC,2022-09-30,bearish_crossover,6,0.06892067858496322,0.02442515506443943,1.6152968790027327,-0.10143716525853286,-0.08965395380518684,False,MACD leads signal,0.046565774155995276,-0.011447419480015597,0.05743112145906104,,,,,,,,,,True,True,-0.05892652091750823,-0.0029458028633365108,-0.0019402405898332198,0.0046177726038029165,0.08032596041909201,0.005432673651532882,0.045789677920062055,0.08032596041909201,0.12805587892898718,0.045789677920062055,0.13382227396197122,Q2
3-day,INTC,2022-12-08,bearish_crossover,21,0.04082638628054531,0.02740654582632215,1.6377426050974824,0.3921255151924717,0.41639762180730855,True,MACD and signal aligned,-0.007032348804500765,0.008790436005625901,0.011954992967651235,,,,,,,,,,False,True,-0.0346674653248103,-0.0060680266537091465,-0.053445850914205284,0.06989451476793251,0.058016877637130815,-0.08263009845288327,0.10864978902953581,0.058016877637130815,0.035161744022503605,0.10864978902953581,0.058016877637130815,Q2
3-day,INTC,2023-02-21,bearish_crossover,11,0.05311147082460692,0.01991601753212304,1.790238704273899,0.1780802614631178,0.19123935446060922,True,MACD leads signal,-0.03530314658480427,0.04374520337682264,0.03223330775134303,,,,,,,,,,False,True,-0.03648494640616981,-0.0032897732493728238,0.005372217958557135,0.051036070606293116,0.03223330775134303,-0.003069838833461125,0.051036070606293116,0.03223330775134303,0.11396776669224873,0.051036070606293116,0.18956254796623173,Q3
3-day,INTC,2023-04-21,bearish_crossover,12,0.09382297108944661,0.043963514258861844,2.136825290055955,0.3491816199262656,0.41110059975756036,True,MACD leads signal,-0.04686468646864694,0.0471947194719472,0.0023102310231022383,,,,,,,,,,False,True,-0.0953821255936978,-0.015479744957823616,0.0,0.05907590759075909,0.07491749174917484,0.022772277227722793,0.05907590759075909,0.07491749174917484,-0.0006600660066006236,0.05907590759075909,0.07491749174917484,Q3
3-day,INTC,2023-07-06,bearish_crossover,10,0.06993816098367477,0.033342131101087615,1.4579918461911903,0.06933642389368427,0.11955581674623839,True,MACD leads signal,-0.003753518923991117,0.00469189865498898,0.013762902721301096,,,,,,,,,,False,True,-0.06510594410945533,-0.012554848213138514,0.036909602752580595,0.0062558648733187505,0.07288082577416333,0.06412261495151728,0.0062558648733187505,0.08961526431029099,0.09915545824210192,0.0062558648733187505,0.16327807319361898,Q2
3-day,INTC,2023-08-18,bearish_crossover,7,0.04053647956317254,0.01451057745725573,0.8877387831481507,0.01176850976705715,0.043340937472055044,True,MACD leads signal,0.03755725190839687,0.022290076335877762,0.04274809160305337,,,,,,,,,,False,True,-0.056338002530027145,-0.00789310692624947,0.0476335877862597,0.022290076335877762,0.05282442748091598,0.1658015267175572,0.022290076335877762,0.17068702290076354,0.04366412213740456,0.022290076335877762,0.22345343511450388,Q1 weak
3-day,INTC,2023-09-28,bearish_crossover,6,0.09081916619651716,0.027356761003642757,2.0051884561657825,0.04389451861641172,0.09368720479310047,True,MACD leads signal,0.01051733939738475,0.0007106310403638405,0.02075042637862423,,,,,,,,,,False,True,-0.09254940282961871,-0.012448171544172187,0.028709494030699112,0.005685048322910835,0.0386583285957931,0.022455940875497404,0.005685048322910835,0.05798749289368965,0.010233086981239259,0.08627060830017041,0.05798749289368965,Q3
3-day,INTC,2023-12-08,bearish_crossover,16,0.054443567883052844,0.032435328247166516,1.2635134845446194,0.32380997053211513,0.3632961202572647,True,MACD and signal aligned,0.031381733021077274,-0.008899297423887509,0.04754098360655723,,,,,,,,,,False,True,-0.12972493943407676,-0.00987153743128738,0.070023419203747,-0.008899297423887509,0.10702576112412188,0.1241217798594847,-0.008899297423887509,0.12776814988290397,0.13466042154566749,-0.008899297423887509,0.20093676814988282,Q1 weak
3-day,INTC,2024-04-05,bearish_crossover,14,0.020212174746307807,0.011654786145480635,0.9418271254578243,-0.12862485367185786,-0.12402731346086916,False,MACD and signal aligned,-0.03900800826659767,0.04365796951692058,0.003874967708602295,,,,,,,,,,False,True,-0.03781575066965771,-0.0011493850527471844,-0.06329113924050644,0.08021183156807032,0.003874967708602295,-0.11108240764660304,0.119736502195815,0.003874967708602295,-0.20743993800051663,0.22448979591836737,0.003874967708602295,Q1 weak
3-day,INTC,2024-07-30,bearish_crossover,24,0.0719605737678518,0.036504700525802763,2.1871896400599113,0.24833667363533923,0.2505823668750326,True,MACD and signal aligned,-0.28708927978758714,0.3222701626286093,0.024560238964487224,,,,,,,,,,False,True,-0.05994809410689711,-0.0005614233099233146,-0.3199468967806174,0.374709591769001,0.024560238964487224,-0.33886491868569524,0.374709591769001,0.024560238964487224,-0.33189512114171926,0.374709591769001,0.024560238964487224,Q3
3-day,INTC,2024-10-25,bearish_crossover,18,0.06863323169999933,0.03509411752911018,2.157123353363438,0.30268982927826676,0.32776526619386126,True,MACD and signal aligned,0.010582010582010692,0.005291005291005346,0.026014109347442638,,,,,,,,,,False,True,-0.034568125664420524,-0.006268859228898638,0.022927689594356204,0.05335097001763667,0.03968253968253954,0.15520282186948853,0.05335097001763667,0.16534391534391535,0.08024691358024683,0.05335097001763667,0.16534391534391535,Q3
3-day,INTC,2025-02-10,bearish_crossover,11,0.040582089135588424,0.01658862799958117,1.43591135645602,-0.031697796456843313,0.0024142897536261355,False,MACD leads signal,0.22053616590794123,-0.0046433990895295985,0.2559433485078402,,,,,,,,,,True,True,-0.05657763365811069,-0.008528021552617364,0.30096105209914015,-0.0046433990895295985,0.3935255437531615,0.16287303995953462,-0.0046433990895295985,0.3935255437531615,0.046029337379868585,0.02427921092564489,0.3935255437531615,Q2
3-day,INTC,2025-03-12,bearish_crossover,8,0.08290447317735371,0.03684866837024636,2.8564503646015575,0.24575353169442382,0.26986965625022796,True,MACD leads signal,0.16295938104448737,-0.11847195357833651,0.18617021276595747,,,,,,,,,,False,True,-0.08564807960540033,-0.006029031138951035,0.1731141199226307,-0.11847195357833651,0.2770793036750483,0.142166344294004,-0.10517408123791117,0.2770793036750483,-0.045454545454545525,0.1457930367504836,0.2770793036750483,Q4 steep
3-day,INTC,2025-06-10,bearish_crossover,10,0.06106036211004947,0.026495180725985955,1.5861192463876872,0.0072063911325526,0.02410343723946984,True,MACD leads signal,-0.0878623188405796,0.08967391304347816,-0.011322463768115965,,,,,,,,,,False,True,-0.021595439554917564,-0.0042242615267293095,-0.02672101449275366,0.08967391304347816,-0.011322463768115965,0.005434782608695787,0.08967391304347816,0.03125,0.07880434782608714,0.08967391304347816,0.08876811594202905,Q2
3-day,INTC,2025-07-28,bearish_crossover,11,0.027066417609167413,0.013675352959521516,0.8900668073225004,0.1407148061137567,0.1490245530934152,True,MACD and signal aligned,-0.04255319148936165,0.049323017408123726,0.007978723404255206,,,,,,,,,,False,True,-0.03820501889358735,-0.002077436744914618,-0.013056092843326872,0.08293036750483562,0.007978723404255206,0.054642166344293974,0.08293036750483562,0.05705996131528046,0.20164410058027094,0.08293036750483562,0.28288201160541604,Q1 weak
3-day,INTC,2025-10-14,bearish_crossover,18,0.07716516071885746,0.03326566579215229,3.0572799033221356,0.407334594121139,0.4416023301652167,True,MACD leads signal,0.03873140611843939,-0.0002806623631770311,0.07718214987370198,,,,,,,,,,False,True,-0.05829219790559159,-0.008566934011019378,0.07100757788380552,-0.0002806623631770311,0.08110580971091763,0.16025820937412294,-0.0002806623631770311,0.19225371877631203,0.007858546168958647,0.005051922537187781,0.19225371877631203,Q4 steep
3-day,INTC,2026-01-30,bearish_crossover,18,0.06628978855901982,0.02796094348150132,1.9028787244029448,0.02263989471699146,0.09208857626151923,True,MACD leads signal,0.05035506778566834,0.020873681945341005,0.0725199053152572,,,,,,,,,,False,True,-0.10580646657788081,-0.017362170386131942,0.08865935011835613,0.020873681945341005,0.10802668388207448,0.006886163115988886,0.032278889606197514,0.10802668388207448,-0.018506563374219964,0.0772541424574994,0.10802668388207448,Q3
3-day,INTC,2026-05-18,bearish_crossover,21,0.05144867460304402,0.029736426945226282,1.6551316308759252,0.5261486858277276,0.5852014504034214,True,MACD and signal aligned,0.0954978274937599,0.0533419617269113,0.12729962096699632,,,,,,,,,,False,True,-0.1548180459893329,-0.014763191143923438,0.1257280207081446,0.0533419617269113,0.16132014421743546,-0.0022187297772024994,0.0533419617269113,0.17074974577054625,0.08209300175649425,0.0909679208653047,0.2259406489784599,Q2
3-day,IREN,2022-02-08,early_rising_blue,3,0.1315113816401512,0.03621668945910464,2.036101004480932,0.12237757177133499,-0.0684615229468025,False,MACD leads signal,0.029247910863509752,0.03621169916434541,0.08669916434540403,,,,,,,,,,True,False,,,-0.05362116991643451,0.05988857938718661,0.08669916434540403,-0.06754874651810572,0.11281337047353757,0.08669916434540403,0.23816155988857957,0.12395543175487467,0.24512534818941512,Q3
3-day,IREN,2022-07-14,early_rising_blue,3,0.10491702183848373,0.04310282582513564,6.581404472408795,-0.21109120549614369,-0.4080149358898731,False,MACD leads signal,0.03833865814696491,0.022364217252396124,0.04792332268370614,,,,,,,,,,True,False,,,0.20447284345047922,0.022364217252396124,0.4952076677316293,0.26837060702875415,0.022364217252396124,0.4952076677316293,0.9009584664536743,0.022364217252396124,1.2172523961661343,Q4 steep
3-day,IREN,2023-01-10,early_rising_blue,3,0.13709594388435783,0.04585774133599904,6.276878294373227,-0.07779922306784998,-0.3109649085639812,False,MACD leads signal,0.12269938650306766,0.16564417177914104,0.12269938650306766,,,,,,,,,,True,False,,,0.2147239263803682,0.16564417177914104,0.22699386503067487,0.2791411042944787,0.16564417177914104,0.38957055214723946,0.07975460122699385,0.16564417177914104,0.5276073619631905,Q4 steep
3-day,IREN,2023-07-03,early_rising_blue,3,0.0999405571437917,0.03164396704780726,7.5630010211791605,0.13114512162784658,-0.029704652567098033,False,MACD leads signal,0.07597173144876312,0.05477031802120147,0.09540636042402828,,,,,,,,,,True,False,,,0.22968197879858643,0.05477031802120147,0.2826855123674912,0.1872791519434629,0.05477031802120147,0.42226148409894004,0.07597173144876312,0.05477031802120147,0.4240282685512369,Q4 steep
3-day,IREN,2023-11-09,early_rising_blue,3,0.05985419915470738,0.022128540362867433,2.320236924643488,-0.48744711849855543,-0.5899158304546221,False,MACD leads signal,-0.0033670033670034627,0.05387205387205396,0.03367003367003352,,,,,,,,,,True,False,,,-0.047138047138047146,0.060639730639730716,0.07070707070707072,0.19191919191919182,0.060639730639730716,0.19528619528619506,0.9595959595959596,0.060639730639730716,1.1111111111111107,Q3
3-day,IREN,2024-02-28,early_rising_blue,3,0.08647303330759108,0.03144217427195964,1.5692349464414008,-0.024582142664509227,-0.1727327303192908,False,MACD leads signal,-0.009917355371900749,0.08264462809917361,0.04132231404958686,,,,,,,,,,True,False,,,-0.11570247933884303,0.16198347107438005,0.04132231404958686,-0.2462809917355372,0.2595041322314049,0.04132231404958686,-0.10743801652892548,0.2909090909090909,0.04132231404958686,Q2
3-day,IREN,2024-05-24,early_rising_blue,3,0.07449440697532458,0.020601483428097513,2.301136360362121,0.03826073025332794,-0.07312241697523578,False,MACD leads signal,0.007662835249041988,0.024265644955300147,0.03959131545338446,,,,,,,,,,True,False,,,0.02171136653895278,0.0753512132822477,0.16091954022988508,0.34482758620689635,0.0753512132822477,0.46807151979565753,0.6130268199233717,0.0753512132822477,0.9093231162196678,Q3
3-day,IREN,2024-09-06,early_rising_blue,3,0.024453715680346988,0.008813048983144417,0.6734873108804146,-0.42622850042419325,-0.46675469418558313,False,MACD leads signal,0.16925465838509313,-0.01552795031055898,0.1770186335403725,,,,,,,,,,True,False,,,0.2003105590062111,-0.01552795031055898,0.24689440993788803,0.16614906832298115,-0.01552795031055898,0.29658385093167694,0.29658385093167694,-0.01552795031055898,0.46118012422360244,Q1 weak
3-day,IREN,2025-02-04,early_rising_blue,3,0.016310286129670625,0.005488210839610944,0.9358811772743658,-0.030113792504383778,-0.05432664008987931,False,MACD leads signal,0.16760299625468167,-0.0065543071161049404,0.18211610486891394,,,,,,,,,,True,False,,,0.2247191011235956,-0.0065543071161049404,0.2331460674157304,0.21722846441947574,-0.0065543071161049404,0.2752808988764044,-0.2865168539325842,0.35486891385767794,0.2752808988764044,Q1 weak
3-day,IREN,2025-04-25,early_rising_blue,3,0.07481696117352402,0.02294398241035625,2.5601047699147474,-0.3575849946423129,-0.47931309673898,False,MACD leads signal,-0.041284403669724856,0.06345565749235471,0.008516819571865453,,,,,,,,,,True,False,,,-0.05351681957186538,0.12461773700305812,0.013761467889908285,0.07645259938837912,0.12461773700305812,0.10856269113149852,0.31498470948012236,0.12461773700305812,0.4785932721712538,Q3
3-day,IREN,2025-10-02,early_rising_blue,3,0.09757919526292093,0.03741618020422388,2.1011282270059644,0.2809473380397385,0.1034901190704973,True,MACD leads signal,0.07316035729476811,0.007443641003828216,0.10984687367077828,,,,,,,,,,True,False,,,0.27116120799659726,0.007443641003828216,0.48979157805189266,0.29136537643555926,0.007443641003828216,0.5769885155253085,0.29200340280731596,0.007443641003828216,0.5769885155253085,Q3
3-day,IREN,2025-11-28,early_rising_blue,3,0.00721878713090604,0.003471660763850054,0.1306992048530916,-0.38274365842814073,-0.3985474452215123,False,MACD leads signal,0.014222965906714125,0.07425224848358092,0.02154361012340522,,,,,,,,,,True,False,,,-0.06483999163354948,0.16481907550721608,0.02154361012340522,-0.1606358502405354,0.17757791257059197,0.02300773896674313,-0.15708010876385703,0.30265634804434216,0.02300773896674313,Q1 weak
3-day,IREN,2026-03-25,early_rising_blue,3,0.03570488219866473,0.013015110049104411,1.5773864943767375,-0.19482088100698317,-0.25662770095399134,False,MACD leads signal,-0.153029205889452,0.16582186821144096,-0.017620082066135523,,,,,,,,,,True,False,,,-0.16075307748008683,0.25754284335022926,-0.017620082066135523,-0.10547912140960647,0.25754284335022926,-0.017620082066135523,0.2223026792179581,0.25754284335022926,0.30678252474052625,Q2
3-day,IREN,2026-04-21,early_rising_blue,3,0.13362627483833636,0.048653260719308644,7.804707128828896,0.10033790119504374,-0.13385109280769308,False,MACD leads signal,0.12109807394288241,-0.03486827540402904,0.19858313039628062,,,,,,,,,,True,False,,,0.007527119769758617,0.06553021917201685,0.19858313039628062,0.350011069293779,0.06553021917201685,0.3615231348239982,0.2853663936240869,0.06553021917201685,0.45251272968784595,Q4 steep
3-day,IREN,2022-03-04,bearish_crossover,10,0.11686316877166487,0.041924510182153485,2.09357696264831,0.2143021562549734,0.25262606359782086,True,MACD leads signal,0.004160887656033285,0.0595561719833565,0.004854368932038833,,,,,,,,,,False,True,-0.06382338040994845,-0.009580976835711852,0.20180305131761433,0.0595561719833565,0.24618585298196938,-0.08668515950069344,0.08668515950069344,0.24618585298196938,0.09570041608876556,0.1005547850208044,0.24618585298196938,Q3
3-day,IREN,2022-09-06,bearish_crossover,20,0.09496803649071686,0.05249656485656188,3.3091218504616853,0.3314474254058731,0.36571910613357145,True,MACD and signal aligned,0.12713936430317863,0.07090464547677267,0.14180929095354533,,,,,,,,,,False,True,-0.04924627307071877,-0.008567920181924593,0.097799511002445,0.07090464547677267,0.2616136919315404,-0.022004889975550057,0.07090464547677267,0.2616136919315404,0.07579462102689494,0.1760391198044009,0.2616136919315404,Q4 steep
3-day,IREN,2023-03-03,bearish_crossover,19,0.12680990312182305,0.0666955018224863,5.803323431444554,0.5831981479994808,0.5923347040774352,True,MACD and signal aligned,-0.028680688336520155,0.051625239005736234,0.11281070745697885,,,,,,,,,,False,True,-0.03484840815468848,-0.0022841390194885403,0.0248565965583174,0.15487571701720848,0.24282982791586982,0.15487571701720837,0.15487571701720848,0.24282982791586982,0.11281070745697885,0.15487571701720848,0.3384321223709368,Q4 steep
3-day,IREN,2023-05-04,bearish_crossover,4,0.02841655041148511,0.008114813130916151,1.1618047330994719,0.26630639995584693,0.2733168987903495,True,MACD leads signal,0.04481792717086841,0.09803921568627438,0.050420168067226934,,,,,,,,,,False,True,-0.029634788391404487,-0.0017526247086256386,0.03361344537815136,0.09803921568627438,0.17647058823529416,0.10644257703081239,0.09803921568627438,0.17647058823529416,-0.019607843137254832,0.09803921568627438,0.20168067226890773,Q1 weak
3-day,IREN,2023-07-27,bearish_crossover,10,0.09464866750083323,0.04781954914594301,6.9978002358033,0.30095730687413336,0.3412858662853783,True,MACD and signal aligned,0.04153354632587858,-0.0015974440894568342,0.054313099041533475,,,,,,,,,,False,True,-0.11240580704548919,-0.010082139852811256,-0.11182108626198084,0.12140575079872207,0.110223642172524,-0.09584664536741205,0.18370607028753982,0.110223642172524,-0.33226837060702874,0.34984025559105425,0.110223642172524,Q4 steep
3-day,IREN,2024-01-08,bearish_crossover,22,0.10847316379749795,0.056848892228896816,2.897287423466785,0.6735585742058935,0.7274881994395399,True,MACD and signal aligned,-0.05919003115264798,0.10280373831775702,0.11214953271028039,,,,,,,,,,False,True,-0.11187107621811443,-0.013482406308411576,-0.26635514018691586,0.2959501557632399,0.11214953271028039,-0.35358255451713394,0.37538940809968846,0.11214953271028039,-0.35825545171339557,0.44548286604361365,0.11214953271028039,Q4 steep
3-day,IREN,2024-03-20,bearish_crossover,9,0.0754728833218744,0.03176563342025247,1.4317267936776246,0.006154010840479923,0.00865879143786185,True,MACD leads signal,-0.10934744268077601,0.11816578483245144,0.08289241622574961,,,,,,,,,,False,True,-0.03365070137562737,-0.00062619514934548,-0.04761904761904756,0.11816578483245144,0.08289241622574961,0.015873015873015817,0.11816578483245144,0.1728395061728396,-0.12698412698412698,0.2663139329805996,0.1728395061728396,Q2
3-day,IREN,2024-04-16,bearish_crossover,3,0.012844049055921673,0.003719321486952451,0.26223288991116805,-0.01425092799290914,-0.009739125787351692,False,MACD leads signal,0.13793103448275867,0.011494252873563204,0.15402298850574714,,,,,,,,,,False,True,-0.016171758355853612,-0.0011279505513893638,0.18850574712643686,0.011494252873563204,0.3091954022988508,-0.0045977011494251485,0.045977011494252706,0.3091954022988508,0.3402298850574714,0.045977011494252706,0.35862068965517246,Q1 weak
3-day,IREN,2024-06-28,bearish_crossover,14,0.09137062196611737,0.04721675465770968,2.7037966421942192,0.5341742239601658,0.5857153638933585,True,MACD and signal aligned,0.2710363153232951,-0.02037201062887517,0.3241806908768823,,,,,,,,,,False,True,-0.11816037300046578,-0.012885284983298106,0.13551815766164754,-0.02037201062887517,0.3950398582816652,0.06244464127546512,0.0934455270150576,0.3950398582816652,-0.16917626217891923,0.20992028343666957,0.3950398582816652,Q4 steep
3-day,IREN,2024-12-27,bearish_crossover,39,0.036899758436306565,0.02153982691942083,1.9031355238806726,0.21813896885677525,0.2704579243287034,True,MACD and signal aligned,-0.07189542483660138,0.08450046685340817,-0.020541549953314697,,,,,,,,,,False,True,-0.0676866868343799,-0.013079738867982027,0.05882352941176472,0.08776844070961731,0.08590102707749758,0.027077497665732864,0.08776844070961731,0.15779645191409886,-0.06816059757236226,0.12324929971988796,0.27217553688141916,Q3
3-day,IREN,2025-02-28,bearish_crossover,10,0.024215310546559975,0.0100026415194223,1.364244865862805,-0.009391309341145682,0.0271883595141655,False,MACD leads signal,-0.0813106796116505,0.09223300970873782,0.08737864077669921,,,,,,,,,,False,True,-0.06970478572597893,-0.009144917213827795,-0.06553398058252424,0.16383495145631077,0.08737864077669921,-0.125,0.21966019417475735,0.08737864077669921,-0.26334951456310673,0.27609223300970875,0.08737864077669921,Q2
3-day,IREN,2025-07-31,bearish_crossover,33,0.0742209348873225,0.045767802368578955,2.678228238272709,0.8147392932074741,0.8773800573136962,True,MACD and signal aligned,-0.04407200496585961,0.08628181253879574,-0.014897579143389184,,,,,,,,,,False,True,-0.11927452375806147,-0.01566019102655536,0.14525139664804465,0.08628181253879574,0.18311607697082555,0.22222222222222232,0.08628181253879574,0.26256983240223475,0.643699565487275,0.08628181253879574,0.8311607697082557,Q4 steep
3-day,IREN,2025-10-20,bearish_crossover,8,0.09489096129694916,0.041588846515653706,2.1581822377766837,0.14493269396434366,0.3016322359868413,True,MACD leads signal,-0.05673758865248224,0.18608578183046265,-0.016548463356973908,,,,,,,,,,False,True,-0.23747498421423213,-0.039174885505624424,0.020263424518743633,0.18608578183046265,0.13677642688281,0.12512664640324211,0.18608578183046265,0.27879094900371504,-0.22610604525498146,0.24772036474164139,0.29804120229652153,Q3
3-day,IREN,2026-02-11,bearish_crossover,27,0.02556271040943308,0.015943594100975476,0.88166687315263,-0.013778604682360973,0.03513110003023262,False,MACD and signal aligned,-0.010546051089758701,0.07405671431919392,0.018748535270681987,,,,,,,,,,False,True,-0.08569940887230082,-0.012227426178148398,-0.06304194984766831,0.07405671431919392,0.03866885399578157,0.036794000468713284,0.08741504569955483,0.10733536442465419,-0.025544879306304225,0.16498711038200142,0.10733536442465419,Q1 weak
3-day,IREN,2026-04-06,bearish_crossover,6,0.03582960782430344,0.010045679670060223,1.791860192158478,-0.2631125936251748,-0.23741312457651353,False,MACD leads signal,0.05493879874750918,0.05522345573583842,0.10731568460005692,,,,,,,,,,False,True,-0.03716714442252486,-0.006424867262165318,0.3896954170224878,0.05522345573583842,0.3908340449758041,0.2857956162823796,0.05522345573583842,0.42300028465698825,0.7358383148306289,0.05522345573583842,0.7506404782237404,Q3
3-day,IREN,2026-06-08,bearish_crossover,18,0.10166219512952705,0.04631752805208673,3.4483987593404626,0.43431361213984926,0.4560712647433668,True,MACD leads signal,-0.04189896942051019,0.14259165399560736,0.02821422537590812,,,,,,,,,,False,True,-0.04489593921404128,-0.005439413150879313,-0.00016894745734075123,0.14259165399560736,0.06724108802162543,,,,,,,Q4 steep
3-day,MSTR,2021-06-11,early_rising_blue,3,0.06835004131814668,0.01910214094489579,1.380506947437414,-0.07118032898029802,-0.1730161042937136,False,MACD leads signal,0.20017814266904188,-0.05336534737820453,0.2390209898536133,,,,,,,,,,True,False,,,0.07218650762915346,0.006622260088296805,0.2540663000542174,0.20860119278134936,0.006622260088296805,0.2540663000542174,0.12284098830454648,0.006622260088296805,0.34185965455812894,Q2
3-day,MSTR,2021-08-18,early_rising_blue,3,0.039179508153697085,0.017420351616462063,0.9309461080239597,0.2693690693018335,0.19617254043655577,True,MACD leads signal,0.09390122891382346,0.020792305930844912,0.11135027860468694,,,,,,,,,,True,False,,,0.07961224334020311,0.020792305930844912,0.14156171284634778,0.06207159758797043,0.020792305930844912,0.14156171284634778,-0.06222425769025253,0.08356461338829091,0.14156171284634778,Q1 weak
3-day,MSTR,2021-10-15,early_rising_blue,3,0.08784503977408002,0.02668081280127095,1.9363408353431022,0.06566750821470499,-0.07118271870701504,False,MACD leads signal,0.011108888444355536,0.06513302660532105,0.036300593452023744,,,,,,,,,,True,False,,,-0.019990664799626523,0.06513302660532105,0.036300593452023744,-0.018310328732413228,0.07793558711742343,0.036300593452023744,0.002893912115756514,0.07793558711742343,0.1887444155497766,Q3
3-day,MSTR,2022-02-11,early_rising_blue,3,0.17319827652091574,0.061479206988030166,4.965568706244319,-0.3560422740603749,-0.6577340054572602,False,MACD leads signal,-0.003698206856280861,0.014622515267268432,0.04496240967373044,,,,,,,,,,True,False,,,-0.036592783630568504,0.06274786501544971,0.0663390185153645,-0.014622515267268432,0.1804578964015474,0.0663390185153645,-0.04912289238704648,0.1804578964015474,0.15094036641444242,Q4 steep
3-day,MSTR,2022-06-10,early_rising_blue,3,0.07260468221413065,0.026446276359956902,2.9817612882671067,-0.0758602412405465,-0.20003419871209674,False,MACD leads signal,-0.22860936270653032,0.2923878835562549,-0.17053501180173092,,,,,,,,,,True,False,,,-0.07400668764752161,0.2923878835562549,-0.04198465774980331,-0.11639457120377639,0.2923878835562549,0.022767505900865403,0.006048387096774244,0.2923878835562549,0.16188532651455545,Q4 steep
3-day,MSTR,2022-10-14,early_rising_blue,3,0.035709399998433033,0.013808267712520882,1.381977208025951,0.010636136429022149,-0.05249912552438182,False,MACD leads signal,0.12273661076871623,-0.04538722469065015,0.1242176675744111,,,,,,,,,,True,False,,,0.13515837752615734,-0.03430318666093357,0.17022598060293337,0.3376809516984376,-0.03430318666093357,0.3855047537145859,-0.2073957288232765,0.25803831637284413,0.3855047537145859,Q2
3-day,MSTR,2022-12-16,early_rising_blue,3,0.05571518571249111,0.017785396858091843,2.036495216480709,-0.08546085408291229,-0.16887014623135424,False,MACD leads signal,-0.02820143884892079,0.0331223021582735,0.02929496402877696,,,,,,,,,,True,False,,,-0.21364028776978417,0.23010071942446042,0.02929496402877696,-0.05001438848920858,0.23706474820143886,0.02929496402877696,0.3814676258992806,0.23706474820143886,0.392978417266187,Q3
3-day,MSTR,2023-01-19,early_rising_blue,3,0.1074001653244868,0.03308816322387449,3.346046262008444,0.08666051431779942,-0.08605597018890684,False,MACD leads signal,0.08390155791375031,0.0109279747121247,0.09221043124858896,,,,,,,,,,True,False,,,0.1666741928200497,0.0109279747121247,0.18356288101151508,0.28588846240686383,0.0109279747121247,0.37006096184240245,0.327839241363739,0.0109279747121247,0.42244298938812386,Q4 steep
3-day,MSTR,2023-04-10,early_rising_blue,3,0.09208655425692623,0.030809386449449926,1.7085789228463364,0.2222197610275365,0.07135812154657764,True,MACD leads signal,0.08932796214591732,-0.016992774474071215,0.10301170151544214,,,,,,,,,,True,False,,,0.0062024426114202225,0.001854338512692677,0.11142016752989314,-0.06992135046997883,0.10432252701579381,0.11142016752989314,0.007449325404437657,0.10432252701579381,0.11142016752989314,Q2
3-day,MSTR,2023-06-27,early_rising_blue,3,0.045291409077715325,0.012839170764929755,1.0254390161850273,-0.0393751317186293,-0.10866860217349847,False,MACD leads signal,0.05398916523023889,0.019791923171632586,0.08578552080768276,,,,,,,,,,True,False,,,0.15904333907904467,0.019791923171632586,0.1850837232208815,0.2727468603792169,0.019791923171632586,0.29580152671755733,0.31171509480423554,0.019791923171632586,0.46236148731839455,Q1 weak
3-day,MSTR,2023-09-25,early_rising_blue,3,0.009504772175889381,0.003319235998357928,0.2722766130332976,-0.3696504723482048,-0.38531957758691415,False,MACD leads signal,0.004029304029304237,0.05341880341880334,0.030381562881562907,,,,,,,,,,True,False,,,-0.0219780219780219,0.06254578754578755,0.077045177045177,0.03925518925518934,0.06254578754578755,0.077045177045177,0.3224053724053726,0.06254578754578755,0.3720695970695971,Q1 weak
3-day,MSTR,2024-02-22,early_rising_blue,3,0.14534946658983736,0.05206870288479476,3.0249899463994394,-0.08733373543211992,-0.34225194388032265,False,MACD leads signal,-0.036051321601346165,0.04920423473322588,-0.012430764916216752,,,,,,,,,,True,False,,,0.5135525485521979,0.04920423473322588,0.5144079085746338,0.9990044170230667,0.04920423473322588,1.0356586973287527,1.135595596999229,0.04920423473322588,1.5450466241323704,Q4 steep
3-day,MSTR,2024-05-22,early_rising_blue,3,0.06061833397517899,0.016989204624250576,0.8802701711606931,-0.25400899036260693,-0.3454978052105982,False,MACD leads signal,0.02297510625379484,0.0722525804493016,0.02306921675774154,,,,,,,,,,True,False,,,-0.07438372799028525,0.12446873102610811,0.04128111718275651,0.00584699453551929,0.12446873102610811,0.05324711596842757,-0.09911353976927739,0.14449301760777178,0.05324711596842757,Q1 weak
3-day,MSTR,2024-07-30,early_rising_blue,3,0.04576430551440554,0.01666254080211857,0.9392444169219741,0.04714175915192598,-0.02929223390251613,False,MACD leads signal,-0.0973024867992045,0.11655975113305528,0.05045291040914668,,,,,,,,,,True,False,,,-0.15221904280985243,0.3616114009987096,0.05045291040914668,-0.18725492029649582,0.3616114009987096,0.05045291040914668,-0.17360214953212771,0.3616114009987096,0.05045291040914668,Q1 weak
3-day,MSTR,2025-01-29,early_rising_blue,3,0.04980061390999364,0.020670648036966943,1.777247165824965,-0.1952995236795231,-0.289481251273368,False,MACD leads signal,-0.018930402930402823,0.02710622710622712,0.04355956043956044,,,,,,,,,,True,False,,,-0.04011721611721608,0.09479853479853484,0.04355956043956044,-0.04785347985347976,0.09479853479853484,0.04355956043956044,-0.25148717948717947,0.32038095238095243,0.04355956043956044,Q3
3-day,MSTR,2025-04-02,early_rising_blue,3,0.015117960035121086,0.004620548362802374,0.649906354932939,-0.157022322727018,-0.18004408949642836,False,MACD leads signal,-0.06056824726435017,0.15114161387342417,-0.04260286683304548,,,,,,,,,,True,False,,,-0.04018685608242145,0.24512062456005634,-0.02684456389582146,0.014910091508286927,0.24512062456005634,0.023868944775068623,0.2367376975747102,0.24512062456005634,0.2923145837332819,Q1 weak
3-day,MSTR,2025-04-29,early_rising_blue,3,0.07463713455956683,0.02484497072924917,3.787605580852508,0.0022070780368488446,-0.1252531629867593,False,MACD leads signal,0.033870756324551055,0.04996696814785684,0.058854371477257805,,,,,,,,,,True,False,,,0.0863284834185345,0.04996696814785684,0.10920173023987423,0.09254161751212475,0.04996696814785684,0.12819478306462195,-0.03248132127408565,0.06016515926071564,0.12819478306462195,Q4 steep
3-day,MSTR,2025-07-16,early_rising_blue,3,0.08445778255906143,0.025598648014796152,2.6519147873205657,0.16622569865003184,0.034819866247353476,True,MACD leads signal,-0.07168238648826486,0.07387584996709795,0.00021934634788345342,,,,,,,,,,True,False,,,-0.10969510857644216,0.11778898881333622,0.00021934634788345342,-0.11853476639613947,0.1436481684579951,0.00021934634788345342,-0.19649045843386703,0.21028251809607368,0.00021934634788345342,Q4 steep
3-day,MSTR,2025-12-05,early_rising_blue,3,0.19719136585200986,0.06929527311038491,6.617387907514961,-0.3944711092963187,-0.733314330302031,False,MACD leads signal,0.0315660092742609,0.005531035253366179,0.10844125370132396,,,,,,,,,,True,False,,,-0.06419353036482489,0.10307838426727756,0.10844125370132396,-0.08195988602715243,0.12045365662886198,0.10844125370132396,-0.11743672830884411,0.16336108162467178,0.10844125370132396,Q4 steep
3-day,MSTR,2026-01-16,early_rising_blue,3,0.09217079407359688,0.033136619736125236,2.2412011604367432,0.2044348702376731,0.043333245968436865,True,MACD leads signal,-0.05699153762017162,0.10189396119970073,-0.04599620056415865,,,,,,,,,,True,False,,,-0.06982902538713942,0.10189396119970073,-0.027322549076046365,-0.19618905071671178,0.20557250590063902,-0.027322549076046365,-0.25928271256692204,0.40035115997927584,-0.027322549076046365,Q3
3-day,MSTR,2026-03-06,early_rising_blue,3,0.020339019944174863,0.007122072653524526,0.39303589201659844,0.12686689191176143,0.09247650322798548,True,MACD leads signal,0.03692054220025476,-0.0030704710551936465,0.066876357372875,,,,,,,,,,True,False,,,0.10477046356623987,0.001123343068973326,0.11016251029731161,0.01595147157942023,0.005766494420729518,0.14034299408372664,-0.043735490152025824,0.12828577847674671,0.14034299408372664,Q1 weak
3-day,MSTR,2026-04-24,early_rising_blue,3,0.07726227227959445,0.02789340380616287,1.9243700669861818,0.33681559784454784,0.20160091897241494,True,MACD leads signal,-0.010642030171909789,0.01993918839901765,0.027657583908314853,,,,,,,,,,True,False,,,0.035960706350134375,0.0871822009121741,0.054730440884106946,0.09688925271898019,0.0871822009121741,0.11337855221611504,-0.06508010758975569,0.0871822009121741,0.15191205706934863,Q3
3-day,MSTR,2021-07-19,bearish_crossover,14,0.08853789164201663,0.03536755262612028,1.7882531183022718,0.28768239531406287,0.3169453376232427,True,MACD leads signal,0.11473371831889634,0.05281520692974018,0.1425489252486365,,,,,,,,,,False,True,-0.06335167424716787,-0.007315735577294924,0.29661934552454294,0.05281520692974018,0.39356753288418345,0.2533285210137952,0.05281520692974018,0.39356753288418345,0.31346246390760335,0.05281520692974018,0.6000962463907602,Q3
3-day,MSTR,2021-09-02,bearish_crossover,7,0.044929305363270174,0.014086752393542021,1.1290734291706208,0.234516522482211,0.23972498215076002,True,MACD leads signal,0.02378864756867083,-0.011197194233229402,0.04641301691796862,,,,,,,,,,False,True,-0.024377515901788938,-0.0013021149171372481,-0.11519167469204117,0.12028000172485653,0.04641301691796862,-0.11703152175475406,0.13712466401230394,0.04641301691796862,-0.11966192810222642,0.18750628853976503,0.04641301691796862,Q1 weak
3-day,MSTR,2021-11-22,bearish_crossover,14,0.06972955994559168,0.029837078735150808,1.9881562690978072,0.1916974372815236,0.2636607623504925,True,MACD leads signal,0.015767658908437454,0.013463377873105142,0.027491956754876812,,,,,,,,,,False,True,-0.10091245288450734,-0.017990831267242213,0.022390655343323518,0.050752152111532944,0.07821512419929855,-0.08963508304107126,0.18012521376191992,0.07821512419929855,-0.17395147966725588,0.2336309092490072,0.07821512419929855,Q3
3-day,MSTR,2022-03-25,bearish_crossover,16,0.16649294944174942,0.08085534201191667,5.352925053233507,0.2546822762623122,0.25879902845746394,True,MACD leads signal,0.0795478599551247,-0.0329791287413741,0.08447991194276283,,,,,,,,,,False,True,-0.015130945607694568,-0.0010291880487879324,0.0392870750603278,-0.013504932051987772,0.10664874476101782,-0.040599466576351495,0.0559248126666948,0.10664874476101782,-0.13407561068540697,0.1363617120359003,0.10664874476101782,Q4 steep
3-day,MSTR,2022-08-26,bearish_crossover,27,0.0428000270674368,0.021191307513483724,2.3954220545964735,0.25046890938262134,0.2736746790899248,True,MACD leads signal,-0.07078651685393267,0.10630016051364366,0.020056179775280736,,,,,,,,,,False,True,-0.0377834323072917,-0.005801442426825898,-0.1803772070626003,0.18579454253611571,0.020056179775280736,0.055296950240770304,0.18579454253611571,0.07540128410914915,-0.17307383627608353,0.26368378812199045,0.07540128410914915,Q4 steep
3-day,MSTR,2022-11-14,bearish_crossover,12,0.03059029557377975,0.01800473298806486,1.7186951827019035,0.09383168893759417,0.12108213826458532,True,MACD and signal aligned,0.048101265822784844,0.035563592525617804,0.0697408077154913,,,,,,,,,,False,True,-0.06824653401721736,-0.006812612331747778,0.06323086196503924,0.08173598553345385,0.0697408077154913,0.09704641350210963,0.08173598553345385,0.10307414104882473,0.2220012055455094,0.08173598553345385,0.28860759493670884,Q3
3-day,MSTR,2022-12-30,bearish_crossover,6,0.058479722106495664,0.012486074108698184,1.9441741928275749,-0.1772818212631216,-0.1427703815000218,False,MACD leads signal,0.16592498410680223,0.015469379105742753,0.17041039768312505,,,,,,,,,,False,True,-0.05107135994070758,-0.008627859940774946,0.34209225118316033,0.015469379105742753,0.3489439853076217,0.5642438369711096,0.015469379105742753,0.7096136187045277,1.0114431023521933,0.015469379105742753,1.1431094158366886,Q3
3-day,MSTR,2023-02-27,bearish_crossover,15,0.10566293884589942,0.054279766235417325,2.9063994873327457,0.5034475925345685,0.5478697885042113,True,MACD and signal aligned,-0.022269476126038912,0.06564855982988582,0.04291513628455457,,,,,,,,,,False,True,-0.0622735105359562,-0.011105548992410674,-0.10025130485211675,0.12236613183839162,0.04291513628455457,-0.11281654745795477,0.27198917456021654,0.04291513628455457,0.0981248791803595,0.27198917456021654,0.10349893678716415,Q4 steep
3-day,MSTR,2023-04-25,bearish_crossover,7,0.08439110958842404,0.033487818541343174,1.3892481645448744,0.22405547275138032,0.2316182365370227,True,MACD leads signal,0.12880272249149227,-0.017531195215014783,0.13086521604619983,,,,,,,,,,False,True,-0.09622464179975299,-0.0018906909464105615,0.07330445842356736,-0.017531195215014783,0.14443298614691846,0.08318724003987477,0.004399986250043009,0.14443298614691846,-0.03409989343783304,0.08387473789144417,0.14443298614691846,Q2
3-day,MSTR,2023-06-16,bearish_crossover,4,0.018439693683677656,0.0037464675382284374,0.3958769491757649,-0.14337980398479208,-0.13544419216068246,False,MACD leads signal,0.12924775895565643,0.012611200109069798,0.15205017212583938,,,,,,,,,,True,False,-0.010058413699248536,-0.0019839029560274057,0.10733153822557018,0.012611200109069798,0.15205017212583938,0.2878421214083644,0.012611200109069798,0.28930774736698583,0.5194621493575107,0.012611200109069798,0.6193189951941103,Q1 weak
3-day,MSTR,2023-07-28,bearish_crossover,13,0.07027009235235876,0.03852001121791587,1.229045031753267,0.24409140979603,0.32307239184581643,True,MACD and signal aligned,-0.06276891926094663,0.07691953705621124,0.018936517797565555,,,,,,,,,,False,True,-0.09947949381008048,-0.019745245512446608,-0.10384022456915387,0.17696325441200145,0.018936517797565555,-0.10533581831987293,0.17696325441200145,0.018936517797565555,-0.12215549573180551,0.25843860012424935,0.018936517797565555,Q1 weak
3-day,MSTR,2023-12-12,bearish_crossover,28,0.04816785483232134,0.030859269651020704,1.4393867646992728,0.531857779693826,0.5355787679708075,True,MACD and signal aligned,0.021654248459664682,0.010800257916606992,0.05674165353202465,,,,,,,,,,False,True,-0.034787494089268955,-0.0009302470692453824,0.042323398767731835,0.010800257916606992,0.07388057028227535,0.2013003295601088,0.010800257916606992,0.2068706118355066,-0.03965467832067626,0.05018627310502932,0.30349978506949427,Q2
3-day,MSTR,2024-03-26,bearish_crossover,13,0.14053186337549647,0.06760930462901717,2.12098928703952,0.40378983204248015,0.44252098202445067,True,MACD leads signal,-0.09186516710264847,0.12332244710946783,0.06553045034869642,,,,,,,,,,False,True,-0.114486406417107,-0.009682787495492617,-0.13935609672933802,0.2205909461424942,0.06553045034869642,-0.16568548580439968,0.2680994571095211,0.06553045034869642,-0.3391493827884007,0.3969120773152761,0.06553045034869642,Q3
3-day,MSTR,2024-06-27,bearish_crossover,14,0.07039906271889361,0.036788871049619094,1.2871163442982814,0.0771080960122617,0.0967019254714527,True,MACD and signal aligned,-0.09697128622000784,0.10382850399895105,-0.004195620820768187,,,,,,,,,,False,True,-0.04003383942413252,-0.0048984573647977425,-0.15974826275075382,0.2118001835584109,-0.004195620820768187,-0.08433197849744334,0.2118001835584109,-0.004195620820768187,0.1490166513701323,0.2118001835584109,0.1870079979021897,Q1 weak
3-day,MSTR,2024-08-08,bearish_crossover,5,0.04607171481542569,0.012627565837234725,1.0327793853894014,-0.02324129201481153,-0.008432448682161961,False,MACD leads signal,-0.004559158761673676,0.04735642326641665,0.00511066990219855,,,,,,,,,,False,True,-0.04951377332234197,-0.0037022108331623924,-0.0216927715273183,0.06912272961247157,0.029487462313405377,0.10309581586881378,0.06912272961247157,0.11633208324141475,-0.15949702183984127,0.1639826457827782,0.12030296345319491,Q1 weak
3-day,MSTR,2024-11-08,bearish_crossover,23,0.048777371985285256,0.02855028026172588,1.4329425027248364,0.5046594786932576,0.510552968005102,True,MACD and signal aligned,0.3186524665335402,-0.08460912654389463,0.3345536572738701,,,,,,,,,,False,True,-0.03186240883817382,-0.0014733723279609645,0.42293469417942453,-0.08460912654389463,0.4366167443236446,0.5600917091931068,-0.08460912654389463,1.0079875748835145,0.351009540714444,-0.08460912654389463,1.0079875748835145,Q2
3-day,MSTR,2025-02-28,bearish_crossover,12,0.04457882257184854,0.02091156633553474,1.4488290478622128,-0.10798172778831777,-0.1017687538229431,False,MACD leads signal,-0.01765650080256831,0.036526641349880595,0.1553067376580668,,,,,,,,,,False,True,-0.03378694602287871,-0.0015532434913436838,0.12430019966331285,0.07211290764593048,0.25646948283286997,0.16466350859335233,0.09364600869122663,0.25646948283286997,0.1330305758916337,0.09364600869122663,0.34514309204087223,Q2
3-day,MSTR,2025-04-11,bearish_crossover,5,0.017199013049686684,0.003249277527265985,0.765770834821975,-0.1926675498336885,-0.177930013895181,False,MACD leads signal,0.03823588239215936,-0.00040002666844451973,0.04873658243882928,,,,,,,,,,False,True,-0.019093991497959845,-0.0036843839846268933,0.15251016734448952,-0.00040002666844451973,0.1861790786052402,0.27158477231815437,-0.00040002666844451973,0.27991866124408293,0.3892592839522635,-0.00040002666844451973,0.43459530635375687,Q1 weak
3-day,MSTR,2025-06-04,bearish_crossover,13,0.08602927514768685,0.04748604632568982,3.2367792714881354,0.34037968703171007,0.40440633565129935,True,MACD and signal aligned,-0.00960063475271089,0.03649061094948425,0.019253901084369307,,,,,,,,,,False,True,-0.09662985639950483,-0.016006662154897322,0.012615710129595392,0.03649061094948425,0.04414176143877291,-0.023988362866966595,0.03649061094948425,0.04414176143877291,0.06847394869082257,0.05104469717006088,0.09653530811954503,Q4 steep
3-day,MSTR,2025-07-31,bearish_crossover,7,0.06893287242592908,0.022695962568035386,1.8204890379321859,0.052515141668560694,0.10692315874876727,True,MACD leads signal,-0.087667346837207,0.08998158562683523,-0.022943313591798242,,,,,,,,,,False,True,-0.07477386204160424,-0.013602004270051635,-0.01674712586472904,0.08998158562683523,0.019384860399144,-0.08843875976708315,0.10408550241377601,0.031105360075648125,-0.16784452296819785,0.1898671179017568,0.031105360075648125,Q3
3-day,MSTR,2026-01-02,bearish_crossover,11,0.18210215240507757,0.08904699584039577,6.152844035103921,-0.053727628596325766,-0.02507026649395349,False,MACD leads signal,0.005153983201832579,0.019788750318146975,0.06706541104606756,,,,,,,,,,False,True,-0.06354173894478712,-0.007164340525593067,0.03226011707813692,0.019788750318146975,0.08564520234156281,0.10530669381522029,0.019788750318146975,0.21023161109697108,-0.11154237719521509,0.12191397302112494,0.21023161109697108,Q4 steep
3-day,MSTR,2026-02-05,bearish_crossover,8,0.08008096566597651,0.031227882730598497,2.286332469842828,0.11082709646538819,0.18853684565555698,True,MACD leads signal,0.2611459014861204,-0.07187587625011704,0.2680624357416581,,,,,,,,,,False,True,-0.11283884558287416,-0.019427437297542177,0.25133190017758666,-0.07187587625011704,0.3046079072810546,0.22488082998411074,-0.07187587625011704,0.3046079072810546,0.2480605664080755,-0.07187587625011704,0.39770071969342924,Q3
3-day,MSTR,2026-04-02,bearish_crossover,11,0.017921184778305375,0.008749344750533128,0.3445301099508728,0.14898437161312264,0.16529126299429558,True,MACD leads signal,0.06559292330801969,-0.028123174497204362,0.0720186931486273,,,,,,,,,,False,True,-0.025749236617753773,-0.004076722845293229,0.07352082116331449,-0.01093215388467006,0.12242343319702909,0.3896353166986566,-0.01093215388467006,0.44496369857297835,0.4785112242343319,-0.01093215388467006,0.52924977050822,Q1 weak
3-day,MSTR,2026-05-22,bearish_crossover,12,0.062127441812931394,0.038625293727745424,1.7409792082303954,0.5726125587698407,0.5793884444105848,True,MACD and signal aligned,-0.0355869660391519,0.03795046594533735,0.044468071799362185,,,,,,,,,,False,True,-0.07670376627152042,-0.0016939714101860126,-0.14891487897929812,0.16123584964663196,0.044468071799362185,-0.20445306147976727,0.28507098630308325,0.044468071799362185,,,,Q3
3-day,MU,2021-06-10,early_rising_blue,3,0.03907341987878664,0.014298396224333584,1.071160629225676,-0.05069404540887065,-0.11330898257592281,False,MACD leads signal,0.0007568113017155653,0.0008829465186681595,0.018668012108980836,,,,,,,,,,True,False,,,-0.02938950554994957,0.03973259334006063,0.04830978809283559,0.03468718466195764,0.0450302724520687,0.04830978809283559,-0.006811301715438978,0.0450302724520687,0.07719475277497478,Q1 weak
3-day,MU,2021-07-02,early_rising_blue,3,0.06191496926004337,0.018477313144266184,1.333728149775632,0.008817804244152141,-0.0843891900191255,False,MACD leads signal,-0.026266650068467512,0.029627785385285654,0.01842400099589203,,,,,,,,,,True,False,,,-0.023403460724511382,0.054388148885845866,0.01842400099589203,-0.07157973359890457,0.08875886966264157,0.01842400099589203,0.0065977841404207815,0.09734843769451007,0.01842400099589203,Q2
3-day,MU,2021-08-12,early_rising_blue,3,0.08529475356892108,0.035908704604404075,1.8829101767766439,0.1425995462955444,-0.015076365474134563,False,MACD leads signal,0.009537366548042714,0.005266903914590837,0.014092526690391294,,,,,,,,,,True,False,,,-0.000284697508896703,0.017224199288256137,0.023202846975088898,0.053380782918149405,0.019217081850533724,0.09651245551601417,0.0462633451957295,0.019217081850533724,0.09651245551601417,Q3
3-day,MU,2021-09-17,early_rising_blue,3,0.034375736332302405,0.01226783154993483,0.9077787362265718,0.06567011684125086,0.005742903289756841,True,MACD leads signal,-0.025975773889636455,0.04185733512786005,-0.02072678331090161,,,,,,,,,,True,False,,,-0.003364737550471064,0.04185733512786005,0.006594885598923517,-0.04454912516823695,0.05652759084791392,0.021265141318977054,-0.08909825033647367,0.11615074024226102,0.021265141318977054,Q1 weak
3-day,MU,2021-11-05,early_rising_blue,3,0.15519939210664127,0.0517151555432918,3.8016224710013056,0.10862754611881169,-0.14696863650619466,False,MACD leads signal,0.0067196928140427215,-0.0027427317608337276,0.045940756993965826,,,,,,,,,,True,False,,,0.0533461327482172,-0.0027427317608337276,0.07350521119034559,0.15002742731760832,-0.0027427317608337276,0.20227646736149207,0.17704333516182102,-0.0027427317608337276,0.2212013165112452,Q4 steep
3-day,MU,2022-03-01,early_rising_blue,3,0.08064674788100602,0.035663317405303985,1.4260422898405596,-0.08008913414168692,-0.23858097455146088,False,MACD leads signal,-0.0504289357755624,0.06660097380013918,0.09054022722003241,,,,,,,,,,True,False,,,-0.12218873174124745,0.14433109204729888,0.09054022722003241,-0.07639693948527715,0.20774402967771854,0.09054022722003241,-0.09703222814746126,0.20774402967771854,0.09054022722003241,Q2
3-day,MU,2022-05-13,early_rising_blue,3,0.0814112504536903,0.027414245482531352,2.277885620936299,-0.3173275667709539,-0.45519113785453813,False,MACD leads signal,-0.012096774193548487,0.025444938820912144,0.03907119021134586,,,,,,,,,,True,False,,,-0.07369299221357062,0.08217463848720796,0.03907119021134586,0.04796996662958852,0.08370411568409342,0.048526140155728426,-0.22483314794215792,0.2547274749721913,0.048526140155728426,Q3
3-day,MU,2022-07-20,early_rising_blue,3,0.09830675876907441,0.03962260830651125,1.5027082840825268,0.15666878922660193,-0.02801728515519828,False,MACD leads signal,-0.03175355450236961,0.03617693522906795,0.006003159557661952,,,,,,,,,,True,False,,,-0.02274881516587679,0.05924170616113744,0.006003159557661952,0.024486571879936747,0.05924170616113744,0.026698262243285864,-0.04407582938388621,0.08783570300157972,0.03341232227488167,Q2
3-day,MU,2022-10-18,early_rising_blue,3,0.07700594405295656,0.027354339556360227,1.5040618005517408,-0.11617184987689669,-0.24664566639734134,False,MACD leads signal,0.06660323501427223,0.009324452901998015,0.0709800190294958,,,,,,,,,,True,False,,,-0.0064700285442435,0.009324452901998015,0.09305423406279734,0.01712654614652731,0.020742150333016074,0.09305423406279734,0.11779257849667002,0.020742150333016074,0.22626070409134158,Q2
3-day,MU,2023-01-25,early_rising_blue,3,0.12246796471566151,0.04739928480798036,2.434580476817784,0.16477434152803305,-0.0608337254630394,False,MACD leads signal,0.03786155346116349,0.004062398440038972,0.045498862528436934,,,,,,,,,,True,False,,,0.01413714657133558,0.046961325966850875,0.045498862528436934,-0.022099447513812098,0.046961325966850875,0.045498862528436934,-0.0545986350341241,0.07661683457913548,0.045498862528436934,Q3
3-day,MU,2023-04-04,early_rising_blue,3,0.07205135774173993,0.029797564201439232,1.1369833606822983,0.09926748988039275,-0.03217242433876,False,MACD leads signal,0.022524882137244573,0.022001047668936735,0.03282696001396879,,,,,,,,,,True,False,,,0.10005238344683076,0.022001047668936735,0.12379954601012733,0.059018683429369556,0.022001047668936735,0.12379954601012733,0.05657412257726557,0.022001047668936735,0.12510913218089748,Q2
3-day,MU,2023-07-27,early_rising_blue,3,0.039136129644117085,0.011901091508006764,1.2404250651310118,-0.12246576210087795,-0.1867181165298436,False,MACD leads signal,0.0018291824961307324,0.005839313353032116,0.01491346559729867,,,,,,,,,,True,False,,,-0.01632193611931898,0.05499648234135346,0.01491346559729867,-0.09427325172365264,0.09849444209933866,0.01491346559729867,-0.10341916420430552,0.1311383143379765,0.01491346559729867,Q2
3-day,MU,2023-09-15,early_rising_blue,3,0.06304326145935449,0.018611895940256785,2.0861154620441265,0.07005047243612841,-0.023662906618634225,False,MACD leads signal,0.011877504293073882,-0.0004307384087007815,0.01688609044075573,,,,,,,,,,True,False,,,-0.018603319977103516,0.03248425872925009,0.03470520892959361,-0.026473955352032008,0.08657698912421286,0.03470520892959361,-0.011448196908986796,0.08657698912421286,0.03470520892959361,Q3
3-day,MU,2023-11-09,early_rising_blue,3,0.08526003210409892,0.02464546964718268,2.4718593416579537,0.11295709119971636,-0.018120299629620668,False,MACD leads signal,0.02433056952562196,6.796248470841704e-05,0.030379230664673296,,,,,,,,,,True,False,,,0.05423406279733589,0.0024466494495037905,0.05939921163517736,0.04485523990757123,0.0024466494495037905,0.07251597118390651,0.018893570748946598,0.008699198042680267,0.07407910833220077,Q3
3-day,MU,2024-02-02,early_rising_blue,3,0.05816159896862027,0.031120153569596944,1.2043304970666255,0.09408969323957732,-0.0335936483205677,False,MACD and signal aligned,-0.015148011100832637,0.046369102682701224,0.008556891766882346,,,,,,,,,,True,False,,,-0.05723866790009258,0.0660846438482886,0.008556891766882346,-0.0065911193339501795,0.08475948196114702,0.008556891766882346,0.12881591119333957,0.08475948196114702,0.17772895467160033,Q2
3-day,MU,2024-03-11,early_rising_blue,3,0.0866015441710655,0.031160858536555244,1.6996091826637718,0.12380852326898197,-0.020560776095928518,False,MACD leads signal,-0.032589144005925275,0.04454555073537203,0.031636863823933936,,,,,,,,,,True,False,,,0.01841075018516558,0.04454555073537203,0.031636863823933936,0.2570098402285472,0.04454555073537203,0.29573484287377005,0.2929848693259971,0.04454555073537203,0.3812623002856841,Q2
3-day,MU,2024-05-22,early_rising_blue,3,0.11742677813893382,0.047432240028703214,2.5483092089788997,0.11184256978937206,-0.10715137715551014,False,MACD leads signal,0.02541970224897061,0.012828634779854298,0.04490022172948982,,,,,,,,,,True,False,,,-0.010136205258156505,0.04173265758631606,0.05559075071270203,0.030012670256572616,0.04173265758631606,0.06216344630978776,0.10500475134621468,0.04173265758631606,0.2475055432372506,Q3
3-day,MU,2024-08-30,early_rising_blue,3,0.04136527178856808,0.014806641017384325,0.805847670644233,-0.5250333742225033,-0.5945144667944513,False,MACD leads signal,-0.07221529509559421,0.0875935162094762,-0.024523067331670756,,,,,,,,,,True,False,,,-0.097568578553616,0.11814214463840389,-0.024523067331670756,-0.09413965087281784,0.12593516209476296,-0.024523067331670756,0.04229010806317546,0.12593516209476296,0.1928512053200333,Q1 weak
3-day,MU,2024-12-20,early_rising_blue,3,0.03949548523233338,0.014962675976821082,1.2521078452187844,0.1058411006129778,0.04058989067583342,True,MACD leads signal,-0.009320905459387574,0.020972037283621847,0.01087438970261867,,,,,,,,,,True,False,,,-0.05337328007101649,0.06147359076786518,0.01087438970261867,-0.0027740790057700915,0.0669107856191744,0.01087438970261867,0.16333777185974263,0.0669107856191744,0.22802929427430096,Q2
3-day,MU,2025-01-23,early_rising_blue,3,0.10083401327182527,0.028794006765986542,2.8622784257522462,0.13941516292100808,-0.009749213371875301,False,MACD leads signal,-0.015738267836703623,0.020221289584128277,0.008393742846241947,,,,,,,,,,True,False,,,-0.12972148035101116,0.16291491797024038,0.008393742846241947,-0.11961083555894703,0.16291491797024038,0.008393742846241947,-0.057230064860740226,0.16682563906905767,0.028996566196108242,Q4 steep
3-day,MU,2025-03-24,early_rising_blue,3,0.042057750261553555,0.014551142750514723,1.5639122144474342,0.03513024677007745,-0.033973415138480956,False,MACD leads signal,-0.0596245100061894,0.07561378172065192,-0.003094697751186315,,,,,,,,,,True,False,,,-0.0860325974829792,0.13245203218485657,-0.003094697751186315,-0.3239116979574994,0.3651743346399835,-0.003094697751186315,-0.17701671136785635,0.3651743346399835,-0.003094697751186315,Q2
3-day,MU,2025-05-08,early_rising_blue,3,0.0867176034406996,0.03521478691698387,2.2708396975507688,0.06179359220169767,-0.10291537502592672,False,MACD leads signal,0.008338226658837211,0.005519671168526141,0.013153258954785585,,,,,,,,,,True,False,,,0.15091015854374623,0.005519671168526141,0.15314151497357598,0.09653552554315903,0.005519671168526141,0.16288901937756894,0.34045801526717545,0.005519671168526141,0.3496547269524368,Q3
3-day,MU,2025-08-27,early_rising_blue,3,0.05472118679682815,0.02059073469647381,1.0374944688918903,-0.09518469324018855,-0.19116157387181515,False,MACD leads signal,0.010700636942675201,-0.002632696390658218,0.042631847133758116,,,,,,,,,,True,False,,,0.11566878980891726,0.02972399150743099,0.11600849256900214,0.27872611464968156,0.02972399150743099,0.3270488322717622,0.3356263269639066,0.02972399150743099,0.4475583864118895,Q1 weak
3-day,MU,2025-12-19,early_rising_blue,3,0.057477041666962714,0.024979518068958956,0.9634643726948507,-0.11824950274250579,-0.23430245881513523,False,MACD leads signal,0.040124849578820454,-0.008912454873646336,0.05291064981949445,,,,,,,,,,True,False,,,0.07096119133574019,-0.008912454873646336,0.09382521058965088,0.18614620938628157,-0.008912454873646336,0.18682310469314078,0.3641320697954271,-0.008912454873646336,0.37563929001203356,Q1 weak
3-day,MU,2026-03-20,early_rising_blue,3,0.08747552878057366,0.03307327002918592,1.7487062430764295,-0.08191013839375516,-0.23664557744113485,False,MACD leads signal,-0.09650035469378104,0.1218231260345235,0.05053204067155348,,,,,,,,,,True,False,,,-0.20113502009931428,0.2634428943012532,0.05053204067155348,-0.10673918183967834,0.2634428943012532,0.05053204067155348,0.06261527547883672,0.2634428943012532,0.11366753369590943,Q2
3-day,MU,2026-04-21,early_rising_blue,3,0.0874997632908133,0.02966940002340844,1.8627320567990833,0.04865400176434542,-0.09906654824622335,False,MACD leads signal,0.1053451421959144,-0.020428145444835177,0.12819885175130175,,,,,,,,,,True,False,,,0.15083003248920734,-0.020428145444835177,0.19164181761538113,0.48335484445235677,-0.020428145444835177,0.48575815568116054,0.695892118029285,-0.020428145444835177,0.8217766700787752,Q3
3-day,MU,2021-06-18,bearish_crossover,5,0.04172171970776755,0.010621004971067891,1.0991066595181267,-0.11636932905695968,-0.10055845533759206,False,MACD leads signal,0.009226770630279324,0.01611435997400923,0.01728395061728394,,,,,,,,,,False,True,-0.040448175686000315,-0.00395271842984192,0.0835607537361922,0.01611435997400923,0.08641975308641969,0.04392462638076666,0.01611435997400923,0.10981156595191677,-0.030799220272904493,0.04873294346978563,0.10981156595191677,Q1 weak
3-day,MU,2021-07-19,bearish_crossover,7,0.05311160278392238,0.016354779088915063,1.3009732826499563,-0.031972911752685074,-0.009797217056147414,False,MACD leads signal,0.012737999463663163,0.010860820595333887,0.03566639849825681,,,,,,,,,,False,True,-0.06226975373159357,-0.005543923674134415,0.013006167873424568,0.0277554304102976,0.038884419415393,0.08420488066505771,0.0277554304102976,0.08702064896755157,-0.053097345132743334,0.07736658621614367,0.1141056583534461,Q1 weak
3-day,MU,2021-08-24,bearish_crossover,6,0.08808035400829535,0.028847787556323123,1.9035468570727896,-0.0036160719130968327,0.0384507172429661,False,MACD leads signal,0.028063350930814135,0.0038899694359544323,0.07015837732703534,,,,,,,,,,False,True,-0.07339411657196006,-0.010516697289015726,0.02792442345095858,0.0038899694359544323,0.07015837732703534,0.004028896915809765,0.012086690747429851,0.07015837732703534,0.028619060850236133,0.012086690747429851,0.07015837732703534,Q3
3-day,MU,2021-10-05,bearish_crossover,8,0.027969466586397318,0.012551181210199708,0.792025727415434,0.028457046826802057,0.06373611278834478,True,MACD leads signal,-0.0053900709219857346,0.020851063829787186,0.01659574468085112,,,,,,,,,,False,True,-0.05796000479441389,-0.00881976649038567,-0.03829787234042559,0.0685106382978723,0.01659574468085112,-0.03163120567375888,0.0685106382978723,0.01659574468085112,0.024680851063829667,0.0685106382978723,0.02805673758865246,Q1 weak
3-day,MU,2021-12-17,bearish_crossover,16,0.1366353446918842,0.06410090743677409,2.914073877787039,0.662493979926413,0.6629465431394812,True,MACD leads signal,0.08843373493975903,0.025180722891566254,0.09807228915662658,,,,,,,,,,False,True,-0.047249252234496386,-0.00011314080326707554,0.11975903614457839,0.025180722891566254,0.14457831325301207,0.1536144578313252,0.025180722891566254,0.16560240963855422,0.1189156626506025,0.025180722891566254,0.18614457831325315,Q4 steep
3-day,MU,2022-03-18,bearish_crossover,8,0.07560113563865158,0.032189272199103516,1.6136465322344513,-0.15700534211629807,-0.1371057716161447,False,MACD leads signal,-0.003651933005918595,0.0488603450447046,0.00604457876841713,,,,,,,,,,False,True,-0.02528975001603956,-0.004974892625038363,0.005666792595391046,0.05459010200226666,0.009696511774335947,-0.0406749779624731,0.06737186752298197,0.08600931872560125,-0.10401712630651039,0.11786928598413293,0.08600931872560125,Q2
3-day,MU,2022-06-23,bearish_crossover,13,0.08410498932467467,0.04489733118532685,1.3947348918709215,-0.03039595832155531,0.03263477131825261,False,MACD and signal aligned,0.03948772678762014,-0.016186410530060646,0.04944859480611874,,,,,,,,,,False,True,-0.09874922574067219,-0.015757682409951977,-0.04571326929918185,0.08573461401636429,0.07773034507292786,0.05193881181074356,0.08573461401636429,0.07773034507292786,0.09018143009605128,0.08573461401636429,0.13269299181785854,Q2
3-day,MU,2022-08-22,bearish_crossover,13,0.09158106556150415,0.03732251188283963,1.6689903615090296,0.229915810635486,0.23835020683570912,True,MACD leads signal,0.04956268221574356,0.016292231178185568,0.050763162407820195,,,,,,,,,,False,True,-0.023578732753573306,-0.0021085990500557816,-0.030526496312810902,0.04681872749099647,0.050763162407820195,-0.05282112845138065,0.06036700394443495,0.050763162407820195,-0.14079917681358256,0.14731606928485685,0.050763162407820195,Q2
3-day,MU,2022-12-05,bearish_crossover,18,0.07419347976311846,0.039605962373835214,1.6260418536952765,0.4072462756965901,0.40867332335672624,True,MACD and signal aligned,0.021465581051073324,0.029607698001480443,0.03062546262028132,,,,,,,,,,False,True,-0.060811830187407934,-0.00035676191503397625,0.010177646188008982,0.029607698001480443,0.07124352331606221,-0.06217616580310881,0.0664322723908215,0.07124352331606221,0.050518134715026086,0.10381199111769057,0.07124352331606221,Q2
3-day,MU,2023-02-21,bearish_crossover,11,0.11713783517936853,0.05252568212722086,1.9425517727797441,0.27689785990703547,0.3192581048999051,True,MACD leads signal,0.010069444444444464,0.01345486111111105,0.0372916666666665,,,,,,,,,,False,True,-0.06590173260474985,-0.01059006124821743,-0.020312500000000067,0.050000000000000044,0.0372916666666665,-0.012326388888888928,0.050000000000000044,0.0372916666666665,0.06493055555555549,0.08402777777777781,0.07256944444444446,Q3
3-day,MU,2023-05-04,bearish_crossover,12,0.07695235076251823,0.023776070062505428,1.539079276887974,0.13477299627823813,0.1489964291186079,True,MACD leads signal,0.01189885969261284,0.0066931085770947085,0.02032721864154685,,,,,,,,,,False,True,-0.018283804006674675,-0.0035558582100924108,0.006775739547182358,0.01586514625681712,0.02974714923153199,0.12659064617418614,0.01586514625681712,0.13353164766154357,0.143116840191704,0.01586514625681712,0.23566187407040173,Q2
3-day,MU,2023-06-06,bearish_crossover,4,0.05067102069815982,0.011833230489979668,1.312003063592993,0.11383844054814965,0.13147891739284864,True,MACD leads signal,-0.031240746224459603,0.05226532425229491,0.01665679597275682,,,,,,,,,,False,True,-0.057222251258725626,-0.0044101192111747345,0.018951732306780933,0.05226532425229491,0.029315960912051908,-0.02576251110453076,0.05226532425229491,0.04382588095943141,-0.09342611785608546,0.10423452768729646,0.04382588095943141,Q2
3-day,MU,2023-08-18,bearish_crossover,10,0.05051353524712954,0.024564416390078263,1.9301629767412045,0.026324758089826802,0.03305539572162264,True,MACD leads signal,0.0251611888661738,0.011479792420191925,0.03192325837395815,,,,,,,,,,False,True,-0.06058646906853517,-0.0016826594079489554,0.0485925459977985,0.015175342034911221,0.054096556062273926,0.0987576662997327,0.015175342034911221,0.11904387482308532,0.08318918068878745,0.015175342034911221,0.1370529957540494,Q3
3-day,MU,2023-09-29,bearish_crossover,7,0.052665209507491095,0.019622223567038088,1.7154229353416977,0.06889607059830041,0.07241851479297477,True,MACD leads signal,0.0011759517859768476,0.014258415404968416,0.023813023666029665,,,,,,,,,,False,True,-0.05447257577656189,-0.0008806110486685864,0.015287373217697908,0.014258415404968416,0.03373511686020869,0.015434367190945153,0.014258415404968416,0.039541378803469085,-0.01705130089666318,0.06107599588416879,0.039541378803469085,Q3
3-day,MU,2023-12-06,bearish_crossover,11,0.08719990624465042,0.03781115824198236,2.2688725338694504,0.4035536918259426,0.4036682112502684,True,MACD leads signal,0.025023929987693094,0.001914399015451984,0.030356898673594923,,,,,,,,,,False,True,-0.09444605550212665,-2.8629856081485716e-05,0.11322302748530011,0.001914399015451984,0.13482838780254336,0.16887734172022428,0.001914399015451984,0.17626145220839606,0.1411185559961714,0.001914399015451984,0.20155886776972531,Q3
3-day,MU,2024-02-16,bearish_crossover,6,0.07873474072496578,0.026880139943239487,1.6253517703203497,-0.07030946531897027,-0.008679625536446571,False,MACD leads signal,0.08062893081761002,0.004402515723270328,0.08566037735849052,,,,,,,,,,False,True,-0.078641865310153,-0.015407459945630924,0.1284276729559748,0.004402515723270328,0.16660377358490575,0.18830188679245285,0.004402515723270328,0.22490566037735849,0.21069182389937113,0.004402515723270328,0.28113207547169794,Q2
3-day,MU,2024-04-19,bearish_crossover,15,0.050091778298107306,0.0201549595073673,1.1298521428372894,0.1231555434930203,0.18582291558107877,True,MACD leads signal,0.022009927882364,0.0013112297461833622,0.0324061065842467,,,,,,,,,,False,True,-0.10557937996231845,-0.015666843022014598,0.07558302894071378,0.0013112297461833622,0.0776435328275733,0.07427179919453031,0.0013112297461833622,0.08906996347288576,0.17345696356654505,0.0013112297461833622,0.2187880490774563,Q1 weak
3-day,MU,2024-06-12,bearish_crossover,9,0.11301968366363553,0.05056388991120534,1.9839684438713507,0.13531790823053025,0.15997877964480725,True,MACD leads signal,0.0043339253996448335,0.007814564831261084,0.024653641207815324,,,,,,,,,,False,True,-0.049525879378080895,-0.006165217853569216,-0.008596802841918327,0.035879218472469,0.11925399644760204,-0.06053285968028421,0.06870337477797506,0.11925399644760204,-0.05115452930728237,0.09578046181172295,0.11925399644760204,Q3
3-day,MU,2024-11-01,bearish_crossover,23,0.07474049624380343,0.03701658638733524,1.8266962773297384,0.21197180433120935,0.21904539249244354,True,MACD leads signal,0.12132758447809078,-0.012745412614057816,0.12624085029579857,,,,,,,,,,False,True,-0.051088959053343236,-0.0017683970403085392,0.0438183094354756,-0.012745412614057816,0.14609445502857699,-0.02226010227614561,0.04211370700892414,0.14609445502857699,0.0011029780407099121,0.04211370700892414,0.14609445502857699,Q3
3-day,MU,2024-12-30,bearish_crossover,5,0.038297878961606004,0.011323916603390707,1.1225277097745079,-0.0130348154543527,0.04017969479924462,False,MACD leads signal,0.023678349548704736,0.01430078537099988,0.027429375219786722,,,,,,,,,,False,True,-0.07191960675060134,-0.013303627563399326,0.16527956863204785,0.01430078537099988,0.25120032821474636,0.14124956042667924,0.01430078537099988,0.25120032821474636,0.06951119446723708,0.01430078537099988,0.29726878443324356,Q1 weak
3-day,MU,2025-02-07,bearish_crossover,7,0.0909219074247328,0.02681059822752155,2.664961174798574,0.1148805137672092,0.12991263534342476,True,MACD leads signal,0.039328277356446506,-0.009425785482123583,0.04290357529794164,,,,,,,,,,False,True,-0.08000460962509054,-0.0037580303940538684,0.0782231852654387,0.05362946912242694,0.09098916576381377,0.0708559046587216,0.05362946912242694,0.1687973997833152,0.007150595882990274,0.0595882990249188,0.1687973997833152,Q4 steep
3-day,MU,2025-04-04,bearish_crossover,6,0.04351687933352824,0.010874965740883211,1.5733309227161285,-0.062447509976798946,-0.0159429847659253,False,MACD leads signal,0.01266996291718181,0.04913473423980219,0.12747218788627945,,,,,,,,,,False,True,-0.06356039345012258,-0.01162613130271841,0.09734239802224964,0.04913473423980219,0.2138442521631645,0.1268541409147097,0.04913473423980219,0.2138442521631645,0.31566749072929556,0.04913473423980219,0.3320457354758961,Q2
3-day,MU,2025-07-07,bearish_crossover,21,0.07564256538117603,0.04489508841341052,1.8675420240623453,0.6990173429298909,0.7191600372506242,True,MACD and signal aligned,0.026601067378252186,-0.011340893929286278,0.051951300867244754,,,,,,,,,,False,True,-0.09872245020656445,-0.0050356735801831976,-0.029102735156771087,0.04260923949299533,0.051951300867244754,-0.0892261507671781,0.09835723815877251,0.051951300867244754,-0.09289526350900601,0.13792528352234823,0.051951300867244754,Q3
3-day,MU,2025-10-10,bearish_crossover,17,0.06696431774122015,0.040884554430487365,1.5953584818898054,0.38385626128274636,0.39614779154484697,True,MACD and signal aligned,0.030066079295154147,-0.025605726872246715,0.06497522026431723,,,,,,,,,,False,True,-0.06957874153237681,-0.0030728825655250702,0.13860132158590321,-0.025605726872246715,0.1825440528634361,0.2060572687224671,-0.025605726872246715,0.21046255506607925,0.39482378854625555,-0.025605726872246715,0.4155837004405287,Q2
3-day,MU,2026-02-05,bearish_crossover,18,0.06815411373427682,0.04061139712897575,1.3069220155566506,0.4354813405351487,0.4428662684542555,True,MACD and signal aligned,0.030818250672516978,0.026162605448039944,0.03593721434354502,,,,,,,,,,False,True,-0.12530137205137465,-0.0018462319797766247,0.07513907388545027,0.043955182950716876,0.14594269894747836,0.11825850766538704,0.043955182950716876,0.14594269894747836,-0.03288150643788024,0.043955182950716876,0.14594269894747836,Q2
3-day,MU,2026-04-06,bearish_crossover,7,0.08034976690056223,0.02587642348150763,1.4807426753050008,-0.18069708585049662,-0.15649241452598872,False,MACD leads signal,0.115814273612876,0.036160525201185845,0.12224692926725966,,,,,,,,,,False,True,-0.04049637917745999,-0.006051167831126969,0.20772448115205422,0.036160525201185845,0.23300508259212194,0.189591274883524,0.036160525201185845,0.2467439644218552,0.7645859805167303,0.036160525201185845,0.7674449385853452,Q2
3-day,MU,2026-05-18,bearish_crossover,11,0.08615132009083622,0.04080771832669285,1.9850953777302145,0.33619522601601115,0.34634860921368077,True,MACD leads signal,0.11820289344719326,0.04303489156909346,0.12231123631775098,,,,,,,,,,False,True,-0.1382159420309032,-0.002538345799417363,0.36222378730522053,0.04303489156909346,0.4029403996830707,0.5613170173430759,0.04303489156909346,0.5795991431170584,0.497725738768084,0.04303489156909346,0.6292512545118407,Q3
3-day,NVTS,2022-02-17,early_rising_blue,3,0.10713175683715065,0.03302489044732526,2.7936012411424285,-0.36131423828900633,-0.5248996894473059,False,MACD leads signal,0.0010570824524311906,0.042780126849894295,0.012684989429175397,,,,,,,,,,True,False,,,0.014799154334038,0.10253699788583515,0.022727272727272707,-0.12262156448202965,0.13202959830866812,0.040158562367864636,0.02114164904862581,0.2008456659619452,0.046511627906976605,Q4 steep
3-day,NVTS,2022-05-20,early_rising_blue,3,0.14037032780947473,0.05047579690541025,2.31802135819387,0.052461401433144955,-0.19169666699570628,False,MACD leads signal,-0.05485232067510559,0.0717299578059073,0.03234880450070321,,,,,,,,,,True,False,,,0.16033755274261607,0.0717299578059073,0.16807313642756672,-0.06610407876230673,0.11322081575246146,0.17440225035161738,-0.33473980309423346,0.3431786216596343,0.17440225035161738,Q3
3-day,NVTS,2022-07-26,early_rising_blue,3,0.1597814952913956,0.05715696758396578,2.352843796864851,0.16276708836727366,-0.10968030430204212,False,MACD leads signal,0.11300639658848599,-0.010660980810234477,0.11727078891257992,,,,,,,,,,True,False,,,0.13859275053304887,-0.010660980810234477,0.15245202558635396,0.14072494669509572,0.05330490405117272,0.15245202558635396,0.4179104477611939,0.05330490405117272,0.7269936034115139,Q3
3-day,NVTS,2022-11-18,early_rising_blue,3,0.070541100154747,0.028191906826123714,3.643481488513047,-0.030674491073352933,-0.1610831919729416,False,MACD leads signal,0.008676789587852562,0.1193058568329719,0.022776572668112616,,,,,,,,,,True,False,,,-0.08459869848156198,0.1193058568329719,0.022776572668112616,-0.030368763557483858,0.1193058568329719,0.06073752711496727,-0.2537960954446855,0.26485900216919744,0.06073752711496727,Q4 steep
3-day,NVTS,2023-01-20,early_rising_blue,3,0.12967648317753339,0.05145975106585701,6.78228548118725,0.09818635555709032,-0.14282888947331307,False,MACD leads signal,0.13181818181818183,0.0017727272727273702,0.13863636363636345,,,,,,,,,,True,False,,,0.1272727272727272,0.0017727272727273702,0.19318181818181812,0.28409090909090917,0.0017727272727273702,0.3749999999999998,0.15227272727272734,0.0017727272727273702,0.3818181818181816,Q4 steep
3-day,NVTS,2023-05-26,early_rising_blue,3,0.08840395463518629,0.042399771009018816,1.566301031769366,0.008087278528070868,-0.17850206483022496,False,MACD leads signal,0.004700352526439522,0.06461809635722682,0.050000000000000044,,,,,,,,,,True,False,,,0.062279670975323054,0.06461809635722682,0.09048178613395996,0.14806110458284372,0.06461809635722682,0.18683901292596938,0.09518213866039948,0.06461809635722682,0.1886016451233843,Q2
3-day,NVTS,2023-11-15,early_rising_blue,3,0.15830685058500327,0.06140976884140964,6.682897077093058,-0.28601626184971973,-0.5784730937418128,False,MACD leads signal,0.05159332321699539,0.02124430955993928,0.054628224582701,,,,,,,,,,True,False,,,0.09559939301972675,0.02124430955993928,0.1259484066767831,0.05311077389984842,0.02124430955993928,0.1259484066767831,0.2382397572078907,0.02124430955993928,0.28072837632776926,Q4 steep
3-day,NVTS,2024-04-10,early_rising_blue,3,0.06687867673921413,0.021268783995021384,1.6641782906272768,-0.27239155365031115,-0.3734879715893723,False,MACD leads signal,0.0023201856148493682,0.02088167053364265,0.018561484918793614,,,,,,,,,,True,False,,,-0.15545243619489546,0.15777262180974472,0.018561484918793614,-0.03944315545243615,0.17981438515081194,0.018561484918793614,-0.04872389791183296,0.17981438515081194,0.12529002320185612,Q2
3-day,NVTS,2024-06-18,early_rising_blue,3,0.07536553319942783,0.028632073076074436,1.5732764483247879,0.18138313523634197,0.05103264266859566,True,MACD leads signal,-0.011848341232227444,0.03672985781990501,0.0165876777251186,,,,,,,,,,True,False,,,-0.06161137440758291,0.08530805687203791,0.0165876777251186,-0.04502369668246431,0.08530805687203791,0.0165876777251186,-0.011848341232227444,0.08530805687203791,0.16824644549763024,Q2
3-day,NVTS,2024-08-30,early_rising_blue,3,0.07405152775525081,0.021274178548813832,1.3865833329224233,-0.11582482754547946,-0.22224831778322285,False,MACD leads signal,-0.16556291390728473,0.2119205298013246,0.004966887417218624,,,,,,,,,,True,False,,,-0.23841059602649017,0.26490066225165554,0.004966887417218624,-0.1589403973509934,0.26490066225165554,0.004966887417218624,-0.23841059602649017,0.2913907284768211,0.004966887417218624,Q2
3-day,NVTS,2024-12-06,early_rising_blue,3,0.13775501578982713,0.04567679490166969,5.222321648345576,0.259752048061407,0.034325751383981196,True,MACD leads signal,0.14854111405835546,-0.0026525198938991412,0.23490716180371352,,,,,,,,,,True,False,,,-0.08753315649867377,0.09283819628647216,0.23490716180371352,-0.15915119363395225,0.273209549071618,0.23490716180371352,0.05835543766578244,0.273209549071618,0.23490716180371352,Q4 steep
3-day,NVTS,2025-05-05,early_rising_blue,3,0.07677031022877467,0.024189355531922224,2.893692335009397,-0.2995555893141172,-0.42117582767325495,False,MACD leads signal,-0.050000000000000044,0.09999999999999998,0.0,,,,,,,,,,True,False,,,0.04499999999999993,0.09999999999999998,0.09250000000000003,0.0,0.09999999999999998,0.09250000000000003,2.09,0.09999999999999998,2.7645,Q4 steep
3-day,NVTS,2025-09-19,early_rising_blue,3,0.021941661002042097,0.0077993047615895345,0.5199133092855787,-0.05295393508445373,-0.09191848207315292,False,MACD leads signal,-0.01854493580599148,0.0542082738944365,0.04564907275320973,,,,,,,,,,True,False,,,0.02567760342368053,0.11269614835948649,0.07560627674750364,0.11554921540656204,0.11269614835948649,0.2111269614835949,1.4393723252496438,0.11269614835948649,1.5378031383737518,Q1 weak
3-day,NVTS,2025-12-12,early_rising_blue,3,0.0494454726062212,0.014858457928472069,1.5483940093680235,-0.26391452331259896,-0.3377020562763884,False,MACD leads signal,-0.08847497089639111,0.10128055878928988,0.0186263096623982,,,,,,,,,,True,False,,,-0.0803259604190919,0.14668218859138527,0.0186263096623982,-0.13853317811408605,0.15133876600698482,0.0186263096623982,0.21420256111757863,0.17287543655413262,0.2311990686845169,Q2
3-day,NVTS,2026-03-16,early_rising_blue,3,0.030258305945451258,0.009020309375558144,0.8702135434151047,-0.04527528941396615,-0.09363516632648862,False,MACD leads signal,-0.12583412774070546,0.19161105815061963,0.024680648236415692,,,,,,,,,,True,False,,,-0.09628217349857005,0.19161105815061963,0.024680648236415692,-0.16396568160152536,0.26978074356530024,0.024680648236415692,-0.02192564346997139,0.26978074356530024,0.024680648236415692,Q1 weak
3-day,NVTS,2022-04-14,bearish_crossover,21,0.0840671623593591,0.04007921869074131,1.491610970030408,0.05888452037689354,0.13836968096355828,True,MACD leads signal,-0.0012437810945273853,0.04228855721393021,0.00995024875621886,,,,,,,,,,False,True,-0.11239035355034571,-0.019871290146666165,-0.08582089552238803,0.08955223880596996,0.03233830845771157,-0.1467661691542287,0.1728358208955223,0.03233830845771157,-0.17039800995024867,0.33582089552238803,0.03233830845771157,Q2
3-day,NVTS,2022-06-17,bearish_crossover,10,0.12166945077548279,0.060325880685095916,1.6774630430785715,0.24947203096867204,0.26909846377530955,True,MACD leads signal,-0.08752327746741151,0.13035381750465558,0.04469273743016755,,,,,,,,,,False,True,-0.10964073188655493,-0.004906608201659335,-0.23091247672253268,0.25884543761638734,0.04469273743016755,-0.3072625698324022,0.34636871508379896,0.04469273743016755,-0.059590316573556845,0.34636871508379896,0.04469273743016755,Q2
3-day,NVTS,2022-08-26,bearish_crossover,13,0.14031106058492473,0.05982760258090708,1.6583072501000111,0.3079459293970702,0.32081984180176887,True,MACD leads signal,-0.051364365971107606,0.0930979133226324,0.032889245585874693,,,,,,,,,,False,True,-0.01672908667916856,-0.003218478101174649,-0.158908507223114,0.2086677367576245,0.032889245585874693,-0.0802568218298555,0.2086677367576245,0.032889245585874693,-0.1797752808988764,0.2616372391653291,0.032889245585874693,Q2
3-day,NVTS,2022-12-14,bearish_crossover,10,0.061276226186211605,0.028748607461958044,3.2688505912648416,-0.04147397516708708,-0.002280315435447919,False,MACD leads signal,-0.0723192019950124,0.08728179551122184,0.0,,,,,,,,,,False,True,-0.05532578945928922,-0.00979841493290979,-0.13216957605985036,0.15486284289276808,0.0,-0.12468827930174564,0.22443890274314215,0.0,0.06234413965087282,0.22443890274314215,0.15211970074812986,Q4 steep
3-day,NVTS,2023-03-17,bearish_crossover,20,0.11953788208984743,0.06118208169694414,3.0747584478162526,0.6100990300453764,0.6345709864495226,True,MACD and signal aligned,0.009389671361502483,0.023474178403755763,0.011737089201877993,,,,,,,,,,False,True,-0.04269154128799091,-0.006117989101036558,0.017214397496087663,0.023474178403755763,0.13928012519561817,0.1439749608763694,0.023474178403755763,0.15336463223787167,0.06103286384976525,0.023474178403755763,0.16744913928012517,Q4 steep
3-day,NVTS,2023-06-27,bearish_crossover,12,0.07596319065222609,0.0473886687185761,1.4157493078389418,0.15885735118154923,0.20722694712077858,True,MACD and signal aligned,0.13090128755364794,0.025751072961373467,0.13947424892703864,,,,,,,,,,False,True,-0.08005221901831824,-0.012092398984807323,0.0740343347639485,0.025751072961373467,0.19796137339055786,0.10944206008583679,0.025751072961373467,0.19796137339055786,0.041845493562231884,0.025751072961373467,0.19796137339055786,Q2
3-day,NVTS,2024-01-08,bearish_crossover,20,0.15846569018287834,0.07826457737841562,8.046765407821317,0.3478717901392723,0.3648064138720907,True,MACD leads signal,-0.07510431154381081,0.10292072322670376,0.017385257301808066,,,,,,,,,,False,True,-0.02704368142107333,-0.0042336559332046275,-0.15577190542420027,0.17315716272600834,0.017385257301808066,-0.0931849791376913,0.17315716272600834,0.017385257301808066,-0.21001390820584154,0.23922114047287912,0.017385257301808066,Q4 steep
3-day,NVTS,2024-05-24,bearish_crossover,17,0.0793459170038863,0.03517139213867497,2.1720192246311645,0.10754637674199097,0.13874163912249077,True,MACD leads signal,-0.018918918918918948,0.027027027027027084,0.024324324324324298,,,,,,,,,,False,True,-0.09461089627834468,-0.007798815595124936,0.11081081081081079,0.05945945945945952,0.12432432432432439,0.20270270270270263,0.05945945945945952,0.2567567567567568,0.08108108108108092,0.05945945945945952,0.38783783783783776,Q3
3-day,NVTS,2024-07-03,bearish_crossover,7,0.06891504243961286,0.024887132610578976,1.3729565932423633,0.07751534762960852,0.11844126655487004,True,MACD leads signal,0.01985111662531014,-0.002481389578163684,0.02977667493796532,,,,,,,,,,False,True,-0.05996272567089961,-0.010231479731315371,0.18362282878411884,-0.002481389578163684,0.1873449131513647,0.03473945409429269,-0.002481389578163684,0.22332506203473934,-0.19354838709677424,0.22828784119106704,0.22332506203473934,Q2
3-day,NVTS,2024-07-26,bearish_crossover,2,0.016151312105745053,0.0009016062523429652,0.3791402914503905,0.02996013286033681,0.042334774245918416,True,MACD leads signal,-0.06527415143603132,0.07832898172323766,0.039164490861618884,,,,,,,,,,False,True,-0.018497395168674928,-0.0030936603463953966,-0.20365535248041777,0.2323759791122716,0.039164490861618884,-0.21148825065274157,0.2323759791122716,0.039164490861618884,-0.18537859007832902,0.25065274151436034,0.039164490861618884,Q1 weak
3-day,NVTS,2024-11-08,bearish_crossover,25,0.03818769306177962,0.0190026252671198,1.4835956983836038,0.11116935338510031,0.1453432140920762,True,MACD leads signal,-0.12962962962962976,0.1342592592592593,0.011574074074073959,,,,,,,,,,False,True,-0.047388952229494685,-0.008543465176743953,-0.17592592592592593,0.18981481481481488,0.011574074074073959,0.12037037037037024,0.18981481481481488,0.1435185185185186,1.0046296296296293,0.18981481481481488,1.15537037037037,Q2
3-day,NVTS,2025-01-03,bearish_crossover,12,0.12750862806365323,0.050949711611665616,3.8795126555742043,0.4528324901608126,0.4553758119246936,True,MACD leads signal,-0.14035087719298245,0.1578947368421053,0.14035087719298245,,,,,,,,,,False,True,-0.023675423056082334,-0.0006358304409702087,-0.2255639097744362,0.26817042606516295,0.14035087719298245,-0.16040100250626566,0.26817042606516295,0.14035087719298245,-0.2556390977443609,0.29824561403508776,0.14035087719298245,Q4 steep
3-day,NVTS,2025-07-01,bearish_crossover,20,0.09416858431711887,0.05876093045415397,2.3938539671014802,0.6675692039398871,0.7092534900812056,True,MACD and signal aligned,0.027113237639553533,0.006379585326953596,0.05263157894736836,,,,,,,,,,False,True,-0.08583040299109435,-0.010421071535329562,-0.0015948963317383713,0.04465709728867617,0.05901116427432229,-0.019138755980861122,0.09409888357256779,0.05901116427432229,0.16905901116427446,0.09409888357256779,0.5119617224880384,Q4 steep
3-day,NVTS,2025-10-31,bearish_crossover,16,0.03398048449677334,0.021461465552494428,0.9878788305888578,0.13892718123473544,0.20354019616277924,True,MACD and signal aligned,-0.22288261515601782,0.24145616641901935,-0.011887072808320909,,,,,,,,,,False,True,-0.08314177518388774,-0.01615325373201093,-0.28677563150074303,0.46656760772659733,-0.011887072808320909,-0.39747399702823183,0.46656760772659733,-0.011887072808320909,-0.38335809806835064,0.4910846953937593,-0.011887072808320909,Q1 weak
3-day,NVTS,2026-02-05,bearish_crossover,20,0.04640183244728875,0.022945873931555547,2.294595373774893,0.06712376553737581,0.0839997610830945,True,MACD leads signal,0.19246298788694483,-0.03364737550471064,0.2207267833109019,,,,,,,,,,False,True,-0.053827573655375105,-0.004218998886429667,0.11709286675639308,-0.03364737550471064,0.24899057873485875,0.060565275908479155,-0.03364737550471064,0.24899057873485875,0.1036339165545086,-0.03364737550471064,0.41251682368775233,Q3
3-day,NVTS,2026-06-02,bearish_crossover,28,0.04728683329687037,0.026986635206246428,2.6645744381665035,0.6023733756856322,0.6562788921981377,True,MACD and signal aligned,-0.030162412993039456,0.057231245166279976,0.32134570765661263,,,,,,,,,,False,True,-0.0832647165058662,-0.01347637912812627,-0.14114462490332558,0.21616395978344938,0.32134570765661263,-0.14578499613302398,0.21616395978344938,0.32134570765661263,,,,Q4 steep
3-day,NXT,2023-05-25,early_rising_blue,3,0.12285963957543537,0.046705052126843824,2.474018226577904,0.22394061604961363,0.005133826796095267,True,MACD leads signal,0.007983517898532133,0.008241050733968636,0.024980685037342187,,,,,,,,,,True,False,,,0.0499613700746846,0.031161473087818692,0.0690394025238219,0.03759979397373159,0.031161473087818692,0.07545454545454544,-0.005150656708730272,0.04146278650527946,0.1323718774143703,Q3
3-day,NXT,2023-08-02,early_rising_blue,3,0.08029668111201216,0.027897164562184086,1.6723330858035763,0.019113468048095147,-0.11417497363405645,False,MACD leads signal,-0.020369039060627703,0.02875629043853334,0.028277018931224474,,,,,,,,,,True,False,,,-0.00694943685597893,0.05919003115264798,0.03139228372873237,-0.12293314162473035,0.12413132039300268,0.03139228372873237,0.03354900551162254,0.14450035945363038,0.05439731607955922,Q2
3-day,NXT,2023-09-15,early_rising_blue,3,0.053773591673648355,0.018094013801886175,1.203359212425654,0.0712774613060928,-0.01687449188842429,False,MACD leads signal,-0.02985074626865669,0.04850746268656725,-0.0033815298507463565,,,,,,,,,,True,False,,,-0.042210820895522416,0.060167910447761264,0.009794776119402826,-0.06343283582089565,0.09281716417910457,0.009794776119402826,-0.20732276119402981,0.25046641791044777,0.009794776119402826,Q2
3-day,NXT,2023-11-15,early_rising_blue,3,0.04284419048809515,0.015708668530846154,0.8036007758846335,-0.3395399044990237,-0.420943597551353,False,MACD leads signal,0.005715770329955738,0.03299558326838148,0.015068849051701694,,,,,,,,,,True,False,,,0.005455962587685104,0.03299558326838148,0.047804624577812316,0.055858664588204654,0.03299558326838148,0.07300597557807209,0.243699662249935,0.03299558326838148,0.25409197194076394,Q1 weak
3-day,NXT,2024-02-16,early_rising_blue,3,0.10444091686699677,0.04099057428636161,1.7658195875113962,0.2937842486077864,0.10264792451381533,True,MACD leads signal,-0.04692422483833536,0.06300779306914284,0.0011606698723263253,,,,,,,,,,True,False,,,-0.026529597081744294,0.06300779306914284,0.024208257337091643,-0.05637539379870682,0.07975460122699385,0.024208257337091643,-0.045266125020726355,0.07975460122699385,0.030343226662244982,Q3
3-day,NXT,2024-05-28,early_rising_blue,3,0.12465923361833398,0.03555035439620352,2.9812135156129176,-0.33024989718445663,-0.5195813106512152,False,MACD leads signal,-0.0028917404662930357,0.04247243809868062,0.05711187420928976,,,,,,,,,,True,False,,,0.00867522139887944,0.04247243809868062,0.05711187420928976,0.08946322067594448,0.04247243809868062,0.12533887583589376,-0.11205494306885955,0.1641062714621363,0.1261521778420387,Q4 steep
3-day,NXT,2024-09-04,early_rising_blue,3,0.0621353349624601,0.018830479850855064,1.0455594245391457,-0.3238820345345406,-0.41403695602357227,False,MACD leads signal,-0.07634810464495456,0.0875600640683396,0.0018686599038975071,,,,,,,,,,True,False,,,0.005605979711692521,0.12840363053924186,0.006139882541377428,-0.026695141484249896,0.12840363053924186,0.03657234383342223,-0.023224773091297335,0.12840363053924186,0.04351308061932735,Q1 weak
3-day,NXT,2024-11-12,early_rising_blue,3,0.11060865171532462,0.039585342487303936,1.8372369299135538,0.20159732096448388,0.015855332739526756,True,MACD leads signal,-0.03614457831325313,0.04557359874279732,0.05631220534311154,,,,,,,,,,True,False,,,-0.020429544264012556,0.06076479832372972,0.05631220534311154,0.040073336825563244,0.06076479832372972,0.08486118386589836,-0.07778941854374011,0.07936092194866429,0.08486118386589836,Q3
3-day,NXT,2025-01-10,early_rising_blue,3,0.08144548912774102,0.02936194441626094,1.6714318898154992,0.257151005784307,0.11579374790855948,True,MACD leads signal,0.03041362530413627,0.060583941605839464,0.048661800486617945,,,,,,,,,,True,False,,,0.01922141119221399,0.060583941605839464,0.13187347931873483,0.19805352798053533,0.060583941605839464,0.216301703163017,0.11703163017031626,0.060583941605839464,0.2717761557177616,Q2
3-day,NXT,2025-05-08,early_rising_blue,3,0.049078815084654004,0.018055448890903047,1.5473631037742732,-0.19338089337189224,-0.281776762361938,False,MACD leads signal,0.043497757847533514,-0.0033632286995515237,0.05156950672645744,,,,,,,,,,True,False,,,0.3298206278026905,-0.0033632286995515237,0.41681614349775775,0.25672645739910305,-0.0033632286995515237,0.41681614349775775,0.322421524663677,-0.0033632286995515237,0.41681614349775775,Q2
3-day,NXT,2025-08-29,early_rising_blue,3,0.10069918872886721,0.031419197244493796,2.5053763258450252,-0.00891063523613142,-0.16749868948004767,False,MACD leads signal,-0.008028545941124121,0.04356229556943214,-0.0029735355337496827,,,,,,,,,,True,False,,,0.03716919417187037,0.04356229556943214,0.062146892655367214,-0.008325899494499023,0.04400832589949466,0.062146892655367214,0.1318763009217958,0.04400832589949466,0.1419729408266428,Q3
3-day,NXT,2025-12-22,early_rising_blue,3,0.05471815683408757,0.01711927459425938,1.10380412767271,-0.42500665578462976,-0.5112403883252034,False,MACD leads signal,-0.013313129126528933,0.0365840458924126,-0.004329472886676067,,,,,,,,,,True,False,,,-0.05714904210412386,0.062236172745968155,0.005518995562290296,-0.009524840350687236,0.06786448749864704,0.02965688927373078,0.08583179997835266,0.06786448749864704,0.10520619114622787,Q1 weak
3-day,NXT,2026-04-02,early_rising_blue,3,0.03668128196794045,0.018496645462010734,1.7582604870418799,0.0031773892224778028,-0.07180677626806092,False,MACD and signal aligned,-0.04439334984082066,0.052882914750619014,0.007869649805447354,,,,,,,,,,True,False,,,0.04324372125928555,0.06424655111425537,0.06981782808631065,-0.01494517155995756,0.08268482490272366,0.06981782808631065,0.060576582950123914,0.08268482490272366,0.1406959674566679,Q2
3-day,NXT,2026-05-06,early_rising_blue,3,0.0490216722775486,0.0166848187650303,3.0942907957799,0.027466122300401963,-0.0561153373226982,False,MACD leads signal,-0.0013483502538070846,0.04243337563451777,0.04100571065989844,,,,,,,,,,True,False,,,0.14443210659898464,0.04774666878172584,0.24349619289340096,-0.040133248730964466,0.05266021573604052,0.24349619289340096,0.04354378172588835,0.0689244923857868,0.2938610406091371,Q4 steep
3-day,NXT,2023-06-23,bearish_crossover,12,0.1113212520259269,0.043214709932775014,3.3222511142933655,0.24727086635038692,0.31753877575233547,True,MACD leads signal,-0.026663215117784134,0.1120890499611702,0.03598239710069895,,,,,,,,,,False,True,-0.09527297362191212,-0.017566977350487123,0.020709293295366304,0.1120890499611702,0.040124255759772076,-0.014496505306756502,0.1120890499611702,0.040124255759772076,0.020191560962981914,0.1120890499611702,0.06652860471136424,Q4 steep
3-day,NXT,2023-08-18,bearish_crossover,8,0.07265388818474953,0.02522082595446063,1.641168498676415,0.03851781845252611,0.04040189097589908,True,MACD leads signal,0.025668449197860932,0.038235294117647034,0.0463903743315508,,,,,,,,,,False,True,-0.06704152953059968,-0.0004710181308432426,0.12165775401069534,0.038235294117647034,0.12780748663101615,0.1312834224598931,0.038235294117647034,0.196524064171123,0.09117647058823541,0.038235294117647034,0.196524064171123,Q2
3-day,NXT,2023-09-29,bearish_crossover,7,0.050721828163907204,0.016451073701792246,1.0868976081901363,0.04053150767976671,0.05309911864026388,True,MACD leads signal,-0.11180278884462136,0.1342131474103584,0.039218127490039834,,,,,,,,,,False,True,-0.04512211282555388,-0.00314190274012429,-0.07594621513944222,0.19970119521912344,0.039218127490039834,-0.1536354581673306,0.19970119521912344,0.039218127490039834,-0.1344621513944223,0.19970119521912344,0.039218127490039834,Q1 weak
3-day,NXT,2024-01-08,bearish_crossover,20,0.07821956796276401,0.04856355027451695,2.0386861953300763,0.5543188712520667,0.5597088233457633,True,MACD and signal aligned,-0.003866602223296378,0.030691155147414273,0.05679072015466402,,,,,,,,,,False,True,-0.10189870714620552,-0.0013474880234241038,0.012324794586756838,0.03939101014983093,0.05679072015466402,0.10778153697438375,0.03939101014983093,0.1509183180280329,0.3392943450942485,0.03939101014983093,0.4086515224746252,Q3
3-day,NXT,2024-03-05,bearish_crossover,7,0.09174397222948615,0.03678468117604461,1.384781441961633,0.2167319291120297,0.228925661619422,True,MACD leads signal,0.04674046740467408,0.0033386048146195613,0.08451941662273765,,,,,,,,,,False,True,-0.06394176926601186,-0.003048433126848049,0.03848181338956258,0.0033386048146195613,0.09189949042347578,0.011772974872605868,0.013705851344227638,0.09189949042347578,-0.11298541556844144,0.1152697241258126,0.09189949042347578,Q2
3-day,NXT,2024-07-03,bearish_crossover,14,0.12551071334032277,0.06776041007983577,2.313774740388677,0.19209405595572587,0.28704572082587715,True,MACD and signal aligned,-0.024699176694110037,0.025543592991344788,0.016255013721764966,,,,,,,,,,False,True,-0.12866771616235456,-0.02373791621753779,0.09267468862149042,0.025543592991344788,0.12729575680810634,0.0,0.025543592991344788,0.12729575680810634,-0.11378509605235387,0.17986067131095618,0.12729575680810634,Q4 steep
3-day,NXT,2024-10-18,bearish_crossover,17,0.06179254489341999,0.03331337282221178,1.1009237889383998,0.05571647875515079,0.08519971476542135,True,MACD and signal aligned,-0.044003579952267335,0.05161097852028651,0.0017899761336515052,,,,,,,,,,False,True,-0.06521226293861396,-0.007370809002567633,-0.02863961813842486,0.07726730310262542,0.0017899761336515052,0.18168257756563233,0.07726730310262542,0.22315035799522653,0.11664677804295942,0.07726730310262542,0.3198090692124105,Q1 weak
3-day,NXT,2024-12-06,bearish_crossover,10,0.1002419352343282,0.03519316079383192,1.9968783714594356,0.18634643232693537,0.20919504124606894,True,MACD leads signal,0.05676494902176921,-0.012124552218241824,0.08928079360705432,,,,,,,,,,False,True,-0.03702759340794795,-0.005712152229783385,-0.02259575640672362,0.0482226508680077,0.08928079360705432,-0.03141361256544506,0.08266740148801321,0.08928079360705432,0.09203637365665474,0.08266740148801321,0.11656103609809887,Q3
3-day,NXT,2025-02-13,bearish_crossover,12,0.0749068693115049,0.03689510104644756,1.578476589329703,0.41048393030235425,0.4408526876589295,True,MACD leads signal,0.030276628185580412,-0.007405793944674333,0.04007841428882597,,,,,,,,,,False,True,-0.06913286647832656,-0.007592189339143796,0.004574166848181349,0.0030494445654539737,0.08843389239817045,-0.04116750163363092,0.08516663036375516,0.08843389239817045,-0.03485079503376154,0.1244826835112175,0.08843389239817045,Q2
3-day,NXT,2025-06-27,bearish_crossover,18,0.0807193437454345,0.042397483789690237,2.145811274535259,0.43760220424339324,0.45343227674334674,True,MACD and signal aligned,-0.013717421124828433,0.11368312757201648,0.0023148148148148806,,,,,,,,,,False,True,-0.06301692283053273,-0.003957518124988346,0.13940329218106995,0.11368312757201648,0.163732853223594,0.05795610425240061,0.11368312757201648,0.163732853223594,0.12157064471879275,0.11368312757201648,0.163732853223594,Q3
3-day,NXT,2025-11-07,bearish_crossover,25,0.06533616861946227,0.030286727425789462,1.6456903903986604,0.32387691567167015,0.41655993504430744,True,MACD leads signal,0.02676096721781529,-0.012233585013858406,0.046544967982414365,,,,,,,,,,False,True,-0.11902010256182544,-0.023170754843159225,-0.103985472617796,0.20615502246009743,0.046544967982414365,-0.16725604511134473,0.20615502246009743,0.046544967982414365,-0.1342349230622193,0.20615502246009743,0.046544967982414365,Q2
3-day,NXT,2026-02-26,bearish_crossover,24,0.05559085916318542,0.03830590609186416,3.186556065503063,0.33596850965506997,0.3701778345149233,True,MACD and signal aligned,-0.016470147857009176,0.05334081976417748,-0.006971738723563603,,,,,,,,,,False,True,-0.0922117072271586,-0.008552331214963349,-0.05081414935429529,0.08796556241811726,-0.006971738723563603,0.11959573273441881,0.08796556241811726,0.13222908478382922,0.12324536777091533,0.08796556241811726,0.232639902676399,Q4 steep
3-day,NXT,2026-04-10,bearish_crossover,5,0.04813906160960559,0.01554900468123043,2.3074714233112323,-0.057411532003696954,-0.05502234920877847,False,MACD leads signal,-0.06654234127320502,0.07764685937102656,0.024582520979910205,,,,,,,,,,False,True,-0.022340501752035606,-0.0005972956987296274,-0.08408917521403747,0.12070865474273118,0.024582520979910205,0.03907773162668482,0.12070865474273118,0.09341273205052136,0.06272781215563294,0.12070865474273118,0.13859455793845887,Q3
3-day,NXT,2026-05-27,bearish_crossover,9,0.052180581705313846,0.023519158147945158,2.2446515740337993,0.11065981488380275,0.12046832731615889,True,MACD leads signal,0.15186330829282668,0.02931212255118565,0.2014287818529974,,,,,,,,,,False,True,-0.05567893089388287,-0.0024521281080890217,-0.031006039181028178,0.041721903078509315,0.2014287818529974,-0.11857416408896737,0.19141257917219023,0.2014287818529974,,,,Q3
3-day,POET,2022-07-05,early_rising_blue,3,0.05590127961252772,0.019137881610157628,1.8667041182427806,-0.024274751585139087,-0.11632214301001809,False,MACD leads signal,-0.004072415656604544,0.013741990272523652,0.0383694896935074,,,,,,,,,,True,False,,,-0.09287423762834857,0.09287423762834857,0.0383694896935074,-0.06006330579788455,0.09287423762834857,0.0383694896935074,-0.1585154018374122,0.22218791013664774,0.0383694896935074,Q3
3-day,POET,2022-08-31,early_rising_blue,3,0.17351019820020913,0.06323161068136152,4.629516667449735,0.25206653777446303,-0.04811808034582547,False,MACD leads signal,-0.03492761957146784,0.044928369627722065,0.023251743880791098,,,,,,,,,,True,False,,,7.500562542195333e-05,0.07913093482011146,0.027577068280121075,-0.07493061979648463,0.11493362002150154,0.027577068280121075,-0.35955196639747977,0.38495387154036553,0.027577068280121075,Q4 steep
3-day,POET,2022-10-27,early_rising_blue,3,0.029961289535659345,0.009074325453713034,0.7589585218924685,-0.015654877402931047,-0.05945623872837828,False,MACD leads signal,0.003831417624521105,0.04214559386973171,0.015325670498084198,,,,,,,,,,True,False,,,-0.02298850574712641,0.061302681992337016,0.03065134099616862,0.003831417624521105,0.061302681992337016,0.07662835249042144,0.09195402298850586,0.061302681992337016,0.31034482758620685,Q1 weak
3-day,POET,2023-01-19,early_rising_blue,3,0.0717747082444708,0.024147359170939686,3.178332766682796,0.43132054493355276,0.3090982454765061,True,MACD leads signal,-0.005338078291814985,0.03886120996441278,0.02669039145907459,,,,,,,,,,True,False,,,-0.0782918149466193,0.10676156583629903,0.02669039145907459,-0.12277580071174388,0.2099644128113879,0.02669039145907459,-0.27758007117437733,0.297153024911032,0.02669039145907459,Q4 steep
3-day,POET,2023-05-04,early_rising_blue,3,0.019894963667559926,0.005635709901285077,1.2563896220031445,-0.15288026805609553,-0.18243543005220547,False,MACD leads signal,0.040000000000000036,-0.010000000000000009,0.050000000000000044,,,,,,,,,,True,False,,,0.125,-0.010000000000000009,0.21999999999999997,0.1200000000000001,-0.010000000000000009,0.21999999999999997,0.09250000000000003,-0.010000000000000009,0.21999999999999997,Q2
3-day,POET,2023-10-16,early_rising_blue,3,0.11560826165685936,0.03417407598896527,5.866434964044128,-0.4055390874905505,-0.5777251723987392,False,MACD leads signal,0.010309278350515427,0.03436426116838487,0.0747766323024055,,,,,,,,,,True,False,,,-0.07216494845360821,0.07584192439862558,0.0747766323024055,-0.07216494845360821,0.07584192439862558,0.0747766323024055,-0.5773195876288659,0.597938144329897,0.0747766323024055,Q4 steep
3-day,POET,2023-11-30,early_rising_blue,3,0.11085535271519556,0.035434553398978115,6.248139592185875,0.11828290784922818,-0.05436754223768679,False,MACD leads signal,0.2954545454545454,-0.022727272727272707,0.2954545454545454,,,,,,,,,,True,False,,,0.19318181818181812,0.0,0.2954545454545454,-0.08965909090909085,0.11363636363636365,0.2954545454545454,0.06295454545454549,0.125,0.2954545454545454,Q4 steep
3-day,POET,2024-01-17,early_rising_blue,3,0.061090932968736106,0.021179618145259354,1.7595299079142617,0.11361803693002084,0.013052948614391472,True,MACD leads signal,0.010861382944402642,0.0106463060544143,0.08613829444026244,,,,,,,,,,True,False,,,0.2259382729325734,0.0106463060544143,0.32272287342725026,0.516292074416604,0.0106463060544143,0.5270459189160124,0.48403054091837827,0.0106463060544143,0.5915689859124638,Q3
3-day,POET,2024-04-12,early_rising_blue,3,0.021627137110953543,0.011204574660050204,0.8074045236430138,0.30256294067991085,0.2571329531703936,True,MACD and signal aligned,0.01834862385321112,0.0825688073394496,0.10091743119266039,,,,,,,,,,True,False,,,0.14678899082568808,0.0825688073394496,0.26605504587155937,1.2935779816513762,0.0825688073394496,1.385321100917431,1.0,0.0825688073394496,2.128440366972477,Q1 weak
3-day,POET,2024-05-01,early_rising_blue,3,0.051407558335479275,0.015567766554243967,2.0426790554583847,0.38559276004903675,0.3027926663796525,True,MACD leads signal,-0.237918215613383,0.2602230483271375,0.06691449814126393,,,,,,,,,,True,False,,,-0.17100371747211895,0.26765799256505574,0.06691449814126393,-0.15613382899628248,0.26765799256505574,0.06691449814126393,-0.3382899628252788,0.4052044609665427,0.06691449814126393,Q3
3-day,POET,2024-07-09,early_rising_blue,3,0.0906992521198017,0.027548458152535926,4.105260931196922,0.049774910617207915,-0.09013726039947459,False,MACD leads signal,0.02310231023102327,0.01650165016501648,0.0726072607260726,,,,,,,,,,True,False,,,0.02970297029702973,0.01650165016501648,0.3366336633663367,-0.07260726072607249,0.09570957095709554,0.3366336633663367,-0.13201320132013195,0.25082508250825075,0.3366336633663367,Q4 steep
3-day,POET,2024-09-04,early_rising_blue,3,0.04085348721762536,0.016979214663124798,1.0475936362014768,0.09575810406129846,0.020860414342416755,True,MACD leads signal,-0.058020477815699745,0.10409556313993173,0.020477815699658786,,,,,,,,,,True,False,,,0.04778156996587013,0.10409556313993173,0.06143344709897591,0.07167235494880542,0.10409556313993173,0.20819112627986347,0.5221843003412969,0.10409556313993173,0.9112627986348121,Q1 weak
3-day,POET,2024-10-04,early_rising_blue,3,0.04258831138851093,0.013858348570080507,1.2457392966376546,0.14896019234418234,0.07960438450028175,True,MACD leads signal,-0.004484304932735328,0.024663677130044914,0.06502242152466375,,,,,,,,,,True,False,,,-0.13677130044843044,0.179372197309417,0.06502242152466375,-0.09417040358744388,0.18609865470852016,0.06502242152466375,-0.17488789237668156,0.18609865470852016,0.06502242152466375,Q2
3-day,POET,2024-11-27,early_rising_blue,3,0.031788218131669634,0.010747970671437193,0.8926229734287044,-0.01919707912569403,-0.07614960667274126,False,MACD leads signal,0.09959349593495936,-0.018292682926829285,0.12195121951219501,,,,,,,,,,True,False,,,0.04268292682926833,0.04471544715447151,0.18495934959349603,-0.11585365853658547,0.14634146341463405,0.18495934959349603,0.41463414634146334,0.16565040650406493,0.5833333333333333,Q1 weak
3-day,POET,2025-04-02,early_rising_blue,3,0.05703291778087194,0.023484337009897577,1.9861406138543596,-0.2871962998765287,-0.3949316479966666,False,MACD leads signal,-0.06865284974093255,0.11398963730569944,0.07253886010362698,,,,,,,,,,True,False,,,-0.033678756476683946,0.19948186528497414,0.07253886010362698,-0.022020725388601003,0.19948186528497414,0.07253886010362698,0.11658031088082899,0.19948186528497414,0.20466321243523322,Q3
3-day,POET,2025-07-03,early_rising_blue,3,0.08389277029796385,0.030688910853151702,2.6934514010345056,0.37452992038674077,0.2255362811029057,True,MACD leads signal,-0.08145580589254764,0.11438474870017323,-0.04679376083188902,,,,,,,,,,True,False,,,0.24263431542461023,0.11611785095320626,0.2616984402079725,0.08665511265164638,0.11611785095320626,0.3188908145580591,-0.06412478336221827,0.11611785095320626,0.3188908145580591,Q4 steep
3-day,POET,2025-09-12,early_rising_blue,3,0.018597494673956674,0.005991371750163316,0.5304895242911415,-0.1432980310579433,-0.1715306147136698,False,MACD leads signal,-0.019083969465648942,0.05534351145038163,-0.003835877862595427,,,,,,,,,,True,False,,,0.1450381679389312,0.05534351145038163,0.1832061068702291,0.04770992366412208,0.05534351145038163,0.3015267175572518,0.7270992366412214,0.05534351145038163,0.7958015267175571,Q1 weak
3-day,POET,2025-12-16,early_rising_blue,3,0.11267217774848347,0.043493184393609025,2.4406853029823448,-0.07884371090388173,-0.28205455503041077,False,MACD leads signal,0.11696869851729819,0.018121911037891292,0.12438220757825369,,,,,,,,,,True,False,,,0.15650741350906072,0.018121911037891292,0.30148270181219106,0.04283360790774293,0.018121911037891292,0.30148270181219106,0.36902800658978574,0.018121911037891292,0.43822075782537073,Q3
3-day,POET,2026-03-13,early_rising_blue,3,0.061167019375172896,0.022575428325993255,1.1894205437766663,0.009602891545446579,-0.0992720641981133,False,MACD leads signal,0.01171303074670571,0.026354319180087793,0.0907759882869692,,,,,,,,,,True,False,,,-0.1317715959004393,0.14934114202049786,0.0907759882869692,-0.24011713030746695,0.25036603221083453,0.0907759882869692,0.030746705710102518,0.2869692532942899,0.0907759882869692,Q2
3-day,POET,2026-04-24,early_rising_blue,3,0.0680079641131264,0.019157288181641894,1.5707323683666863,0.15555387817000108,0.05223570975558664,True,MACD leads signal,-0.4735099337748344,0.5033112582781456,-0.30993377483443707,,,,,,,,,,True,False,,,-0.5158940397350993,0.5781456953642383,-0.30993377483443707,-0.2748344370860928,0.5781456953642383,-0.2165562913907284,-0.033774834437086065,0.5781456953642383,0.37814569536423837,Q2
3-day,POET,2026-05-27,early_rising_blue,3,0.05082844690933906,0.022613324012717945,1.3680965427333274,0.17673138745374478,0.07809616101166872,True,MACD leads signal,-0.07454819277108438,0.13403614457831325,0.02033132530120496,,,,,,,,,,True,False,,,-0.10692771084337349,0.13403614457831325,0.20030120481927716,-0.15286144578313254,0.2387048192771084,0.20030120481927716,,,,Q2
3-day,POET,2022-07-20,bearish_crossover,7,0.05217565282192868,0.017563472825165113,1.7713500517309844,-0.042918577655641346,-0.03953807121748844,False,MACD leads signal,-0.024640657084188944,0.026694045174537995,0.028747433264886935,,,,,,,,,,False,True,-0.029506180055563297,-0.000845126609538234,-0.08624229979466114,0.17248459958932238,0.028747433264886935,-0.10474332648870643,0.17248459958932238,0.028747433264886935,-0.30595482546201236,0.37782340862423003,0.028747433264886935,Q3
3-day,POET,2022-09-23,bearish_crossover,10,0.15428077950975316,0.05808955753256048,4.0771033940529415,0.2095744007008412,0.29271349056604834,True,MACD leads signal,-0.040000000000000036,0.043333333333333335,0.07000000000000006,,,,,,,,,,False,True,-0.10567898538617648,-0.020784772466301782,-0.04999999999999993,0.18000000000000005,0.07000000000000006,-0.023333333333333317,0.18000000000000005,0.07000000000000006,-0.16666666666666663,0.22000000000000008,0.07329999999999992,Q4 steep
3-day,POET,2023-01-06,bearish_crossover,25,0.027080432660715734,0.014557031852783555,1.4506699048152585,0.251646069156602,0.2540616268071306,True,MACD and signal aligned,0.4585987261146496,-0.01875796178343947,0.5268152866242037,,,,,,,,,,True,False,-0.0033709522653238566,-0.0006038894126321193,0.7898089171974523,-0.01875796178343947,0.9840764331210192,0.6433121019108281,-0.01875796178343947,0.9840764331210192,0.42038216560509545,-0.01875796178343947,0.9840764331210192,Q2
3-day,POET,2023-02-10,bearish_crossover,10,0.06643372643876012,0.03281461902826416,3.3474511972165444,0.47876807148152895,0.5299995922087469,True,MACD leads signal,-0.027624309392265234,0.045303867403314935,0.06961325966850818,,,,,,,,,,False,True,-0.0733810146450466,-0.012807880181804454,-0.06298342541436464,0.1270718232044199,0.06961325966850818,-0.08950276243093924,0.1270718232044199,0.06961325966850818,-0.158011049723757,0.22651933701657467,0.12486187845303864,Q4 steep
3-day,POET,2023-07-03,bearish_crossover,22,0.026629520722953774,0.014263250697338128,1.9462659579706718,0.10180538114270545,0.11050965212226918,True,MACD and signal aligned,-0.009049773755656076,0.03167420814479627,0.040723981900452344,,,,,,,,,,False,True,-0.021300571439026625,-0.0021760677448909166,-0.013574660633484115,0.03619909502262442,0.040723981900452344,-0.06334841628959287,0.06334841628959287,0.040723981900452344,-0.08144796380090502,0.12441176470588233,0.040723981900452344,Q3
3-day,POET,2023-11-17,bearish_crossover,13,0.10521426357633734,0.0438651993863558,5.897256718329338,-0.12430177126116557,-0.12251698225501163,False,MACD leads signal,-0.19999999999999996,0.25359999999999994,0.0,,,,,,,,,,True,True,-0.031010426922079504,-0.00044619725153849377,0.04800000000000004,0.25359999999999994,0.11999999999999988,-0.08800000000000008,0.42400000000000004,0.11999999999999988,-0.3832,0.42400000000000004,0.11999999999999988,Q4 steep
3-day,POET,2023-12-18,bearish_crossover,8,0.08770426929630981,0.03699466450893429,4.147956606903724,0.10527928635297337,0.14440641317963507,True,MACD leads signal,0.11543450064850846,-0.0012970168612191912,0.13424124513618674,,,,,,,,,,False,True,-0.10683050967067032,-0.00978178170666541,0.1415045395590142,-0.0012970168612191912,0.2579753566796368,0.20765239948119318,-0.0012970168612191912,0.33592736705577164,0.20609597924773015,-0.0012970168612191912,0.6731517509727627,Q4 steep
3-day,POET,2024-03-11,bearish_crossover,19,0.043200910532946855,0.021382621007093178,1.2257837867863597,0.3189838074358714,0.3246495791827853,True,MACD leads signal,-0.03007518796992481,0.03007518796992481,0.015037593984962516,,,,,,,,,,False,True,-0.016139874917622032,-0.0014164429367284903,-0.16541353383458646,0.1729323308270676,0.015037593984962516,-0.015037593984962405,0.1729323308270676,0.15037593984962405,-0.1578947368421052,0.1729323308270676,0.15037593984962405,Q1 weak
3-day,POET,2024-04-22,bearish_crossover,5,0.028414427401894805,0.009518454990676032,1.0827466951618887,0.2687334093138415,0.2688770057444362,True,MACD leads signal,0.5840000000000001,-0.02400000000000002,0.9359999999999999,,,,,,,,,,True,False,-0.012836548062129971,-3.5899107648618145e-05,1.1520000000000001,-0.02400000000000002,1.7280000000000002,0.6719999999999999,-0.02400000000000002,1.7280000000000002,0.704,-0.02400000000000002,1.7280000000000002,Q1 weak
3-day,POET,2024-05-16,bearish_crossover,7,0.03778780835045717,0.014333513975604978,1.6123033249707153,0.3609048346538048,0.36425339761652586,True,MACD leads signal,-0.026431718061673992,0.03964757709251099,0.022026431718061623,,,,,,,,,,False,True,-0.027764045559610373,-0.0008371407406802533,-0.2290748898678414,0.25110132158590315,0.13656387665198233,-0.21585903083700442,0.2951541850220264,0.13656387665198233,-0.2555066079295154,0.2951541850220264,0.13656387665198233,Q2
3-day,POET,2024-08-02,bearish_crossover,10,0.07882876407264372,0.030983427148234564,3.4759311003950755,0.14576368003531304,0.1621149457792018,True,MACD leads signal,-0.06474820143884885,0.17266187050359716,0.07553956834532394,,,,,,,,,,False,True,-0.051586363834973975,-0.004087816435972169,-0.10071942446043158,0.1834532374100719,0.07553956834532394,0.0,0.1834532374100719,0.07553956834532394,0.13309352517985618,0.1834532374100719,0.26618705035971235,Q4 steep
3-day,POET,2024-09-19,bearish_crossover,7,0.04413652993584036,0.013581905159573244,1.273842960382576,0.048974839331133585,0.05485806947846043,True,MACD leads signal,0.0,0.04458598726114649,0.031847133757961776,,,,,,,,,,False,True,-0.014825531558518998,-0.0014708075368317086,0.3980891719745221,0.04458598726114649,0.7834394904458597,0.42038216560509545,0.04458598726114649,0.7834394904458597,0.286624203821656,0.04458598726114649,0.7834394904458597,Q1 weak
3-day,POET,2024-10-16,bearish_crossover,6,0.037099326987337186,0.013199085657152249,1.0704365632500294,0.11219452322488802,0.12378825177244539,True,MACD leads signal,-0.031175059952038398,0.07913669064748208,0.06714628297362113,,,,,,,,,,False,True,-0.04385821206364329,-0.0028984321368893257,-0.07913669064748208,0.10791366906474809,0.06714628297362113,-0.09832134292565953,0.1223021582733812,0.06714628297362113,-0.12709832134292565,0.17026378896882488,0.06714628297362113,Q1 weak
3-day,POET,2024-12-18,bearish_crossover,9,0.048252402155042555,0.02404868159335801,1.3155624152083103,0.07635568185779662,0.10210976248736044,True,MACD leads signal,-0.01449275362318847,0.07349896480331275,0.09523809523809512,,,,,,,,,,False,True,-0.07714529986906396,-0.006438520157390937,0.44099378881987583,0.07349896480331275,0.6128364389233953,0.27743271221532084,0.07349896480331275,0.6128364389233953,0.024844720496894457,0.07867494824016563,0.6128364389233953,Q2
3-day,POET,2025-02-25,bearish_crossover,2,0.014299864922583727,0.003600725644092903,0.5553126052733237,-0.2408726983701117,-0.24024749421066605,False,MACD leads signal,-0.008816120906801062,0.06541561712846344,0.09065491183879093,,,,,,,,,,False,True,-0.01650945707123333,-0.0001563010398614173,-0.1410579345088161,0.2190931989924434,0.09065491183879093,-0.07052896725440816,0.2190931989924434,0.09065491183879093,0.0176322418136019,0.2190931989924434,0.17128463476070532,Q1 weak
3-day,POET,2025-06-04,bearish_crossover,21,0.054642419174003275,0.03367666239709641,1.7373992039739063,0.2074979082836806,0.20795202075688204,True,MACD and signal aligned,-0.0647321428571429,0.09598214285714302,0.0022321428571427937,,,,,,,,,,False,True,-0.02346933361301709,-0.00011352811830034337,-0.06919642857142871,0.1015625,0.0022321428571427937,-0.08705357142857151,0.10267857142857162,0.0022321428571427937,0.2879464285714284,0.1339285714285715,0.3482142857142856,Q3
3-day,POET,2025-07-25,bearish_crossover,9,0.06858141235823406,0.03522922027923724,1.8905138428449804,0.46057915088294243,0.46106072199555775,True,MACD and signal aligned,-0.057784911717496,0.06260032102728741,0.0321027287319422,,,,,,,,,,False,True,-0.06922195264955744,-0.00012039277815384386,-0.1332263242375602,0.1637239165329054,0.0321027287319422,-0.1187800963081862,0.1637239165329054,0.0321027287319422,-0.1428571428571429,0.24879614767255231,0.0321027287319422,Q3
3-day,POET,2025-10-31,bearish_crossover,18,0.034295731038887715,0.017613527060276038,1.2409554765449347,0.11181553231009383,0.14283332344667773,True,MACD and signal aligned,-0.07608695652173914,0.09937888198757772,0.13354037267080732,,,,,,,,,,False,True,-0.055062792854594866,-0.007754447784145968,-0.18012422360248448,0.22826086956521752,0.13354037267080732,-0.31677018633540366,0.35086956521739143,0.13354037267080732,-0.2841614906832298,0.3990683229813665,0.13354037267080732,Q1 weak
3-day,POET,2026-01-30,bearish_crossover,17,0.08164805207240161,0.04141397486878749,2.6061041224765367,0.19537013454652977,0.21307675534009132,True,MACD and signal aligned,0.006896551724137945,0.03600000000000003,0.037931034482758585,,,,,,,,,,False,True,-0.04515828594126334,-0.004426655198390389,0.012068965517241459,0.1155172413793103,0.07412068965517249,-0.037931034482758585,0.1155172413793103,0.07413793103448296,0.034482758620689724,0.1155172413793103,0.12413793103448278,Q4 steep
3-day,POET,2026-04-02,bearish_crossover,9,0.057842633981810075,0.025217081523038372,1.124776356064264,0.03404450021878727,0.05300394573713181,True,MACD leads signal,-0.004909983633387904,0.0155482815057284,0.04746317512274967,,,,,,,,,,False,True,-0.0408032155984656,-0.004739861379586131,0.1522094926350246,0.07201309328968908,0.16857610474631746,0.18821603927986907,0.07201309328968908,0.2684124386252045,0.1963993453355155,0.07201309328968908,1.536824877250409,Q1 weak
3-day,POET,2026-05-06,bearish_crossover,6,0.04995219840140463,0.016770710316412352,1.1969472568328918,0.029762675332563965,0.08471691591373211,True,MACD leads signal,0.1265432098765431,0.07098765432098775,0.21707818930041145,,,,,,,,,,False,True,-0.07395751620384097,-0.013738560145292025,0.6430041152263375,0.07098765432098775,1.1409465020576128,0.5246913580246912,0.07098765432098775,1.1409465020576128,0.22016460905349788,0.07098765432098775,1.1409465020576128,Q1 weak
3-day,POET,2026-06-08,bearish_crossover,6,0.053938133052301274,0.018592631062548114,1.5247424489060017,0.11483835509474982,0.12265876829720357,True,MACD leads signal,-0.08387622149837126,0.17671009771986967,0.01547231270358318,,,,,,,,,,False,True,-0.04173201889940098,-0.0019551033006134366,0.13436482084690549,0.17671009771986967,0.228013029315961,,,,,,,Q2
3-day,QCOM,2021-11-01,early_rising_blue,3,0.1204782213461606,0.04786669597589022,3.0888380230642047,-0.3226035581762695,-0.5487602827861889,False,MACD leads signal,0.15800014835694687,0.005118314665084167,0.18374007862918185,,,,,,,,,,True,False,,,0.1853720050441363,0.005118314665084167,0.2574734811957571,0.34863882501298127,0.005118314665084167,0.36288109190712836,0.30279652844744454,0.005118314665084167,0.40026704250426537,Q4 steep
3-day,QCOM,2022-03-01,early_rising_blue,3,0.01841657869698951,0.007533404368643401,0.36483670808038676,-0.19613365757605378,-0.23035054720976855,False,MACD leads signal,-0.008736025413892179,0.023214612987965122,0.043588490439244953,,,,,,,,,,True,False,,,-0.05485979595576995,0.09658500824729677,0.043588490439244953,-0.08088459893701516,0.1505284379009102,0.043588490439244953,-0.06640601136294222,0.1505284379009102,0.043588490439244953,Q1 weak
3-day,QCOM,2022-05-12,early_rising_blue,3,0.09079741406485997,0.037255064267622984,2.573769925195694,-0.3981829368802271,-0.5656791927390494,False,MACD leads signal,0.023981179327616342,-0.005539955983911327,0.032025498975487565,,,,,,,,,,True,False,,,-0.0012901267359795021,0.04485087652728248,0.06245731198300053,0.060635956591029716,0.04485087652728248,0.06348182439098404,-0.011459361007816748,0.04485087652728248,0.10988844198224168,Q3
3-day,QCOM,2022-07-20,early_rising_blue,3,0.07909638793628485,0.024375087169968286,1.9793832508567824,0.20620784249359758,0.08181390404248315,True,MACD leads signal,0.013117131369059232,0.007118845165117738,0.032628040340122455,,,,,,,,,,True,False,,,-0.04383362995188189,0.07277041724342503,0.032628040340122455,-0.004614066310724474,0.07277041724342503,0.032628040340122455,-0.027091160767253375,0.07277041724342503,0.032628040340122455,Q3
3-day,QCOM,2022-10-28,early_rising_blue,3,0.05931514087815265,0.019151979035783473,1.1335430568510845,-0.28072962495685383,-0.37904003997405633,False,MACD leads signal,-0.05628722422615551,0.058384363727875144,0.011911752369767603,,,,,,,,,,True,False,,,-0.05595168190588029,0.14495428235886243,0.011911752369767603,0.013337807230937138,0.14495428235886243,0.0335542320275144,-0.006962503145709231,0.14495428235886243,0.0747839946313229,Q2
3-day,QCOM,2023-01-31,early_rising_blue,3,0.11556974928997653,0.043676996377554365,2.125343444722911,0.24928215163664752,0.03900888518186835,True,MACD leads signal,0.01358756850086329,0.03483221980331819,0.050521732602657465,,,,,,,,,,True,False,,,-0.02011860971398549,0.03483221980331819,0.050521732602657465,-0.0010509721492381052,0.04196306583589826,0.050521732602657465,-0.07079048119510556,0.09274829217025748,0.050521732602657465,Q3
3-day,QCOM,2023-04-10,early_rising_blue,3,0.03269215660479123,0.013547721971511481,0.6503497169398081,0.0006461809033521393,-0.05997633793878265,False,MACD leads signal,-0.025424410652506335,0.04163649529326585,0.007723871590634701,,,,,,,,,,True,False,,,-0.046262772548073094,0.06307828465685095,0.007723871590634701,-0.08238796363343803,0.08536487247566171,0.007723871590634701,-0.14345482339689442,0.16727009413468508,0.007723871590634701,Q1 weak
3-day,QCOM,2023-06-09,early_rising_blue,3,0.13836520305205993,0.0504734647912633,2.7022439148727,-0.06494179018584828,-0.30874894880036885,False,MACD leads signal,0.025438670136848307,-0.005541096465452089,0.026865922256737562,,,,,,,,,,True,False,,,0.029972294517672804,-0.005541096465452089,0.052808328435899554,-0.047687012005708906,0.05104525228780121,0.052808328435899554,-0.02661405423558061,0.05104525228780121,0.052808328435899554,Q4 steep
3-day,QCOM,2023-07-28,early_rising_blue,3,0.05166671588681354,0.01841299495804903,1.1065719003292758,0.3317475247944268,0.24034152072119705,True,MACD leads signal,-0.0016218721037996042,0.005020080321284981,0.02695396972505404,,,,,,,,,,True,False,,,-0.09128822984244667,0.11268149521161563,0.02695396972505404,-0.11940067964164347,0.12874575223972806,0.02695396972505404,-0.12125424776027183,0.16774791473586648,0.02695396972505404,Q1 weak
3-day,QCOM,2023-09-28,early_rising_blue,3,0.024657011503677495,0.010392209086667215,0.6271929193489812,-0.157317340874047,-0.20527578411557246,False,MACD leads signal,-0.00036003600360023924,0.0041404140414040835,0.0101710171017102,,,,,,,,,,True,False,,,-0.001980198019801982,0.0274851485148514,0.01044104410441049,-0.02196219621962192,0.0274851485148514,0.017011701170116966,-0.04176417641764174,0.06090909090909091,0.02970297029702973,Q1 weak
3-day,QCOM,2023-11-10,early_rising_blue,3,0.08937467783523026,0.031151437836191655,2.3909312075930247,0.1505070440686946,-0.0031250875871745402,False,MACD leads signal,0.037919652201916065,0.012720392883020626,0.044440866274856994,,,,,,,,,,True,False,,,0.022622977216005147,0.012720392883020626,0.0495934304806378,0.03212301747041302,0.012720392883020626,0.0495934304806378,0.10039449319700511,0.012720392883020626,0.10482247806134759,Q3
3-day,QCOM,2024-02-23,early_rising_blue,3,0.09019900510086631,0.026973943695063528,3.057642186921654,0.03540605539393245,-0.10534485945161333,False,MACD leads signal,0.006068039506810452,-0.00032276805887287985,0.02769349945129429,,,,,,,,,,True,False,,,0.04221806210057455,-0.00032276805887287985,0.08340326641275597,0.10464140468659222,-0.00032276805887287985,0.1464075915047447,0.07849719191788784,-0.00032276805887287985,0.1464075915047447,Q4 steep
3-day,QCOM,2024-05-17,early_rising_blue,3,0.14707670322255076,0.055154925837711616,2.4646194472165854,0.11530588858900326,-0.14863083942813365,False,MACD leads signal,0.04678634065820697,0.002991849788507195,0.05663881151346328,,,,,,,,,,True,False,,,0.09914371195708238,0.002991849788507195,0.12158258537088606,0.06215825853708856,0.002991849788507195,0.12158258537088606,0.1714123594346435,0.002991849788507195,0.18967295986794586,Q3
3-day,QCOM,2024-08-30,early_rising_blue,3,0.058116384343488314,0.01748113000143814,1.3638287878748336,-0.5173193773233669,-0.6076305442338248,False,MACD leads signal,-0.05687393040501998,0.0758699372504279,-0.017940673131774165,,,,,,,,,,True,False,,,-0.07769537934968629,0.10365088419851687,-0.017940673131774165,-0.04957216200798631,0.10365088419851687,-0.017940673131774165,-0.0543069024529379,0.10365088419851687,0.00855675984027382,Q2
3-day,QCOM,2024-12-18,early_rising_blue,3,0.023553028781476068,0.009750553605741452,0.7854206124992179,-0.09240993911591003,-0.1328819604892359,False,MACD leads signal,-0.0010454099967333041,0.023652401176086246,0.015811826200587964,,,,,,,,,,True,False,,,0.0273766742894479,0.023652401176086246,0.04253446586082976,0.003854949362953164,0.023652401176086246,0.04253446586082976,0.07520418163998688,0.023652401176086246,0.08356746161385153,Q1 weak
3-day,QCOM,2025-04-25,early_rising_blue,3,0.09983624743897304,0.03379581789595204,2.740300034661501,-0.16372921094118104,-0.3326857685740381,False,MACD leads signal,-0.011308562197092087,0.021002961766289796,0.00498115239633834,,,,,,,,,,True,False,,,-0.06138933764135701,0.09215131933225629,0.00498115239633834,-0.022751750134625714,0.09215131933225629,0.00498115239633834,-0.0014808831448572812,0.09215131933225629,0.05095584275713505,Q4 steep
3-day,QCOM,2025-07-10,early_rising_blue,3,0.00508862341225276,0.0019609350262392022,0.21122993207478863,0.2118718293238356,0.20328322309757327,True,MACD leads signal,-0.010245772832987554,0.012194355396316525,0.0005028600163428099,,,,,,,,,,True,True,,,-0.0269658683763907,0.04745678546734555,0.0005028600163428099,-0.0043371676409579285,0.04745678546734555,0.00597146269407256,-0.07247469985542776,0.0941605380602174,0.028348733421333705,Q1 weak
3-day,QCOM,2025-08-29,early_rising_blue,3,0.03127854428388058,0.009434088179996511,2.0917118643316144,0.19835475754799664,0.14894633076933095,True,MACD leads signal,-0.01213214707895216,0.038138493125116635,-0.011136688857089516,,,,,,,,,,True,False,,,-0.0030485908044545207,0.03894730293038007,0.017171654327132524,0.006843775275306552,0.03894730293038007,0.017171654327132524,0.028432775461954884,0.03894730293038007,0.08529832638586465,Q3
3-day,QCOM,2025-12-16,early_rising_blue,3,0.08291259555591532,0.030102459794356273,2.776874180013365,0.048048737961541174,-0.0946193336870978,False,MACD leads signal,-0.0049398137633431816,0.02310924369747891,0.007722007722007707,,,,,,,,,,True,False,,,-0.007665228253463496,0.02310924369747891,0.012486940722234774,-0.02878719055189638,0.02901430842607322,0.012486940722234774,-0.08363615716556905,0.08568021803315917,0.04729729729729715,Q4 steep
3-day,QCOM,2026-02-27,early_rising_blue,3,0.08568724884753928,0.02930015129109781,1.867842260513197,-0.3972958314651031,-0.5402437226134433,False,MACD leads signal,-0.020019668446192962,0.04256813711716778,-0.0024936779994382263,,,,,,,,,,True,False,,,-0.05029502669289143,0.0716493397021637,-0.0024936779994382263,-0.09110705254284934,0.094268052823827,-0.0024936779994382263,-0.09539196403484129,0.11646529924135995,-0.0024936779994382263,Q3
3-day,QCOM,2021-08-12,bearish_crossover,23,0.030507267144641075,0.0178798076678694,3.017633758479483,0.3747152704615295,0.38522968505131067,True,MACD and signal aligned,0.010125722052327424,0.0014950730547060864,0.014678899082568808,,,,,,,,,,False,True,-0.03570061435750238,-0.002628603647445271,-0.03438668025823988,0.055657492354740046,0.014678899082568808,-0.015630309208290893,0.055657492354740046,0.014678899082568808,-0.030377166156982716,0.055657492354740046,0.014678899082568808,Q4 steep
3-day,QCOM,2021-12-16,bearish_crossover,17,0.15709299465811466,0.08705870101612476,3.9487240849692644,0.5872727233113558,0.6095261752933888,True,MACD and signal aligned,-0.007577883805781616,0.017569463934886342,0.011055290485545877,,,,,,,,,,False,True,-0.03932363026954255,-0.005563362995508192,0.025764804939657715,0.026326129666011777,0.03120965478529336,0.026494527083918085,0.026326129666011777,0.0518664047151276,0.059163626157732185,0.026326129666011777,0.08661240527645253,Q4 steep
3-day,QCOM,2022-03-11,bearish_crossover,6,0.016850449998133454,0.006860618953102672,0.3973015367848648,-0.21389239976781146,-0.21132741710196665,False,MACD leads signal,-0.012406459235919765,0.08723907050019686,-0.005120126033871575,,,,,,,,,,False,True,-0.016890521783683138,-0.0006412456664612043,0.034593672049363366,0.08723907050019686,0.04988840750951806,0.040107653931994225,0.08723907050019686,0.04988840750951806,-0.10666929237232503,0.12242352632269926,0.058815806748063526,Q1 weak
3-day,QCOM,2022-06-29,bearish_crossover,16,0.09970986752971844,0.048873861444502203,2.225317784581481,0.06472872609814215,0.0933630621502793,True,MACD leads signal,-0.05144743914612604,0.06242801197880665,-0.0010750211164861634,,,,,,,,,,False,True,-0.05915622341426374,-0.007158584013034278,0.04438301466635952,0.07578898871227824,0.04730092912539341,0.089610688781387,0.07578898871227824,0.09306611379866392,0.11387545112493291,0.07578898871227824,0.20294862934807645,Q3
3-day,QCOM,2022-08-26,bearish_crossover,15,0.0739640619543855,0.02846919914901249,1.4308860646105799,0.37324823769008564,0.410691521155269,True,MACD leads signal,-0.044153779447897,0.051163462928168646,0.005419858361034757,,,,,,,,,,False,True,-0.04850168500045354,-0.009360820866295805,-0.08462205521029043,0.08886182974418266,0.005419858361034757,-0.03887845064315654,0.09018644312761948,0.005419858361034757,-0.13036565977742443,0.14185575950281826,0.005419858361034757,Q2
3-day,QCOM,2022-12-20,bearish_crossover,19,0.062352938828171826,0.03778691663934461,1.4138716112666734,0.19209511260267292,0.23493148390610305,True,MACD and signal aligned,-0.01123996431757357,0.042149866190900886,0.025543264942015975,,,,,,,,,,False,True,-0.054276439738552146,-0.010709092825857525,-0.01926851025869758,0.04710080285459417,0.025543264942015975,0.02890276538804648,0.04710080285459417,0.03461195361284575,0.17011596788581618,0.04710080285459417,0.1861730597680642,Q2
3-day,QCOM,2023-02-24,bearish_crossover,10,0.10902619800401832,0.04913010575575033,2.167522236933451,0.4210271139454876,0.42421415331234485,True,MACD leads signal,-0.0073990670741515,0.010455203474344477,0.018175969116937418,,,,,,,,,,False,True,-0.07676020006838213,-0.0007967598417142341,-0.0059514235161653994,0.028027987775454344,0.018175969116937418,-0.07358854753096356,0.07889657391024607,0.018175969116937418,0.003377834968634419,0.09007559916358376,0.02139295480135117,Q3
3-day,QCOM,2023-04-21,bearish_crossover,6,0.03744531099457838,0.010892952112305588,0.708212557774931,-0.03818380358434602,-0.03106588346450579,False,MACD leads signal,-0.031504755434782705,0.03464673913043481,0.0005944293478259421,,,,,,,,,,False,True,-0.029321133882276085,-0.0017794800299600587,-0.016304347826086918,0.04763926630434778,0.0005944293478259421,-0.07625679347826086,0.12109375,0.0005944293478259421,-0.1059782608695653,0.1286514945652174,0.0005944293478259421,Q1 weak
3-day,QCOM,2023-07-07,bearish_crossover,12,0.1313380978299861,0.06372577712540164,2.8495945894330146,0.216271176070616,0.22668351524444635,True,MACD leads signal,0.023632913575987624,0.009056408487148504,0.028376746593065327,,,,,,,,,,False,True,-0.04354992283912476,-0.002603084793457583,0.05968604450577897,0.009056408487148504,0.07348628601000518,0.07038123167155419,0.009056408487148504,0.09625668449197855,0.01483525961704335,0.009056408487148504,0.14688632051060901,Q4 steep
3-day,QCOM,2023-08-11,bearish_crossover,6,0.05155799971134692,0.018701894264544848,1.36395806941593,0.3163918094082802,0.31945951471403183,True,MACD leads signal,-0.0051478928540267255,0.01570543582584416,-0.0007852717912922857,,,,,,,,,,False,True,-0.07597547240179497,-0.0007669263264379333,-0.03935084198586514,0.05331122938661548,-0.0007852717912922857,-0.03743128871826196,0.05976790855946246,-0.0007852717912922857,-0.017188726987173886,0.07939970334176771,0.021376843207399077,Q2
3-day,QCOM,2023-10-27,bearish_crossover,12,0.025213805025995777,0.013420461871423916,0.6651393274768274,-0.07117156826256192,-0.06399840125049411,False,MACD and signal aligned,0.023764794288934743,0.002630095810633004,0.02695848205898943,,,,,,,,,,False,True,-0.037444333375716315,-0.0017932917530169568,0.12652639489009965,0.002630095810633004,0.13244411046402416,0.16672928799549136,0.002630095810633004,0.17236520758970508,0.20420815329701303,0.002630095810633004,0.22459139582941967,Q1 weak
3-day,QCOM,2024-01-02,bearish_crossover,19,0.0841438309692312,0.04742984350937382,2.782030158183815,0.7266812993417068,0.7724810706817742,True,MACD and signal aligned,-0.024958995935249195,0.03771732154317897,-0.009555729872352536,,,,,,,,,,False,True,-0.10316174525318955,-0.01144994283501688,-0.008557370034942502,0.03771732154317897,0.0051173072808956555,-0.006489338943164724,0.03771732154317897,0.017328674320758797,0.006275404692291486,0.03771732154317897,0.12657776510019247,Q4 steep
3-day,QCOM,2024-03-22,bearish_crossover,11,0.08970437986963575,0.03962403767179091,2.139121217459965,0.2515296869775164,0.2869204206721984,True,MACD leads signal,-0.01781305114638454,0.018400940623162776,-0.003997648442092938,,,,,,,,,,False,True,-0.08011221807336916,-0.008847683423670483,0.00952380952380949,0.018400940623162776,0.01587301587301604,0.008406819517930764,0.018400940623162776,0.03439153439153442,-0.058318636096413856,0.08089359200470303,0.034626690182245845,Q3
3-day,QCOM,2024-06-06,bearish_crossover,8,0.13286023185173526,0.06666933712148297,1.7352063421455077,0.17046180020728702,0.20755199964473633,True,MACD and signal aligned,-0.0134644766997708,0.021724598930481287,0.001718869365928244,,,,,,,,,,False,True,-0.15892057826943295,-0.009272549859362295,0.028122612681436232,0.02330022918258212,0.04258976317799856,0.014753628724216927,0.02330022918258212,0.10117456073338427,-0.01761841100076389,0.07448433919022157,0.10117456073338427,Q3
3-day,QCOM,2024-11-01,bearish_crossover,23,0.05431518544149876,0.03330678772164446,1.5446073472081059,0.014992190491934003,0.03994045037110554,True,MACD and signal aligned,0.046711441882979265,0.00989290252314401,0.07974829067586353,,,,,,,,,,False,True,-0.033040104340411984,-0.006237064969792885,-0.011254311127246397,0.02063229866279437,0.1018333635868578,-0.004659042778483724,0.03430749682337997,0.1018333635868578,-0.016276396200157306,0.07454165910328558,0.1018333635868578,Q2
3-day,QCOM,2025-02-25,bearish_crossover,24,0.0525530819493678,0.03202969043192967,1.725614567733044,0.6437262747553643,0.645741360498338,True,MACD and signal aligned,-0.02512095273539272,0.04850514824463459,0.018111896786999093,,,,,,,,,,False,True,-0.08555836308370002,-0.0005037714357433165,-0.032130008683786127,0.061220692221808704,0.018111896786999093,-0.05222677087210015,0.06426001736757214,0.018111896786999093,-0.020158789232105234,0.0669892072943804,0.018111896786999093,Q3
3-day,QCOM,2025-06-10,bearish_crossover,16,0.09700643513409302,0.04539094249347914,2.6026207556189616,0.20465810214765962,0.20914519043463853,True,MACD leads signal,-0.02771319047319798,0.029472758122289888,0.018915352227738325,,,,,,,,,,False,True,-0.00931029652293805,-0.0011217720717447421,-0.03456293596430593,0.03757933764846344,0.018915352227738325,-0.020109344561050624,0.05936655564632687,0.018915352227738325,-0.0002513668070130981,0.05936655564632687,0.030335574687362588,Q4 steep
3-day,QCOM,2025-07-16,bearish_crossover,4,0.006159371180601503,0.0015017258053457345,0.27786005192359303,0.1993260955307797,0.20360476645979594,True,MACD leads signal,0.004738106055689029,0.014733562666320421,0.008827156487311028,,,,,,,,,,False,True,-0.010913183039177071,-0.0010696677322540316,0.028104108522100324,0.014733562666320421,0.03874862075679886,-0.04744596611929641,0.05512039981826444,0.06185500097358343,0.024534302589731993,0.06464594015707137,0.06185500097358343,Q1 weak
3-day,QCOM,2025-10-08,bearish_crossover,15,0.037372920499081856,0.022179011537668377,1.8369855488433176,0.38283577649851913,0.42684538507989384,True,MACD and signal aligned,-0.08452047445908095,0.08595100435119518,-0.0009536865947428197,,,,,,,,,,False,True,-0.05989247080337817,-0.011002402145343648,-0.0257495380580558,0.08595100435119518,-0.0009536865947428197,0.013470823150742106,0.08595100435119518,0.020742683435655884,0.01859688859748454,0.08595100435119518,0.22757346367050113,Q3
3-day,QCOM,2025-11-19,bearish_crossover,5,0.054218393718331495,0.005879339512472617,2.171844722542467,-0.08227641582789942,-0.07032474620381891,False,MACD leads signal,-0.016916501113719784,0.04370597796640796,0.01667569682740333,,,,,,,,,,False,True,-0.02449510370181647,-0.002987917406020127,0.011919812172656696,0.04370597796640796,0.01667569682740333,0.04960568298115686,0.04370597796640796,0.05406056227800837,0.055023779423273744,0.04370597796640796,0.10432845704653526,Q3
3-day,QCOM,2026-01-06,bearish_crossover,9,0.07434359642619809,0.02760082673786784,2.2717801656121326,0.053848419383087154,0.06484100056710033,True,MACD leads signal,-0.025596053713346056,0.041929295697451185,0.010194573855851097,,,,,,,,,,False,True,-0.02725063929361851,-0.002748145296003285,-0.11542888462592493,0.1174020279528637,0.010194573855851097,-0.14294327212935043,0.16004384762948742,0.010194573855851097,-0.2529460126061933,0.2725130172650041,0.010194573855851097,Q3
3-day,QCOM,2026-06-08,bearish_crossover,35,0.08452148793631373,0.04570295516809736,1.5663246364751027,0.7827326820134488,0.8484344630009116,True,MACD and signal aligned,-0.06800753088120493,0.12706066032970575,0.008587041373926407,,,,,,,,,,False,True,-0.10125160171137348,-0.016425445246865622,0.013959682233549042,0.12706066032970575,0.039904486384717774,,,,,,,Q2
3-day,QUBT,2021-11-05,early_rising_blue,3,0.10899349063278148,0.03065424289556795,2.4984238877574136,0.029878804150324706,-0.12881101691847707,False,MACD leads signal,0.20642978003384083,0.0016920473773265332,0.505922165820643,,,,,,,,,,True,False,,,0.2554991539763114,0.0016920473773265332,0.505922165820643,-0.006768189509306244,0.04230118443316411,0.505922165820643,-0.16412859560067672,0.25380710659898476,0.505922165820643,Q3
3-day,QUBT,2022-02-08,early_rising_blue,3,0.17172133048476468,0.050275744366855946,3.4404044689478424,-0.07207404456283029,-0.3303210351557712,False,MACD leads signal,0.041015625,0.015625,0.201171875,,,,,,,,,,True,False,,,0.05859375,0.015625,0.201171875,-0.07421875,0.08203125,0.201171875,-0.09765625,0.171875,0.201171875,Q4 steep
3-day,QUBT,2022-04-08,early_rising_blue,3,0.028637913825132293,0.01496090956608027,0.4436186994256844,0.07133303712639187,0.01135984023021552,True,MACD and signal aligned,-0.04385964912280682,0.07894736842105254,0.03508771929824572,,,,,,,,,,True,True,,,-0.10526315789473673,0.12280701754385959,0.03508771929824572,-0.219298245614035,0.2543859649122806,0.06140350877192979,-0.26754385964912275,0.3771929824561403,0.06140350877192979,Q1 weak
3-day,QUBT,2022-05-13,early_rising_blue,3,0.13106395993678072,0.04089598960395173,2.115118091182402,0.01672867901712291,-0.18412969573007817,False,MACD leads signal,-0.0864197530864198,0.11728395061728403,0.043209876543209846,,,,,,,,,,True,False,,,0.21604938271604923,0.11728395061728403,0.38888888888888884,0.4444444444444442,0.11728395061728403,0.5123456790123457,0.3765432098765431,0.11728395061728403,1.7160493827160495,Q3
3-day,QUBT,2022-08-16,early_rising_blue,3,0.06015524337825498,0.017286649125052622,1.123266796614367,0.4633503043336525,0.3732914775305275,True,MACD leads signal,-0.21497584541062797,0.25845410628019316,0.012077294685990614,,,,,,,,,,True,True,,,-0.18357487922705307,0.2753623188405796,0.012077294685990614,-0.2850241545893719,0.32504830917874394,0.012077294685990614,-0.31159420289855067,0.359903381642512,0.012077294685990614,Q1 weak
3-day,QUBT,2022-12-05,early_rising_blue,3,0.03713866126842058,0.014180009715449055,1.679421491985014,-0.29313963728286724,-0.3596087200272155,False,MACD leads signal,-0.03809523809523818,0.07142857142857151,0.037904761904761886,,,,,,,,,,True,False,,,-0.20952380952380956,0.21904761904761916,0.037904761904761886,-0.2142857142857144,0.23333333333333328,0.037904761904761886,-0.2238095238095239,0.31904761904761914,0.037904761904761886,Q2
3-day,QUBT,2023-01-19,early_rising_blue,3,0.11969237193898785,0.03881035372043695,5.38067119908834,-0.11370105990080537,-0.30837166266273464,False,MACD leads signal,0.023391812865497075,0.04678362573099415,0.040935672514619936,,,,,,,,,,True,False,,,0.05263157894736836,0.04678362573099415,0.1520467836257311,0.4385964912280702,0.04678362573099415,0.6081871345029239,-0.08771929824561397,0.11111111111111105,1.0409356725146202,Q4 steep
3-day,QUBT,2023-04-06,early_rising_blue,3,0.09849486639429438,0.028104822253694442,2.697994974466008,0.0011467404288695304,-0.14657064745165946,False,MACD leads signal,-0.035211267605633645,0.05626760563380273,0.0035211267605634866,,,,,,,,,,True,False,,,-0.10563380281690138,0.13380281690140838,0.0035211267605634866,-0.11267605633802813,0.13380281690140838,0.0035211267605634866,-0.2183098591549295,0.26049295774647885,0.0035211267605634866,Q4 steep
3-day,QUBT,2023-05-22,early_rising_blue,3,0.12020477347710447,0.039079071913147495,1.8955918009372994,0.15334638821655547,-0.03597347706287682,False,MACD leads signal,-0.0852713178294574,0.1937984496124031,0.2790697674418603,,,,,,,,,,True,False,,,-0.09302325581395354,0.1937984496124031,0.2790697674418603,0.13178294573643412,0.1937984496124031,0.2790697674418603,0.08914728682170536,0.1937984496124031,0.4031007751937985,Q3
3-day,QUBT,2023-09-13,early_rising_blue,3,0.037767929352844024,0.015100879326740112,1.3859927633659894,0.033702238663649235,-0.03693293551370115,False,MACD leads signal,-0.046875,0.07031250000000011,0.03125,,,,,,,,,,True,False,,,-0.140625,0.140625,0.03125,-0.1484375,0.171875,0.03125,-0.2656250000000001,0.328125,0.03125,Q2
3-day,QUBT,2023-11-10,early_rising_blue,3,0.1399786990537106,0.05840175139907189,4.985363918224269,-0.042759784049669125,-0.3083049980392736,False,MACD leads signal,0.10915492957746475,-0.01422535211267606,0.15323943661971828,,,,,,,,,,True,False,,,0.043802816901408415,-0.0022535211267606936,0.15323943661971828,0.2845070422535212,-0.0022535211267606936,0.352112676056338,0.14647887323943665,-0.0022535211267606936,0.3730985915492959,Q4 steep
3-day,QUBT,2024-03-01,early_rising_blue,3,0.04786300415932119,0.013128980555937728,1.7802400507190297,0.055935129892800875,-0.014833766022034798,False,MACD leads signal,-0.026865321445330825,0.07320506804317228,0.04059127170342558,,,,,,,,,,True,False,,,0.11450023463162817,0.07320506804317228,0.17315814171750343,0.30220553730642896,0.07320506804317228,0.4429845143125293,0.17315814171750343,0.07320506804317228,0.5485687470671046,Q3
3-day,QUBT,2024-05-22,early_rising_blue,3,0.05306394519951402,0.015832433282867625,1.3239626070449775,-0.2886712343976985,-0.36627081878228235,False,MACD leads signal,-0.0228013029315961,0.04994571118349622,0.005700325732898914,,,,,,,,,,True,False,,,-0.01791530944625408,0.04994571118349622,0.005700325732898914,-0.0703040173724212,0.07709011943539623,0.005700325732898914,-0.21959826275787198,0.226384364820847,0.005700325732898914,Q2
3-day,QUBT,2024-07-05,early_rising_blue,3,0.09292456021188011,0.037075624834554316,1.9287126057429071,-0.16842187767914946,-0.3505317221179914,False,MACD leads signal,-0.05410755526228961,0.08891454965357959,0.03926096997690531,,,,,,,,,,True,False,,,0.15291982843945884,0.10902342461233916,0.15308479049818535,0.1035961728802377,0.10902342461233916,0.35268888155724176,0.018640712636093903,0.12570108874958752,0.35268888155724176,Q3
3-day,QUBT,2024-09-20,early_rising_blue,3,0.02520831733175047,0.007115728677322727,0.6070333861104725,0.20548133762853688,0.1688264330143152,True,MACD leads signal,-0.05366623618883626,0.08150380255416845,0.03314679294016365,,,,,,,,,,True,False,,,-0.07590759075907583,0.08293872865547425,0.03314679294016365,0.03285980771990249,0.08293872865547425,0.06184531496627921,0.6214664944755344,0.08293872865547425,0.6932127995408237,Q1 weak
3-day,QUBT,2025-02-19,early_rising_blue,3,0.016894295454581015,0.004752782813371131,0.8007645028746407,-0.40987784133939464,-0.43458932953543256,False,MACD leads signal,-0.05904522613065322,0.061557788944723635,0.08668341708542715,,,,,,,,,,True,False,,,-0.23806532663316582,0.2638190954773869,0.08668341708542715,-0.38819095477386933,0.4082914572864321,0.08668341708542715,-0.07160804020100509,0.4506030150753769,0.16834170854271369,Q1 weak
3-day,QUBT,2025-05-20,early_rising_blue,3,0.04523257095340197,0.01373345989573034,2.277360883796726,0.015720318022572476,-0.05549716226424942,False,MACD leads signal,0.156385751520417,0.09904430929626418,0.2423979148566464,,,,,,,,,,True,False,,,-0.016072980017376226,0.09904430929626418,0.2754126846220677,0.19026933101650734,0.09904430929626418,0.2754126846220677,0.6403127715030408,0.09904430929626418,0.8883579496090357,Q3
3-day,QUBT,2025-09-19,early_rising_blue,3,0.05081754065331655,0.01599097748074406,2.022684339909909,-0.06981651776165412,-0.15570355805109962,False,MACD leads signal,-0.08014611087236778,0.20867640739149107,-0.04426299957026214,,,,,,,,,,True,False,,,-0.1899441340782122,0.20867640739149107,0.007464546626557711,0.05801461108723682,0.22647185217017618,0.11044262999570265,-0.25741297808336905,0.2617103566824237,0.11044262999570265,Q3
3-day,QUBT,2025-12-10,early_rising_blue,3,0.08989033047936712,0.02611770955424575,1.9377439355762418,-0.3801911849161026,-0.5148010232387609,False,MACD leads signal,-0.04060509554140124,0.04697452229299359,0.03662420382165599,,,,,,,,,,True,False,,,-0.1329617834394904,0.19347133757961776,0.03662420382165599,-0.09076433121019112,0.19347133757961776,0.03662420382165599,-0.06687898089171973,0.19347133757961776,0.03662420382165599,Q3
3-day,QUBT,2026-04-09,early_rising_blue,3,0.07941456233935801,0.030330669737075294,2.341180458240262,-0.10762736114106514,-0.2500279891888386,False,MACD leads signal,0.041297935103244754,-0.01327433628318575,0.07374631268436582,,,,,,,,,,True,False,,,0.41150442477876115,0.0,0.46091445427728606,0.31858407079646,0.0,0.5,0.415929203539823,0.0,0.5530973451327432,Q3
3-day,QUBT,2021-10-14,bearish_crossover,4,0.03477019055744214,0.009674212351934462,0.8794287380332321,-0.09708773673153076,-0.0928639226390895,False,MACD leads signal,-0.023809523809523725,0.04761904761904767,0.018707482993197244,,,,,,,,,,False,True,-0.025339421741734564,-0.0010559535231103173,-0.1020408163265305,0.13265306122448983,0.018707482993197244,0.06292517006802734,0.1445578231292517,0.17176870748299322,0.11564625850340127,0.1445578231292517,0.5136054421768708,Q1 weak
3-day,QUBT,2021-12-01,bearish_crossover,10,0.10596540604030284,0.043461828279959626,1.986411998128067,0.2042627004944133,0.2406200881356065,True,MACD leads signal,-0.08247422680412364,0.09072164948453598,0.08247422680412386,,,,,,,,,,False,True,-0.10548818977883823,-0.00908934691029828,-0.16907216494845345,0.18144329896907208,0.1195876288659794,-0.24329896907216486,0.33195876288659787,0.1195876288659794,-0.2969072164948453,0.33195876288659787,0.1195876288659794,Q3
3-day,QUBT,2022-01-14,bearish_crossover,3,0.016784598134534895,0.0028312701394760387,0.35138528097405053,-0.3207485678536386,-0.29727098997798085,False,MACD leads signal,-0.08135593220338988,0.08813559322033904,-0.0034237288135593458,,,,,,,,,,False,True,-0.030029292699026544,-0.005869394468914491,-0.18644067796610175,0.30508474576271194,-0.003389830508474634,-0.18305084745762712,0.30508474576271194,-0.003389830508474634,-0.0474576271186441,0.30508474576271194,0.04237288135593209,Q1 weak
3-day,QUBT,2022-03-07,bearish_crossover,11,0.15338184818374276,0.06615441497841883,2.3864913276527457,0.22671111499842983,0.24724925146877938,True,MACD leads signal,0.04054054054054057,0.04504504504504503,0.072072072072072,,,,,,,,,,False,True,-0.09126785206685345,-0.00513453411758738,0.03153153153153143,0.12941441441441448,0.072072072072072,0.2072072072072071,0.12941441441441448,0.2354954954954953,0.09459459459459452,0.12941441441441448,0.39189189189189166,Q4 steep
3-day,QUBT,2022-04-14,bearish_crossover,4,0.03754388963440783,0.012692205408892874,0.6406831420120143,0.0012488428903659546,0.015845568436502516,True,MACD leads signal,-0.05555555555555558,0.07407407407407418,0.02314814814814814,,,,,,,,,,False,True,-0.05078554530395524,-0.0036491813865341394,-0.17592592592592593,0.21296296296296302,0.12037037037037024,-0.29166666666666674,0.31944444444444453,0.12037037037037024,-0.25,0.34259259259259267,0.12037037037037024,Q1 weak
3-day,QUBT,2022-07-05,bearish_crossover,17,0.10789558259666428,0.060636795746739046,1.3893315395664012,0.5898352432811628,0.6356229129817155,True,MACD and signal aligned,0.15677966101694918,0.016949152542372947,0.18220338983050866,,,,,,,,,,False,True,-0.06821876381640368,-0.011446917425138148,0.09745762711864403,0.016949152542372947,0.2627118644067796,0.326271186440678,0.016949152542372947,0.43644067796610186,0.42796610169491545,0.016949152542372947,0.46398305084745783,Q2
3-day,QUBT,2022-08-22,bearish_crossover,4,0.05483720034593076,0.01188456927476178,1.0328774793012336,0.3598786513997283,0.3818555965713051,True,MACD leads signal,0.1081967213114754,0.0,0.13442622950819683,,,,,,,,,,False,True,-0.08370460279915803,-0.005494236292894195,-0.02950819672131144,0.08383606557377055,0.13442622950819683,-0.12786885245901625,0.13114754098360648,0.13442622950819683,-0.20327868852459008,0.22622950819672127,0.13442622950819683,Q1 weak
3-day,QUBT,2022-10-14,bearish_crossover,2,0.008830910916974632,0.0005469451404070957,0.17719260946496926,-0.24050395655222098,-0.23362790674503742,False,MACD leads signal,0.044334975369458185,-0.019704433497536922,0.1280788177339902,,,,,,,,,,False,True,-0.008933031544569342,-0.001719012451795926,-0.054187192118226535,0.09541871921182254,0.1280788177339902,0.12315270935960587,0.09541871921182254,0.19211822660098532,0.06403940886699533,0.09541871921182254,0.20689655172413812,Q1 weak
3-day,QUBT,2022-12-20,bearish_crossover,7,0.032432076646782326,0.012971517542405248,1.6474232353065827,-0.31657796075887373,-0.3068351485753535,False,MACD leads signal,-0.05454545454545445,0.07878787878787874,0.054545454545454675,,,,,,,,,,False,True,-0.03480044267402704,-0.002435703045880089,-0.08484848484848484,0.1333333333333333,0.054545454545454675,-0.012121212121212088,0.1333333333333333,0.054545454545454675,0.1515151515151516,0.1333333333333333,0.19393939393939408,Q2
3-day,QUBT,2023-02-21,bearish_crossover,13,0.11699986393525752,0.05266254222646144,4.580245156222664,0.25844553656843855,0.30519638492959383,True,MACD leads signal,-0.025974025974025983,0.045454545454545525,0.03707792207792204,,,,,,,,,,False,True,-0.09052795456444968,-0.011687712090288793,-0.12337662337662336,0.15259740259740262,0.03707792207792204,-0.025974025974025983,0.15259740259740262,0.03707792207792204,-0.15584415584415579,0.2532467532467533,0.03707792207792204,Q4 steep
3-day,QUBT,2023-04-28,bearish_crossover,9,0.08143908705812117,0.0323362088380892,1.8019619451324038,0.023971870424784048,0.06912768654016863,True,MACD leads signal,0.008695652173912993,0.0,0.034782608695652195,,,,,,,,,,False,True,-0.08931407015422618,-0.011288954028846138,-0.03478260869565197,0.0868695652173912,0.034782608695652195,0.09565217391304359,0.0868695652173912,0.14782608695652177,0.04347826086956519,0.09565217391304337,0.4347826086956521,Q3
3-day,QUBT,2023-06-30,bearish_crossover,15,0.06901824352673232,0.023834907892903854,1.6584547856065879,0.14873551697791182,0.18063202011500074,True,MACD leads signal,0.10169491525423746,-0.025423728813559254,0.10169491525423746,,,,,,,,,,False,True,-0.04481677616314492,-0.007974125784272201,0.06779661016949157,-0.008474576271186418,0.14398305084745777,0.07627118644067798,-0.008474576271186418,0.2627118644067796,0.05084745762711873,0.025423728813559365,0.2627118644067796,Q2
3-day,QUBT,2023-09-25,bearish_crossover,6,0.03534474226568212,0.01411225306675762,1.4366667486081157,0.004315894832840915,0.009497447906169054,True,MACD leads signal,0.0092592592592593,0.01851851851851849,0.05555555555555536,,,,,,,,,,False,True,-0.04725502561521143,-0.0012953882683320352,-0.10212962962962968,0.10231481481481486,0.05555555555555536,-0.09777777777777774,0.20370370370370372,0.05555555555555536,-0.22731481481481486,0.2407407407407408,0.05555555555555536,Q2
3-day,QUBT,2023-12-22,bearish_crossover,16,0.127400862128524,0.05986132353732657,3.938838442644425,0.3182811512261542,0.3299193858150101,True,MACD leads signal,0.05555555555555558,0.0,0.09744444444444444,,,,,,,,,,False,True,-0.01984279185949822,-0.002909558647213928,-0.006111111111111178,0.015555555555555545,0.09744444444444444,-0.02244444444444449,0.09111111111111114,0.09744444444444444,0.028000000000000025,0.16666666666666674,0.09744444444444444,Q4 steep
3-day,QUBT,2024-04-04,bearish_crossover,13,0.061521176509925134,0.031317860056440966,1.7172464222501775,0.31617805876858673,0.3632637946180034,True,MACD and signal aligned,-0.018144329896907174,0.018144329896907174,0.02938144329896919,,,,,,,,,,False,True,-0.08917958462419007,-0.011771433962354139,-0.1637113402061855,0.17525773195876282,0.02938144329896919,-0.26,0.2680412371134021,0.02938144329896919,-0.20845360824742265,0.2989690721649484,0.02938144329896919,Q3
3-day,QUBT,2024-06-06,bearish_crossover,7,0.04651069575758292,0.013458274387725594,1.0351622942974674,-0.3023555467212228,-0.30184614537187865,False,MACD leads signal,-0.06569343065693434,0.07883211678832125,-0.00583941605839422,,,,,,,,,,False,True,-0.03514050510700484,-0.00012735033733607404,-0.06248175182481763,0.1094890510948906,-0.0033576642335767515,-0.16058394160583955,0.16788321167883224,-0.0033576642335767515,-0.11503649635036506,0.48189781021897815,-0.0033576642335767515,Q1 weak
3-day,QUBT,2024-08-09,bearish_crossover,14,0.11529691125341728,0.059881075832585784,2.06222946448951,0.2802934459232332,0.3121952288620686,True,MACD and signal aligned,0.001866621415238301,0.032750721194637844,0.06872560665195993,,,,,,,,,,False,True,-0.056767017485955806,-0.007975445734708875,0.04242321398269122,0.032750721194637844,0.08314949940607486,0.18954692007466467,0.032750721194637844,0.19701340573561854,0.013405735618530201,0.032750721194637844,0.20312234854912603,Q3
3-day,QUBT,2024-11-18,bearish_crossover,21,0.04172154132858344,0.016831057709659317,1.3997110028455888,0.42767362643677664,0.4435336769708336,True,MACD leads signal,0.9916317991631798,-0.02092050209205021,1.221757322175732,,,,,,,,,,False,True,-0.03417167590242348,-0.003965012633514231,1.824267782426778,-0.02092050209205021,2.849372384937238,1.5815899581589958,-0.02092050209205021,2.849372384937238,9.744769874476987,-0.02092050209205021,10.359832635983262,Q2
3-day,QUBT,2025-05-02,bearish_crossover,25,0.02468379503891395,0.014801368408420964,1.2405759682975932,-0.08748319667336152,-0.07215747174110457,False,MACD and signal aligned,-0.08489388264669162,0.08739076154806491,-0.01906367041198498,,,,,,,,,,False,True,-0.019976559698431,-0.003831431233064231,0.07240948813982517,0.14731585518102364,0.10736579275905123,0.6067415730337078,0.14731585518102364,0.6179775280898878,0.6017478152309614,0.14731585518102364,0.83270911360799,Q1 weak
3-day,QUBT,2025-07-16,bearish_crossover,20,0.05091832781460508,0.030454506259425168,3.0362637094154787,0.4437325402291823,0.4604007818132792,True,MACD and signal aligned,0.06032608695652186,-0.0010869565217392907,0.09266304347826093,,,,,,,,,,False,True,-0.03549346100030265,-0.004167060396024214,-0.09184782608695641,0.11576086956521736,0.09266304347826093,-0.1934782608695652,0.20516304347826075,0.09266304347826093,-0.167391304347826,0.2406521739130435,0.09266304347826093,Q4 steep
3-day,QUBT,2025-10-20,bearish_crossover,12,0.056187468319443594,0.02602995080583369,1.6863514744619306,0.05486717886486703,0.1063312455255074,True,MACD leads signal,-0.07754629629629639,0.1967592592592593,0.006944444444444198,,,,,,,,,,False,True,-0.07072022119052945,-0.012866016665160088,-0.10185185185185197,0.1967592592592593,0.006944444444444198,-0.2065972222222222,0.2065972222222222,0.006944444444444198,-0.3310185185185185,0.44791666666666674,0.006944444444444198,Q3
3-day,QUBT,2026-01-30,bearish_crossover,19,0.06559016778680908,0.03424915497145174,1.7608140150288998,0.03723289106941505,0.03896354872362738,True,MACD and signal aligned,0.007551240560949246,0.0296655879180151,0.010787486515641875,,,,,,,,,,False,True,-0.04384749703136413,-0.00043266441355307994,0.01725997842502691,0.16936353829557704,0.049083063646170544,-0.08629989212513478,0.16936353829557704,0.049083063646170544,-0.09277238403451993,0.1769147788565264,0.049083063646170544,Q3
3-day,QUBT,2026-06-08,bearish_crossover,22,0.11771580156481033,0.06179933620280427,5.469650560258049,0.6673076411296107,0.6914592089725717,True,MACD and signal aligned,-0.05167464114832532,0.13253588516746406,0.02009569377990439,,,,,,,,,,False,True,-0.05134316812616446,-0.006037891960740227,0.062200956937799035,0.13253588516746406,0.10191387559808618,,,,,,,Q4 steep
3-day,RKLB,2022-02-17,early_rising_blue,3,0.11193358220905414,0.04585501773682982,4.439667794187534,-0.11146233322924698,-0.3224947853928638,False,MACD leads signal,-0.013245033112582849,0.03752759381898452,0.024834437086092676,,,,,,,,,,True,False,,,0.043046357615893927,0.09492273730684342,0.0971302428256069,-0.07284768211920534,0.09492273730684342,0.0971302428256069,0.001103752759381793,0.14790286975717448,0.0971302428256069,Q4 steep
3-day,RKLB,2022-05-27,early_rising_blue,3,0.059448117452844784,0.018647612763106197,1.9624497501998006,-0.14954524987377243,-0.2518221792404761,False,MACD leads signal,-0.016000000000000014,0.08200000000000007,0.030000000000000027,,,,,,,,,,True,False,,,-0.030000000000000027,0.08200000000000007,0.030000000000000027,-0.19999999999999996,0.21399999999999997,0.030000000000000027,-0.24,0.29400000000000004,0.030000000000000027,Q3
3-day,RKLB,2022-07-20,early_rising_blue,3,0.05066821327735667,0.013583030186620312,1.1843319975565008,0.05963998008967925,-0.0146735944964562,False,MACD leads signal,-0.07322654462242573,0.0778032036613272,0.03203661327231111,,,,,,,,,,True,False,,,0.06864988558352403,0.09153318077803196,0.07093821510297471,0.2471395881006866,0.09153318077803196,0.28032036613272293,0.3135011441647597,0.09153318077803196,0.6681922196796339,Q2
3-day,RKLB,2022-11-08,early_rising_blue,3,0.08318161460309795,0.03280756710663256,1.862994622734122,0.020692475940391683,-0.13349971441251213,False,MACD leads signal,0.10176125244618395,0.07436399217221135,0.1271819960861056,,,,,,,,,,True,False,,,-0.11545988258317041,0.14716242661448153,0.1271819960861056,-0.13894324853228956,0.17808219178082196,0.1271819960861056,-0.22113502935420748,0.24266144814090018,0.1271819960861056,Q3
3-day,RKLB,2023-01-19,early_rising_blue,3,0.15563030972240877,0.05502425205980983,4.026380088114118,0.047861293152704015,-0.22262892185201963,False,MACD leads signal,-0.0020876826722338038,0.022964509394572064,0.03340292275574108,,,,,,,,,,True,False,,,0.03131524008350728,0.03757828810020869,0.05323590814196244,0.10855949895615868,0.03757828810020869,0.14196242171189977,0.025052192066805867,0.06367432150313146,0.14196242171189977,Q4 steep
3-day,RKLB,2023-04-25,early_rising_blue,3,0.04857464628978271,0.0211594603107694,0.9796287522257321,-0.19641492420651804,-0.29079591017349826,False,MACD leads signal,0.02887139107611536,0.01837270341207342,0.03543307086614167,,,,,,,,,,True,False,,,0.018372703412073532,0.01837270341207342,0.052493438320209806,0.08136482939632539,0.01837270341207342,0.10236220472440949,0.20472440944881876,0.01837270341207342,0.3162729658792649,Q1 weak
3-day,RKLB,2023-11-15,early_rising_blue,3,0.07650987219359648,0.02983507324042811,2.54473778701804,-0.4467561416463552,-0.5884497811655913,False,MACD leads signal,-0.04318181818181832,0.059090909090909194,0.0,,,,,,,,,,True,False,,,-0.00454545454545463,0.059090909090909194,0.002272727272727204,-0.00454545454545463,0.059090909090909194,0.05454545454545445,0.04772727272727262,0.059090909090909194,0.24513636363636349,Q3
3-day,RKLB,2024-05-07,early_rising_blue,3,0.16327363928366984,0.05667087325376857,3.9718218872253535,-0.06100232289403762,-0.33772266744054624,False,MACD leads signal,0.035264483627204024,0.037783375314861534,0.08312342569269515,,,,,,,,,,True,False,,,0.06801007556675054,0.037783375314861534,0.1687657430730478,0.09319899244332475,0.037783375314861534,0.1687657430730478,0.10075566750629728,0.037783375314861534,0.1687657430730478,Q4 steep
3-day,RKLB,2024-09-27,early_rising_blue,3,0.0698951193312966,0.02372131040469728,1.8383564611958476,0.2005703703011959,0.08214538721020131,True,MACD leads signal,-0.056237218813905865,0.07055214723926373,0.03783231083844596,,,,,,,,,,True,False,,,-0.010224948875255602,0.10020449897750494,0.03783231083844596,-0.008179959100204526,0.10020449897750494,0.03783231083844596,0.1513292433537834,0.10020449897750494,0.23568507157464236,Q3
3-day,RKLB,2024-11-18,early_rising_blue,3,0.05651330049978334,0.020301646405933682,2.012513010574274,0.41294255497573756,0.31307181738848566,True,MACD leads signal,0.1617418351477451,0.029548989113530322,0.16537065837221365,,,,,,,,,,True,False,,,0.3307413167444273,0.029548989113530322,0.41005702436495595,0.1928460342146192,0.029548989113530322,0.4567133229652671,0.18818040435458805,0.029548989113530322,0.4567133229652671,Q3
3-day,RKLB,2025-01-08,early_rising_blue,3,0.1354579283800655,0.04408373525892273,2.913720019129631,-0.08441881777405053,-0.29817394607228986,False,MACD leads signal,-0.016447368421052655,0.049342105263157854,0.023026315789473673,,,,,,,,,,True,False,,,-0.12280701754385959,0.14400584795321625,0.023026315789473673,0.10964912280701755,0.14400584795321625,0.21856725146198852,0.11842105263157898,0.14400584795321625,0.21856725146198852,Q4 steep
3-day,RKLB,2025-04-11,early_rising_blue,3,0.007956441312304913,0.0040765959166793875,0.18822324686366507,-0.4147265425292774,-0.43331956800146487,False,MACD and signal aligned,-0.025471217524197676,0.04941416199694337,0.042282221090168104,,,,,,,,,,True,False,,,0.033622007131940856,0.07233825776872127,0.12582781456953662,0.14111054508405507,0.07233825776872127,0.21090168110035656,0.22924095771777897,0.07233825776872127,0.24910850738665302,Q1 weak
3-day,RKLB,2025-09-11,early_rising_blue,3,0.06090183569414369,0.022154482479477135,2.016376606660751,-0.017656947050657623,-0.1229877133299817,False,MACD leads signal,0.10138344001651878,-0.0037290935370637435,0.11563080735081566,,,,,,,,,,True,False,,,-0.013214949411521792,0.04088374974189546,0.13916993599008887,-0.04480693784844103,0.06648771422671895,0.13916993599008887,0.32686351435060934,0.06648771422671895,0.517654346479455,Q3
3-day,RKLB,2025-12-19,early_rising_blue,3,0.10925357322048285,0.032086959568672,1.7260411967460743,-0.2858020107603446,-0.45512142613963796,False,MACD leads signal,0.09968803176403851,-0.03165059557572314,0.11245036868973357,,,,,,,,,,True,False,,,0.001843448667044889,0.001843448667044778,0.1320192853091322,0.07756664775950073,0.05204197390811116,0.1320192853091322,0.3655700510493478,0.05204197390811116,0.4120816789563244,Q2
3-day,RKLB,2026-03-16,early_rising_blue,3,0.03131621107064006,0.010738313459401794,0.5605409942417561,-0.19470002444271722,-0.24692193598959195,False,MACD leads signal,0.00869443275837889,0.046417052306829354,0.10321133080914313,,,,,,,,,,True,False,,,0.02201654746879811,0.0960594587014445,0.10321133080914313,-0.09942504557565568,0.2128453232365728,0.10321133080914313,0.03211330809143176,0.2128453232365728,0.10321133080914313,Q1 weak
3-day,RKLB,2021-12-03,bearish_crossover,10,0.021614339726300818,0.010515593319945954,1.7137695301486529,0.06468052581733741,0.07903122195003333,True,MACD leads signal,-0.007692307692307665,0.07692307692307687,0.009230769230769154,,,,,,,,,,False,True,-0.034223580976812704,-0.0035876740331739765,-0.0953846153846154,0.10153846153846158,0.016599999999999948,-0.06307692307692314,0.11692307692307691,0.016599999999999948,-0.06153846153846154,0.14846153846153842,0.016599999999999948,Q3
3-day,RKLB,2022-03-16,bearish_crossover,11,0.0974811230258495,0.04660580735956838,3.2773431576610244,-0.041848776259694104,-0.006756975072370838,False,MACD leads signal,0.054651162790697816,0.015116279069767313,0.1034883720930233,,,,,,,,,,False,True,-0.05014401089667343,-0.008772950296830818,-0.07441860465116279,0.08895348837209294,0.1034883720930233,-0.06395348837209291,0.1267441860465116,0.1034883720930233,-0.020930232558139528,0.1267441860465116,0.1034883720930233,Q4 steep
3-day,RKLB,2022-04-27,bearish_crossover,3,0.0191643163225291,0.0025610555206889013,0.7776097879853368,-0.13943553145393572,-0.12847092289611403,False,MACD leads signal,0.008196721311475308,0.04644808743169393,0.06830601092896171,,,,,,,,,,False,True,-0.024535579507504776,-0.002741152139455444,-0.10928961748633892,0.14480874316939896,0.06830601092896171,-0.290983606557377,0.32550546448087436,0.06830601092896171,-0.31693989071038253,0.4164480874316939,0.06830601092896171,Q1 weak
3-day,RKLB,2022-06-24,bearish_crossover,10,0.08375155343923087,0.03438292457897089,1.8614941339457167,0.06899208007256397,0.07604852353972844,True,MACD leads signal,-0.09268292682926815,0.10731707317073158,0.051219512195122,,,,,,,,,,False,True,-0.07200517521450608,-0.0017641108667911104,-0.03170731707317065,0.13902439024390245,0.051219512195122,-0.03170731707317065,0.13902439024390245,0.051219512195122,0.0,0.13902439024390245,0.10000000000000009,Q3
3-day,RKLB,2022-09-06,bearish_crossover,18,0.048475037711847135,0.02933437822914123,1.3108646630685523,0.44471932201811387,0.4621152475630379,True,MACD and signal aligned,0.06273764258555126,0.006787072243345849,0.09980988593155904,,,,,,,,,,False,True,-0.03936121558040084,-0.004348981386230966,-0.03041825095057038,0.041825095057034134,0.12737642585551323,-0.06463878326996197,0.06844106463878319,0.12737642585551323,-0.1216730038022813,0.24524714828897332,0.12737642585551323,Q2
3-day,RKLB,2022-11-29,bearish_crossover,9,0.07809456418378084,0.03581820613582297,1.8242981223048558,0.06275317612580475,0.08617427339776648,True,MACD leads signal,0.07323232323232332,0.02020202020202022,0.08335858585858591,,,,,,,,,,False,True,-0.0753592122184839,-0.005855274317990433,0.005050505050504972,0.022727272727272707,0.09595959595959602,0.04040404040404044,0.022727272727272707,0.13636363636363646,-0.04797979797979801,0.12121212121212122,0.13636363636363646,Q3
3-day,RKLB,2023-02-21,bearish_crossover,13,0.14025629068752707,0.06949034800414279,2.791150211996863,0.38987299645124657,0.4098697672667423,True,MACD leads signal,-0.028384279475982543,0.04366812227074235,0.04148471615720517,,,,,,,,,,False,True,-0.04670254741924812,-0.004999192703873889,-0.07423580786026196,0.08919213973799134,0.04148471615720517,-0.0633187772925764,0.08919213973799134,0.04148471615720517,-0.1593886462882096,0.19213973799126638,0.04148471615720517,Q4 steep
3-day,RKLB,2023-07-07,bearish_crossover,27,0.05505199609834308,0.03719718228666784,1.291207926272359,0.6393756655690254,0.6548306788470174,True,MACD and signal aligned,0.05933682373472937,0.008726003490401535,0.12041884816753923,,,,,,,,,,False,True,-0.05089058057818052,-0.0038637533194980644,0.36649214659685847,0.008726003490401535,0.37345549738219885,0.28970331588132625,0.008726003490401535,0.4048865619546247,0.16230366492146597,0.008726003490401535,0.4048865619546247,Q1 weak
3-day,RKLB,2024-01-26,bearish_crossover,26,0.06959077423114318,0.04724757029937873,1.7021505912393184,0.43563149425470993,0.47048615895707224,True,MACD and signal aligned,0.05327868852459017,0.0,0.05327868852459017,,,,,,,,,,False,True,-0.0473444906173307,-0.008713666175590551,-0.18545081967213106,0.2028688524590163,0.05737704918032782,-0.11065573770491799,0.2028688524590163,0.05737704918032782,-0.05942622950819676,0.2028688524590163,0.05737704918032782,Q3
3-day,RKLB,2024-07-26,bearish_crossover,29,0.0821828760183273,0.04133549941389152,2.5798658749043266,0.5382335440669888,0.5913403451186536,True,MACD and signal aligned,-0.02592592592592602,0.04444444444444451,0.01851851851851838,,,,,,,,,,False,True,-0.06653787696920299,-0.013276700262916163,-0.13703703703703707,0.2222222222222222,0.01851851851851838,-0.005555555555555647,0.2222222222222222,0.035185185185184986,0.248148148148148,0.2222222222222222,0.36296296296296293,Q4 steep
3-day,RKLB,2024-09-06,bearish_crossover,3,0.036507089872495374,0.003827945086887472,0.8151375296509407,0.0529755342426038,0.06537020999257803,True,MACD leads signal,0.058519793459552716,-0.012048192771084487,0.08003442340791755,,,,,,,,,,False,True,-0.03214150684263632,-0.003098668937493554,0.26850258175559394,-0.012048192771084487,0.29535283993115313,0.2857142857142858,-0.012048192771084487,0.3287435456110155,0.6660929432013769,-0.012048192771084487,0.7710843373493976,Q1 weak
3-day,RKLB,2024-11-01,bearish_crossover,14,0.042280327107628524,0.019119438366901394,1.5151758732235026,0.25899912028006655,0.26913828536441586,True,MACD leads signal,0.1427320490367776,0.039404553415061216,0.14360770577933457,,,,,,,,,,False,True,-0.024297200446184997,-0.0025347912710873,0.2837127845884413,0.039404553415061216,0.3345008756567427,0.6891418563922942,0.039404553415061216,0.9746059544658494,1.014886164623468,0.039404553415061216,1.460595446584939,Q2
3-day,RKLB,2024-12-06,bearish_crossover,8,0.06152971964799391,0.03173993119358639,1.6477198896145269,0.2870617024747958,0.45610807688292976,True,MACD and signal aligned,-0.058346839546191354,0.11385737439222032,0.01661264181523503,,,,,,,,,,False,True,-0.2536419076226807,-0.04226159360203352,-0.010534846029173317,0.11385737439222032,0.01661264181523503,0.007698541329011377,0.11385737439222032,0.0850891410048622,0.1645056726094003,0.11385737439222032,0.16693679092382507,Q2
3-day,RKLB,2025-02-10,bearish_crossover,12,0.12647640243035357,0.03966835957377099,3.513641726497232,0.010632493061271758,0.0173651833061928,True,MACD leads signal,-0.07516339869281052,0.11732026143790852,-0.0091503267973857,,,,,,,,,,False,True,-0.02525692940769049,-0.0016831725612302603,-0.15261437908496733,0.1591503267973856,-0.0091503267973857,-0.33725490196078434,0.35359477124183003,-0.0091503267973857,-0.3977124183006536,0.47549019607843135,-0.0091503267973857,Q4 steep
3-day,RKLB,2025-07-28,bearish_crossover,36,0.04571375237229979,0.03039481725175941,1.31630650288317,0.6031297414248962,0.6682264254033783,True,MACD and signal aligned,0.01795610729328323,0.05054311682553758,0.0578585679450232,,,,,,,,,,False,True,-0.1357753714122909,-0.016274170994620474,-0.022389714032365338,0.06195965417867444,0.0578585679450232,-0.037242296608290815,0.07991576147195734,0.10662824207492805,0.025271558412768735,0.15185103081356688,0.12879627577033914,Q2
3-day,RKLB,2025-10-31,bearish_crossover,19,0.05164519951317885,0.02310750499078256,1.3039530810166173,0.14880951020578173,0.1903139652765123,True,MACD leads signal,-0.10177834233089866,0.10273102572245152,0.0019053667831057108,,,,,,,,,,False,True,-0.05671492339729173,-0.010376113767682604,-0.17592886630676408,0.26467291203556687,0.0019053667831057108,-0.27691330581136864,0.3124801524293427,0.0019053667831057108,-0.3590028580501746,0.4034614163226421,0.0019053667831057108,Q1 weak
3-day,RKLB,2026-01-30,bearish_crossover,16,0.12643121731941648,0.059702592099101934,2.6934596413120837,0.37521392658989544,0.43561752245400653,True,MACD leads signal,-0.07393530660671899,0.07731984513550627,0.007868115399025877,,,,,,,,,,False,True,-0.10941231890824088,-0.015100898966027732,-0.09679030848007997,0.18571250156113395,0.015986012239290526,-0.15773698014237536,0.20232296740352185,0.015986012239290526,-0.1370051205195454,0.20232296740352185,0.015986012239290526,Q4 steep
3-day,RKLB,2026-06-08,bearish_crossover,30,0.04079434075067456,0.023639263272318106,1.9931914351790523,0.2598284072151331,0.3645403326678529,True,MACD and signal aligned,0.00994280686317639,0.10954685437747469,0.05402551693796753,,,,,,,,,,False,True,-0.1339968000145082,-0.026177981363179947,-0.03871535415750116,0.1235371755389354,0.05402551693796753,,,,,,,Q3
3-day,SNDK,2025-07-01,early_rising_blue,3,0.02390953574549537,0.008559243100001328,1.0398769365170681,0.17201500855636928,0.1325642000865156,True,MACD leads signal,0.03225088967971512,0.01757117437722422,0.052491103202847,,,,,,,,,,True,False,,,0.04426156583629903,0.01757117437722422,0.062055160142348686,-0.08007117437722422,0.10364768683274028,0.062055160142348686,-0.04537366548042698,0.10364768683274028,0.062055160142348686,Q1 weak
3-day,SNDK,2025-08-27,early_rising_blue,3,0.03609751198310054,0.010964691301408218,1.6234207699071916,0.07669705377993209,0.019940498536288015,True,MACD leads signal,0.08319570602807591,-0.0024772914946327163,0.09289843104871998,,,,,,,,,,True,False,,,0.4151527663088357,-0.0024772914946327163,0.4176300578034684,0.7402972749793559,-0.0024772914946327163,0.773121387283237,1.0049545829892654,-0.0024772914946327163,1.2751857968620972,Q2
3-day,SNDK,2025-12-24,early_rising_blue,3,0.05553696107350273,0.020891684874754818,1.0706079324992785,-0.22424275765477997,-0.3255749434208378,False,MACD leads signal,-0.00011996161228411406,0.019913627639155496,0.045665387076135655,,,,,,,,,,True,False,,,0.10060780550223924,0.05934101087651955,0.10284668905950078,0.5091570697376839,0.05934101087651955,0.5355086372360844,0.894713691618682,0.05934101087651955,1.0373452495201536,Q1 weak
3-day,SNDK,2026-04-17,early_rising_blue,3,0.08821577288238656,0.02604308102029366,1.7317154706375832,0.1118665367124068,-0.024109210844606616,False,MACD leads signal,-0.019001292087861943,0.023659323119686437,0.03309482187645907,,,,,,,,,,True,False,,,0.16201044528170772,0.02741615001248654,0.1625099078165888,0.2888304976166951,0.02741615001248654,0.29126266300394144,0.4473664209166224,0.02741615001248654,0.7372609908902377,Q2
3-day,SNDK,2025-06-06,bearish_crossover,10,0.04153466581466099,0.01813068842467967,1.531188197585741,0.1454819871095048,0.16825161667520644,True,MACD leads signal,0.062324393358876184,-0.010217113665389466,0.08965517241379306,,,,,,,,,,False,True,-0.04742269396308135,-0.0056924073914254025,0.12924648786717752,-0.007407407407407307,0.14559386973180088,0.1897828863346105,-0.007407407407407307,0.23141762452107284,0.15504469987228608,-0.007407407407407307,0.2725415070242656,Q2
3-day,SNDK,2025-07-18,bearish_crossover,8,0.02213519916202429,0.0075309711388010896,1.142008981154567,0.15790182673248535,0.1693684970446346,True,MACD leads signal,-0.01967290827210233,0.03887177056174451,0.002133206921071329,,,,,,,,,,False,True,-0.02569101024146317,-0.002866667578037302,-0.00711068973690443,0.03887177056174451,0.034605356719601854,-0.020383977245792884,0.04953780516710116,0.057596586868926325,0.07892865607963984,0.04953780516710116,0.1486134155013037,Q1 weak
3-day,SNDK,2025-10-10,bearish_crossover,17,0.06295075333982673,0.03915611630814211,1.8992654788209764,0.5660169115919753,0.589404737980318,True,MACD and signal aligned,0.08878624583012584,-0.03464203233256358,0.16251817637498922,,,,,,,,,,False,True,-0.07746993666866442,-0.005846956597085673,0.26627320160807466,-0.03464203233256358,0.30553417158498,0.5923359849456846,-0.03464203233256358,0.6026002908220001,1.2919339662988625,-0.03464203233256358,1.3172525874604397,Q3
3-day,SNDK,2026-02-05,bearish_crossover,16,0.07593210708263438,0.04983551783356671,1.1266737866924308,0.3466043566907921,0.36462049517715267,True,MACD and signal aligned,0.03774730996181885,0.001214855952794247,0.06796251301631373,,,,,,,,,,False,True,-0.08554788666280638,-0.004504034621590158,0.08740020826102035,0.06258226310308934,0.1593196806664352,0.1280284623394654,0.06258226310308934,0.1593196806664352,-0.08481430059007289,0.08602915654286714,0.200173550850399,Q1 weak
3-day,SNDK,2026-03-31,bearish_crossover,4,0.051362862642327554,0.014762463400789724,1.0184110388509071,-0.06308961175380697,-0.043130207690818254,False,MACD leads signal,0.1042748764441086,-0.008908615859224867,0.1188497497402965,,,,,,,,,,False,True,-0.050658645865209746,-0.004989851015747185,0.3403374571095792,-0.008908615859224867,0.34573614127868546,0.40353196713570694,-0.008908615859224867,0.5188717851858846,0.7258633172789373,-0.008908615859224867,0.7549658450593382,Q1 weak
3-day,SNDK,2026-05-15,bearish_crossover,11,0.07378995406513193,0.04036809696873026,1.8653129327449225,0.34716395319957655,0.37980861696166296,True,MACD and signal aligned,-0.05299763428790638,0.09255404550976476,0.023010635048060335,,,,,,,,,,False,True,-0.16034166792723553,-0.008161165940521575,0.05049694162445584,0.09255404550976476,0.0983795227371218,0.20415455985677866,0.09255404550976476,0.21399073607036034,0.40671066559629443,0.09255404550976476,0.4362287849617439,Q3
3-day,TMUS,2021-06-11,early_rising_blue,3,0.08414794517333668,0.0351708484575069,1.9923238655430189,0.11271317772377132,-0.04616883247180091,False,MACD leads signal,-0.003027175782593705,0.014379084967320321,0.009700722394220929,,,,,,,,,,True,False,,,0.003233574131406902,0.014379084967320321,0.0173718610251119,-0.002132782937736555,0.014379084967320321,0.0173718610251119,0.0166494668042656,0.014379084967320321,0.029170966632267037,Q3
3-day,TMUS,2021-10-29,early_rising_blue,3,0.023980120968710994,0.013155747064447332,1.0535909337006604,-0.6577665015297349,-0.7109466046401745,False,MACD and signal aligned,0.007215508997652664,0.0012170738068330023,0.01182300269494907,,,,,,,,,,True,False,,,0.0664174563157438,0.0023472137703207663,0.0841519603581673,0.027905763713813814,0.0023472137703207663,0.0841519603581673,-0.013040076501782183,0.01877771016256624,0.0841519603581673,Q1 weak
3-day,TMUS,2022-02-11,early_rising_blue,3,0.1615342035475118,0.052849359002570706,3.0669122770249384,0.2554353472606499,-0.005552054715204403,False,MACD leads signal,0.008274421593830406,0.009077763496144087,0.010523778920308535,,,,,,,,,,True,False,,,-0.004016709511568073,0.013576478149100235,0.03125,0.007872750642673454,0.04619215938303345,0.03125,0.0007230077120821132,0.0608129820051414,0.03125,Q4 steep
3-day,TMUS,2022-06-08,early_rising_blue,3,0.11874445053794967,0.03731609715689384,2.744963882359878,-0.0011134084803588185,-0.1879772181529378,False,MACD leads signal,-0.034760742548628154,0.04303971599733747,0.006582353376229477,,,,,,,,,,True,False,,,-0.05635677834479702,0.0994748909104356,0.006582353376229477,0.013830337992752018,0.0994748909104356,0.01634494490052485,-0.003550033281562115,0.0994748909104356,0.02655129058501582,Q4 steep
3-day,TMUS,2022-08-12,early_rising_blue,3,0.08441099169754702,0.024642303256557987,2.6163568137096553,0.19364458142665653,0.06596589025683085,True,MACD leads signal,0.0011607264782191873,0.011265874641540385,0.0032090673221356614,,,,,,,,,,True,False,,,-0.012836269288542868,0.014474941963676158,0.006418134644271545,-0.02348764167690831,0.025058036323911126,0.010787928444626393,-0.008944421685101789,0.037689471528062346,0.010787928444626393,Q4 steep
3-day,TMUS,2022-10-28,early_rising_blue,3,0.05448837581707619,0.015710409680543158,2.0423630840669906,-0.22726760076961222,-0.3148183526054448,False,MACD leads signal,-0.006490066225165458,0.024900662251655548,0.02237483443708621,,,,,,,,,,True,False,,,-0.007284768211920478,0.032119205298013154,0.02237483443708621,-0.03668874172185421,0.04198675496688742,0.02237483443708621,-0.01576158940397343,0.052450331125827754,0.02237483443708621,Q3
3-day,TMUS,2023-01-20,early_rising_blue,3,0.0847873447185836,0.02519664617407648,2.034917574426383,-0.06867365513750062,-0.1932076025153768,False,MACD leads signal,0.020328004410143263,0.014539691289967016,0.023566703417861046,,,,,,,,,,True,False,,,0.028872657111356004,0.014539691289967016,0.033386163175303185,-0.021706174200661565,0.025151598676957043,0.048442668136714495,0.013574972436604105,0.03355843439911799,0.048442668136714495,Q3
3-day,TMUS,2023-04-14,early_rising_blue,3,0.0796995414157641,0.029180864172699217,2.7160535181058116,0.05372701374547508,-0.0867021646925488,False,MACD leads signal,-0.005414800454575874,0.006283842502841086,0.013837823383916037,,,,,,,,,,True,False,,,-0.010629052744167367,0.03141921251420565,0.013837823383916037,-0.04264990975332572,0.046660873053011476,0.013837823383916037,-0.039374289725249145,0.0661808944448159,0.013837823383916037,Q4 steep
3-day,TMUS,2023-06-27,early_rising_blue,3,0.06956560639304915,0.023659764037016084,3.8530755203259655,-0.1725488011714147,-0.2921315697146969,False,MACD leads signal,0.020048468825732746,0.007710949548358492,0.022104722038628344,,,,,,,,,,True,False,,,0.021957846809135706,0.007710949548358492,0.027318792685613547,0.03466255416024078,0.007710949548358492,0.037306308291106705,0.02724535507086734,0.007710949548358492,0.0489828890357642,Q4 steep
3-day,TMUS,2023-09-25,early_rising_blue,3,0.051972332028324686,0.02257754395794991,1.5482940293531,0.12271137476665808,0.020058209094680743,True,MACD leads signal,-0.002214127562316981,0.00985643882579812,0.009070780658524402,,,,,,,,,,True,False,,,-0.01392757660167121,0.02992643382615523,0.009070780658524402,0.017141632740518498,0.02992643382615523,0.017570173559031455,0.006999500035711925,0.02992643382615523,0.029605028212270623,Q2
3-day,TMUS,2024-01-23,early_rising_blue,3,0.09676781460597741,0.03828231823823918,3.4429339577483256,0.16304403211237123,-0.006952568644642554,False,MACD leads signal,-0.009649444240869776,0.025324905337730574,0.011909124221326506,,,,,,,,,,True,False,,,-0.007572981556125624,0.025955783559301282,0.011909124221326506,-0.011970196653230736,0.025955783559301282,0.011909124221326506,0.003664345914254241,0.027604739220715824,0.011909124221326506,Q4 steep
3-day,TMUS,2024-03-08,early_rising_blue,3,0.06932630251441158,0.027604147842506664,1.8325943230731885,0.0614597026493244,-0.06494220606245733,False,MACD leads signal,0.004695408256600864,0.005274711872675253,0.009817062015976541,,,,,,,,,,True,False,,,-0.013293493505701637,0.014147204097811006,0.009817062015976541,-0.020611012866638134,0.031404353924019746,0.009817062015976541,-0.017562046466247927,0.031404353924019746,0.009817062015976541,Q3
3-day,TMUS,2024-05-03,early_rising_blue,3,0.0593134733045347,0.021012279671265066,1.115300359567477,-0.030763792381898844,-0.13254034380302307,False,MACD leads signal,-0.014641555285540675,0.018165249088699764,0.0015188335358444771,,,,,,,,,,True,False,,,-0.0075941676792223856,0.018165249088699764,0.002369380315917491,-0.0036452004860266785,0.018165249088699764,0.002369380315917491,0.05151883353584452,0.018165249088699764,0.08426488456865133,Q1 weak
3-day,TMUS,2024-07-18,early_rising_blue,3,0.08403875895116303,0.024084119327896742,2.2943389996108943,0.16244923472356393,0.03688485582322625,True,MACD leads signal,-0.0013165834659059072,0.0019200175544461517,0.005211476219211253,,,,,,,,,,True,False,,,-0.03708376762301824,0.04640956717318545,0.005211476219211253,0.03549289593504845,0.04689615447912665,0.06295353557518246,0.07828185857699266,0.04689615447912665,0.08085303637061814,Q3
3-day,TMUS,2024-08-23,early_rising_blue,3,0.10632004946924159,0.041590703117096416,2.5603234945456665,0.23909246647630117,0.04406407132827352,True,MACD leads signal,0.009316144626850598,-0.0021150166179877417,0.010172222781750229,,,,,,,,,,True,False,,,0.0007050055393291732,0.00916507201128025,0.0337395508107563,-0.028099506496122584,0.030063450498539646,0.0337395508107563,0.004330748313022381,0.030063450498539646,0.03890119850941676,Q3
3-day,TMUS,2024-10-10,early_rising_blue,3,0.13712052979232306,0.04275155535334134,2.153838639434119,0.14875184592077262,-0.06602438975925384,False,MACD leads signal,0.007519508157956878,-0.0034050602979427413,0.011302908489004615,,,,,,,,,,True,False,,,0.05561598486639885,-0.0034050602979427413,0.05675100496571295,0.07051312366989837,-0.0034050602979427413,0.10929297706313545,0.11283991487349265,-0.0034050602979427413,0.11960983684086068,Q3
3-day,TMUS,2024-12-03,early_rising_blue,3,0.08017722929678144,0.02679713552135019,1.044374795858588,0.07639477777300283,-0.04951318029938676,False,MACD leads signal,-0.004370022462732215,0.011537676128241747,0.002879313865632005,,,,,,,,,,True,False,,,-0.04729426179293439,0.06844966305901568,0.002879313865632005,-0.09867265672860936,0.10591872575045946,0.002879313865632005,-0.10341025117418823,0.11051664284255669,0.002879313865632005,Q1 weak
3-day,TMUS,2025-02-04,early_rising_blue,3,0.08429757802201515,0.028478797239676418,1.272437521045533,-0.3047853787075247,-0.44800175371882717,False,MACD leads signal,0.03789251844046371,-0.001622760800843004,0.05584826132771337,,,,,,,,,,True,False,,,0.1173024236037934,-0.001622760800843004,0.12118018967334043,0.11001053740779776,-0.001622760800843004,0.14398314014752378,0.10832455216016856,-0.001622760800843004,0.16539515279241312,Q2
3-day,TMUS,2025-11-28,early_rising_blue,3,0.07204491002098193,0.03381701823456132,1.491113637029537,-0.33910702430617684,-0.48943570066343906,False,MACD leads signal,-0.011387014975359988,0.016458542653461583,0.00047844600736812737,,,,,,,,,,True,False,,,0.0029663652456819456,0.016458542653461583,0.013396488206306012,-0.06626477202047742,0.07176690110521033,0.013396488206306012,-0.03832352519018223,0.07176690110521033,0.013396488206306012,Q2
3-day,TMUS,2026-02-11,early_rising_blue,3,0.11993009227315292,0.04512786993247321,2.220228584705902,0.2662937389452536,0.052627192621130206,True,MACD leads signal,0.047532690655722076,-0.01582036842607626,0.05395151283764443,,,,,,,,,,True,False,,,0.028252362317457314,-0.011954758041424096,0.07039181063281474,0.017228214183449442,-0.011954758041424096,0.07258757277846706,0.037463014221628343,-0.00761620692946452,0.07258757277846706,Q3
3-day,TMUS,2026-05-29,early_rising_blue,3,0.01999123651491594,0.006519883578498531,0.42615499416920566,-0.2753123701956377,-0.306373476073872,False,MACD leads signal,0.006932224177464974,0.013437849944008984,0.008185357009545147,,,,,,,,,,True,False,,,-0.048525569242254596,0.07204127339625654,0.008185357009545147,0.008371993814322964,0.07204127339625654,0.011251533088039167,,,,Q1 weak
3-day,TMUS,2021-07-01,bearish_crossover,8,0.07241797242126585,0.0315333395300508,1.8137160072813083,0.07867535766055564,0.08107029866151189,True,MACD leads signal,0.006536397412962636,0.00013760836658871511,0.009426173111325209,,,,,,,,,,False,True,-0.035939386557770264,-0.0005987352502390547,0.004609880280721068,0.005710747213430678,0.01926517132241634,0.028003302600797975,0.005710747213430678,0.03343883308105133,-0.009082152194853421,0.02848493188385859,0.03343883308105133,Q3
3-day,TMUS,2022-01-06,bearish_crossover,25,0.07424751422505499,0.03759041674110559,2.0313307228252286,0.24650601868245753,0.2484531368349741,True,MACD and signal aligned,-0.05044561737475117,0.06074240719910007,-0.017565112053300913,,,,,,,,,,False,True,-0.05420819914863989,-0.00048677953812911734,-0.061001990135848394,0.09924720948342991,-0.017565112053300913,-0.12070606558795527,0.12165786968936565,-0.017565112053300913,0.04646534567794425,0.12165786968936565,0.060136713680020826,Q3
3-day,TMUS,2022-03-28,bearish_crossover,17,0.10441191541364393,0.043507806565865455,2.1679119744232445,0.5101958254388415,0.5148787686726259,True,MACD leads signal,0.014704719740690875,0.004031939283737795,0.023005771207210035,,,,,,,,,,False,True,-0.02655398097095696,-0.0011707358084460662,0.057079611036445765,0.004031939283737795,0.06609218120009497,0.03913352834216144,0.004031939283737795,0.06609218120009497,0.026484307059846612,0.013281682346430457,0.06846391019052889,Q3
3-day,TMUS,2022-04-14,bearish_crossover,3,0.023055369143018756,0.005424516080956565,0.5946465895853209,0.5145546564752426,0.5218190493174282,True,MACD leads signal,-0.016546329723225117,0.022262334536702788,-7.521058965120897e-05,,,,,,,,,,False,True,-0.022051158130823256,-0.0018160982105464019,-0.03256618531889299,0.04106498194945851,0.012484957882069825,-0.07385679903730447,0.07701564380264747,0.012484957882069825,-0.0498646209386282,0.09070397111913353,0.012484957882069825,Q1 weak
3-day,TMUS,2022-07-22,bearish_crossover,16,0.0792490254506216,0.02940314830883468,2.637087346553082,0.0605932962047126,0.09204072539832397,True,MACD leads signal,0.010794082125603843,0.005510265700482964,0.02272041062801944,,,,,,,,,,False,True,-0.04112568175660876,-0.00786185729840283,0.08537137681159424,0.005510265700482964,0.0877113526570048,0.09118357487922713,0.005510265700482964,0.09427838164251212,0.09133454106280214,0.005510265700482964,0.11473429951690828,Q4 steep
3-day,TMUS,2022-08-31,bearish_crossover,8,0.07905673785374537,0.029210122982136155,2.1131931656565435,0.11043312721780152,0.2039236488970861,True,MACD leads signal,-0.01375382050569618,0.01896360100027794,0.012572936926924072,,,,,,,,,,False,True,-0.12483363166191441,-0.023372630419821128,0.01208669074742974,0.020978049458182935,0.024798555154209367,-0.020422339538760714,0.04501250347318708,0.024798555154209367,-0.0680050013892749,0.09398444012225615,0.024798555154209367,Q3
3-day,TMUS,2022-12-09,bearish_crossover,16,0.08107873916580403,0.038043403528091706,3.1658277244125483,0.19881161101451622,0.24263732768090074,True,MACD leads signal,0.005580278307551145,0.009818464363918866,0.024087024087024123,,,,,,,,,,False,True,-0.09375888498883445,-0.010956429166596116,-0.008688281415554111,0.024510842692660906,0.024087024087024123,-0.015328106237197048,0.027159708977890773,0.024087024087024123,0.05728614819523914,0.0375079465988557,0.06356078265169174,Q4 steep
3-day,TMUS,2023-02-15,bearish_crossover,10,0.07518142507933152,0.030193320168291793,2.1127250092318053,0.027518684964074697,0.037975033807580216,True,MACD leads signal,0.012199254490003364,0.01545238902067092,0.012538122670281204,,,,,,,,,,False,True,-0.03972697603531006,-0.002614087210876373,-0.021280921721450463,0.03619112165367677,0.012538122670281204,-0.04337512707556768,0.05062690613351406,0.012538122670281204,-0.03456455438834305,0.057946458827516145,0.012538122670281204,Q3
3-day,TMUS,2023-05-04,bearish_crossover,8,0.071723588707958,0.02762010396218215,2.2899346984762317,-0.008416326050471656,0.0454849245810421,False,MACD leads signal,0.016282033130397888,0.0009910802775023875,0.01868894237576102,,,,,,,,,,False,True,-0.0890517145690117,-0.013475312657878435,0.020246354240407882,0.0019113691066118266,0.021591391759875567,-0.015786492991646583,0.03486478833356921,0.026051253008636532,-0.07128698853178528,0.11567393458870168,0.026051253008636532,Q3
3-day,TMUS,2023-08-04,bearish_crossover,15,0.08667954954157185,0.042796728063283065,3.6789554054368665,0.2655737852059148,0.27059671252970907,True,MACD leads signal,0.012332838038632943,-0.003046062407132233,0.022065378900445687,,,,,,,,,,False,True,-0.043070734157629964,-0.0012557318309485144,0.036404160475483005,-0.003046062407132233,0.039301634472511005,0.011441307578008875,-0.003046062407132233,0.039301634472511005,0.019910846953937744,0.023254086181277778,0.039821693907875266,Q4 steep
3-day,TMUS,2023-12-18,bearish_crossover,30,0.04709651548461279,0.029247305617338078,1.4783961938211976,0.6146360806785536,0.7425682393021311,True,MACD and signal aligned,-0.00851145526686281,0.01369512351209512,0.003087802380647764,,,,,,,,,,False,True,-0.21254907912794807,-0.03198303965589422,0.010751311916037398,0.015487008831434723,0.014463074363240791,0.036157685908101866,0.015487008831434723,0.04313323947267378,0.05126071931396403,0.015487008831434723,0.05650838346345832,Q2
3-day,TMUS,2024-02-02,bearish_crossover,6,0.10090852452429204,0.029940346160620895,3.6863801360889417,0.0024821710732641916,0.04558852346971387,True,MACD leads signal,0.0,0.01155890715786878,0.003585115589071597,,,,,,,,,,False,True,-0.0762549310589457,-0.010776588099112416,-0.0018543701322785155,0.015823958462109045,0.0069847941649152645,0.01094078378044272,0.015823958462109045,0.016812955865990853,0.01366052664111761,0.015823958462109045,0.04240326369143266,Q4 steep
3-day,TMUS,2024-03-22,bearish_crossover,7,0.0631781364627104,0.025426176405807674,1.6074672021729908,0.017554919209366193,0.03378268887356417,True,MACD leads signal,0.003050868563601039,0.004669696781022359,0.006973413859659994,,,,,,,,,,False,True,-0.06231063608305526,-0.004056942416049494,0.012826100491874604,0.004669696781022359,0.01948820123279993,0.0031131311873482392,0.004669696781022359,0.024319780835564186,0.010895959155718726,0.009152605690804005,0.024905049498785914,Q2
3-day,TMUS,2024-06-18,bearish_crossover,17,0.046481905700454094,0.02547014728928481,1.111754071817085,0.14444595351690634,0.1843967528481489,True,MACD and signal aligned,-0.004954675975451961,0.019649794493553308,0.007910590619897295,,,,,,,,,,False,True,-0.07378647522477816,-0.009987699832810615,-0.0010697595856090647,0.021620404256517123,0.007910590619897295,0.004785766567197758,0.021620404256517123,0.013456449524238412,0.026349867687630146,0.021620404256517123,0.043972749282134904,Q1 weak
3-day,TMUS,2024-07-30,bearish_crossover,6,0.07749969760329109,0.02284582997358147,1.901642667280239,0.01332665558232593,0.09567842287114767,True,MACD leads signal,0.07641423357664223,-0.008724908759123906,0.1049600821167882,,,,,,,,,,False,True,-0.12991806920648005,-0.020587941822205427,0.10407162408759119,-0.008724908759123906,0.10589644160583944,0.12049498175182483,-0.008724908759123906,0.12356694799270063,0.14096715328467146,-0.008724908759123906,0.17062043795620419,Q3
3-day,TMUS,2024-09-06,bearish_crossover,7,0.09710567992957761,0.04401975793453934,2.410385141042289,0.22129642198662136,0.23787458143309284,True,MACD leads signal,0.0181347150259068,-0.0013989637305700242,0.020191709844559647,,,,,,,,,,False,True,-0.1336282922513638,-0.004144539861617863,0.06658031088082894,-0.0013989637305700242,0.06893782383419689,0.0333678756476683,-0.0013989637305700242,0.06893782383419689,0.07943005181347162,-0.0013989637305700242,0.08849740932642503,Q4 steep
3-day,TMUS,2024-10-31,bearish_crossover,9,0.1217337747929697,0.05403386734572812,1.6022152653746828,0.1396152055919206,0.23230154207732476,True,MACD leads signal,0.0005377307761247341,0.0025094102885822034,0.0063685248252374205,,,,,,,,,,False,True,-0.1322380020718616,-0.023171584121351035,0.05444524108263127,0.0025094102885822034,0.06085992113281957,0.055789568022943214,0.0025094102885822034,0.08637300591503849,0.10656031546872202,0.0025094102885822034,0.11198243412798004,Q2
3-day,TMUS,2024-12-12,bearish_crossover,5,0.07617027462131852,0.019460404557694048,0.9652745055141978,-0.04867584916408559,-0.013958952103724082,False,MACD leads signal,-0.00570154756290997,0.010888669781798033,-0.0020148325974193027,,,,,,,,,,False,True,-0.09672545180678324,-0.008679224265090378,-0.05555793715437052,0.06636086937883146,0.00025721267201106457,-0.04394049813520817,0.06636086937883146,0.00025721267201106457,-0.0941827067346851,0.10665752132721751,0.00025721267201106457,Q1 weak
3-day,TMUS,2025-03-14,bearish_crossover,15,0.11543052201804874,0.06105480049457445,1.7219305377990795,0.29726448335885053,0.3713500502994814,True,MACD and signal aligned,0.018556137198218803,0.01191499335885604,0.02343933119774988,,,,,,,,,,False,True,-0.11543125072717653,-0.018521391735157655,0.011641534494882366,0.01191499335885604,0.02543167434955862,0.0349636690366435,0.01191499335885604,0.05801234471443073,0.026017657629502366,0.06770060160950064,0.06492694741776717,Q3
3-day,TMUS,2025-06-18,bearish_crossover,4,0.015451297017137974,0.0042344457647032485,0.8438038820073986,-0.23464431690313697,-0.22490450007876925,False,MACD leads signal,0.0023982985655459643,0.00040725824697951385,0.01000045250916326,,,,,,,,,,False,True,-0.022344391647858203,-0.002434954206091966,0.06452780668808544,0.00040725824697951385,0.0694601565681705,0.08941581067016613,0.00040725824697951385,0.10086429250192319,0.028146069957916575,0.00040725824697951385,0.10086429250192319,Q1 weak
3-day,TMUS,2025-09-12,bearish_crossover,23,0.04964463967297095,0.028348660869361303,3.047031811843794,0.2628024013281493,0.2834223422844322,True,MACD and signal aligned,-0.009391030944894907,0.02304319046831038,0.010425285454244593,,,,,,,,,,False,True,-0.04887039058224041,-0.0051549852390707085,-0.009225550223398882,0.02879364554029462,0.010425285454244593,-0.015555187820618821,0.02879364554029462,0.010425285454244593,-0.050885321860003385,0.08050637100777758,0.010425285454244593,Q4 steep
3-day,TMUS,2026-01-21,bearish_crossover,20,0.06033463467749374,0.03652506287609307,1.2299897519116723,-0.020267658110393383,0.061898035339667146,False,MACD and signal aligned,0.013235294117647012,-0.0008169934640522847,0.018191721132897687,,,,,,,,,,False,True,-0.10365179989596471,-0.020541423362515132,0.07412854030501093,0.0018518518518518823,0.07472766884531601,0.09945533769063197,0.0018518518518518823,0.11557734204793024,0.17352941176470593,0.0018518518518518823,0.22162254901960776,Q1 weak
3-day,TMUS,2026-03-19,bearish_crossover,14,0.10809266802372991,0.053129908752190154,2.294493989758638,0.5288418363979936,0.5429524793180791,True,MACD leads signal,0.009100150055665779,0.0026622779418171705,0.01534440195556419,,,,,,,,,,False,True,-0.04092285400840168,-0.003527660730021309,0.020475337625248002,0.004259644706907428,0.035964954741275035,-0.025122222760056157,0.03823999225519148,0.047243332203882105,-0.043177307710925095,0.09095309550317054,0.047243332203882105,Q3
3-day,TMUS,2026-06-11,bearish_crossover,6,0.01829088881699678,0.0058440097222519916,0.5108534130845092,-0.29832072386704883,-0.2917850416393174,False,MACD leads signal,0.017651490689915006,0.008179959100204415,0.020557528791303348,,,,,,,,,,True,False,-0.009357425055114499,-0.0016339205569328996,,,,,,,,,,Q1 weak
3-day,USAR,2025-06-16,early_rising_blue,3,0.06210322971003176,0.020708345035488802,6.341884481669132,0.08352811939026986,-0.01944866041936552,False,MACD leads signal,-0.0930565497494632,0.16249105225483185,-0.006592698639942718,,,,,,,,,,True,False,,,-0.1145311381531855,0.1753758052970652,-0.006592698639942718,-0.24624194702934865,0.271295633500358,-0.006592698639942718,0.020758768790264837,0.33285612025769507,0.1782390837508947,Q4 steep
3-day,USAR,2025-08-01,early_rising_blue,3,0.01472417544196702,0.005623892462971402,0.6873153058373822,0.04013373958930959,0.01308227544447288,True,MACD leads signal,-0.035150645624103305,0.04734576757532283,0.10545193687230991,,,,,,,,,,True,False,,,0.36585365853658525,0.04734576757532283,0.4119081779053084,0.1262553802008608,0.04734576757532283,0.4119081779053084,0.0014347202295552641,0.04734576757532283,0.4119081779053084,Q1 weak
3-day,USAR,2025-10-03,early_rising_blue,3,0.07389644111254265,0.02152200259550467,2.5311270656462086,0.17182259559442992,0.05950297632936869,True,MACD leads signal,0.04083204930662543,0.03197226502311257,0.19106317411402163,,,,,,,,,,True,False,,,0.44626348228043144,0.03197226502311257,0.6941448382126347,0.21687211093990744,0.03197226502311257,0.6941448382126347,-0.37037750385208024,0.39406779661016944,0.6941448382126347,Q3
3-day,USAR,2025-12-12,early_rising_blue,3,0.04335073201180195,0.017102434197462657,1.429231765415201,-0.28726536388662205,-0.3676044655890056,False,MACD leads signal,-0.11971830985915488,0.14319248826291076,0.022887323943661997,,,,,,,,,,True,False,,,-0.176056338028169,0.22288732394366184,0.022887323943661997,-0.2071596244131455,0.23708920187793425,0.022887323943661997,0.04107981220657275,0.3119424882629107,0.08039906103286398,Q2
3-day,USAR,2026-04-24,early_rising_blue,3,0.05524236083400047,0.01855812602923747,2.168196820475961,0.12797738068748915,0.035514182827999015,True,MACD leads signal,0.07548032936871008,0.010064043915827936,0.08737419945105218,,,,,,,,,,True,False,,,0.20448307410795974,0.018298261665141702,0.222323879231473,0.23330283623055825,0.018298261665141702,0.3124290942360475,0.15736505032021975,0.11413540713632209,0.3124290942360475,Q3
3-day,USAR,2025-07-03,bearish_crossover,8,0.05195855088412167,0.022262615597578958,2.232602787409397,0.10111995714390745,0.10566443375976552,True,MACD leads signal,-0.03222557905337364,0.061430010070493424,-0.014098690835851024,,,,,,,,,,False,True,-0.048619353159644996,-0.0011361191539645127,0.0785498489425982,0.061430010070493424,0.17925478348439094,0.47230614300100693,0.061430010070493424,0.6576032225579054,0.40382678751258805,0.061430010070493424,0.6576032225579054,Q3
3-day,USAR,2025-09-05,bearish_crossover,13,0.028602622923220265,0.013457578420882221,1.018489323231262,0.15306449298798105,0.18021444301195114,True,MACD leads signal,-0.024531024531024515,0.038239538239538184,-0.0010822510822510178,,,,,,,,,,False,True,-0.04399488397917464,-0.006787487505992507,0.01443001443001446,0.038239538239538184,0.08152958152958156,0.1724386724386724,0.038239538239538184,0.19696969696969702,0.8730158730158732,0.038239538239538184,1.0382395382395382,Q1 weak
3-day,USAR,2025-10-23,bearish_crossover,8,0.07421445207191173,0.031271667448592964,2.3881874268825936,0.2112983401243832,0.2501395423505453,True,MACD leads signal,-0.01995841995841996,0.022869022869022926,0.05945945945945952,,,,,,,,,,False,True,-0.11907890986155212,-0.009710300556540485,-0.19126819126819128,0.21621621621621623,0.05945945945945952,-0.27817047817047824,0.38253638253638256,0.05945945945945952,-0.49106029106029103,0.5201247401247402,0.05945945945945952,Q4 steep
3-day,USAR,2026-02-17,bearish_crossover,24,0.05409424351871251,0.02961689585480487,1.614473265249752,0.20460691222539548,0.20818476735094063,True,MACD and signal aligned,-0.09411146161934802,0.11566771819137744,0.01629863301787582,,,,,,,,,,False,True,-0.040622225827548875,-0.0008944637813862732,0.05835962145110418,0.11566771819137744,0.09095688748685604,-0.005783385909568839,0.11566771819137744,0.10725552050473186,-0.06361724500525767,0.11566771819137744,0.12749737118822302,Q2
3-day,USAR,2026-04-02,bearish_crossover,3,0.01159314085415413,0.002523884688390096,0.41711905902776814,0.0030091669078388204,0.006906335208297512,True,MACD leads signal,-0.04020100502512569,0.05276381909547734,0.015075376884422065,,,,,,,,,,False,True,-0.009901261805827507,-0.0009742920751146722,0.014447236180904488,0.10678391959798994,0.14006909547738688,0.2531407035175879,0.10678391959798994,0.31155778894472363,0.653894472361809,0.10678391959798994,0.6783919597989949,Q1 weak
3-day,USAR,2026-05-22,bearish_crossover,12,0.06379031318599818,0.0343142607465166,1.9422221401072954,0.32539655322185407,0.37203143730809185,True,MACD and signal aligned,0.05533596837944654,-0.0007905138339920903,0.13122529644268766,,,,,,,,,,False,True,-0.06867319944998268,-0.011658721021559404,0.2134387351778655,-0.0007905138339920903,0.24861660079051373,-0.12213438735177862,0.1264822134387351,0.2964426877470354,,,,Q3
