Name,Symbol,Side,Status,Filled,Total Qty,Price,Avg Price,Time-in-Force,Placed Time,Filled Time
IREN260522C00051000,IREN260522C00051000,Buy,Filled,3,3,@6.59,6.59,DAY,05/15/2026 09:57:29 EDT,05/15/2026 09:57:29 EDT
INTC260605P00091000,INTC260605P00091000,Sell,Cancelled,0,5,@2.16,,DAY,05/15/2026 09:55:27 EDT,
QCOM260529C00232500,QCOM260529C00232500,Buy,Cancelled,0,3,@4.3,,DAY,05/15/2026 09:53:23 EDT,
NVTS260522C00018000,NVTS260522C00018000,Sell,Filled,6,6,@2.5383,2.5383,DAY,05/15/2026 09:48:39 EDT,05/15/2026 09:48:40 EDT
IREN260522C00051000,IREN260522C00051000,Sell,Filled,3,3,@5.5,5.5,DAY,05/15/2026 09:47:49 EDT,05/15/2026 09:47:54 EDT
INTC260605P00091000,INTC260605P00091000,Buy,Filled,5,5,@2.32,2.32,DAY,05/15/2026 09:47:32 EDT,05/15/2026 09:47:59 EDT
QCOM260529C00232500,QCOM260529C00232500,Sell,Filled,3,3,@4.25,4.25,DAY,05/15/2026 09:47:24 EDT,05/15/2026 09:47:59 EDT
QQQ260522P00699000,QQQ260522P00699000,Sell,Filled,2,2,@6.12,6.12,DAY,05/15/2026 09:43:56 EDT,05/15/2026 09:44:00 EDT
HPE260515C00036000,HPE260515C00036000,Sell,Pending,0,20,@0.09,,DAY,05/15/2026 09:39:50 EDT,
BABA260515C00145000,BABA260515C00145000,Sell,Filled,4,4,@0.01,0.01,DAY,05/15/2026 09:39:43 EDT,05/15/2026 09:39:43 EDT
LAC260618C00007500,LAC260618C00007500,Sell,Filled,30,30,@0.08,0.08,DAY,05/15/2026 09:38:59 EDT,05/15/2026 09:39:31 EDT
F260522C00016000,F260522C00016000,Sell,Filled,30,30,@0.03,0.03,DAY,05/15/2026 09:38:51 EDT,05/15/2026 09:39:35 EDT
INTC260605P00091000,INTC260605P00091000,Buy,Filled,5,5,@2.03,2.03,DAY,05/15/2026 09:36:42 EDT,05/15/2026 09:37:13 EDT
IREN260618C00080000,IREN260618C00080000,Sell,Filled,4,4,@1.86,1.86,DAY,05/15/2026 09:33:22 EDT,05/15/2026 09:33:25 EDT
BABA260618C00165000,BABA260618C00165000,Sell,Filled,5,5,@0.96,0.96,DAY,05/15/2026 09:32:13 EDT,05/15/2026 09:32:13 EDT
QQQ260522P00699000,QQQ260522P00699000,Buy,Filled,2,2,@6.09,6.09,DAY,05/15/2026 09:31:42 EDT,05/15/2026 09:31:42 EDT
QCOM260529C00232500,QCOM260529C00232500,Buy,Filled,3,3,@4.56,4.56,DAY,05/15/2026 09:30:41 EDT,05/15/2026 09:31:02 EDT
COIN260618C00300000,COIN260618C00300000,Sell,Filled,2,2,@4.1,4.1,DAY,05/14/2026 13:10:10 EDT,05/14/2026 13:10:17 EDT
COIN260618C00300000,COIN260618C00300000,Buy,Filled,2,2,@4.39,4.39,DAY,05/14/2026 13:08:25 EDT,05/14/2026 13:08:25 EDT
NVTS260618C00027000,NVTS260618C00027000,Sell,Filled,5,5,@2.67,2.67,DAY,05/14/2026 13:04:05 EDT,05/14/2026 13:04:12 EDT
HPE260515C00036000,HPE260515C00036000,Sell,Cancelled,0,20,@0.07,,DAY,05/14/2026 12:28:25 EDT,
BABA260618C00165000,BABA260618C00165000,Buy,Filled,5,5,@2.24,2.24,DAY,05/14/2026 12:02:24 EDT,05/14/2026 12:02:24 EDT
BABA260515C00145000,BABA260515C00145000,Sell,Cancelled,0,4,@1.3,,DAY,05/14/2026 11:40:07 EDT,
NVTS260618C00027000,NVTS260618C00027000,Buy,Filled,5,5,@2.94,2.94,DAY,05/14/2026 11:24:55 EDT,05/14/2026 11:24:55 EDT
ORCL260515C00210000,ORCL260515C00210000,Sell,Filled,5,5,@0.95,0.95,DAY,05/14/2026 11:24:25 EDT,05/14/2026 11:24:25 EDT
HPE260515C00036000,HPE260515C00036000,Buy,Filled,20,20,@0.18,0.18,DAY,05/14/2026 11:21:21 EDT,05/14/2026 11:21:21 EDT
QCOM260515P00190000,QCOM260515P00190000,Sell,Filled,5,5,@0.87,0.87,DAY,05/14/2026 11:16:39 EDT,05/14/2026 11:16:49 EDT
ORCL260515C00210000,ORCL260515C00210000,Buy,Filled,1,1,@1.23,1.23,DAY,05/14/2026 11:16:26 EDT,05/14/2026 11:16:26 EDT
ORCL260515C00210000,ORCL260515C00210000,Buy,Filled,1,1,@1.2,1.2,DAY,05/14/2026 11:16:23 EDT,05/14/2026 11:16:31 EDT
ORCL260515C00210000,ORCL260515C00210000,Buy,Filled,3,3,@1.08,1.08,DAY,05/14/2026 11:15:23 EDT,05/14/2026 11:15:23 EDT
IREN260618C00080000,IREN260618C00080000,Buy,Filled,4,4,@2.73,2.73,DAY,05/14/2026 10:37:25 EDT,05/14/2026 10:37:25 EDT
BABA260515C00145000,BABA260515C00145000,Buy,Filled,4,4,@1.27,1.27,DAY,05/14/2026 10:20:56 EDT,05/14/2026 10:20:57 EDT
QCOM260515P00190000,QCOM260515P00190000,Buy,Filled,1,1,@1.16,1.16,DAY,05/14/2026 10:09:32 EDT,05/14/2026 10:09:34 EDT
F260515C00014500,F260515C00014500,Sell,Filled,15,15,@0.43,0.43,DAY,05/14/2026 10:05:41 EDT,05/14/2026 10:05:41 EDT
F260522C00016000,F260522C00016000,Buy,Filled,30,30,@0.18,0.18,DAY,05/14/2026 10:02:59 EDT,05/14/2026 10:02:59 EDT
HPE260515C00035000,HPE260515C00035000,Sell,Filled,10,10,@0.13,0.13,DAY,05/14/2026 10:00:10 EDT,05/14/2026 10:00:10 EDT
NVTS260515C00029000,NVTS260515C00029000,Sell,Filled,10,10,@0.04,0.04,DAY,05/14/2026 09:58:32 EDT,05/14/2026 09:58:58 EDT
MRVL260515C00200000,MRVL260515C00200000,Sell,Filled,2,2,@2.13,2.13,DAY,05/14/2026 09:57:30 EDT,05/14/2026 09:57:30 EDT
MRVL260515C00200000,MRVL260515C00200000,Buy,Filled,2,2,@2.47,2.47,DAY,05/14/2026 09:54:44 EDT,05/14/2026 09:54:44 EDT
F260515C00014500,F260515C00014500,Buy,Filled,15,15,@0.26,0.26,DAY,05/14/2026 09:52:16 EDT,05/14/2026 09:52:16 EDT
IREN260515C00059000,IREN260515C00059000,Sell,Filled,5,5,@1.28,1.28,DAY,05/14/2026 09:50:40 EDT,05/14/2026 09:50:43 EDT
NVDA260515C00240000,NVDA260515C00240000,Sell,Filled,5,5,@0.85,0.85,DAY,05/14/2026 09:39:32 EDT,05/14/2026 09:39:32 EDT
HPE260515C00035000,HPE260515C00035000,Buy,Filled,10,10,@0.47,0.47,DAY,05/14/2026 09:39:25 EDT,05/14/2026 09:39:25 EDT
SOXS260515C00012000,SOXS260515C00012000,Sell,Filled,75,75,@0.02,0.02,DAY,05/14/2026 09:36:03 EDT,05/14/2026 09:36:03 EDT
ORCL260522C00205000,ORCL260522C00205000,Sell,Filled,2,2,@1.63,1.63,DAY,05/14/2026 09:33:54 EDT,05/14/2026 09:34:07 EDT
IREN260515C00059000,IREN260515C00059000,Buy,Filled,5,5,@0.91,0.91,DAY,05/14/2026 09:33:32 EDT,05/14/2026 09:33:32 EDT
NVTS260515C00026000,NVTS260515C00026000,Sell,Filled,10,10,@0.14,0.14,DAY,05/14/2026 09:32:51 EDT,05/14/2026 09:32:51 EDT
NVDA260515C00240000,NVDA260515C00240000,Buy,Filled,5,5,@1.02,1.02,DAY,05/14/2026 09:32:32 EDT,05/14/2026 09:32:32 EDT
BABA260522C00155000,BABA260522C00155000,Sell,Filled,2,2,@0.98,0.98,DAY,05/14/2026 09:31:16 EDT,05/14/2026 09:31:16 EDT
BABA260522C00155000,BABA260522C00155000,Buy,Filled,2,2,@2.45,2.45,DAY,05/13/2026 15:53:43 EDT,05/13/2026 15:53:43 EDT
ORCL260522C00205000,ORCL260522C00205000,Buy,Filled,2,2,@2.51,2.51,DAY,05/13/2026 15:49:07 EDT,05/13/2026 15:49:07 EDT
BABA260515C00152500,BABA260515C00152500,Sell,Filled,2,2,@1.45,1.45,DAY,05/13/2026 15:34:08 EDT,05/13/2026 15:34:25 EDT
BABA260618C00155000,BABA260618C00155000,Sell,Filled,3,3,@5.6,5.6,DAY,05/13/2026 15:33:53 EDT,05/13/2026 15:33:53 EDT
NVTS260618C00030000,NVTS260618C00030000,Sell,Filled,10,10,@1.48,1.48,DAY,05/13/2026 15:33:47 EDT,05/13/2026 15:33:47 EDT
BABA260515C00152500,BABA260515C00152500,Buy,Filled,2,2,@1.49,1.49,DAY,05/13/2026 14:39:23 EDT,05/13/2026 14:39:23 EDT
NVTS260515C00029000,NVTS260515C00029000,Buy,Filled,10,10,@0.09,0.09,DAY,05/13/2026 12:25:52 EDT,05/13/2026 12:25:52 EDT
NVTS260515C00026000,NVTS260515C00026000,Buy,Filled,10,10,@0.21,0.21,DAY,05/13/2026 12:25:08 EDT,05/13/2026 12:25:09 EDT
NOK260618C00018000,NOK260618C00018000,Buy,Filled,6,6,@0.52,0.52,DAY,05/13/2026 12:13:16 EDT,05/13/2026 12:13:27 EDT
NOK260618C00018000,NOK260618C00018000,Buy,Filled,10,10,@0.52,0.52,DAY,05/13/2026 12:12:31 EDT,05/13/2026 12:13:02 EDT
CIFR260522C00022000,CIFR260522C00022000,Sell,Filled,5,5,@1.1,1.1,DAY,05/13/2026 12:12:20 EDT,05/13/2026 12:12:20 EDT
NOK260618C00022000,NOK260618C00022000,Buy,Filled,50,50,@0.24,0.24,DAY,05/13/2026 12:10:51 EDT,05/13/2026 12:10:51 EDT
NTR260717C00080000,NTR260717C00080000,Sell,Filled,10,10,@1.262,1.262,DAY,05/13/2026 12:10:14 EDT,05/13/2026 12:10:14 EDT
QQQ260513P00700000,QQQ260513P00700000,Sell,Filled,2,2,@0.09,0.09,DAY,05/13/2026 12:02:17 EDT,05/13/2026 12:02:17 EDT
CIFR260522C00022000,CIFR260522C00022000,Buy,Filled,5,5,@1.09,1.09,DAY,05/13/2026 12:00:01 EDT,05/13/2026 12:00:01 EDT
BABA260618C00160000,BABA260618C00160000,Sell,Filled,3,3,@3.4,3.4,DAY,05/13/2026 11:59:37 EDT,05/13/2026 11:59:45 EDT
BABA260515C00146000,BABA260515C00146000,Sell,Filled,2,2,@2.05,2.05,DAY,05/13/2026 11:53:47 EDT,05/13/2026 11:53:47 EDT
SLV260618C00083000,SLV260618C00083000,Buy,Filled,5,5,@5.1,5.1,DAY,05/13/2026 10:47:44 EDT,05/13/2026 10:47:52 EDT
MSTR260618P00175000,MSTR260618P00175000,Sell,Filled,1,1,@12.05,12.05,DAY,05/13/2026 10:06:17 EDT,05/13/2026 10:06:17 EDT
BABA260515C00146000,BABA260515C00146000,Buy,Filled,2,2,@2.48,2.48,DAY,05/13/2026 09:55:19 EDT,05/13/2026 09:55:27 EDT
BABA260618C00160000,BABA260618C00160000,Buy,Filled,3,3,@3.05,3.05,DAY,05/13/2026 09:54:06 EDT,05/13/2026 09:54:16 EDT
BABA260618C00155000,BABA260618C00155000,Buy,Filled,3,3,@3.6,3.6,DAY,05/13/2026 09:52:07 EDT,05/13/2026 09:52:07 EDT
LAC260618C00007500,LAC260618C00007500,Sell,Cancelled,0,30,@0.14,,DAY,05/13/2026 09:49:45 EDT,
QQQ260513P00700000,QQQ260513P00700000,Buy,Filled,2,2,@1.01,1.01,DAY,05/13/2026 09:49:00 EDT,05/13/2026 09:49:01 EDT
NVTS260618C00030000,NVTS260618C00030000,Buy,Filled,10,10,@1.36,1.36,DAY,05/13/2026 09:41:35 EDT,05/13/2026 09:41:49 EDT
SLV260618C00083000,SLV260618C00083000,Sell,Filled,5,5,@4.45,4.45,DAY,05/13/2026 09:40:31 EDT,05/13/2026 09:40:43 EDT
SLV260717C00115000,SLV260717C00115000,Sell,Filled,10,10,@1.82,1.82,DAY,05/13/2026 09:40:25 EDT,05/13/2026 09:40:34 EDT
QQQ260519P00670000,QQQ260519P00670000,Sell,Filled,1,1,@0.6,0.6,DAY,05/13/2026 09:36:24 EDT,05/13/2026 09:36:24 EDT
USO260513P00110000,USO260513P00110000,Sell,Cancelled,0,50,@0.02,,DAY,05/13/2026 09:36:18 EDT,
OKLO260618C00110000,OKLO260618C00110000,Sell,Filled,1,1,@1.56,1.56,DAY,05/13/2026 09:32:51 EDT,05/13/2026 09:38:06 EDT
NTR260717C00080000,NTR260717C00080000,Buy,Filled,10,10,@1.55,1.55,DAY,05/13/2026 09:32:43 EDT,05/13/2026 09:33:00 EDT
SLV260821C00120000,SLV260821C00120000,Buy,Filled,8,8,@2.9263,2.9263,DAY,05/12/2026 15:47:06 EDT,05/12/2026 15:47:06 EDT
OKLO260618C00110000,OKLO260618C00110000,Sell,Filled,2,2,@2.25,2.25,DAY,05/12/2026 15:32:54 EDT,05/12/2026 15:32:55 EDT
SLV260717C00115000,SLV260717C00115000,Buy,Filled,10,10,@1.88,1.88,DAY,05/12/2026 15:32:10 EDT,05/12/2026 15:32:10 EDT
OKLO260618C00110000,OKLO260618C00110000,Buy,Filled,3,3,@2.14,2.14,DAY,05/12/2026 13:34:21 EDT,05/12/2026 13:34:21 EDT
QQQ260515P00688000,QQQ260515P00688000,Sell,Filled,3,3,@2.5,2.5,DAY,05/12/2026 12:36:26 EDT,05/12/2026 12:36:31 EDT
QQQ260515P00688000,QQQ260515P00688000,Sell,Cancelled,0,2,@1.5,,DAY,05/12/2026 11:58:17 EDT,
SLV260717C00115000,SLV260717C00115000,Sell,Filled,10,10,@1.37,1.37,DAY,05/12/2026 11:42:25 EDT,05/12/2026 11:42:33 EDT
QQQ260519P00670000,QQQ260519P00670000,Buy,Filled,1,1,@1.48,1.48,DAY,05/12/2026 11:30:58 EDT,05/12/2026 11:30:58 EDT
QCOM260515P00190000,QCOM260515P00190000,Buy,Filled,4,4,@1.24,1.24,DAY,05/12/2026 10:51:45 EDT,05/12/2026 10:51:52 EDT
MU260515P00690000,MU260515P00690000,Sell,Filled,1,1,@8.25,8.25,DAY,05/12/2026 10:38:50 EDT,05/12/2026 10:38:50 EDT
MU260515P00690000,MU260515P00690000,Buy,Filled,1,1,@9.9,9.9,DAY,05/12/2026 10:34:27 EDT,05/12/2026 10:34:31 EDT
NXT260618C00145000,NXT260618C00145000,Sell,Filled,1,1,@5.8,5.8,DAY,05/12/2026 10:33:01 EDT,05/12/2026 10:33:11 EDT
UAL260515P00065000,UAL260515P00065000,Sell,Cancelled,0,75,@0.01,,DAY,05/12/2026 10:06:13 EDT,
NVTS260618C00022000,NVTS260618C00022000,Sell,Filled,5,5,@2.84,2.84,DAY,05/12/2026 10:05:37 EDT,05/12/2026 10:05:37 EDT
MSTR260618P00175000,MSTR260618P00175000,Buy,Filled,1,1,@10.25,10.25,DAY,05/12/2026 10:01:19 EDT,05/12/2026 10:01:19 EDT
ASTS260515C00097000,ASTS260515C00097000,Sell,Filled,1,1,@0.25,0.25,DAY,05/12/2026 09:44:36 EDT,05/12/2026 09:44:36 EDT
NXT260618C00145000,NXT260618C00145000,Sell,Filled,1,1,@5.1,5.1,DAY,05/12/2026 09:42:15 EDT,05/12/2026 09:42:15 EDT
SLV260717C00115000,SLV260717C00115000,Buy,Filled,10,10,@1.96,1.96,DAY,05/11/2026 15:24:40 EDT,05/11/2026 15:24:40 EDT
QQQ260515P00688000,QQQ260515P00688000,Buy,Filled,3,3,@1.16,1.16,DAY,05/11/2026 15:04:42 EDT,05/11/2026 15:04:42 EDT
NVTS260618C00025000,NVTS260618C00025000,Sell,Filled,5,5,@3.7,3.7,DAY,05/11/2026 14:54:19 EDT,05/11/2026 14:54:19 EDT
SLV260717C00115000,SLV260717C00115000,Sell,Filled,10,10,@1.92,1.92,DAY,05/11/2026 14:53:44 EDT,05/11/2026 14:53:44 EDT
ASTS260515C00097000,ASTS260515C00097000,Buy,Filled,1,1,@3.3,3.3,DAY,05/11/2026 14:49:15 EDT,05/11/2026 14:49:16 EDT
USO260513P00110000,USO260513P00110000,Buy,Filled,50,50,@0.03,0.03,DAY,05/11/2026 14:33:49 EDT,05/11/2026 14:34:07 EDT
CRCL260515C00128000,CRCL260515C00128000,Sell,Filled,1,1,@10.2,10.2,DAY,05/11/2026 14:32:14 EDT,05/11/2026 14:32:15 EDT
SLV260717C00115000,SLV260717C00115000,Buy,Filled,10,10,@1.91,1.91,DAY,05/11/2026 14:32:03 EDT,05/11/2026 14:32:03 EDT
CRCL260515C00128000,CRCL260515C00128000,Sell,Cancelled,0,1,@6,,DAY,05/11/2026 13:06:49 EDT,
NXT260618C00145000,NXT260618C00145000,Buy,Filled,2,2,@10.2,10.2,DAY,05/11/2026 13:00:32 EDT,05/11/2026 13:00:33 EDT
SOXS260515C00012000,SOXS260515C00012000,Buy,Filled,75,75,@0.06,0.06,DAY,05/11/2026 11:13:41 EDT,05/11/2026 11:13:41 EDT
NVTS260618C00025000,NVTS260618C00025000,Sell,Cancelled,0,5,@2.5,,GTC,05/11/2026 11:08:10 EDT,
NVTS260618C00022000,NVTS260618C00022000,Sell,Cancelled,0,5,@3,,DAY,05/11/2026 11:07:43 EDT,
SLV260618C00083000,SLV260618C00083000,Buy,Filled,2,2,@4.05,4.05,DAY,05/11/2026 11:07:11 EDT,05/11/2026 11:07:11 EDT
CRCL260515C00128000,CRCL260515C00128000,Buy,Filled,1,1,@5.2,5.2,DAY,05/11/2026 11:05:21 EDT,05/11/2026 11:05:41 EDT
SLV260618C00083000,SLV260618C00083000,Buy,Filled,3,3,@3.93,3.93,DAY,05/11/2026 10:18:22 EDT,05/11/2026 10:18:22 EDT
LAC260618C00007500,LAC260618C00007500,Buy,Filled,30,30,@0.18,0.18,DAY,05/11/2026 09:43:23 EDT,05/11/2026 09:43:23 EDT
NVTS260618C00025000,NVTS260618C00025000,Buy,Filled,5,5,@2.82,2.82,DAY,05/11/2026 09:39:12 EDT,05/11/2026 09:39:12 EDT
MU260522C00980000,MU260522C00980000,Sell,Filled,2,2,@15.64,15.64,DAY,05/11/2026 09:37:22 EDT,05/11/2026 09:37:22 EDT
MU260522C00980000,MU260522C00980000,Sell,Filled,1,1,@15,15,DAY,05/11/2026 09:36:15 EDT,05/11/2026 09:36:16 EDT
NVTS260618C00022000,NVTS260618C00022000,Buy,Filled,5,5,@2.59,2.59,DAY,05/11/2026 09:31:31 EDT,05/11/2026 09:31:53 EDT
BABA260618C00165000,BABA260618C00165000,Sell,Filled,3,3,@2.53,2.53,DAY,05/08/2026 14:52:25 EDT,05/08/2026 14:52:25 EDT
IREN260717C00080000,IREN260717C00080000,Sell,Filled,5,5,@5.45,5.45,DAY,05/08/2026 14:52:15 EDT,05/08/2026 14:52:15 EDT
MU260522C00980000,MU260522C00980000,Buy,Filled,3,3,@5.7,5.7,DAY,05/08/2026 13:15:40 EDT,05/08/2026 13:15:41 EDT
IREN260717C00080000,IREN260717C00080000,Buy,Filled,5,5,@5.1,5.1,DAY,05/08/2026 12:14:58 EDT,05/08/2026 12:14:58 EDT
BABA260618C00165000,BABA260618C00165000,Sell,Filled,3,3,@2.8,2.8,DAY,05/08/2026 10:08:42 EDT,05/08/2026 10:08:42 EDT
QCOM260508C00230000,QCOM260508C00230000,Sell,Filled,4,4,@0.63,0.63,DAY,05/08/2026 10:08:10 EDT,05/08/2026 10:08:10 EDT
QCOM260508C00230000,QCOM260508C00230000,Buy,Filled,4,4,@0.85,0.85,DAY,05/08/2026 09:59:01 EDT,05/08/2026 09:59:01 EDT
IREN260717C00080000,IREN260717C00080000,Sell,Filled,3,3,@4.74,4.74,DAY,05/08/2026 09:43:28 EDT,05/08/2026 09:43:28 EDT
IREN260508C00069000,IREN260508C00069000,Sell,Filled,3,3,@0.18,0.18,DAY,05/08/2026 09:40:29 EDT,05/08/2026 09:40:30 EDT
BABA260618C00165000,BABA260618C00165000,Buy,Filled,6,6,@3.35,3.35,DAY,05/08/2026 09:36:29 EDT,05/08/2026 09:36:36 EDT
ARM260529P00190000,ARM260529P00190000,Sell,Filled,6,6,@4.5,4.5,DAY,05/08/2026 09:35:29 EDT,05/08/2026 09:35:29 EDT
IREN260717C00080000,IREN260717C00080000,Buy,Filled,3,3,@6.55,6.55,DAY,05/08/2026 09:32:01 EDT,05/08/2026 09:32:01 EDT
IREN260508C00069000,IREN260508C00069000,Buy,Filled,3,3,@0.86,0.86,DAY,05/08/2026 09:31:40 EDT,05/08/2026 09:31:40 EDT
IMSR260821C00007500,IMSR260821C00007500,Sell,Filled,10,10,@1.75,1.75,DAY,05/07/2026 15:24:30 EDT,05/07/2026 15:24:34 EDT
IREN260508P00050000,IREN260508P00050000,Buy,Filled,3,3,@1.21,1.21,DAY,05/07/2026 15:15:52 EDT,05/07/2026 15:15:53 EDT
IREN260508P00037500,IREN260508P00037500,Buy,Filled,11,11,@0.11,0.11,DAY,05/07/2026 13:31:01 EDT,05/07/2026 13:31:01 EDT
MSTR260618P00170000,MSTR260618P00170000,Sell,Filled,3,3,@8.8,8.8,GTC,05/07/2026 13:17:33 EDT,05/08/2026 13:47:45 EDT
ARM260529P00190000,ARM260529P00190000,Sell,Cancelled,0,6,@4.5,,GTC,05/07/2026 13:16:41 EDT,
ARM260529P00190000,ARM260529P00190000,Sell,Failed,0,6,@500,,GTC,05/07/2026 13:16:41 EDT,
ARM260529P00190000,ARM260529P00190000,Buy,Filled,2,2,@5.75,5.75,DAY,05/07/2026 13:15:36 EDT,05/07/2026 13:16:14 EDT
MSTR260618P00170000,MSTR260618P00170000,Sell,Failed,0,3,@122000,,DAY,05/07/2026 13:15:13 EDT,
MSTR260618P00170000,MSTR260618P00170000,Sell,Cancelled,0,3,@9,,DAY,05/07/2026 13:15:13 EDT,
MSTR260618P00170000,MSTR260618P00170000,Buy,Filled,1,1,@12.15,12.15,DAY,05/07/2026 13:14:40 EDT,05/07/2026 13:14:40 EDT
ARM260529P00190000,ARM260529P00190000,Buy,Filled,4,4,@5.27,5.27,DAY,05/07/2026 12:33:43 EDT,05/07/2026 12:33:43 EDT
MU260618P00500000,MU260618P00500000,Sell,Filled,1,1,@15.75,15.75,DAY,05/07/2026 12:32:55 EDT,05/07/2026 12:33:12 EDT
IREN260717C00070000,IREN260717C00070000,Sell,Filled,7,7,@6.7,6.7,DAY,05/07/2026 12:14:58 EDT,05/07/2026 12:15:14 EDT
MU260618P00500000,MU260618P00500000,Buy,Filled,1,1,@15.73,15.73,DAY,05/07/2026 12:13:48 EDT,05/07/2026 12:13:48 EDT
QCOM260618P00160000,QCOM260618P00160000,Sell,Filled,6,6,@1.48,1.48,DAY,05/07/2026 11:20:32 EDT,05/07/2026 11:20:32 EDT
MSTR260618P00170000,MSTR260618P00170000,Buy,Filled,1,1,@10.75,10.75,DAY,05/07/2026 11:20:24 EDT,05/07/2026 11:20:24 EDT
QCOM260618P00160000,QCOM260618P00160000,Sell,Cancelled,0,6,@1.61,,DAY,05/07/2026 11:20:02 EDT,
MSTR260618P00170000,MSTR260618P00170000,Buy,Filled,1,1,@10.61,10.61,DAY,05/07/2026 11:06:40 EDT,05/07/2026 11:06:40 EDT
SMH260515P00505000,SMH260515P00505000,Sell,Filled,5,5,@1.97,1.97,DAY,05/07/2026 10:28:40 EDT,05/07/2026 10:28:56 EDT
ARM260508P00205000,ARM260508P00205000,Sell,Filled,2,2,@1.67,1.67,DAY,05/07/2026 10:15:18 EDT,05/07/2026 10:15:18 EDT
MRNA260618C00060000,MRNA260618C00060000,Sell,Filled,4,4,@2.41,2.41,DAY,05/07/2026 09:48:48 EDT,05/07/2026 09:48:48 EDT
ARM260618P00180000,ARM260618P00180000,Sell,Filled,3,3,@5.6,5.6,DAY,05/07/2026 09:43:02 EDT,05/07/2026 10:11:54 EDT
MRNA260618C00060000,MRNA260618C00060000,Sell,Cancelled,0,4,@2,,DAY,05/07/2026 09:42:33 EDT,
ARM260508P00205000,ARM260508P00205000,Buy,Filled,2,2,@1.92,1.92,DAY,05/07/2026 09:41:32 EDT,05/07/2026 09:41:39 EDT
RDW260618C00012000,RDW260618C00012000,Sell,Filled,6,6,@0.75,0.75,DAY,05/07/2026 09:40:24 EDT,05/07/2026 09:40:24 EDT
ARM260618P00180000,ARM260618P00180000,Buy,Filled,3,3,@5.15,5.15,DAY,05/07/2026 09:38:50 EDT,05/07/2026 09:38:54 EDT
MRNA260618C00060000,MRNA260618C00060000,Buy,Filled,4,4,@2.5,2.5,DAY,05/07/2026 09:35:11 EDT,05/07/2026 09:35:11 EDT
RIOT260618C00030000,RIOT260618C00030000,Sell,Filled,7,7,@0.92,0.92,DAY,05/07/2026 09:34:13 EDT,05/07/2026 09:34:20 EDT
IREN260717C00070000,IREN260717C00070000,Sell,Filled,3,3,@7,7,DAY,05/07/2026 09:30:17 EDT,05/07/2026 09:30:24 EDT
SMH260515P00505000,SMH260515P00505000,Buy,Filled,1,1,@2.85,2.85,DAY,05/06/2026 15:53:50 EDT,05/06/2026 15:53:51 EDT
QCOM260618P00160000,QCOM260618P00160000,Buy,Filled,1,1,@2.23,2.23,DAY,05/06/2026 15:38:50 EDT,05/06/2026 15:38:50 EDT
QCOM260618P00160000,QCOM260618P00160000,Buy,Filled,5,5,@2.35,2.35,DAY,05/06/2026 15:38:45 EDT,05/06/2026 15:38:45 EDT
BNO260618C00057000,BNO260618C00057000,Sell,Filled,2,2,@4.5,4.5,DAY,05/06/2026 15:38:08 EDT,05/06/2026 15:38:08 EDT
RIOT260508C00024500,RIOT260508C00024500,Sell,Filled,10,10,@0.28,0.28,DAY,05/06/2026 15:37:28 EDT,05/06/2026 15:37:33 EDT
RDW260618C00012000,RDW260618C00012000,Buy,Filled,6,6,@0.77,0.77,DAY,05/06/2026 15:31:25 EDT,05/06/2026 15:31:25 EDT
RIOT260508C00024500,RIOT260508C00024500,Buy,Filled,10,10,@0.26,0.26,DAY,05/06/2026 12:24:10 EDT,05/06/2026 12:24:10 EDT
IREN260508C00065000,IREN260508C00065000,Sell,Filled,3,3,@2.25,2.25,DAY,05/06/2026 12:09:40 EDT,05/06/2026 12:19:15 EDT
IREN260508C00065000,IREN260508C00065000,Sell,Cancelled,0,3,@200,,DAY,05/06/2026 12:09:40 EDT,
RIOT260618C00030000,RIOT260618C00030000,Buy,Filled,7,7,@0.77,0.77,DAY,05/06/2026 12:09:17 EDT,05/06/2026 12:09:17 EDT
NTR260618C00072500,NTR260618C00072500,Sell,Filled,3,3,@4.4,4.4,DAY,05/06/2026 11:21:51 EDT,05/06/2026 11:21:51 EDT
IREN260508C00065000,IREN260508C00065000,Buy,Filled,3,3,@1.71,1.71,DAY,05/06/2026 10:26:18 EDT,05/06/2026 10:26:18 EDT
MU260508C00720000,MU260508C00720000,Sell,Filled,1,1,@3.17,3.17,DAY,05/06/2026 09:58:04 EDT,05/06/2026 09:58:04 EDT
RIOT260618C00030000,RIOT260618C00030000,Sell,Filled,7,7,@0.78,0.78,DAY,05/06/2026 09:56:50 EDT,05/06/2026 09:57:06 EDT
SMH260515P00505000,SMH260515P00505000,Buy,Filled,1,1,@4,4,DAY,05/06/2026 09:54:18 EDT,05/06/2026 09:54:18 EDT
SMH260515P00505000,SMH260515P00505000,Buy,Filled,3,3,@3.81,3.81,DAY,05/06/2026 09:53:59 EDT,05/06/2026 09:53:59 EDT
NTR260618C00072500,NTR260618C00072500,Sell,Filled,2,2,@4.8,4.8,DAY,05/06/2026 09:46:30 EDT,05/06/2026 09:46:30 EDT
MU260508C00720000,MU260508C00720000,Sell,Filled,1,1,@2.85,2.85,DAY,05/06/2026 09:45:51 EDT,05/06/2026 09:54:01 EDT
MU260508C00720000,MU260508C00720000,Buy,Filled,1,1,@5.15,5.15,DAY,05/06/2026 09:45:37 EDT,05/06/2026 09:45:37 EDT
RIOT260508C00024500,RIOT260508C00024500,Sell,Filled,15,15,@0.48,0.48,DAY,05/06/2026 09:45:27 EDT,05/06/2026 09:45:27 EDT
MU260508C00720000,MU260508C00720000,Buy,Filled,1,1,@5,5,DAY,05/06/2026 09:45:02 EDT,05/06/2026 09:45:02 EDT
IREN260508C00065000,IREN260508C00065000,Sell,Filled,3,3,@1.5267,1.5267,DAY,05/06/2026 09:37:33 EDT,05/06/2026 09:37:33 EDT
MU260508C00702500,MU260508C00702500,Sell,Filled,1,1,@5.4,5.4,DAY,05/06/2026 09:35:23 EDT,05/06/2026 09:37:28 EDT
RIOT260508C00024500,RIOT260508C00024500,Buy,Filled,15,15,@0.3,0.3,DAY,05/06/2026 09:34:51 EDT,05/06/2026 09:34:51 EDT
EWY260522P00150000,EWY260522P00150000,Sell,Filled,7,7,@0.95,0.95,DAY,05/06/2026 09:34:08 EDT,05/06/2026 09:34:08 EDT
IREN260508C00065000,IREN260508C00065000,Buy,Filled,3,3,@1.67,1.67,DAY,05/06/2026 09:33:25 EDT,05/06/2026 09:33:25 EDT
IMSR260821C00007500,IMSR260821C00007500,Buy,Filled,5,5,@2.2,2.2,DAY,05/06/2026 09:32:40 EDT,05/06/2026 09:32:48 EDT
IMSR260821C00007500,IMSR260821C00007500,Buy,Filled,5,5,@2.15,2.15,DAY,05/06/2026 09:32:19 EDT,05/06/2026 09:32:30 EDT
MU260508C00702500,MU260508C00702500,Buy,Filled,1,1,@5.65,5.65,DAY,05/05/2026 14:55:32 EDT,05/05/2026 14:55:32 EDT
MU260515P00575000,MU260515P00575000,Sell,Filled,1,1,@11.62,11.62,DAY,05/05/2026 14:55:06 EDT,05/05/2026 14:55:06 EDT
IREN260508C00054000,IREN260508C00054000,Sell,Filled,2,2,@3.75,3.75,DAY,05/05/2026 14:11:14 EDT,05/05/2026 14:11:14 EDT
TSLA260618C00435000,TSLA260618C00435000,Sell,Filled,2,2,@9.15,9.15,DAY,05/05/2026 12:55:54 EDT,05/05/2026 12:55:54 EDT
IREN260508C00054000,IREN260508C00054000,Sell,Cancelled,0,2,@30,,DAY,05/05/2026 12:00:45 EDT,
IREN260508C00054000,IREN260508C00054000,Sell,Cancelled,0,2,@2.5,,DAY,05/05/2026 12:00:45 EDT,
MU260515P00575000,MU260515P00575000,Buy,Filled,1,1,@10.76,10.76,DAY,05/05/2026 11:53:35 EDT,05/05/2026 11:53:35 EDT
IREN260508C00054000,IREN260508C00054000,Buy,Filled,2,2,@2.15,2.15,DAY,05/05/2026 10:25:16 EDT,05/05/2026 10:25:16 EDT
MSTR260508C00207500,MSTR260508C00207500,Sell,Filled,2,2,@1.98,1.98,DAY,05/05/2026 09:55:27 EDT,05/05/2026 09:55:28 EDT
MSTR260508C00207500,MSTR260508C00207500,Buy,Filled,2,2,@2.23,2.23,DAY,05/05/2026 09:46:15 EDT,05/05/2026 09:46:15 EDT
RIOT260508C00020500,RIOT260508C00020500,Sell,Filled,10,10,@0.33,0.33,DAY,05/05/2026 09:43:29 EDT,05/05/2026 09:43:29 EDT
INTC260508C00111000,INTC260508C00111000,Sell,Filled,1,1,@2.86,2.86,DAY,05/05/2026 09:43:18 EDT,05/05/2026 09:43:18 EDT
RIOT260508C00020500,RIOT260508C00020500,Sell,Cancelled,0,10,@0.32,,DAY,05/05/2026 09:40:03 EDT,
INTC260508C00111000,INTC260508C00111000,Sell,Cancelled,0,1,@2.2,,DAY,05/05/2026 09:39:50 EDT,
INTC260508C00111000,INTC260508C00111000,Buy,Filled,1,1,@2.18,2.18,DAY,05/05/2026 09:38:40 EDT,05/05/2026 09:38:40 EDT
BNO260618C00065000,BNO260618C00065000,Sell,Filled,1,1,@4.4,4.4,DAY,05/05/2026 09:37:44 EDT,05/05/2026 09:37:44 EDT
RIOT260508C00020500,RIOT260508C00020500,Buy,Filled,10,10,@0.32,0.32,DAY,05/05/2026 09:33:28 EDT,05/05/2026 09:33:28 EDT
TSLA260618C00435000,TSLA260618C00435000,Buy,Filled,2,2,@10.95,10.95,DAY,05/05/2026 09:32:54 EDT,05/05/2026 09:32:54 EDT
SMH260522P00470000,SMH260522P00470000,Sell,Filled,3,3,@4.9,4.9,DAY,05/05/2026 09:30:43 EDT,05/05/2026 09:30:43 EDT
EWY260522P00150000,EWY260522P00150000,Sell,Cancelled,0,7,@1.8,,DAY,05/05/2026 09:30:11 EDT,
BNO260618C00065000,BNO260618C00065000,Buy,Filled,1,1,@5.4,5.4,DAY,05/04/2026 15:54:38 EDT,05/04/2026 15:54:52 EDT
IREN260508C00055000,IREN260508C00055000,Sell,Filled,3,3,@1.63,1.63,DAY,05/04/2026 13:33:56 EDT,05/04/2026 13:33:56 EDT
AMD260515P00335000,AMD260515P00335000,Sell,Filled,1,1,@14.56,14.56,DAY,05/04/2026 13:24:03 EDT,05/04/2026 13:24:07 EDT
IREN260508C00055000,IREN260508C00055000,Buy,Filled,3,3,@1.77,1.77,DAY,05/04/2026 13:20:41 EDT,05/04/2026 13:20:41 EDT
BNO260508C00062000,BNO260508C00062000,Sell,Filled,2,2,@1.9,1.9,DAY,05/04/2026 12:59:49 EDT,05/04/2026 12:59:49 EDT
SMH260522P00470000,SMH260522P00470000,Buy,Filled,3,3,@7.55,7.55,DAY,05/04/2026 12:59:17 EDT,05/04/2026 12:59:17 EDT
EWY260522P00150000,EWY260522P00150000,Buy,Filled,1,1,@2.6,2.6,DAY,05/04/2026 12:22:00 EDT,05/04/2026 12:22:00 EDT
EWY260522P00150000,EWY260522P00150000,Buy,Filled,6,6,@2.7,2.7,DAY,05/04/2026 12:16:01 EDT,05/04/2026 12:16:02 EDT
SMH260515P00475000,SMH260515P00475000,Sell,Filled,2,2,@5.05,5.05,DAY,05/04/2026 12:01:28 EDT,05/04/2026 12:01:28 EDT
QQQ260504P00667000,QQQ260504P00667000,Sell,Filled,5,5,@0.478,0.478,DAY,05/04/2026 12:01:09 EDT,05/04/2026 12:01:09 EDT
QQQ260504P00667000,QQQ260504P00667000,Buy,Filled,1,1,@0.61,0.61,DAY,05/04/2026 11:51:55 EDT,05/04/2026 11:51:55 EDT
QQQ260504P00667000,QQQ260504P00667000,Buy,Filled,4,4,@0.53,0.53,DAY,05/04/2026 11:50:10 EDT,05/04/2026 11:50:10 EDT
SMH260515P00475000,SMH260515P00475000,Buy,Filled,2,2,@5.3,5.3,DAY,05/04/2026 11:22:14 EDT,05/04/2026 11:22:28 EDT
TSLA260717C00500000,TSLA260717C00500000,Sell,Filled,2,2,@5.1,5.1,DAY,05/04/2026 11:20:55 EDT,05/04/2026 11:20:55 EDT
MSTR260515C00185000,MSTR260515C00185000,Sell,Filled,1,1,@9.04,9.04,DAY,05/04/2026 11:20:48 EDT,05/04/2026 11:20:48 EDT
MSTR260515C00185000,MSTR260515C00185000,Sell,Cancelled,0,1,@90,,GTC,05/04/2026 10:32:29 EDT,
MSTR260515C00185000,MSTR260515C00185000,Sell,Cancelled,0,1,@8,,GTC,05/04/2026 10:32:29 EDT,
MSTR260515C00185000,MSTR260515C00185000,Sell,Filled,1,1,@7.7,7.7,DAY,05/04/2026 09:44:33 EDT,05/04/2026 09:44:33 EDT
AMD260515P00335000,AMD260515P00335000,Buy,Filled,1,1,@10.45,10.45,DAY,05/04/2026 09:33:47 EDT,05/04/2026 09:33:48 EDT
TSLA260717C00500000,TSLA260717C00500000,Sell,Filled,3,3,@5.1,5.1,DAY,05/04/2026 09:31:16 EDT,05/04/2026 09:31:30 EDT
UAL260515P00065000,UAL260515P00065000,Buy,Filled,25,25,@0.1,0.1,DAY,05/01/2026 15:54:32 EDT,05/01/2026 15:54:33 EDT
IREN260717C00070000,IREN260717C00070000,Buy,Filled,10,10,@2.5,2.5,DAY,05/01/2026 15:49:41 EDT,05/01/2026 15:49:41 EDT
AMD260515P00307500,AMD260515P00307500,Sell,Filled,1,1,@5.07,5.07,DAY,05/01/2026 11:04:10 EDT,05/01/2026 11:04:17 EDT
AMD260515P00307500,AMD260515P00307500,Buy,Filled,1,1,@5.6,5.6,DAY,05/01/2026 10:36:20 EDT,05/01/2026 10:36:28 EDT
INTC260508P00085000,INTC260508P00085000,Sell,Filled,5,5,@0.65,0.65,DAY,05/01/2026 10:31:11 EDT,05/01/2026 10:31:11 EDT
MSTR260515C00185000,MSTR260515C00185000,Sell,Cancelled,0,2,@5.95,,GTC,05/01/2026 10:30:46 EDT,
TSLA260717C00500000,TSLA260717C00500000,Buy,Filled,2,2,@5.33,5.33,DAY,05/01/2026 10:30:20 EDT,05/01/2026 10:30:20 EDT
TSLA260717C00500000,TSLA260717C00500000,Buy,Filled,3,3,@5.4,5.4,DAY,05/01/2026 10:30:07 EDT,05/01/2026 10:30:07 EDT
MSTR260515C00185000,MSTR260515C00185000,Buy,Filled,2,2,@5.9,5.9,DAY,05/01/2026 09:53:12 EDT,05/01/2026 09:53:12 EDT
TSLA260515C00400000,TSLA260515C00400000,Sell,Filled,1,1,@5.65,5.65,DAY,05/01/2026 09:52:07 EDT,05/01/2026 09:52:07 EDT
BNO260618C00057000,BNO260618C00057000,Buy,Filled,2,2,@6.5,6.5,DAY,05/01/2026 09:36:12 EDT,05/01/2026 09:36:12 EDT
BNO260508C00062000,BNO260508C00062000,Buy,Filled,2,2,@1.2,1.2,DAY,05/01/2026 09:35:54 EDT,05/01/2026 09:35:54 EDT
RIOT260501C00019500,RIOT260501C00019500,Buy,Filled,10,10,@0.15,0.15,DAY,05/01/2026 09:33:05 EDT,05/01/2026 09:33:05 EDT
TSLA260515C00400000,TSLA260515C00400000,Buy,Filled,1,1,@6.25,6.25,DAY,04/30/2026 14:40:00 EDT,04/30/2026 14:40:00 EDT
META260515P00575000,META260515P00575000,Sell,Filled,1,1,@5.3,5.3,DAY,04/30/2026 11:06:18 EDT,04/30/2026 11:06:18 EDT
QQQ260430P00658000,QQQ260430P00658000,Sell,Filled,1,1,@0.76,0.76,DAY,04/30/2026 10:56:53 EDT,04/30/2026 10:56:53 EDT
QQQ260430P00658000,QQQ260430P00658000,Buy,Filled,1,1,@2.25,2.25,DAY,04/30/2026 09:58:30 EDT,04/30/2026 09:58:30 EDT
QCOM260501C00180000,QCOM260501C00180000,Sell,Filled,2,2,@0.89,0.89,DAY,04/30/2026 09:58:12 EDT,04/30/2026 09:58:12 EDT
QCOM260501C00180000,QCOM260501C00180000,Buy,Filled,2,2,@1.02,1.02,DAY,04/30/2026 09:57:39 EDT,04/30/2026 09:57:39 EDT
QQQ260430P00640000,QQQ260430P00640000,Buy,Filled,40,40,@0.06,0.06,DAY,04/30/2026 09:40:24 EDT,04/30/2026 09:40:24 EDT
META260501P00580000,META260501P00580000,Sell,Filled,1,1,@1.69,1.69,DAY,04/30/2026 09:37:48 EDT,04/30/2026 09:37:48 EDT
META260501P00580000,META260501P00580000,Buy,Filled,1,1,@2.08,2.08,DAY,04/30/2026 09:35:25 EDT,04/30/2026 09:35:25 EDT
META260515P00575000,META260515P00575000,Buy,Filled,1,1,@5.9,5.9,DAY,04/30/2026 09:32:09 EDT,04/30/2026 09:32:25 EDT
USO260618C00140000,USO260618C00140000,Sell,Filled,1,1,@16.65,16.65,DAY,04/30/2026 09:30:17 EDT,04/30/2026 09:30:17 EDT
GOOG260501P00330000,GOOG260501P00330000,Sell,Filled,1,1,@0.04,0.04,DAY,04/30/2026 09:30:12 EDT,04/30/2026 09:30:12 EDT
USO260618C00140000,USO260618C00140000,Sell,Filled,1,1,@20.35,20.35,DAY,04/29/2026 15:29:22 EDT,04/29/2026 15:29:22 EDT
GOOG260501P00330000,GOOG260501P00330000,Buy,Filled,1,1,@2.72,2.72,DAY,04/29/2026 14:17:53 EDT,04/29/2026 14:17:53 EDT
IREN260508P00037500,IREN260508P00037500,Buy,Filled,3,3,@1.82,1.82,DAY,04/29/2026 13:30:26 EDT,04/29/2026 13:30:26 EDT
IREN260501P00045000,IREN260501P00045000,Sell,Filled,4,4,@3.21,3.21,DAY,04/29/2026 13:28:58 EDT,04/29/2026 13:29:03 EDT
INTC260508P00085000,INTC260508P00085000,Buy,Filled,5,5,@2.09,2.09,DAY,04/29/2026 12:45:51 EDT,04/29/2026 12:45:52 EDT
QQQ260429C00664000,QQQ260429C00664000,Sell,Filled,2,2,@1.02,1.02,DAY,04/29/2026 10:13:55 EDT,04/29/2026 10:13:55 EDT
QQQ260429C00664000,QQQ260429C00664000,Buy,Filled,2,2,@1.13,1.13,DAY,04/29/2026 09:51:12 EDT,04/29/2026 09:51:12 EDT
EAT260515P00115000,EAT260515P00115000,Sell,Filled,3,3,@0.15,0.15,DAY,04/29/2026 09:43:08 EDT,04/29/2026 09:43:18 EDT
NTR260618C00072500,NTR260618C00072500,Buy,Filled,2,2,@4.8,4.8,DAY,04/29/2026 09:33:22 EDT,04/29/2026 09:34:02 EDT
EAT260515P00115000,EAT260515P00115000,Sell,Cancelled,0,3,@0.6,,DAY,04/29/2026 09:32:54 EDT,
HOOD260508C00088000,HOOD260508C00088000,Sell,Filled,1,1,@0.24,0.24,DAY,04/29/2026 09:31:12 EDT,04/29/2026 09:31:12 EDT
NTR260618C00072500,NTR260618C00072500,Buy,Filled,3,3,@4.7,4.7,DAY,04/29/2026 09:30:57 EDT,04/29/2026 09:31:23 EDT
EAT260515P00115000,EAT260515P00115000,Sell,Filled,4,4,@2.6,2.6,DAY,04/28/2026 15:33:37 EDT,04/28/2026 15:33:37 EDT
EAT260515P00115000,EAT260515P00115000,Buy,Filled,2,2,@2.5,2.5,DAY,04/28/2026 15:06:55 EDT,04/28/2026 15:06:55 EDT
GLD260515P00395000,GLD260515P00395000,Sell,Filled,5,5,@1.51,1.51,DAY,04/28/2026 15:06:43 EDT,04/28/2026 15:07:05 EDT
USO260618C00140000,USO260618C00140000,Buy,Filled,2,2,@13.46,13.46,DAY,04/28/2026 14:29:25 EDT,04/28/2026 14:29:25 EDT
QQQ260428C00664000,QQQ260428C00664000,Sell,Filled,5,5,@0.02,0.02,DAY,04/28/2026 14:17:55 EDT,04/28/2026 14:17:55 EDT
IREN260501P00045000,IREN260501P00045000,Sell,Filled,4,4,@2.56,2.56,DAY,04/28/2026 12:58:03 EDT,04/28/2026 12:58:03 EDT
HOOD260508C00088000,HOOD260508C00088000,Buy,Filled,1,1,@2.52,2.52,DAY,04/28/2026 12:00:01 EDT,04/28/2026 12:00:01 EDT
MU260515P00425000,MU260515P00425000,Sell,Filled,3,3,@9.1,9.1,DAY,04/28/2026 11:18:50 EDT,04/28/2026 11:18:50 EDT
QQQ260428P00650000,QQQ260428P00650000,Sell,Filled,10,10,@0.2,0.2,DAY,04/28/2026 11:01:09 EDT,04/28/2026 11:01:09 EDT
QQQ260428P00650000,QQQ260428P00650000,Buy,Filled,5,5,@0.4,0.4,DAY,04/28/2026 10:52:53 EDT,04/28/2026 10:52:53 EDT
QQQ260428P00650000,QQQ260428P00650000,Buy,Filled,5,5,@0.49,0.49,DAY,04/28/2026 10:52:05 EDT,04/28/2026 10:52:11 EDT
QQQ260428P00653000,QQQ260428P00653000,Sell,Filled,5,5,@0.83,0.83,DAY,04/28/2026 10:43:53 EDT,04/28/2026 10:43:53 EDT
QQQ260428P00653000,QQQ260428P00653000,Sell,Filled,5,5,@0.958,0.958,DAY,04/28/2026 10:39:59 EDT,04/28/2026 10:39:59 EDT
MU260515P00425000,MU260515P00425000,Buy,Filled,1,1,@10.25,10.25,DAY,04/28/2026 10:37:49 EDT,04/28/2026 10:37:50 EDT
MU260515P00425000,MU260515P00425000,Buy,Filled,2,2,@9.85,9.85,DAY,04/28/2026 10:37:09 EDT,04/28/2026 10:37:09 EDT
QQQ260428P00653000,QQQ260428P00653000,Buy,Filled,10,10,@0.45,0.45,DAY,04/28/2026 10:27:43 EDT,04/28/2026 10:27:43 EDT
NVDA260429C00220000,NVDA260429C00220000,Sell,Filled,2,2,@0.76,0.76,DAY,04/28/2026 10:17:10 EDT,04/28/2026 10:17:10 EDT
POET260501P00006000,POET260501P00006000,Sell,Filled,10,10,@0.03,0.03,DAY,04/28/2026 10:12:33 EDT,04/28/2026 10:12:33 EDT
EAT260515P00115000,EAT260515P00115000,Buy,Filled,5,5,@2,2,DAY,04/28/2026 10:02:33 EDT,04/28/2026 10:12:18 EDT
EAT260515P00090000,EAT260515P00090000,Buy,Cancelled,0,5,@0.05,,DAY,04/28/2026 10:02:24 EDT,
NVDA260429C00220000,NVDA260429C00220000,Buy,Filled,2,2,@0.66,0.66,DAY,04/28/2026 10:01:45 EDT,04/28/2026 10:01:46 EDT
QQQ260428P00651000,QQQ260428P00651000,Sell,Filled,10,10,@0.262,0.262,DAY,04/28/2026 10:00:30 EDT,04/28/2026 10:00:30 EDT
MU260529P00410000,MU260529P00410000,Sell,Filled,1,1,@10.05,10.05,DAY,04/28/2026 09:55:08 EDT,04/28/2026 09:55:08 EDT
MU260529P00410000,MU260529P00410000,Sell,Filled,1,1,@9.7,9.7,DAY,04/28/2026 09:54:48 EDT,04/28/2026 09:54:48 EDT
EAT260515P00115000,EAT260515P00115000,Buy,Cancelled,0,3,@1.9,,DAY,04/28/2026 09:54:31 EDT,
MU260529P00410000,MU260529P00410000,Buy,Filled,2,2,@10.25,10.25,DAY,04/28/2026 09:54:16 EDT,04/28/2026 09:54:16 EDT
QQQ260428P00651000,QQQ260428P00651000,Buy,Filled,10,10,@0.3,0.3,DAY,04/28/2026 09:53:30 EDT,04/28/2026 09:53:30 EDT
QQQ260428C00664000,QQQ260428C00664000,Buy,Filled,5,5,@0.34,0.34,DAY,04/28/2026 09:48:03 EDT,04/28/2026 09:48:03 EDT
NVDA260429C00215000,NVDA260429C00215000,Sell,Filled,1,1,@1.76,1.76,DAY,04/28/2026 09:45:05 EDT,04/28/2026 09:45:06 EDT
SMH260501P00480000,SMH260501P00480000,Sell,Filled,1,1,@4.65,4.65,DAY,04/28/2026 09:42:39 EDT,04/28/2026 09:42:39 EDT
GLD260515P00395000,GLD260515P00395000,Buy,Filled,5,5,@1.93,1.93,DAY,04/28/2026 09:41:49 EDT,04/28/2026 09:41:49 EDT
NVDA260429C00215000,NVDA260429C00215000,Buy,Filled,1,1,@1.3,1.3,DAY,04/28/2026 09:37:36 EDT,04/28/2026 09:37:36 EDT
SMH260501P00480000,SMH260501P00480000,Sell,Filled,1,1,@5.25,5.25,DAY,04/28/2026 09:35:45 EDT,04/28/2026 09:35:45 EDT
QQQ260428P00650000,QQQ260428P00650000,Sell,Filled,10,10,@0.31,0.31,DAY,04/28/2026 09:35:39 EDT,04/28/2026 09:35:39 EDT
TSLA260429C00390000,TSLA260429C00390000,Sell,Filled,1,1,@1.29,1.29,DAY,04/28/2026 09:30:47 EDT,04/28/2026 09:30:48 EDT
QQQ260428P00650000,QQQ260428P00650000,Buy,Filled,10,10,@0.57,0.57,DAY,04/28/2026 09:30:40 EDT,04/28/2026 09:30:41 EDT
TSLA260429C00390000,TSLA260429C00390000,Buy,Filled,1,1,@1.9,1.9,DAY,04/27/2026 15:43:57 EDT,04/27/2026 15:44:10 EDT
MU260515P00480000,MU260515P00480000,Sell,Filled,1,1,@19.2,19.2,DAY,04/27/2026 15:20:37 EDT,04/27/2026 15:20:42 EDT
MU260515P00480000,MU260515P00480000,Buy,Filled,1,1,@20.36,20.36,DAY,04/27/2026 13:21:38 EDT,04/27/2026 13:21:38 EDT
GLD260504P00405000,GLD260504P00405000,Sell,Filled,20,20,@0.51,0.51,DAY,04/27/2026 11:45:28 EDT,04/27/2026 11:45:28 EDT
WLAC260515C00020000,WLAC260515C00020000,Sell,Filled,2,2,@1.6,1.6,DAY,04/27/2026 11:05:53 EDT,04/27/2026 11:05:53 EDT
SMH260501P00480000,SMH260501P00480000,Buy,Filled,2,2,@4.62,4.62,DAY,04/27/2026 11:05:34 EDT,04/27/2026 11:05:34 EDT
GLD260504P00405000,GLD260504P00405000,Buy,Filled,20,20,@0.54,0.54,DAY,04/27/2026 11:04:08 EDT,04/27/2026 11:04:08 EDT
IREN260501C00054000,IREN260501C00054000,Buy,Filled,8,8,@1.2275,1.2275,DAY,04/27/2026 09:55:36 EDT,04/27/2026 09:55:36 EDT
TSLA260427P00362500,TSLA260427P00362500,Sell,Filled,1,1,@0.96,0.96,DAY,04/27/2026 09:54:30 EDT,04/27/2026 09:54:30 EDT
IREN260501C00054000,IREN260501C00054000,Sell,Filled,8,8,@1.0837,1.0837,DAY,04/27/2026 09:53:08 EDT,04/27/2026 09:53:08 EDT
TSLA260427P00362500,TSLA260427P00362500,Sell,Filled,2,2,@1.09,1.09,DAY,04/27/2026 09:51:54 EDT,04/27/2026 09:53:21 EDT
IMSR260515C00012500,IMSR260515C00012500,Sell,Filled,50,50,@0.1,0.1,DAY,04/27/2026 09:51:18 EDT,04/27/2026 09:51:25 EDT
QQQ260427P00654000,QQQ260427P00654000,Buy,Filled,20,20,@0.32,0.32,DAY,04/27/2026 09:51:09 EDT,04/27/2026 09:51:32 EDT
POET260501P00006000,POET260501P00006000,Buy,Filled,10,10,@0.15,0.15,DAY,04/27/2026 09:50:25 EDT,04/27/2026 09:50:25 EDT
IMSR260515C00012500,IMSR260515C00012500,Sell,Cancelled,0,30,@0.15,,DAY,04/27/2026 09:47:03 EDT,
QCOM260618C00170000,QCOM260618C00170000,Sell,Filled,3,3,@6.03,6.03,DAY,04/27/2026 09:46:02 EDT,04/27/2026 09:46:02 EDT
TSLA260427P00362500,TSLA260427P00362500,Buy,Filled,1,1,@1.16,1.16,DAY,04/27/2026 09:34:30 EDT,04/27/2026 09:34:30 EDT
WLAC260515C00020000,WLAC260515C00020000,Sell,Filled,2,2,@2.2,2.2,DAY,04/27/2026 09:34:08 EDT,04/27/2026 09:34:08 EDT
WLAC260515C00020000,WLAC260515C00020000,Sell,Filled,1,1,@2.1,2.1,DAY,04/27/2026 09:33:57 EDT,04/27/2026 09:33:58 EDT
HPE260515C00029500,HPE260515C00029500,Sell,Filled,15,15,@0.92,0.92,DAY,04/27/2026 09:33:05 EDT,04/27/2026 09:33:05 EDT
QCOM260618C00170000,QCOM260618C00170000,Sell,Filled,2,2,@7.9,7.9,DAY,04/27/2026 09:31:03 EDT,04/27/2026 09:31:03 EDT
TSLA260427P00362500,TSLA260427P00362500,Buy,Filled,2,2,@1.06,1.06,DAY,04/27/2026 09:30:52 EDT,04/27/2026 09:30:53 EDT
WLAC260515C00020000,WLAC260515C00020000,Sell,Cancelled,0,5,@2.05,,DAY,04/24/2026 15:45:58 EDT,
HPE260515C00029500,HPE260515C00029500,Buy,Filled,15,15,@0.8,0.8,DAY,04/24/2026 15:45:15 EDT,04/24/2026 15:45:15 EDT
QCOM260618C00170000,QCOM260618C00170000,Buy,Filled,5,5,@4.13,4.13,DAY,04/24/2026 15:42:27 EDT,04/24/2026 15:42:27 EDT
IREN260501P00045000,IREN260501P00045000,Buy,Filled,8,8,@0.8225,0.8225,DAY,04/24/2026 15:08:59 EDT,04/24/2026 15:09:00 EDT
IMSR260515C00012500,IMSR260515C00012500,Buy,Filled,50,50,@0.19,0.19,DAY,04/24/2026 13:56:08 EDT,04/24/2026 13:56:28 EDT
QCOM260424C00160000,QCOM260424C00160000,Sell,Filled,30,30,@0.01,0.01,DAY,04/24/2026 13:13:04 EDT,04/24/2026 13:13:04 EDT
QCOM260424C00160000,QCOM260424C00160000,Buy,Filled,10,10,@0.05,0.05,DAY,04/24/2026 12:25:01 EDT,04/24/2026 12:25:02 EDT
QCOM260424C00160000,QCOM260424C00160000,Buy,Filled,20,20,@0.04,0.04,DAY,04/24/2026 12:20:39 EDT,04/24/2026 12:20:39 EDT
QCOM260424C00149000,QCOM260424C00149000,Sell,Filled,4,4,@1.1,1.1,DAY,04/24/2026 12:20:14 EDT,04/24/2026 12:20:14 EDT
QCOM260424C00149000,QCOM260424C00149000,Buy,Filled,4,4,@0.48,0.48,DAY,04/24/2026 11:45:49 EDT,04/24/2026 11:45:49 EDT
UAL260618P00085000,UAL260618P00085000,Sell,Filled,4,4,@4.22,4.22,DAY,04/24/2026 11:45:17 EDT,04/24/2026 11:45:17 EDT
SMH260424P00500000,SMH260424P00500000,Buy,Filled,2,2,@0.97,0.97,DAY,04/24/2026 11:21:06 EDT,04/24/2026 11:21:07 EDT
SMH260424P00482500,SMH260424P00482500,Buy,Filled,10,10,@0.04,0.04,DAY,04/24/2026 11:18:27 EDT,04/24/2026 11:18:27 EDT
NVDA260424C00207500,NVDA260424C00207500,Sell,Filled,1,1,@2.38,2.38,DAY,04/24/2026 11:17:14 EDT,04/24/2026 11:17:14 EDT
NVDA260424C00207500,NVDA260424C00207500,Buy,Filled,1,1,@1.9,1.9,DAY,04/24/2026 11:00:01 EDT,04/24/2026 11:00:01 EDT
WLAC260515C00020000,WLAC260515C00020000,Buy,Filled,5,5,@1.8,1.8,DAY,04/24/2026 10:53:06 EDT,04/24/2026 10:53:32 EDT
NVDA260424C00207500,NVDA260424C00207500,Sell,Filled,2,2,@0.94,0.94,DAY,04/24/2026 10:51:33 EDT,04/24/2026 10:51:34 EDT
NVDA260424C00207500,NVDA260424C00207500,Buy,Filled,2,2,@0.86,0.86,DAY,04/24/2026 10:47:19 EDT,04/24/2026 10:47:19 EDT
MSFT260515P00405000,MSFT260515P00405000,Sell,Filled,1,1,@10.06,10.06,DAY,04/24/2026 10:36:19 EDT,04/24/2026 11:20:21 EDT
SMH260424P00495000,SMH260424P00495000,Sell,Filled,1,1,@1.15,1.15,DAY,04/24/2026 10:08:42 EDT,04/24/2026 10:08:42 EDT
INTC260424P00077000,INTC260424P00077000,Sell,Filled,15,15,@0.29,0.29,DAY,04/24/2026 09:56:42 EDT,04/24/2026 09:58:14 EDT
SMH260424P00482500,SMH260424P00482500,Buy,Filled,10,10,@0.36,0.36,DAY,04/24/2026 09:54:38 EDT,04/24/2026 09:54:38 EDT
SMH260424P00495000,SMH260424P00495000,Sell,Filled,2,2,@1.86,1.86,DAY,04/24/2026 09:49:36 EDT,04/24/2026 09:49:37 EDT
INTC260424P00077000,INTC260424P00077000,Buy,Filled,15,15,@0.29,0.29,DAY,04/24/2026 09:49:27 EDT,04/24/2026 09:49:27 EDT
SMH260424P00495000,SMH260424P00495000,Buy,Filled,3,3,@1.2,1.2,DAY,04/24/2026 09:42:31 EDT,04/24/2026 09:42:31 EDT
QCOM260424C00155000,QCOM260424C00155000,Sell,Filled,3,3,@0.87,0.87,DAY,04/24/2026 09:38:00 EDT,04/24/2026 09:38:16 EDT
NVDA260424C00205000,NVDA260424C00205000,Sell,Filled,5,5,@0.38,0.38,DAY,04/24/2026 09:36:32 EDT,04/24/2026 09:36:39 EDT
NVDA260424C00205000,NVDA260424C00205000,Buy,Filled,5,5,@0.68,0.68,DAY,04/24/2026 09:34:56 EDT,04/24/2026 09:34:58 EDT
QCOM260424C00155000,QCOM260424C00155000,Buy,Filled,3,3,@1,1,DAY,04/24/2026 09:33:23 EDT,04/24/2026 09:33:23 EDT
LPTH260515C00017500,LPTH260515C00017500,Buy,Cancelled,0,3,@1.05,,DAY,04/24/2026 09:32:47 EDT,
MU260424P00465000,MU260424P00465000,Sell,Filled,2,2,@0.51,0.51,DAY,04/24/2026 09:30:35 EDT,04/24/2026 09:30:36 EDT
QQQ260423C00654000,QQQ260423C00654000,Sell,Filled,5,5,@0.05,0.05,DAY,04/23/2026 15:34:47 EDT,04/23/2026 15:34:47 EDT
QQQ260423P00646000,QQQ260423P00646000,Sell,Filled,10,10,@0.14,0.14,DAY,04/23/2026 15:07:04 EDT,04/23/2026 15:07:04 EDT
AAOI260515P00085000,AAOI260515P00085000,Sell,Filled,1,1,@2.84,2.84,DAY,04/23/2026 14:35:04 EDT,04/23/2026 14:35:04 EDT
QQQ260423P00646000,QQQ260423P00646000,Buy,Filled,10,10,@0.09,0.09,DAY,04/23/2026 14:31:01 EDT,04/23/2026 14:31:02 EDT
QQQ260423C00654000,QQQ260423C00654000,Buy,Filled,5,5,@0.4,0.4,DAY,04/23/2026 14:30:52 EDT,04/23/2026 14:30:52 EDT
AAOI260515P00085000,AAOI260515P00085000,Buy,Filled,1,1,@3.3,3.3,DAY,04/23/2026 13:50:48 EDT,04/23/2026 13:51:17 EDT
UAL260515P00065000,UAL260515P00065000,Buy,Filled,50,50,@0.25,0.25,DAY,04/23/2026 13:29:15 EDT,04/23/2026 13:29:15 EDT
FCEL260501C00016000,FCEL260501C00016000,Sell,Filled,10,10,@0.2,0.2,DAY,04/23/2026 13:11:10 EDT,04/23/2026 13:11:10 EDT
IREN260515C00060000,IREN260515C00060000,Sell,Filled,5,5,@3.3,3.3,DAY,04/23/2026 13:10:01 EDT,04/23/2026 13:10:02 EDT
IREN260515C00060000,IREN260515C00060000,Sell,Filled,5,5,@3.36,3.36,DAY,04/23/2026 13:05:45 EDT,04/23/2026 13:05:45 EDT
MU260424P00465000,MU260424P00465000,Buy,Filled,1,1,@2.24,2.24,DAY,04/23/2026 13:05:30 EDT,04/23/2026 13:05:30 EDT
MSFT260515P00405000,MSFT260515P00405000,Buy,Filled,1,1,@10.95,10.95,DAY,04/23/2026 12:41:41 EDT,04/23/2026 12:41:41 EDT
CAR260424P00285000,CAR260424P00285000,Sell,Filled,1,1,@61.2,61.2,DAY,04/23/2026 12:05:48 EDT,04/23/2026 12:05:48 EDT
CAR260424P00285000,CAR260424P00285000,Sell,Cancelled,0,1,@50,,DAY,04/23/2026 11:42:56 EDT,
CAR260424P00285000,CAR260424P00285000,Sell,Failed,0,1,@500,,DAY,04/23/2026 11:42:56 EDT,
CAR260424P00285000,CAR260424P00285000,Sell,Cancelled,0,1,@800,,DAY,04/23/2026 09:44:24 EDT,
CAR260424P00285000,CAR260424P00285000,Sell,Failed,0,1,@5,,DAY,04/23/2026 09:44:24 EDT,
FCEL260501C00016000,FCEL260501C00016000,Sell,Filled,10,10,@0.15,0.15,DAY,04/23/2026 09:42:21 EDT,04/23/2026 09:42:21 EDT
POET260501C00020000,POET260501C00020000,Sell,Filled,20,20,@0.09,0.09,DAY,04/23/2026 09:42:09 EDT,04/23/2026 09:42:09 EDT
MU260424P00465000,MU260424P00465000,Buy,Filled,1,1,@5.5,5.5,DAY,04/23/2026 09:41:38 EDT,04/23/2026 09:41:38 EDT
TSLA260515C00410000,TSLA260515C00410000,Sell,Filled,1,1,@6.05,6.05,DAY,04/23/2026 09:33:12 EDT,04/23/2026 09:33:12 EDT
CAR260424P00285000,CAR260424P00285000,Buy,Filled,1,1,@4.1,4.1,DAY,04/22/2026 15:41:42 EDT,04/22/2026 15:41:43 EDT
CAR260424P00350000,CAR260424P00350000,Sell,Filled,1,1,@12.4,12.4,DAY,04/22/2026 15:40:50 EDT,04/22/2026 15:41:03 EDT
TSLA260515C00410000,TSLA260515C00410000,Buy,Filled,1,1,@10.65,10.65,DAY,04/22/2026 14:57:47 EDT,04/22/2026 14:57:47 EDT
COIN260424C00215000,COIN260424C00215000,Sell,Filled,1,1,@1.78,1.78,DAY,04/22/2026 14:25:28 EDT,04/22/2026 14:25:28 EDT
MU260618C00600000,MU260618C00600000,Sell,Filled,1,1,@23.31,23.31,DAY,04/22/2026 13:33:46 EDT,04/22/2026 13:33:46 EDT
COIN260424C00215000,COIN260424C00215000,Buy,Filled,1,1,@2.18,2.18,DAY,04/22/2026 12:50:05 EDT,04/22/2026 12:50:05 EDT
IREN260515C00060000,IREN260515C00060000,Buy,Filled,5,5,@2.09,2.09,DAY,04/22/2026 11:29:54 EDT,04/22/2026 11:29:54 EDT
MU260618C00600000,MU260618C00600000,Sell,Filled,1,1,@20.19,20.19,DAY,04/22/2026 10:31:21 EDT,04/22/2026 10:31:21 EDT
MU260618C00600000,MU260618C00600000,Sell,Cancelled,0,1,@200,,GTC,04/22/2026 10:27:57 EDT,
MU260618C00600000,MU260618C00600000,Sell,Cancelled,0,1,@16.4,,GTC,04/22/2026 10:27:57 EDT,
MU260618C00600000,MU260618C00600000,Buy,Filled,1,1,@21.25,21.25,DAY,04/22/2026 10:27:29 EDT,04/22/2026 10:27:29 EDT
MU260618C00600000,MU260618C00600000,Buy,Filled,1,1,@18.8,18.8,DAY,04/22/2026 10:21:49 EDT,04/22/2026 10:21:49 EDT
IREN260515C00060000,IREN260515C00060000,Buy,Filled,5,5,@2.01,2.01,DAY,04/22/2026 10:19:27 EDT,04/22/2026 10:19:27 EDT
UAL260515P00085000,UAL260515P00085000,Sell,Filled,5,5,@1.96,1.96,DAY,04/22/2026 09:47:06 EDT,04/22/2026 09:47:07 EDT
POET260501C00020000,POET260501C00020000,Buy,Filled,20,20,@0.22,0.22,DAY,04/22/2026 09:46:23 EDT,04/22/2026 09:46:57 EDT
FCEL260501C00016000,FCEL260501C00016000,Buy,Filled,10,10,@0.25,0.25,DAY,04/22/2026 09:44:06 EDT,04/22/2026 09:44:36 EDT
FCEL260501C00016000,FCEL260501C00016000,Buy,Filled,10,10,@0.25,0.25,DAY,04/22/2026 09:39:41 EDT,04/22/2026 09:39:49 EDT
QQQ260422C00649000,QQQ260422C00649000,Sell,Filled,1,1,@1.99,1.99,DAY,04/22/2026 09:34:17 EDT,04/22/2026 09:34:17 EDT
COIN260515P00185000,COIN260515P00185000,Sell,Filled,2,2,@8.17,8.17,DAY,04/22/2026 09:31:09 EDT,04/22/2026 09:32:08 EDT
QQQ260422C00649000,QQQ260422C00649000,Sell,Filled,1,1,@2.45,2.45,DAY,04/22/2026 09:30:28 EDT,04/22/2026 09:30:28 EDT
MU260515P00340000,MU260515P00340000,Sell,Filled,7,7,@2.3,2.3,DAY,04/22/2026 09:30:11 EDT,04/22/2026 09:30:11 EDT
QQQ260422C00649000,QQQ260422C00649000,Buy,Filled,2,2,@1.21,1.21,DAY,04/21/2026 15:57:43 EDT,04/21/2026 15:57:45 EDT
QQQ260422P00638000,QQQ260422P00638000,Sell,Filled,1,1,@1.53,1.53,DAY,04/21/2026 15:56:55 EDT,04/21/2026 15:56:55 EDT
QQQ260422P00638000,QQQ260422P00638000,Buy,Filled,1,1,@1.86,1.86,DAY,04/21/2026 15:44:53 EDT,04/21/2026 15:44:53 EDT
UAL260515P00085000,UAL260515P00085000,Sell,Filled,3,3,@1.65,1.65,DAY,04/21/2026 13:22:48 EDT,04/21/2026 13:22:48 EDT
UAL260618P00085000,UAL260618P00085000,Sell,Filled,1,1,@3.4,3.4,DAY,04/21/2026 13:22:35 EDT,04/21/2026 13:22:35 EDT
COIN260515P00185000,COIN260515P00185000,Sell,Filled,1,1,@9.26,9.26,DAY,04/21/2026 12:08:57 EDT,04/21/2026 12:08:57 EDT
UAL260515P00085000,UAL260515P00085000,Buy,Filled,8,8,@1.68,1.68,DAY,04/21/2026 11:38:06 EDT,04/21/2026 11:38:06 EDT
COIN260515P00185000,COIN260515P00185000,Buy,Filled,1,1,@9.35,9.35,DAY,04/21/2026 11:37:44 EDT,04/21/2026 11:37:45 EDT
HPE260618C00024000,HPE260618C00024000,Sell,Filled,3,3,@5.8,5.8,DAY,04/21/2026 11:01:36 EDT,04/21/2026 11:01:43 EDT
HPE260618C00024000,HPE260618C00024000,Sell,Filled,3,3,@5.9,5.9,DAY,04/21/2026 11:00:45 EDT,04/21/2026 11:00:45 EDT
HPE260618C00024000,HPE260618C00024000,Sell,Cancelled,0,3,@6.2,,DAY,04/21/2026 10:55:18 EDT,
CAR260424P00350000,CAR260424P00350000,Buy,Filled,1,1,@5.4,5.4,DAY,04/21/2026 10:26:43 EDT,04/21/2026 10:26:56 EDT
FCEL260424C00009500,FCEL260424C00009500,Sell,Filled,5,5,@0.7,0.7,DAY,04/21/2026 10:25:00 EDT,04/21/2026 10:25:01 EDT
UAL260515P00085000,UAL260515P00085000,Sell,Filled,10,10,@1.31,1.31,DAY,04/21/2026 09:53:26 EDT,04/21/2026 09:53:38 EDT
FCEL260424C00009500,FCEL260424C00009500,Buy,Filled,5,5,@0.47,0.47,DAY,04/21/2026 09:37:02 EDT,04/21/2026 09:37:02 EDT
QQQ260421C00651000,QQQ260421C00651000,Sell,Filled,5,5,@0.508,0.508,DAY,04/21/2026 09:33:47 EDT,04/21/2026 09:33:47 EDT
QQQ260421C00651000,QQQ260421C00651000,Buy,Filled,5,5,@0.8,0.8,DAY,04/20/2026 15:13:08 EDT,04/20/2026 15:13:21 EDT
USAR260424C00024500,USAR260424C00024500,Sell,Filled,3,3,@0.44,0.44,DAY,04/20/2026 11:00:52 EDT,04/20/2026 11:01:07 EDT
HPE260618C00024000,HPE260618C00024000,Sell,Cancelled,0,3,@4.1,,DAY,04/20/2026 10:49:02 EDT,
USAR260424C00024500,USAR260424C00024500,Sell,Filled,2,2,@1.15,1.15,DAY,04/20/2026 09:43:35 EDT,04/20/2026 09:43:36 EDT
KC260515C00020000,KC260515C00020000,Sell,Filled,15,15,@0.35,0.35,DAY,04/20/2026 09:32:51 EDT,04/20/2026 09:32:51 EDT
SLV260630C00068000,SLV260630C00068000,Sell,Filled,2,2,@9.1,9.1,DAY,04/20/2026 09:32:43 EDT,04/20/2026 09:32:43 EDT
COIN260515P00185000,COIN260515P00185000,Buy,Filled,2,2,@9.9,9.9,DAY,04/20/2026 09:32:27 EDT,04/20/2026 09:32:27 EDT
USAR260424C00024500,USAR260424C00024500,Buy,Filled,5,5,@0.54,0.54,DAY,04/20/2026 09:31:15 EDT,04/20/2026 09:31:15 EDT
SLV260630C00068000,SLV260630C00068000,Sell,Filled,3,3,@9.3,9.3,DAY,04/20/2026 09:30:36 EDT,04/20/2026 09:30:36 EDT
BABA260515C00170000,BABA260515C00170000,Sell,Filled,15,15,@0.86,0.86,DAY,04/17/2026 15:35:50 EDT,04/17/2026 15:35:58 EDT
UAL260618P00085000,UAL260618P00085000,Buy,Filled,5,5,@2.8,2.8,DAY,04/17/2026 15:27:20 EDT,04/17/2026 15:27:33 EDT
MU260515P00340000,MU260515P00340000,Buy,Filled,2,2,@3.3,3.3,DAY,04/17/2026 14:56:01 EDT,04/17/2026 14:56:01 EDT
HPE260515C00028000,HPE260515C00028000,Sell,Filled,20,20,@0.68,0.68,DAY,04/17/2026 13:56:24 EDT,04/17/2026 13:56:36 EDT
UAL260515P00085000,UAL260515P00085000,Buy,Filled,5,5,@1.28,1.28,DAY,04/17/2026 13:56:15 EDT,04/17/2026 13:56:15 EDT
UAL260515P00085000,UAL260515P00085000,Buy,Filled,5,5,@1.14,1.14,DAY,04/17/2026 13:13:33 EDT,04/17/2026 13:13:33 EDT
BABA260515C00170000,BABA260515C00170000,Buy,Filled,15,15,@1.02,1.02,DAY,04/17/2026 12:20:58 EDT,04/17/2026 12:20:58 EDT
KC260515C00020000,KC260515C00020000,Buy,Filled,15,15,@0.79,0.79,DAY,04/17/2026 12:14:58 EDT,04/17/2026 12:15:21 EDT
KC260515C00020000,KC260515C00020000,Buy,Cancelled,0,20,@0.65,,DAY,04/17/2026 12:12:41 EDT,
QQQ260417P00646000,QQQ260417P00646000,Buy,Filled,4,4,@0.71,0.71,DAY,04/17/2026 11:19:53 EDT,04/17/2026 11:19:53 EDT
SLV260515C00080000,SLV260515C00080000,Sell,Filled,5,5,@2.71,2.71,DAY,04/17/2026 11:19:23 EDT,04/17/2026 11:19:23 EDT
NVDA260417C00202500,NVDA260417C00202500,Sell,Filled,5,5,@0.17,0.17,DAY,04/17/2026 11:19:05 EDT,04/17/2026 11:19:05 EDT
TTE260515P00085000,TTE260515P00085000,Sell,Filled,2,2,@1.9,1.9,DAY,04/17/2026 09:45:00 EDT,04/17/2026 09:45:00 EDT
NVDA260417C00202500,NVDA260417C00202500,Buy,Filled,5,5,@0.42,0.42,DAY,04/17/2026 09:44:42 EDT,04/17/2026 09:44:43 EDT
TTE260515P00085000,TTE260515P00085000,Buy,Filled,2,2,@2,2,DAY,04/17/2026 09:34:05 EDT,04/17/2026 09:34:05 EDT
GOOG260417P00300000,GOOG260417P00300000,Sell,Filled,8,8,@0.01,0.01,DAY,04/17/2026 09:32:22 EDT,04/17/2026 09:45:53 EDT
CRWV260424P00117000,CRWV260424P00117000,Sell,Filled,1,1,@4.4,4.4,DAY,04/17/2026 09:31:22 EDT,04/17/2026 09:31:22 EDT
SLV260630C00068000,SLV260630C00068000,Buy,Filled,2,2,@10.34,10.34,DAY,04/17/2026 09:31:00 EDT,04/17/2026 09:31:09 EDT
SLV260515C00080000,SLV260515C00080000,Buy,Filled,5,5,@2.47,2.47,DAY,04/17/2026 09:30:45 EDT,04/17/2026 09:30:45 EDT
HPE260417C00027500,HPE260417C00027500,Buy,Cancelled,25,50,@0.01,0.01,DAY,04/16/2026 15:35:46 EDT,04/16/2026 15:35:46 EDT
SMH260515P00430000,SMH260515P00430000,Sell,Filled,1,1,@10,10,DAY,04/16/2026 15:35:09 EDT,04/16/2026 15:35:16 EDT
HPE260515C00028000,HPE260515C00028000,Buy,Filled,20,20,@0.53,0.53,DAY,04/16/2026 15:15:52 EDT,04/16/2026 15:15:52 EDT
HPE260618C00024000,HPE260618C00024000,Buy,Filled,3,3,@3.12,3.12,DAY,04/16/2026 15:15:05 EDT,04/16/2026 15:15:26 EDT
SMH260515P00430000,SMH260515P00430000,Buy,Filled,1,1,@10.75,10.75,DAY,04/16/2026 13:19:42 EDT,04/16/2026 13:19:42 EDT
SLV260630C00068000,SLV260630C00068000,Sell,Filled,2,2,@8.4,8.4,DAY,04/16/2026 12:52:15 EDT,04/16/2026 12:52:16 EDT
HPE260515C00028000,HPE260515C00028000,Sell,Filled,20,20,@0.488,0.488,DAY,04/16/2026 12:44:12 EDT,04/16/2026 12:44:12 EDT
CRWV260424P00117000,CRWV260424P00117000,Buy,Filled,1,1,@5.22,5.22,DAY,04/16/2026 12:31:08 EDT,04/16/2026 12:31:08 EDT
HPE260618C00024000,HPE260618C00024000,Sell,Filled,3,3,@3.01,3.01,DAY,04/16/2026 12:24:51 EDT,04/16/2026 12:24:51 EDT
MU260515P00340000,MU260515P00340000,Buy,Filled,2,2,@3.95,3.95,DAY,04/16/2026 12:24:26 EDT,04/16/2026 12:24:36 EDT
MU260515P00340000,MU260515P00340000,Sell,Filled,2,2,@3.8,3.8,DAY,04/16/2026 12:21:27 EDT,04/16/2026 12:21:32 EDT
INTC260424P00059000,INTC260424P00059000,Sell,Filled,1,1,@0.87,0.87,DAY,04/16/2026 12:18:09 EDT,04/16/2026 12:18:09 EDT
HPE260618C00024000,HPE260618C00024000,Buy,Filled,3,3,@3.05,3.05,DAY,04/16/2026 12:13:24 EDT,04/16/2026 12:13:24 EDT
HPE260618C00024000,HPE260618C00024000,Buy,Filled,3,3,@2.99,2.99,DAY,04/16/2026 12:12:34 EDT,04/16/2026 12:12:34 EDT
HPE260515C00028000,HPE260515C00028000,Buy,Filled,20,20,@0.5,0.5,DAY,04/16/2026 12:12:23 EDT,04/16/2026 12:12:23 EDT
SOXS260515C00045000,SOXS260515C00045000,Sell,Filled,10,10,@0.27,0.27,DAY,04/16/2026 12:10:41 EDT,04/16/2026 12:11:01 EDT
NVDA260420C00200000,NVDA260420C00200000,Sell,Cancelled,0,3,@80,,DAY,04/16/2026 11:17:24 EDT,
NVDA260420C00200000,NVDA260420C00200000,Sell,Filled,3,3,@1.88,1.88,DAY,04/16/2026 11:17:24 EDT,04/16/2026 11:47:26 EDT
NVDA260420C00200000,NVDA260420C00200000,Buy,Filled,1,1,@2.17,2.17,DAY,04/16/2026 11:05:47 EDT,04/16/2026 11:05:47 EDT
NVDA260420C00200000,NVDA260420C00200000,Buy,Filled,2,2,@1.45,1.45,DAY,04/16/2026 10:04:32 EDT,04/16/2026 10:04:40 EDT
MU260417P00425000,MU260417P00425000,Sell,Filled,1,1,@1.02,1.02,DAY,04/16/2026 10:04:17 EDT,04/16/2026 10:04:17 EDT
MU260417P00425000,MU260417P00425000,Buy,Filled,1,1,@2.49,2.49,DAY,04/16/2026 09:32:59 EDT,04/16/2026 09:32:59 EDT
QQQ260416C00640000,QQQ260416C00640000,Sell,Filled,3,3,@0.9067,0.9067,DAY,04/16/2026 09:32:35 EDT,04/16/2026 09:32:35 EDT
TSLA260415C00395000,TSLA260415C00395000,Sell,Filled,5,5,@0.1,0.1,DAY,04/15/2026 15:02:09 EDT,04/15/2026 15:02:09 EDT
QQQ260416C00640000,QQQ260416C00640000,Buy,Filled,3,3,@0.78,0.78,DAY,04/15/2026 15:01:50 EDT,04/15/2026 15:01:53 EDT
TSLA260415C00395000,TSLA260415C00395000,Buy,Filled,5,5,@0.26,0.26,DAY,04/15/2026 14:52:08 EDT,04/15/2026 14:52:08 EDT
QQQ260415C00634000,QQQ260415C00634000,Sell,Filled,4,4,@1.84,1.84,DAY,04/15/2026 14:51:35 EDT,04/15/2026 14:51:35 EDT
QQQ260415C00634000,QQQ260415C00634000,Sell,Filled,4,4,@0.8775,0.8775,DAY,04/15/2026 14:25:05 EDT,04/15/2026 14:25:06 EDT
SOXS260515C00045000,SOXS260515C00045000,Buy,Filled,10,10,@0.36,0.36,DAY,04/15/2026 12:58:49 EDT,04/15/2026 15:04:35 EDT
MU260515P00340000,MU260515P00340000,Buy,Filled,1,1,@5.42,5.42,DAY,04/15/2026 12:56:52 EDT,04/15/2026 12:56:52 EDT
JD260618C00029000,JD260618C00029000,Sell,Filled,2,2,@3.59,3.59,DAY,04/15/2026 12:56:41 EDT,04/15/2026 12:56:41 EDT
JD260618C00029000,JD260618C00029000,Sell,Filled,3,3,@3.57,3.57,DAY,04/15/2026 12:56:27 EDT,04/15/2026 12:56:27 EDT
MU260515P00340000,MU260515P00340000,Buy,Filled,1,1,@4.8,4.8,DAY,04/15/2026 12:25:27 EDT,04/15/2026 12:25:39 EDT
QQQ260415C00634000,QQQ260415C00634000,Sell,Filled,7,7,@0.63,0.63,DAY,04/15/2026 11:15:28 EDT,04/15/2026 11:15:28 EDT
QQQ260415C00634000,QQQ260415C00634000,Buy,Filled,15,15,@0.31,0.31,DAY,04/15/2026 10:17:39 EDT,04/15/2026 10:17:42 EDT
MU260515P00340000,MU260515P00340000,Buy,Filled,1,1,@4.6,4.6,DAY,04/15/2026 10:01:41 EDT,04/15/2026 10:01:42 EDT
SPY260415C00700000,SPY260415C00700000,Sell,Filled,30,30,@0.14,0.14,DAY,04/15/2026 10:01:35 EDT,04/15/2026 10:01:35 EDT
SPY260415C00700000,SPY260415C00700000,Buy,Filled,30,30,@0.17,0.17,DAY,04/14/2026 14:14:00 EDT,04/14/2026 14:14:00 EDT
GLD260422C00450000,GLD260422C00450000,Sell,Filled,1,1,@4.05,4.05,DAY,04/14/2026 12:31:01 EDT,04/14/2026 12:31:01 EDT
GLD260422C00450000,GLD260422C00450000,Buy,Filled,1,1,@4.08,4.08,DAY,04/14/2026 12:30:42 EDT,04/14/2026 12:30:43 EDT
INTC260424P00059000,INTC260424P00059000,Buy,Filled,1,1,@2.21,2.21,DAY,04/14/2026 12:07:17 EDT,04/14/2026 12:07:17 EDT
HOOD260618C00070000,HOOD260618C00070000,Sell,Filled,1,1,@14.05,14.05,DAY,04/14/2026 10:41:13 EDT,04/14/2026 10:41:13 EDT
MU260515P00340000,MU260515P00340000,Sell,Filled,1,1,@5.5,5.5,DAY,04/14/2026 10:16:55 EDT,04/14/2026 10:17:25 EDT
MU260515P00340000,MU260515P00340000,Buy,Filled,1,1,@6.15,6.15,DAY,04/14/2026 10:10:26 EDT,04/14/2026 10:10:26 EDT
HOOD260618C00070000,HOOD260618C00070000,Buy,Filled,1,1,@12.65,12.65,DAY,04/14/2026 09:34:36 EDT,04/14/2026 09:34:37 EDT
JD260618C00029000,JD260618C00029000,Buy,Filled,5,5,@2.9,2.9,DAY,04/14/2026 09:34:10 EDT,04/14/2026 09:34:53 EDT
NVDA260417P00145000,NVDA260417P00145000,Sell,Filled,30,30,@0.01,0.01,DAY,04/14/2026 09:31:08 EDT,04/14/2026 09:31:19 EDT
USO260618C00135000,USO260618C00135000,Sell,Filled,2,2,@11.2,11.2,DAY,04/14/2026 09:30:46 EDT,04/14/2026 09:30:46 EDT
USO260618C00135000,USO260618C00135000,Buy,Filled,2,2,@12.5,12.5,DAY,04/13/2026 15:57:59 EDT,04/13/2026 15:57:59 EDT
MU260515P00340000,MU260515P00340000,Sell,Filled,3,3,@7.31,7.31,DAY,04/13/2026 15:22:03 EDT,04/13/2026 15:22:03 EDT
SLV260630C00068000,SLV260630C00068000,Sell,Filled,5,5,@7.05,7.05,DAY,04/13/2026 13:27:30 EDT,04/13/2026 13:27:30 EDT
SLV260630C00068000,SLV260630C00068000,Buy,Filled,10,10,@7,7,DAY,04/13/2026 13:09:50 EDT,04/13/2026 13:09:50 EDT
MU260515P00340000,MU260515P00340000,Buy,Filled,2,2,@9,9,DAY,04/13/2026 10:03:39 EDT,04/13/2026 10:03:39 EDT
MU260515P00340000,MU260515P00340000,Buy,Filled,3,3,@9,9,DAY,04/13/2026 09:51:47 EDT,04/13/2026 09:51:48 EDT
COIN260515P00150000,COIN260515P00150000,Sell,Filled,2,2,@6.8,6.8,DAY,04/13/2026 09:50:04 EDT,04/13/2026 09:50:04 EDT
MU260515P00340000,MU260515P00340000,Sell,Filled,5,5,@9.012,9.012,DAY,04/13/2026 09:49:58 EDT,04/13/2026 09:49:58 EDT
MU260515P00340000,MU260515P00340000,Buy,Filled,1,1,@9.55,9.55,DAY,04/13/2026 09:45:59 EDT,04/13/2026 09:46:05 EDT
ORCL260515P00140000,ORCL260515P00140000,Sell,Filled,1,1,@7.6,7.6,DAY,04/13/2026 09:42:57 EDT,04/13/2026 09:42:57 EDT
ORCL260515P00140000,ORCL260515P00140000,Sell,Filled,1,1,@7.9,7.9,DAY,04/13/2026 09:42:19 EDT,04/13/2026 09:42:20 EDT
MU260515P00340000,MU260515P00340000,Buy,Filled,2,2,@9.2,9.2,DAY,04/13/2026 09:42:08 EDT,04/13/2026 09:42:09 EDT
INTC260417P00039000,INTC260417P00039000,Sell,Filled,30,30,@0.01,0.01,DAY,04/13/2026 09:32:04 EDT,04/13/2026 09:32:05 EDT
EWJ260417P00080000,EWJ260417P00080000,Sell,Cancelled,0,10,@0.45,,DAY,04/13/2026 09:31:44 EDT,
YINN260417C00036000,YINN260417C00036000,Sell,Filled,15,15,@0.1767,0.1767,DAY,04/13/2026 09:31:29 EDT,04/13/2026 09:31:29 EDT
GOOG260417P00300000,GOOG260417P00300000,Buy,Filled,8,8,@0.7,0.7,DAY,04/13/2026 09:31:24 EDT,04/13/2026 09:31:24 EDT
SPY260410P00676000,SPY260410P00676000,Sell,Filled,10,10,@0.03,0.03,DAY,04/10/2026 15:49:17 EDT,04/10/2026 15:49:17 EDT
YINN260417C00036000,YINN260417C00036000,Sell,Filled,5,5,@0.32,0.32,DAY,04/10/2026 15:33:00 EDT,04/10/2026 15:33:11 EDT
YINN260417C00036000,YINN260417C00036000,Buy,Filled,20,20,@0.36,0.36,DAY,04/10/2026 15:19:38 EDT,04/10/2026 15:19:38 EDT
SPY260410P00676000,SPY260410P00676000,Buy,Filled,9,9,@0.04,0.04,DAY,04/10/2026 15:10:56 EDT,04/10/2026 15:10:56 EDT
SPY260410P00676000,SPY260410P00676000,Buy,Filled,1,1,@0.04,0.04,DAY,04/10/2026 15:10:42 EDT,04/10/2026 15:10:42 EDT
MU260515P00340000,MU260515P00340000,Buy,Filled,2,2,@8.79,8.79,DAY,04/10/2026 11:44:35 EDT,04/10/2026 11:44:35 EDT
MU260515P00340000,MU260515P00340000,Sell,Filled,2,2,@8.3,8.3,DAY,04/10/2026 10:33:36 EDT,04/10/2026 10:33:36 EDT
COIN260515P00150000,COIN260515P00150000,Buy,Filled,2,2,@8.65,8.65,DAY,04/10/2026 09:42:42 EDT,04/10/2026 09:43:13 EDT
PANW260618P00150000,PANW260618P00150000,Buy,Cancelled,0,2,@7.75,,DAY,04/10/2026 09:41:24 EDT,
ORCL260515P00140000,ORCL260515P00140000,Buy,Filled,2,2,@9.4,9.4,DAY,04/09/2026 12:37:53 EDT,04/09/2026 12:37:53 EDT
MSFT260515P00355000,MSFT260515P00355000,Sell,Filled,1,1,@9.15,9.15,DAY,04/09/2026 12:37:10 EDT,04/09/2026 12:38:03 EDT
ORCL260515P00140000,ORCL260515P00140000,Sell,Filled,1,1,@8.55,8.55,DAY,04/09/2026 12:08:45 EDT,04/09/2026 12:08:58 EDT
VET260515C00012500,VET260515C00012500,Sell,Filled,15,15,@0.85,0.85,DAY,04/09/2026 12:08:23 EDT,04/09/2026 12:08:28 EDT
ORCL260515P00140000,ORCL260515P00140000,Buy,Filled,1,1,@9.35,9.35,DAY,04/09/2026 11:00:26 EDT,04/09/2026 11:00:26 EDT
MU260515P00340000,MU260515P00340000,Buy,Filled,1,1,@11.65,11.65,DAY,04/09/2026 10:30:39 EDT,04/09/2026 10:30:43 EDT
MSFT260515P00355000,MSFT260515P00355000,Buy,Filled,1,1,@10.65,10.65,DAY,04/09/2026 09:56:08 EDT,04/09/2026 09:56:08 EDT
MU260515P00340000,MU260515P00340000,Sell,Filled,1,1,@9.8,9.8,DAY,04/09/2026 09:32:16 EDT,04/09/2026 09:32:16 EDT
MU260515P00340000,MU260515P00340000,Buy,Filled,1,1,@10.8,10.8,DAY,04/08/2026 15:55:56 EDT,04/08/2026 15:56:07 EDT
QQQ260408C00609000,QQQ260408C00609000,Sell,Filled,2,2,@0.47,0.47,DAY,04/08/2026 10:18:41 EDT,04/08/2026 10:18:41 EDT
MU260515P00340000,MU260515P00340000,Buy,Filled,1,1,@10.57,10.57,DAY,04/08/2026 10:10:42 EDT,04/08/2026 10:10:43 EDT
QQQ260408C00609000,QQQ260408C00609000,Buy,Filled,2,2,@1.08,1.08,DAY,04/08/2026 09:50:12 EDT,04/08/2026 09:50:16 EDT
UAL260515C00110000,UAL260515C00110000,Buy,Cancelled,0,2,@4.15,,DAY,04/08/2026 09:36:38 EDT,
EWJ260515P00080000,EWJ260515P00080000,Sell,Filled,7,7,@0.78,0.78,DAY,04/08/2026 09:32:09 EDT,04/08/2026 09:32:09 EDT
MU260515P00300000,MU260515P00300000,Sell,Filled,3,3,@3.9,3.9,DAY,04/08/2026 09:31:20 EDT,04/08/2026 09:31:20 EDT
MU260515P00280000,MU260515P00280000,Sell,Filled,5,5,@2.5,2.5,DAY,04/08/2026 09:31:08 EDT,04/08/2026 09:31:08 EDT
USO261016C00175000,USO261016C00175000,Sell,Filled,1,1,@6.8,6.8,DAY,04/08/2026 09:30:41 EDT,04/08/2026 09:30:41 EDT
NVDA260515P00200000,NVDA260515P00200000,Sell,Filled,2,2,@16.77,16.77,DAY,04/08/2026 09:30:19 EDT,04/08/2026 09:30:20 EDT
INTC260618P00055000,INTC260618P00055000,Sell,Filled,2,2,@6,6,DAY,04/08/2026 09:30:12 EDT,04/08/2026 09:30:12 EDT
NVDA260515P00200000,NVDA260515P00200000,Buy,Filled,2,2,@22.95,22.95,DAY,04/07/2026 15:57:32 EDT,04/07/2026 15:57:33 EDT
NVDA260515P00200000,NVDA260515P00200000,Sell,Filled,2,2,@23.37,23.37,DAY,04/07/2026 15:54:39 EDT,04/07/2026 15:54:39 EDT
UAL260417P00085000,UAL260417P00085000,Sell,Filled,3,3,@2.51,2.51,DAY,04/07/2026 15:49:44 EDT,04/07/2026 15:49:44 EDT
VET260515C00020000,VET260515C00020000,Buy,Cancelled,0,10,@0.05,,DAY,04/07/2026 14:54:11 EDT,
VET260515C00012500,VET260515C00012500,Buy,Filled,3,3,@2.05,2.05,DAY,04/07/2026 14:51:28 EDT,04/07/2026 14:51:43 EDT
EWJ260417P00080000,EWJ260417P00080000,Buy,Filled,10,10,@0.841,0.841,DAY,04/07/2026 14:50:57 EDT,04/07/2026 14:51:09 EDT
UAL260417P00085000,UAL260417P00085000,Buy,Filled,3,3,@3.01,3.01,DAY,04/07/2026 09:40:41 EDT,04/07/2026 09:40:41 EDT
MU260515P00280000,MU260515P00280000,Buy,Filled,5,5,@5.096,5.096,DAY,04/07/2026 09:30:52 EDT,04/07/2026 09:30:52 EDT
VET260515C00012500,VET260515C00012500,Buy,Filled,8,8,@1.7,1.7,DAY,04/06/2026 13:42:32 EDT,04/06/2026 13:46:03 EDT
USO261016C00175000,USO261016C00175000,Buy,Filled,1,1,@16.25,16.25,DAY,04/06/2026 13:26:07 EDT,04/06/2026 13:26:25 EDT
INTC260618P00055000,INTC260618P00055000,Buy,Filled,2,2,@8.57,8.57,DAY,04/06/2026 13:07:33 EDT,04/06/2026 13:07:33 EDT
MU260515P00300000,MU260515P00300000,Buy,Filled,3,3,@7.85,7.85,DAY,04/06/2026 11:35:56 EDT,04/06/2026 11:35:56 EDT
HOOD260515P00050000,HOOD260515P00050000,Sell,Filled,16,16,@0.91,0.91,DAY,04/06/2026 09:45:30 EDT,04/06/2026 09:45:30 EDT
MU260515P00300000,MU260515P00300000,Sell,Filled,3,3,@8.25,8.25,DAY,04/06/2026 09:45:25 EDT,04/06/2026 09:45:25 EDT
SLV260417P00061000,SLV260417P00061000,Sell,Filled,5,5,@1.33,1.33,DAY,04/06/2026 09:44:24 EDT,04/06/2026 09:44:24 EDT
INTC260417P00039000,INTC260417P00039000,Buy,Filled,15,15,@0.16,0.16,DAY,04/02/2026 15:40:33 EDT,04/02/2026 15:40:33 EDT
EWJ260515P00080000,EWJ260515P00080000,Buy,Filled,4,4,@1.9,1.9,DAY,04/02/2026 14:24:26 EDT,04/02/2026 14:33:04 EDT
EWJ260515P00080000,EWJ260515P00080000,Buy,Filled,3,3,@1.9,1.9,DAY,04/02/2026 13:59:04 EDT,04/02/2026 13:59:05 EDT
VET260515C00012500,VET260515C00012500,Buy,Cancelled,0,5,@1.45,,DAY,04/02/2026 13:53:05 EDT,
QQQ260402P00579000,QQQ260402P00579000,Buy,Filled,1,1,@0.84,0.84,DAY,04/02/2026 11:33:54 EDT,04/02/2026 11:33:58 EDT
QQQ260402P00579000,QQQ260402P00579000,Buy,Filled,1,1,@1.5,1.5,DAY,04/02/2026 10:51:00 EDT,04/02/2026 10:51:00 EDT
QQQ260402C00580000,QQQ260402C00580000,Sell,Filled,1,1,@1.58,1.58,DAY,04/02/2026 10:25:20 EDT,04/02/2026 10:25:28 EDT
QQQ260402C00580000,QQQ260402C00580000,Buy,Filled,1,1,@1.91,1.91,DAY,04/02/2026 10:22:07 EDT,04/02/2026 10:22:07 EDT
QQQ260402C00580000,QQQ260402C00580000,Sell,Filled,2,2,@1.92,1.92,DAY,04/02/2026 10:18:21 EDT,04/02/2026 10:18:21 EDT
QQQ260402C00580000,QQQ260402C00580000,Buy,Filled,2,2,@1.14,1.14,DAY,04/02/2026 09:59:35 EDT,04/02/2026 09:59:42 EDT
EWJ260402P00074000,EWJ260402P00074000,Sell,Cancelled,0,30,@0.05,,DAY,04/02/2026 09:35:40 EDT,
QQQ260402C00588000,QQQ260402C00588000,Sell,Filled,1,1,@0.03,0.03,DAY,04/02/2026 09:35:26 EDT,04/02/2026 09:35:26 EDT
HOOD260515P00050000,HOOD260515P00050000,Buy,Filled,4,4,@1.48,1.48,DAY,04/02/2026 09:35:09 EDT,04/02/2026 09:35:09 EDT
HOOD260515P00050000,HOOD260515P00050000,Buy,Filled,4,4,@1.41,1.41,DAY,04/02/2026 09:34:51 EDT,04/02/2026 09:34:51 EDT
HOOD260515P00050000,HOOD260515P00050000,Buy,Filled,8,8,@1.36,1.36,DAY,04/02/2026 09:31:04 EDT,04/02/2026 09:31:19 EDT
SLV260417P00061000,SLV260417P00061000,Buy,Filled,5,5,@2.65,2.65,DAY,04/02/2026 09:30:21 EDT,04/02/2026 09:30:21 EDT
NVDA260417P00145000,NVDA260417P00145000,Buy,Filled,30,30,@0.2917,0.2917,DAY,04/01/2026 15:59:30 EDT,04/01/2026 15:59:30 EDT
QQQ260402C00588000,QQQ260402C00588000,Buy,Filled,1,1,@1.96,1.96,DAY,04/01/2026 15:53:59 EDT,04/01/2026 15:53:59 EDT
MU260515P00300000,MU260515P00300000,Buy,Filled,1,1,@9.6,9.6,DAY,04/01/2026 14:04:57 EDT,04/01/2026 14:05:03 EDT
MU260515P00300000,MU260515P00300000,Buy,Filled,1,1,@8.85,8.85,DAY,04/01/2026 13:19:31 EDT,04/01/2026 13:19:47 EDT
MU260515P00300000,MU260515P00300000,Buy,Filled,1,1,@10.31,10.31,DAY,04/01/2026 10:33:13 EDT,04/01/2026 10:33:13 EDT
QQQ260401P00578000,QQQ260401P00578000,Sell,Filled,3,3,@0.87,0.87,DAY,04/01/2026 09:58:47 EDT,04/01/2026 09:58:48 EDT
QQQ260401P00578000,QQQ260401P00578000,Buy,Filled,3,3,@0.97,0.97,DAY,04/01/2026 09:47:16 EDT,04/01/2026 09:47:16 EDT
MU260402C00372500,MU260402C00372500,Sell,Filled,1,1,@1.55,1.55,DAY,04/01/2026 09:43:44 EDT,04/01/2026 09:44:02 EDT
EWY260515P00110000,EWY260515P00110000,Sell,Filled,4,4,@4.4,4.4,DAY,04/01/2026 09:40:58 EDT,04/01/2026 09:40:58 EDT
EWY260424P00110000,EWY260424P00110000,Sell,Filled,5,5,@2.5,2.5,DAY,04/01/2026 09:40:49 EDT,04/01/2026 09:41:10 EDT
MU260402C00372500,MU260402C00372500,Buy,Filled,1,1,@2.04,2.04,DAY,04/01/2026 09:32:22 EDT,04/01/2026 09:32:22 EDT
MU260402C00350000,MU260402C00350000,Sell,Filled,2,2,@3.35,3.35,DAY,03/31/2026 15:54:23 EDT,03/31/2026 15:54:31 EDT
QQQ260417C00575000,QQQ260417C00575000,Sell,Filled,1,1,@12.95,12.95,DAY,03/31/2026 13:54:20 EDT,03/31/2026 13:54:20 EDT
AAOI260515P00055000,AAOI260515P00055000,Sell,Filled,3,3,@4.3,4.3,DAY,03/31/2026 12:52:04 EDT,03/31/2026 12:52:04 EDT
HOOD260417P00060000,HOOD260417P00060000,Sell,Filled,15,15,@1.3,1.3,DAY,03/31/2026 12:51:44 EDT,03/31/2026 12:51:51 EDT
CTSH260515P00060000,CTSH260515P00060000,Sell,Filled,5,5,@3.04,3.04,DAY,03/31/2026 12:51:36 EDT,03/31/2026 12:52:26 EDT
MU260402C00350000,MU260402C00350000,Buy,Filled,2,2,@2.39,2.39,DAY,03/31/2026 12:47:55 EDT,03/31/2026 12:47:55 EDT
GLD260417C00430000,GLD260417C00430000,Sell,Filled,1,1,@10.9,10.9,DAY,03/31/2026 12:34:46 EDT,03/31/2026 12:34:56 EDT
GLD260417C00430000,GLD260417C00430000,Buy,Filled,1,1,@11.09,11.09,DAY,03/31/2026 11:46:14 EDT,03/31/2026 11:46:14 EDT
QQQ260331C00566000,QQQ260331C00566000,Sell,Filled,1,1,@2.71,2.71,DAY,03/31/2026 11:38:32 EDT,03/31/2026 11:38:34 EDT
INTC260417P00039000,INTC260417P00039000,Buy,Filled,15,15,@0.9533,0.9533,DAY,03/31/2026 11:38:14 EDT,03/31/2026 11:38:14 EDT
VET260515C00012500,VET260515C00012500,Buy,Filled,4,4,@2.25,2.25,DAY,03/31/2026 10:32:49 EDT,03/31/2026 10:32:49 EDT
VET260515C00020000,VET260515C00020000,Buy,Filled,30,30,@0.16,0.16,DAY,03/31/2026 10:32:40 EDT,03/31/2026 10:33:00 EDT
UAL260515P00080000,UAL260515P00080000,Sell,Filled,4,4,@4.9,4.9,DAY,03/31/2026 10:00:41 EDT,03/31/2026 10:00:48 EDT
UAL260515P00080000,UAL260515P00080000,Sell,Cancelled,0,4,@5.2,,DAY,03/31/2026 09:46:52 EDT,
COIN260417P00175000,COIN260417P00175000,Sell,Filled,1,1,@16.85,16.85,DAY,03/31/2026 09:42:52 EDT,03/31/2026 09:42:52 EDT
NVDA260417P00145000,NVDA260417P00145000,Sell,Filled,20,20,@0.64,0.64,DAY,03/31/2026 09:42:26 EDT,03/31/2026 09:42:26 EDT
TSEM260417P00125000,TSEM260417P00125000,Sell,Filled,5,5,@1.15,1.15,DAY,03/31/2026 09:40:27 EDT,03/31/2026 09:40:50 EDT
INTC260402P00040500,INTC260402P00040500,Sell,Filled,10,10,@0.46,0.46,DAY,03/31/2026 09:40:12 EDT,03/31/2026 09:40:12 EDT
MU260515P00290000,MU260515P00290000,Sell,Filled,1,1,@16.6,16.6,DAY,03/31/2026 09:35:18 EDT,03/31/2026 09:35:18 EDT
QQQ260417C00575000,QQQ260417C00575000,Buy,Filled,1,1,@8.81,8.81,DAY,03/31/2026 09:33:45 EDT,03/31/2026 09:33:45 EDT
QQQ260331C00566000,QQQ260331C00566000,Buy,Filled,1,1,@2.18,2.18,DAY,03/31/2026 09:31:24 EDT,03/31/2026 09:31:39 EDT
MU260515P00260000,MU260515P00260000,Sell,Filled,5,5,@9.15,9.15,DAY,03/31/2026 09:30:17 EDT,03/31/2026 09:30:17 EDT
UAL260515P00080000,UAL260515P00080000,Sell,Filled,4,4,@6.2,6.2,DAY,03/30/2026 15:12:55 EDT,03/30/2026 15:12:55 EDT
NVDA260417P00145000,NVDA260417P00145000,Sell,Filled,20,20,@1.24,1.24,DAY,03/30/2026 15:12:31 EDT,03/30/2026 15:12:32 EDT
AAOI260515P00055000,AAOI260515P00055000,Buy,Filled,3,3,@4.9,4.9,DAY,03/30/2026 11:19:20 EDT,03/30/2026 11:19:21 EDT
TSEM260417P00125000,TSEM260417P00125000,Sell,Filled,5,5,@2.57,2.57,DAY,03/30/2026 11:17:30 EDT,03/30/2026 11:17:30 EDT
UAL260515P00080000,UAL260515P00080000,Sell,Cancelled,0,4,@5.5,,DAY,03/30/2026 11:07:42 EDT,
INTC260402P00040500,INTC260402P00040500,Sell,Filled,10,10,@0.64,0.64,DAY,03/30/2026 10:41:37 EDT,03/30/2026 10:41:37 EDT
TSEM260417P00125000,TSEM260417P00125000,Sell,Cancelled,0,5,@1.65,,DAY,03/30/2026 10:15:04 EDT,
USO260417C00130000,USO260417C00130000,Sell,Filled,2,2,@9.9,9.9,DAY,03/30/2026 10:11:32 EDT,03/30/2026 10:11:38 EDT
UVXY260410C00115000,UVXY260410C00115000,Sell,Filled,8,8,@0.59,0.59,DAY,03/30/2026 10:11:22 EDT,03/30/2026 10:11:22 EDT
MU260515P00290000,MU260515P00290000,Buy,Filled,1,1,@12.4,12.4,DAY,03/30/2026 09:56:08 EDT,03/30/2026 09:56:08 EDT
UVXY260410C00115000,UVXY260410C00115000,Sell,Cancelled,0,8,@1.24,,DAY,03/30/2026 09:31:00 EDT,
SPY260330P00611000,SPY260330P00611000,Sell,Cancelled,0,30,@0.02,,DAY,03/30/2026 09:28:13 EDT,
SPY260330P00611000,SPY260330P00611000,Buy,Filled,30,30,@0.35,0.35,DAY,03/27/2026 15:54:15 EDT,03/27/2026 15:54:15 EDT
GLD260417C00430000,GLD260417C00430000,Sell,Filled,1,1,@10.4,10.4,DAY,03/27/2026 15:38:54 EDT,03/27/2026 15:38:54 EDT
EWJ260402P00074000,EWJ260402P00074000,Buy,Filled,30,30,@0.283,0.283,DAY,03/27/2026 15:29:13 EDT,03/27/2026 15:29:49 EDT
TSEM260417P00125000,TSEM260417P00125000,Buy,Filled,10,10,@1.3,1.3,DAY,03/27/2026 14:54:44 EDT,03/27/2026 14:54:51 EDT
INTC260402P00040500,INTC260402P00040500,Buy,Filled,20,20,@0.518,0.518,DAY,03/27/2026 14:27:42 EDT,03/27/2026 14:27:42 EDT
INTC260327P00041000,INTC260327P00041000,Buy,Filled,75,75,@0.01,0.01,DAY,03/27/2026 12:40:17 EDT,03/27/2026 12:40:17 EDT
ORCL260327P00138000,ORCL260327P00138000,Sell,Filled,5,5,@0.05,0.05,DAY,03/27/2026 11:33:49 EDT,03/27/2026 11:33:49 EDT
GLD260417C00430000,GLD260417C00430000,Buy,Filled,1,1,@9.4,9.4,DAY,03/27/2026 11:00:06 EDT,03/27/2026 11:00:06 EDT
HOOD260417P00060000,HOOD260417P00060000,Buy,Filled,5,5,@2.16,2.16,DAY,03/27/2026 09:56:22 EDT,03/27/2026 09:56:22 EDT
ORCL260327P00138000,ORCL260327P00138000,Buy,Filled,5,5,@0.83,0.83,DAY,03/27/2026 09:32:41 EDT,03/27/2026 09:32:41 EDT
HOOD260417P00060000,HOOD260417P00060000,Buy,Filled,10,10,@1.82,1.82,DAY,03/27/2026 09:30:53 EDT,03/27/2026 09:35:55 EDT
QQQ260327C00585000,QQQ260327C00585000,Buy,Filled,3,3,@0.32,0.32,DAY,03/26/2026 15:57:20 EDT,03/26/2026 15:57:20 EDT
COIN260417P00155000,COIN260417P00155000,Sell,Filled,1,1,@5.25,5.25,DAY,03/26/2026 15:42:53 EDT,03/26/2026 15:43:01 EDT
UVXY260410C00115000,UVXY260410C00115000,Buy,Filled,2,2,@0.55,0.55,DAY,03/26/2026 15:38:34 EDT,03/26/2026 15:38:34 EDT
UVXY260410C00115000,UVXY260410C00115000,Buy,Filled,6,6,@0.55,0.55,DAY,03/26/2026 15:38:06 EDT,03/26/2026 15:38:22 EDT
INTC260327P00041000,INTC260327P00041000,Buy,Filled,50,50,@0.02,0.02,DAY,03/26/2026 13:58:12 EDT,03/26/2026 13:58:13 EDT
QQQ260327C00585000,QQQ260327C00585000,Buy,Filled,5,5,@1.05,1.05,DAY,03/26/2026 13:09:04 EDT,03/26/2026 13:09:04 EDT
VET260417C00017500,VET260417C00017500,Buy,Cancelled,0,10,@0.05,,DAY,03/26/2026 12:20:28 EDT,
MU260515P00260000,MU260515P00260000,Sell,Cancelled,0,5,@4.5,,DAY,03/26/2026 11:51:28 EDT,
MU260327C00375000,MU260327C00375000,Sell,Filled,1,1,@3.3,3.3,DAY,03/26/2026 11:51:09 EDT,03/26/2026 11:51:09 EDT
NTR260618C00080000,NTR260618C00080000,Sell,Filled,5,5,@3.2,3.2,DAY,03/26/2026 11:50:26 EDT,03/26/2026 11:50:26 EDT
COIN260417P00155000,COIN260417P00155000,Buy,Filled,1,1,@5.65,5.65,DAY,03/26/2026 11:49:49 EDT,03/26/2026 11:49:49 EDT
NVDA260417P00145000,NVDA260417P00145000,Buy,Filled,40,40,@0.53,0.53,DAY,03/26/2026 11:49:31 EDT,03/26/2026 11:49:31 EDT
COIN260417P00175000,COIN260417P00175000,Sell,Filled,2,2,@12.75,12.75,DAY,03/26/2026 11:49:05 EDT,03/26/2026 11:49:05 EDT
MU260327C00375000,MU260327C00375000,Buy,Filled,1,1,@2.61,2.61,DAY,03/26/2026 10:47:36 EDT,03/26/2026 10:47:36 EDT
MU260515P00260000,MU260515P00260000,Buy,Filled,5,5,@4.51,4.51,DAY,03/26/2026 10:44:11 EDT,03/26/2026 10:44:11 EDT
NIO260424C00007000,NIO260424C00007000,Sell,Filled,50,50,@0.06,0.06,DAY,03/26/2026 10:11:06 EDT,03/26/2026 10:11:06 EDT
NTR260618C00080000,NTR260618C00080000,Sell,Cancelled,0,5,@4.2,,DAY,03/26/2026 10:11:00 EDT,
EWY260424P00110000,EWY260424P00110000,Buy,Filled,5,5,@3.6,3.6,DAY,03/26/2026 09:30:42 EDT,03/26/2026 09:33:59 EDT
CTSH260515P00060000,CTSH260515P00060000,Buy,Filled,5,5,@3.8,3.8,DAY,03/25/2026 15:24:30 EDT,03/25/2026 15:24:30 EDT
TSLA260417P00375000,TSLA260417P00375000,Sell,Filled,1,1,@11.05,11.05,DAY,03/25/2026 14:58:40 EDT,03/25/2026 14:58:40 EDT
WEAT260515C00025000,WEAT260515C00025000,Sell,Filled,15,15,@0.75,0.75,DAY,03/25/2026 14:56:06 EDT,03/25/2026 14:56:39 EDT
AU260417C00105000,AU260417C00105000,Sell,Filled,5,5,@1.35,1.35,DAY,03/25/2026 14:55:17 EDT,03/25/2026 14:55:40 EDT
MU260515P00340000,MU260515P00340000,Sell,Filled,1,1,@17.9,17.9,DAY,03/25/2026 14:54:52 EDT,03/25/2026 14:55:01 EDT
NVDA260515P00200000,NVDA260515P00200000,Buy,Filled,2,2,@22.72,22.72,DAY,03/25/2026 14:51:42 EDT,03/25/2026 14:51:42 EDT
KC260821C00025000,KC260821C00025000,Buy,Cancelled,0,1,@0.1,,DAY,03/25/2026 14:41:53 EDT,
TSLA260417P00375000,TSLA260417P00375000,Buy,Filled,1,1,@10.12,10.12,DAY,03/25/2026 13:48:07 EDT,03/25/2026 13:48:07 EDT
WEAT260515C00025000,WEAT260515C00025000,Buy,Filled,15,15,@0.75,0.75,DAY,03/25/2026 12:52:02 EDT,03/25/2026 12:52:18 EDT
AU260417C00105000,AU260417C00105000,Buy,Filled,5,5,@1.4,1.4,DAY,03/25/2026 12:46:51 EDT,03/25/2026 12:46:51 EDT
MU260515P00340000,MU260515P00340000,Sell,Filled,1,1,@18.3,18.3,DAY,03/25/2026 12:42:21 EDT,03/25/2026 12:42:21 EDT
INTC260515P00036000,INTC260515P00036000,Sell,Filled,38,38,@0.82,0.82,DAY,03/25/2026 12:36:50 EDT,03/25/2026 12:36:50 EDT
COIN260417P00175000,COIN260417P00175000,Buy,Filled,2,2,@9.1,9.1,DAY,03/25/2026 11:19:36 EDT,03/25/2026 11:19:50 EDT
UAL260515P00080000,UAL260515P00080000,Buy,Filled,4,4,@2.8,2.8,DAY,03/25/2026 11:08:58 EDT,03/25/2026 11:09:31 EDT
ASML260417P01120000,ASML260417P01120000,Sell,Filled,1,1,@9.95,9.95,DAY,03/25/2026 10:41:41 EDT,03/25/2026 10:41:42 EDT
COIN260417P00175000,COIN260417P00175000,Sell,Filled,2,2,@8,8,DAY,03/25/2026 10:19:47 EDT,03/25/2026 10:19:47 EDT
EWY260515P00110000,EWY260515P00110000,Buy,Filled,4,4,@4.1,4.1,DAY,03/25/2026 10:19:13 EDT,03/25/2026 10:19:13 EDT
AMZN260515P00180000,AMZN260515P00180000,Sell,Filled,5,5,@2.96,2.96,DAY,03/25/2026 10:17:58 EDT,03/25/2026 10:17:58 EDT
UAL260515P00080000,UAL260515P00080000,Buy,Filled,4,4,@2.62,2.62,DAY,03/25/2026 10:04:23 EDT,03/25/2026 10:04:36 EDT
GLD260417C00410000,GLD260417C00410000,Sell,Filled,1,1,@20.6,20.6,DAY,03/25/2026 10:03:48 EDT,03/25/2026 10:03:48 EDT
MU260515P00340000,MU260515P00340000,Sell,Filled,1,1,@17.76,17.76,DAY,03/25/2026 09:38:33 EDT,03/25/2026 09:38:33 EDT
AMZN260417P00190000,AMZN260417P00190000,Sell,Filled,8,8,@1.2013,1.2013,DAY,03/25/2026 09:38:24 EDT,03/25/2026 09:38:24 EDT
LOGI260515P00080000,LOGI260515P00080000,Sell,Filled,10,10,@1.35,1.35,DAY,03/25/2026 09:30:53 EDT,03/25/2026 09:30:53 EDT
GLD260417C00410000,GLD260417C00410000,Buy,Filled,1,1,@14.95,14.95,DAY,03/24/2026 15:27:37 EDT,03/24/2026 15:27:37 EDT
NIO260424C00007000,NIO260424C00007000,Buy,Filled,50,50,@0.1,0.1,DAY,03/24/2026 13:29:12 EDT,03/24/2026 13:29:25 EDT
COIN260417P00175000,COIN260417P00175000,Sell,Filled,1,1,@10.6,10.6,DAY,03/24/2026 12:40:08 EDT,03/24/2026 12:40:08 EDT
QQQ260324C00588000,QQQ260324C00588000,Sell,Filled,2,2,@1.05,1.05,DAY,03/24/2026 11:48:19 EDT,03/24/2026 11:48:19 EDT
QQQ260324C00588000,QQQ260324C00588000,Buy,Filled,2,2,@0.99,0.99,DAY,03/24/2026 10:53:25 EDT,03/24/2026 10:53:39 EDT
NTR260618C00080000,NTR260618C00080000,Buy,Filled,5,5,@4.2,4.2,DAY,03/24/2026 10:33:52 EDT,03/24/2026 10:33:52 EDT
WEAT260717C00030000,WEAT260717C00030000,Sell,Filled,10,10,@0.55,0.55,DAY,03/23/2026 09:36:22 EDT,03/23/2026 09:36:40 EDT
QQQ260323P00569000,QQQ260323P00569000,Buy,Filled,5,5,@1.11,1.11,DAY,03/20/2026 14:54:25 EDT,03/20/2026 14:54:27 EDT
USO260417C00130000,USO260417C00130000,Buy,Filled,2,2,@8.69,8.69,DAY,03/20/2026 13:21:03 EDT,03/20/2026 13:21:03 EDT
QQQ260320C00588000,QQQ260320C00588000,Sell,Filled,2,2,@1.06,1.06,DAY,03/20/2026 12:15:47 EDT,03/20/2026 12:15:47 EDT
QQQ260320C00588000,QQQ260320C00588000,Buy,Filled,2,2,@0.93,0.93,DAY,03/20/2026 12:00:33 EDT,03/20/2026 12:00:33 EDT
QQQ260320C00588000,QQQ260320C00588000,Sell,Filled,2,2,@0.78,0.78,DAY,03/20/2026 11:28:28 EDT,03/20/2026 11:28:28 EDT
QQQ260320C00588000,QQQ260320C00588000,Sell,Cancelled,0,2,@1.13,,DAY,03/20/2026 11:24:25 EDT,
LOGI260515P00080000,LOGI260515P00080000,Buy,Filled,10,10,@2.5,2.5,DAY,03/20/2026 11:20:01 EDT,03/20/2026 11:20:11 EDT
QQQ260320C00588000,QQQ260320C00588000,Buy,Filled,2,2,@0.93,0.93,DAY,03/20/2026 11:12:23 EDT,03/20/2026 11:12:23 EDT
SMH260320P00382500,SMH260320P00382500,Sell,Filled,2,2,@0.42,0.42,DAY,03/20/2026 11:12:07 EDT,03/20/2026 11:12:07 EDT
ASML260417P01120000,ASML260417P01120000,Buy,Filled,1,1,@21.5,21.5,DAY,03/20/2026 11:07:34 EDT,03/20/2026 11:07:35 EDT
NVDA260417P00160000,NVDA260417P00160000,Sell,Filled,10,10,@2.42,2.42,DAY,03/20/2026 11:07:17 EDT,03/20/2026 11:07:17 EDT
NVDA260417P00160000,NVDA260417P00160000,Buy,Filled,10,10,@2.54,2.54,DAY,03/20/2026 10:59:07 EDT,03/20/2026 10:59:07 EDT
NTR260515C00090000,NTR260515C00090000,Sell,Filled,10,10,@0.7,0.7,DAY,03/20/2026 10:49:06 EDT,03/20/2026 10:49:06 EDT
WEAT260417C00025000,WEAT260417C00025000,Sell,Filled,30,30,@0.55,0.55,DAY,03/20/2026 10:39:32 EDT,03/20/2026 10:39:32 EDT
MU260515P00340000,MU260515P00340000,Buy,Filled,1,1,@12.3,12.3,DAY,03/20/2026 10:32:02 EDT,03/20/2026 10:32:02 EDT
NTR260417C00077500,NTR260417C00077500,Sell,Filled,5,5,@1.96,1.96,DAY,03/20/2026 10:27:50 EDT,03/20/2026 10:27:51 EDT
SMH260320P00382500,SMH260320P00382500,Buy,Filled,2,2,@1.72,1.72,DAY,03/19/2026 10:44:20 EDT,03/19/2026 10:44:22 EDT
SMH260320P00380000,SMH260320P00380000,Sell,Filled,1,1,@1.03,1.03,DAY,03/19/2026 10:35:39 EDT,03/19/2026 10:35:39 EDT
MU260515P00340000,MU260515P00340000,Buy,Filled,1,1,@11.42,11.42,DAY,03/19/2026 09:49:58 EDT,03/19/2026 09:49:58 EDT
MU260515P00340000,MU260515P00340000,Buy,Filled,1,1,@11.45,11.45,DAY,03/19/2026 09:49:47 EDT,03/19/2026 09:49:47 EDT
HOOD260515P00070000,HOOD260515P00070000,Sell,Filled,3,3,@6.3,6.3,DAY,03/19/2026 09:49:13 EDT,03/19/2026 09:49:13 EDT
HOOD260515P00070000,HOOD260515P00070000,Sell,Filled,1,1,@6.5,6.5,DAY,03/19/2026 09:37:23 EDT,03/19/2026 09:37:23 EDT
USO260320C00130000,USO260320C00130000,Sell,Filled,3,3,@0.62,0.62,DAY,03/19/2026 09:37:10 EDT,03/19/2026 09:37:10 EDT
SMH260320P00380000,SMH260320P00380000,Sell,Filled,1,1,@4.55,4.55,DAY,03/19/2026 09:36:47 EDT,03/19/2026 09:36:48 EDT
INTC260327P00041000,INTC260327P00041000,Buy,Filled,10,10,@0.505,0.505,DAY,03/18/2026 15:58:56 EDT,03/18/2026 15:58:56 EDT
AMZN260515P00180000,AMZN260515P00180000,Buy,Filled,2,2,@3.7,3.7,DAY,03/18/2026 15:56:53 EDT,03/18/2026 15:56:54 EDT
AMZN260417P00190000,AMZN260417P00190000,Buy,Filled,2,2,@2.29,2.29,DAY,03/18/2026 15:51:33 EDT,03/18/2026 15:51:33 EDT
INTC260515P00036000,INTC260515P00036000,Buy,Filled,8,8,@1.215,1.215,DAY,03/18/2026 15:42:01 EDT,03/18/2026 15:42:01 EDT
UAL260327P00087000,UAL260327P00087000,Sell,Filled,7,7,@1.5,1.5,DAY,03/18/2026 15:41:44 EDT,03/18/2026 15:41:44 EDT
AMZN260417P00190000,AMZN260417P00190000,Buy,Filled,1,1,@2.17,2.17,DAY,03/18/2026 15:29:49 EDT,03/18/2026 15:29:49 EDT
SMH260320P00380000,SMH260320P00380000,Buy,Filled,2,2,@1.61,1.61,DAY,03/18/2026 15:29:25 EDT,03/18/2026 15:29:26 EDT
QQQ260318P00597000,QQQ260318P00597000,Sell,Filled,4,4,@1.1675,1.1675,DAY,03/18/2026 15:25:02 EDT,03/18/2026 15:25:02 EDT
QQQ260318P00597000,QQQ260318P00597000,Buy,Filled,4,4,@0.89,0.89,DAY,03/18/2026 12:34:34 EDT,03/18/2026 12:34:34 EDT
UAL260327P00087000,UAL260327P00087000,Buy,Filled,7,7,@1.58,1.58,DAY,03/18/2026 10:41:56 EDT,03/18/2026 10:42:10 EDT
USO260320C00130000,USO260320C00130000,Buy,Filled,3,3,@1.64,1.64,DAY,03/18/2026 10:32:49 EDT,03/18/2026 10:32:49 EDT
COIN260417P00175000,COIN260417P00175000,Buy,Filled,2,2,@5.65,5.65,DAY,03/18/2026 10:29:45 EDT,03/18/2026 10:29:45 EDT
COIN260417P00175000,COIN260417P00175000,Buy,Filled,2,2,@5.7,5.7,DAY,03/18/2026 10:28:51 EDT,03/18/2026 10:29:11 EDT
HOOD260515P00070000,HOOD260515P00070000,Buy,Filled,2,2,@5.16,5.16,DAY,03/18/2026 10:21:05 EDT,03/18/2026 10:21:05 EDT
NTR260515C00090000,NTR260515C00090000,Sell,Cancelled,0,5,@1.75,,DAY,03/18/2026 09:37:25 EDT,
AMZN260320P00200000,AMZN260320P00200000,Buy,Filled,2,2,@0.19,0.19,DAY,03/18/2026 09:33:44 EDT,03/18/2026 09:33:44 EDT
NTR260515C00090000,NTR260515C00090000,Buy,Filled,5,5,@2.05,2.05,DAY,03/18/2026 09:31:49 EDT,03/18/2026 09:32:55 EDT
INTC260327P00041000,INTC260327P00041000,Buy,Filled,15,15,@0.68,0.68,DAY,03/17/2026 11:35:29 EDT,03/17/2026 11:35:29 EDT
INTC260327P00044500,INTC260327P00044500,Sell,Filled,10,10,@1.6,1.6,DAY,03/17/2026 10:22:16 EDT,03/17/2026 10:22:16 EDT
HOOD260515P00070000,HOOD260515P00070000,Buy,Filled,2,2,@5.4,5.4,DAY,03/17/2026 10:04:42 EDT,03/17/2026 10:04:42 EDT
QQQ260316P00599000,QQQ260316P00599000,Sell,Filled,2,2,@0.11,0.11,DAY,03/16/2026 14:49:47 EDT,03/16/2026 14:49:47 EDT
INTC260327P00044500,INTC260327P00044500,Sell,Filled,10,10,@0.93,0.93,DAY,03/16/2026 14:00:55 EDT,03/16/2026 14:00:55 EDT
QQQ260316P00599000,QQQ260316P00599000,Buy,Filled,2,2,@0.41,0.41,DAY,03/16/2026 13:51:30 EDT,03/16/2026 13:51:30 EDT
QQQ260316P00600000,QQQ260316P00600000,Sell,Filled,1,1,@0.81,0.81,DAY,03/16/2026 12:53:43 EDT,03/16/2026 12:53:43 EDT
INTC260327P00044500,INTC260327P00044500,Buy,Filled,17,17,@1.05,1.05,DAY,03/16/2026 12:38:46 EDT,03/16/2026 12:38:46 EDT
INTC260327P00044500,INTC260327P00044500,Buy,Filled,3,3,@1.07,1.07,DAY,03/16/2026 12:32:50 EDT,03/16/2026 12:32:50 EDT
INTC260515P00036000,INTC260515P00036000,Buy,Filled,15,15,@1.03,1.03,DAY,03/16/2026 12:17:51 EDT,03/16/2026 12:17:51 EDT
INTC260515P00036000,INTC260515P00036000,Buy,Filled,15,15,@1.0333,1.0333,DAY,03/16/2026 12:17:25 EDT,03/16/2026 12:17:26 EDT
INTC260424P00039000,INTC260424P00039000,Buy,Cancelled,0,15,@1.03,,DAY,03/16/2026 12:16:08 EDT,
QQQ260316P00600000,QQQ260316P00600000,Sell,Filled,1,1,@1.93,1.93,DAY,03/16/2026 10:44:05 EDT,03/16/2026 10:44:05 EDT
QQQ260316P00600000,QQQ260316P00600000,Sell,Filled,1,1,@1.79,1.79,DAY,03/16/2026 10:40:16 EDT,03/16/2026 10:40:27 EDT
QQQ260316P00600000,QQQ260316P00600000,Buy,Filled,3,3,@0.92,0.92,DAY,03/16/2026 10:23:50 EDT,03/16/2026 10:23:54 EDT
QQQ260316C00603000,QQQ260316C00603000,Sell,Filled,5,5,@0.9,0.9,DAY,03/16/2026 09:45:19 EDT,03/16/2026 09:45:19 EDT
NTR260515C00090000,NTR260515C00090000,Buy,Filled,5,5,@2.43,2.43,DAY,03/16/2026 09:38:20 EDT,03/16/2026 09:38:20 EDT
BMNR260417P00017000,BMNR260417P00017000,Sell,Filled,30,30,@0.51,0.51,DAY,03/16/2026 09:33:31 EDT,03/16/2026 09:33:47 EDT
XLF260417P00045000,XLF260417P00045000,Sell,Filled,30,30,@0.44,0.44,DAY,03/16/2026 09:32:58 EDT,03/16/2026 09:33:06 EDT
KC260515C00012500,KC260515C00012500,Sell,Filled,5,5,@2.25,2.25,DAY,03/16/2026 09:31:55 EDT,03/16/2026 09:32:38 EDT
USO260318C00130000,USO260318C00130000,Sell,Filled,3,3,@1.11,1.11,DAY,03/16/2026 09:31:35 EDT,03/16/2026 09:31:35 EDT
NTR260417C00077500,NTR260417C00077500,Buy,Filled,3,3,@7.4,7.4,DAY,03/13/2026 15:40:33 EDT,03/13/2026 15:40:33 EDT
QQQ260313P00591000,QQQ260313P00591000,Sell,Filled,3,3,@0.09,0.09,DAY,03/13/2026 14:54:39 EDT,03/13/2026 14:54:46 EDT
NTR260417C00077500,NTR260417C00077500,Sell,Filled,3,3,@7.46,7.46,DAY,03/13/2026 14:44:04 EDT,03/13/2026 14:44:04 EDT
HL260417P00016000,HL260417P00016000,Sell,Filled,10,10,@0.52,0.52,DAY,03/13/2026 14:03:52 EDT,03/13/2026 14:03:52 EDT
QQQ260316C00603000,QQQ260316C00603000,Buy,Filled,5,5,@1.17,1.17,DAY,03/13/2026 13:54:27 EDT,03/13/2026 13:54:32 EDT
USO260318C00130000,USO260318C00130000,Buy,Filled,3,3,@3.09,3.09,DAY,03/13/2026 13:54:04 EDT,03/13/2026 13:54:04 EDT
QQQ260313P00591000,QQQ260313P00591000,Buy,Filled,3,3,@0.66,0.66,DAY,03/13/2026 12:18:05 EDT,03/13/2026 12:18:05 EDT
HL260417P00016000,HL260417P00016000,Buy,Filled,10,10,@0.577,0.577,DAY,03/13/2026 12:00:59 EDT,03/13/2026 12:00:59 EDT
AMZN260515P00180000,AMZN260515P00180000,Buy,Filled,3,3,@4.94,4.94,DAY,03/13/2026 12:00:22 EDT,03/13/2026 12:00:22 EDT
AMZN260320P00200000,AMZN260320P00200000,Sell,Filled,8,8,@2,2,DAY,03/13/2026 11:59:59 EDT,03/13/2026 12:00:00 EDT
WEAT260717C00030000,WEAT260717C00030000,Buy,Filled,10,10,@0.785,0.785,DAY,03/13/2026 11:22:51 EDT,03/13/2026 11:22:51 EDT
QQQ260313P00593000,QQQ260313P00593000,Sell,Filled,3,3,@0.76,0.76,DAY,03/13/2026 11:09:40 EDT,03/13/2026 11:09:40 EDT
BMNR260417P00017000,BMNR260417P00017000,Buy,Filled,15,15,@0.7,0.7,DAY,03/13/2026 10:55:56 EDT,03/13/2026 10:57:39 EDT
XLF260417P00045000,XLF260417P00045000,Buy,Filled,30,30,@0.5,0.5,DAY,03/13/2026 10:53:58 EDT,03/13/2026 10:53:58 EDT
QQQ260313P00593000,QQQ260313P00593000,Buy,Filled,3,3,@0.65,0.65,DAY,03/13/2026 10:53:06 EDT,03/13/2026 10:53:06 EDT
XLF260417P00045000,XLF260417P00045000,Sell,Filled,60,60,@0.46,0.46,DAY,03/13/2026 10:34:00 EDT,03/13/2026 10:34:00 EDT
BMNR260417P00017000,BMNR260417P00017000,Sell,Filled,15,15,@0.57,0.57,DAY,03/13/2026 10:32:12 EDT,03/13/2026 10:32:28 EDT
QQQ260313P00592000,QQQ260313P00592000,Sell,Filled,6,6,@0.24,0.24,DAY,03/13/2026 10:20:21 EDT,03/13/2026 10:20:29 EDT
BMNR260417P00017000,BMNR260417P00017000,Buy,Filled,30,30,@0.62,0.62,DAY,03/13/2026 10:19:26 EDT,03/13/2026 10:19:26 EDT
UVXY260313C00080000,UVXY260313C00080000,Sell,Filled,2,2,@0.01,0.01,DAY,03/13/2026 10:00:33 EDT,03/13/2026 10:26:20 EDT
QQQ260313P00592000,QQQ260313P00592000,Buy,Filled,3,3,@0.24,0.24,DAY,03/13/2026 09:59:18 EDT,03/13/2026 09:59:18 EDT
AMZN260313P00190000,AMZN260313P00190000,Sell,Filled,11,11,@0.02,0.02,DAY,03/13/2026 09:53:16 EDT,03/13/2026 09:53:16 EDT
DOCU260417P00047500,DOCU260417P00047500,Sell,Filled,2,2,@4.27,4.27,DAY,03/13/2026 09:47:15 EDT,03/13/2026 09:47:15 EDT
DOCU260417P00047500,DOCU260417P00047500,Buy,Filled,2,2,@4.8,4.8,DAY,03/13/2026 09:36:30 EDT,03/13/2026 09:36:39 EDT
NTR260417C00090000,NTR260417C00090000,Sell,Filled,5,5,@2.464,2.464,DAY,03/13/2026 09:33:38 EDT,03/13/2026 09:33:38 EDT
UAL260417P00075000,UAL260417P00075000,Sell,Filled,5,5,@2.61,2.61,DAY,03/13/2026 09:30:43 EDT,03/13/2026 09:30:56 EDT
QQQ260313P00592000,QQQ260313P00592000,Buy,Filled,3,3,@1.65,1.65,DAY,03/12/2026 15:49:01 EDT,03/12/2026 15:49:01 EDT
QQQ260312P00598000,QQQ260312P00598000,Sell,Filled,2,2,@0.66,0.66,DAY,03/12/2026 15:47:31 EDT,03/12/2026 15:47:58 EDT
QQQ260313P00592000,QQQ260313P00592000,Sell,Filled,3,3,@1.65,1.65,DAY,03/12/2026 15:05:12 EDT,03/12/2026 15:05:12 EDT
QQQ260312P00598000,QQQ260312P00598000,Buy,Filled,2,2,@0.89,0.89,DAY,03/12/2026 15:02:42 EDT,03/12/2026 15:02:42 EDT
QQQ260313P00592000,QQQ260313P00592000,Buy,Filled,3,3,@1.69,1.69,DAY,03/12/2026 15:02:24 EDT,03/12/2026 15:02:25 EDT
QQQ260312P00599000,QQQ260312P00599000,Sell,Filled,3,3,@1.07,1.07,DAY,03/12/2026 14:01:40 EDT,03/12/2026 14:01:40 EDT
QQQ260312P00599000,QQQ260312P00599000,Buy,Filled,1,1,@1.3,1.3,DAY,03/12/2026 13:45:38 EDT,03/12/2026 13:45:57 EDT
QQQ260312P00599000,QQQ260312P00599000,Buy,Filled,2,2,@1,1,DAY,03/12/2026 13:43:30 EDT,03/12/2026 13:43:31 EDT
MSTR260417P00115000,MSTR260417P00115000,Sell,Filled,3,3,@4.95,4.95,DAY,03/12/2026 13:22:13 EDT,03/12/2026 13:22:13 EDT
UAL260417P00075000,UAL260417P00075000,Sell,Filled,5,5,@2.948,2.948,DAY,03/12/2026 11:13:27 EDT,03/12/2026 11:13:27 EDT
AMZN260417P00190000,AMZN260417P00190000,Buy,Filled,5,5,@3.45,3.45,DAY,03/12/2026 11:13:07 EDT,03/12/2026 11:13:08 EDT
NTR260417C00090000,NTR260417C00090000,Sell,Filled,5,5,@2.7,2.7,DAY,03/12/2026 10:12:11 EDT,03/12/2026 10:12:11 EDT
QQQ260312P00600000,QQQ260312P00600000,Sell,Filled,2,2,@1.8,1.8,DAY,03/12/2026 10:01:38 EDT,03/12/2026 10:01:46 EDT
XLF260417P00050000,XLF260417P00050000,Sell,Filled,14,14,@2.06,2.06,DAY,03/12/2026 10:00:07 EDT,03/12/2026 10:00:07 EDT
MSTR260417P00115000,MSTR260417P00115000,Buy,Filled,3,3,@5.1,5.1,DAY,03/12/2026 09:58:41 EDT,03/12/2026 09:59:15 EDT
WEAT260417C00025000,WEAT260417C00025000,Buy,Filled,30,30,@0.697,0.697,DAY,03/12/2026 09:40:15 EDT,03/12/2026 09:40:35 EDT
NTR260417C00090000,NTR260417C00090000,Sell,Filled,10,10,@2.09,2.09,DAY,03/12/2026 09:33:43 EDT,03/12/2026 09:33:43 EDT
NTR260417C00077500,NTR260417C00077500,Sell,Filled,3,3,@8.23,8.23,DAY,03/12/2026 09:33:30 EDT,03/12/2026 09:33:30 EDT
QQQ260312P00600000,QQQ260312P00600000,Buy,Filled,2,2,@1.6,1.6,DAY,03/12/2026 09:30:36 EDT,03/12/2026 09:30:36 EDT
NTR260417C00090000,NTR260417C00090000,Buy,Filled,20,20,@0.6,0.6,DAY,03/11/2026 15:04:58 EDT,03/11/2026 15:04:58 EDT
QQQ260311P00604000,QQQ260311P00604000,Sell,Filled,5,5,@0.22,0.22,DAY,03/11/2026 14:33:14 EDT,03/11/2026 14:33:14 EDT
QQQ260311P00604000,QQQ260311P00604000,Buy,Filled,5,5,@0.45,0.45,DAY,03/11/2026 13:55:26 EDT,03/11/2026 13:55:26 EDT
QQQ260311P00607000,QQQ260311P00607000,Sell,Filled,2,2,@2.3,2.3,DAY,03/11/2026 12:07:00 EDT,03/11/2026 12:07:00 EDT
AMZN260320P00200000,AMZN260320P00200000,Buy,Filled,10,10,@1.26,1.26,DAY,03/11/2026 10:35:45 EDT,03/11/2026 10:35:55 EDT
QQQ260311P00607000,QQQ260311P00607000,Buy,Filled,2,2,@1.27,1.27,DAY,03/11/2026 09:53:09 EDT,03/11/2026 09:53:10 EDT
AMZN260320P00190000,AMZN260320P00190000,Sell,Filled,10,10,@0.47,0.47,DAY,03/11/2026 09:51:46 EDT,03/11/2026 09:51:46 EDT
SLV260417C00090000,SLV260417C00090000,Sell,Filled,5,5,@2.86,2.86,DAY,03/11/2026 09:50:19 EDT,03/11/2026 09:50:19 EDT
CF260417C00120000,CF260417C00120000,Buy,Cancelled,0,3,@4,,DAY,03/11/2026 09:44:33 EDT,
NIO260417C00006000,NIO260417C00006000,Sell,Filled,20,20,@0.3545,0.3545,DAY,03/11/2026 09:40:23 EDT,03/11/2026 09:40:23 EDT
QQQ260311P00600000,QQQ260311P00600000,Sell,Filled,4,4,@0.27,0.27,DAY,03/11/2026 09:33:47 EDT,03/11/2026 09:33:47 EDT
KB260618P00100000,KB260618P00100000,Sell,Filled,2,2,@5.52,5.52,DAY,03/11/2026 09:31:17 EDT,03/11/2026 09:31:17 EDT
QQQ260311P00600000,QQQ260311P00600000,Buy,Filled,2,2,@1.32,1.32,DAY,03/10/2026 15:22:10 EDT,03/10/2026 15:22:10 EDT
NIO260410C00005500,NIO260410C00005500,Sell,Filled,10,10,@0.52,0.52,DAY,03/10/2026 15:17:49 EDT,03/10/2026 15:17:55 EDT
AMZN260320P00190000,AMZN260320P00190000,Buy,Filled,10,10,@0.57,0.57,DAY,03/10/2026 15:17:23 EDT,03/10/2026 15:17:23 EDT
QQQ260311P00600000,QQQ260311P00600000,Buy,Filled,2,2,@1.27,1.27,DAY,03/10/2026 15:13:23 EDT,03/10/2026 15:13:30 EDT
UAL260417P00075000,UAL260417P00075000,Buy,Filled,10,10,@2.19,2.19,DAY,03/10/2026 14:53:05 EDT,03/10/2026 14:53:05 EDT
MU260417P00310000,MU260417P00310000,Sell,Filled,2,2,@7,7,DAY,03/10/2026 12:43:59 EDT,03/10/2026 12:43:59 EDT
QQQ260310P00597000,QQQ260310P00597000,Sell,Filled,5,5,@0.26,0.26,DAY,03/10/2026 10:35:27 EDT,03/10/2026 14:14:56 EDT
NIO260417C00006000,NIO260417C00006000,Buy,Filled,20,20,@0.29,0.29,DAY,03/10/2026 09:47:08 EDT,03/10/2026 09:47:08 EDT
SLV260417C00090000,SLV260417C00090000,Buy,Filled,5,5,@4.42,4.42,DAY,03/10/2026 09:31:24 EDT,03/10/2026 09:31:24 EDT
QQQ260310P00597000,QQQ260310P00597000,Buy,Filled,5,5,@1.06,1.06,DAY,03/09/2026 15:53:08 EDT,03/09/2026 15:53:08 EDT
SPY260310C00684000,SPY260310C00684000,Sell,Filled,5,5,@0.75,0.75,DAY,03/09/2026 15:52:20 EDT,03/09/2026 15:52:20 EDT
SPY260310C00684000,SPY260310C00684000,Buy,Filled,5,5,@0.9,0.9,DAY,03/09/2026 15:29:22 EDT,03/09/2026 15:29:22 EDT
QQQ260310P00590000,QQQ260310P00590000,Sell,Filled,2,2,@1.09,1.09,DAY,03/09/2026 14:29:11 EDT,03/09/2026 14:29:11 EDT
QQQ260310P00590000,QQQ260310P00590000,Buy,Filled,2,2,@1.46,1.46,DAY,03/09/2026 13:22:30 EDT,03/09/2026 13:22:36 EDT
KC260515C00012500,KC260515C00012500,Sell,Filled,5,5,@2.86,2.86,DAY,03/09/2026 13:21:43 EDT,03/09/2026 13:21:43 EDT
NIO260410C00005500,NIO260410C00005500,Buy,Filled,10,10,@0.22,0.22,DAY,03/09/2026 12:04:20 EDT,03/09/2026 12:04:20 EDT
KC260515C00012500,KC260515C00012500,Buy,Filled,10,10,@2.95,2.95,DAY,03/09/2026 12:02:46 EDT,03/09/2026 12:02:55 EDT
SLV260417C00185000,SLV260417C00185000,Sell,Filled,30,30,@0.1133,0.1133,DAY,03/09/2026 11:28:28 EDT,03/09/2026 11:28:28 EDT
MU260417P00310000,MU260417P00310000,Sell,Filled,1,1,@13.03,13.03,DAY,03/09/2026 11:28:21 EDT,03/09/2026 11:28:21 EDT
QQQ260309P00577000,QQQ260309P00577000,Sell,Filled,40,40,@0.04,0.04,DAY,03/09/2026 11:28:10 EDT,03/09/2026 11:28:10 EDT
MU260417P00310000,MU260417P00310000,Buy,Filled,2,2,@17.1,17.1,DAY,03/09/2026 10:06:30 EDT,03/09/2026 10:06:30 EDT
MU260417P00310000,MU260417P00310000,Sell,Filled,2,2,@16.65,16.65,DAY,03/09/2026 10:05:33 EDT,03/09/2026 10:05:33 EDT
AMZN260313P00190000,AMZN260313P00190000,Sell,Filled,22,22,@0.79,0.79,DAY,03/09/2026 10:05:10 EDT,03/09/2026 10:05:10 EDT
QQQ260309P00577000,QQQ260309P00577000,Buy,Filled,20,20,@0.11,0.11,DAY,03/09/2026 09:37:59 EDT,03/09/2026 09:37:59 EDT
AMZN260313P00190000,AMZN260313P00190000,Sell,Filled,33,33,@0.65,0.65,DAY,03/09/2026 09:32:40 EDT,03/09/2026 09:32:41 EDT
QQQ260309P00577000,QQQ260309P00577000,Buy,Filled,20,20,@0.53,0.53,DAY,03/06/2026 15:58:42 EST,03/06/2026 15:58:42 EST
AMD260417P00170000,AMD260417P00170000,Sell,Filled,3,3,@6.9,6.9,DAY,03/06/2026 15:56:52 EST,03/06/2026 15:56:52 EST
UVXY260313C00080000,UVXY260313C00080000,Buy,Filled,2,2,@1.6,1.6,DAY,03/06/2026 15:55:02 EST,03/06/2026 15:55:02 EST
UVXY260306C00055000,UVXY260306C00055000,Sell,Filled,40,40,@0.02,0.02,DAY,03/06/2026 15:52:28 EST,03/06/2026 15:52:30 EST
QQQ260306P00599000,QQQ260306P00599000,Sell,Filled,7,7,@0.83,0.83,DAY,03/06/2026 15:35:56 EST,03/06/2026 15:36:16 EST
AMZN260313P00190000,AMZN260313P00190000,Buy,Filled,33,33,@0.65,0.65,DAY,03/06/2026 15:16:01 EST,03/06/2026 15:16:01 EST
AMZN260313P00190000,AMZN260313P00190000,Buy,Filled,33,33,@0.6,0.6,DAY,03/06/2026 15:09:24 EST,03/06/2026 15:09:24 EST
QQQ260306P00599000,QQQ260306P00599000,Buy,Filled,2,2,@0.63,0.63,DAY,03/06/2026 12:47:04 EST,03/06/2026 12:47:04 EST
XLF260417P00050000,XLF260417P00050000,Buy,Filled,7,7,@1.6,1.6,DAY,03/06/2026 12:44:18 EST,03/06/2026 12:44:30 EST
QQQ260306P00599000,QQQ260306P00599000,Buy,Filled,5,5,@0.71,0.71,DAY,03/06/2026 11:23:59 EST,03/06/2026 11:23:59 EST
QQQ260306P00599000,QQQ260306P00599000,Sell,Filled,5,5,@0.59,0.59,DAY,03/06/2026 10:55:47 EST,03/06/2026 10:56:02 EST
UVXY260306C00055000,UVXY260306C00055000,Buy,Filled,20,20,@0.17,0.17,DAY,03/06/2026 10:53:51 EST,03/06/2026 10:53:51 EST
MU260417P00310000,MU260417P00310000,Buy,Filled,1,1,@12.1,12.1,DAY,03/06/2026 10:43:26 EST,03/06/2026 10:43:26 EST
QQQ260306P00599000,QQQ260306P00599000,Buy,Filled,5,5,@0.59,0.59,DAY,03/06/2026 10:41:09 EST,03/06/2026 10:41:15 EST
MU260417P00310000,MU260417P00310000,Sell,Filled,1,1,@11.7,11.7,DAY,03/06/2026 10:37:32 EST,03/06/2026 10:37:32 EST
XLF260417P00050000,XLF260417P00050000,Buy,Filled,7,7,@1.47,1.47,DAY,03/06/2026 10:37:11 EST,03/06/2026 10:37:11 EST
XLF260417P00050000,XLF260417P00050000,Sell,Filled,5,5,@1.56,1.56,DAY,03/06/2026 10:24:48 EST,03/06/2026 10:25:04 EST
UVXY260306C00047000,UVXY260306C00047000,Sell,Filled,2,2,@3.45,3.45,DAY,03/06/2026 09:51:29 EST,03/06/2026 09:51:29 EST
UVXY260306C00047000,UVXY260306C00047000,Sell,Filled,3,3,@4.15,4.15,DAY,03/06/2026 09:50:34 EST,03/06/2026 09:50:45 EST
QQQ260306P00597000,QQQ260306P00597000,Sell,Filled,2,2,@1.77,1.77,DAY,03/05/2026 14:43:58 EST,03/05/2026 14:43:58 EST
QQQ260306P00597000,QQQ260306P00597000,Buy,Filled,2,2,@2.02,2.02,DAY,03/05/2026 14:35:34 EST,03/05/2026 14:35:34 EST
UVXY260306C00047000,UVXY260306C00047000,Buy,Filled,2,2,@2.32,2.32,DAY,03/05/2026 14:35:06 EST,03/05/2026 14:35:06 EST
QQQ260306C00611000,QQQ260306C00611000,Sell,Filled,2,2,@1.16,1.16,DAY,03/05/2026 14:34:00 EST,03/05/2026 14:34:00 EST
UVXY260306C00047000,UVXY260306C00047000,Sell,Filled,2,2,@2.21,2.21,DAY,03/05/2026 14:33:55 EST,03/05/2026 14:34:11 EST
QQQ260306C00611000,QQQ260306C00611000,Buy,Filled,2,2,@1.19,1.19,DAY,03/05/2026 14:05:21 EST,03/05/2026 14:05:29 EST
QQQ260305P00602000,QQQ260305P00602000,Sell,Filled,3,3,@0.9,0.9,DAY,03/05/2026 13:50:25 EST,03/05/2026 13:50:31 EST
UVXY260306C00055000,UVXY260306C00055000,Buy,Filled,20,20,@0.28,0.28,DAY,03/05/2026 13:50:20 EST,03/05/2026 13:50:20 EST
UVXY260306C00067000,UVXY260306C00067000,Buy,Filled,5,5,@0.02,0.02,DAY,03/05/2026 13:48:48 EST,03/05/2026 13:48:48 EST
GOOG260417P00275000,GOOG260417P00275000,Sell,Filled,5,5,@5.15,5.15,DAY,03/05/2026 13:00:53 EST,03/05/2026 13:00:53 EST
QQQ260305P00602000,QQQ260305P00602000,Sell,Filled,4,4,@1.13,1.13,DAY,03/05/2026 12:52:46 EST,03/05/2026 12:52:46 EST
HL260320P00017000,HL260320P00017000,Sell,Filled,10,10,@0.25,0.25,DAY,03/05/2026 12:52:13 EST,03/05/2026 12:52:13 EST
AMD260417P00170000,AMD260417P00170000,Buy,Filled,3,3,@5.7,5.7,DAY,03/05/2026 12:52:04 EST,03/05/2026 12:52:04 EST
EWY260417P00100000,EWY260417P00100000,Sell,Filled,3,3,@4.1,4.1,DAY,03/05/2026 12:50:39 EST,03/05/2026 12:50:39 EST
MU260417P00310000,MU260417P00310000,Buy,Filled,3,3,@12.98,12.98,DAY,03/05/2026 12:50:35 EST,03/05/2026 12:50:35 EST
KB260618P00100000,KB260618P00100000,Buy,Filled,2,2,@6.78,6.78,DAY,03/05/2026 12:36:24 EST,03/05/2026 12:36:33 EST
QQQ260305P00602000,QQQ260305P00602000,Sell,Filled,3,3,@0.99,0.99,DAY,03/05/2026 12:32:18 EST,03/05/2026 12:32:21 EST
QQQ260305P00602000,QQQ260305P00602000,Buy,Filled,10,10,@0.35,0.35,DAY,03/05/2026 12:26:50 EST,03/05/2026 12:26:50 EST
QQQ260305P00604000,QQQ260305P00604000,Sell,Filled,5,5,@0.77,0.77,DAY,03/05/2026 12:23:46 EST,03/05/2026 12:23:46 EST
QQQ260305P00604000,QQQ260305P00604000,Sell,Filled,5,5,@0.57,0.57,DAY,03/05/2026 12:16:25 EST,03/05/2026 12:16:25 EST
QQQ260305P00604000,QQQ260305P00604000,Buy,Filled,10,10,@0.27,0.27,DAY,03/05/2026 12:08:24 EST,03/05/2026 12:08:24 EST
QQQ260305P00604000,QQQ260305P00604000,Sell,Filled,6,6,@0.84,0.84,DAY,03/05/2026 11:24:04 EST,03/05/2026 11:24:05 EST
GLD260306P00453000,GLD260306P00453000,Sell,Filled,1,1,@1.27,1.27,DAY,03/05/2026 11:23:52 EST,03/05/2026 11:23:52 EST
GOOG260417P00275000,GOOG260417P00275000,Buy,Filled,3,3,@5.3,5.3,DAY,03/05/2026 11:21:40 EST,03/05/2026 11:21:48 EST
QQQ260305P00604000,QQQ260305P00604000,Buy,Filled,6,6,@0.55,0.55,DAY,03/05/2026 11:04:52 EST,03/05/2026 11:04:52 EST
HL260320P00017000,HL260320P00017000,Buy,Filled,10,10,@0.24,0.24,DAY,03/05/2026 10:54:54 EST,03/05/2026 10:54:54 EST
GLD260306P00453000,GLD260306P00453000,Buy,Filled,1,1,@0.88,0.88,DAY,03/05/2026 10:54:32 EST,03/05/2026 10:54:32 EST
QQQ260305P00606000,QQQ260305P00606000,Sell,Filled,3,3,@1.65,1.65,DAY,03/05/2026 10:33:42 EST,03/05/2026 10:33:42 EST
QQQ260305P00606000,QQQ260305P00606000,Sell,Filled,2,2,@2.15,2.15,DAY,03/05/2026 10:31:52 EST,03/05/2026 10:31:52 EST
QQQ260305P00606000,QQQ260305P00606000,Buy,Filled,5,5,@0.94,0.94,DAY,03/05/2026 10:22:38 EST,03/05/2026 10:22:40 EST
GOOG260417P00275000,GOOG260417P00275000,Buy,Filled,2,2,@5,5,DAY,03/05/2026 09:44:48 EST,03/05/2026 09:44:48 EST
EWY260417P00100000,EWY260417P00100000,Buy,Filled,3,3,@3,3,DAY,03/05/2026 09:44:19 EST,03/05/2026 09:44:19 EST
NTR260417C00077500,NTR260417C00077500,Buy,Filled,8,8,@1.95,1.95,DAY,03/05/2026 09:31:30 EST,03/05/2026 09:31:59 EST
XLF260417P00050000,XLF260417P00050000,Buy,Filled,5,5,@1.09,1.09,DAY,03/05/2026 09:31:05 EST,03/05/2026 09:31:05 EST
MU260320P00350000,MU260320P00350000,Sell,Filled,1,1,@11.9,11.9,DAY,03/04/2026 10:01:47 EST,03/04/2026 10:01:47 EST
QQQ260304P00589000,QQQ260304P00589000,Buy,Filled,10,10,@0.11,0.11,DAY,03/04/2026 09:37:02 EST,03/04/2026 09:37:02 EST
MU260320P00350000,MU260320P00350000,Sell,Filled,1,1,@12.4,12.4,DAY,03/04/2026 09:31:50 EST,03/04/2026 09:31:59 EST
JPM260417P00270000,JPM260417P00270000,Sell,Filled,2,2,@4.4,4.4,DAY,03/04/2026 09:31:26 EST,03/04/2026 09:31:26 EST
AMD260417P00200000,AMD260417P00200000,Sell,Filled,1,1,@17.85,17.85,DAY,03/04/2026 09:31:12 EST,03/04/2026 09:32:12 EST
UAL260417P00100000,UAL260417P00100000,Sell,Filled,1,1,@7.32,7.32,DAY,03/03/2026 15:30:31 EST,03/03/2026 15:30:31 EST
CRWV260320P00040000,CRWV260320P00040000,Sell,Filled,20,20,@0.16,0.16,DAY,03/03/2026 15:29:16 EST,03/03/2026 15:29:16 EST
AMD260417P00200000,AMD260417P00200000,Sell,Filled,1,1,@18.7,18.7,DAY,03/03/2026 15:29:06 EST,03/03/2026 15:29:06 EST
QQQ260304P00589000,QQQ260304P00589000,Buy,Filled,10,10,@0.53,0.53,DAY,03/03/2026 15:15:22 EST,03/03/2026 15:15:23 EST
QQQ260303C00601000,QQQ260303C00601000,Sell,Filled,1,1,@1.09,1.09,DAY,03/03/2026 12:01:17 EST,03/03/2026 12:01:28 EST
QQQ260303P00595000,QQQ260303P00595000,Buy,Filled,10,10,@0.53,0.53,DAY,03/03/2026 11:51:13 EST,03/03/2026 11:51:13 EST
QQQ260303C00601000,QQQ260303C00601000,Buy,Filled,1,1,@0.8,0.8,DAY,03/03/2026 11:19:02 EST,03/03/2026 11:19:02 EST
AMD260417P00200000,AMD260417P00200000,Buy,Filled,1,1,@20.25,20.25,DAY,03/03/2026 11:12:10 EST,03/03/2026 11:12:10 EST
QQQ260303P00596000,QQQ260303P00596000,Sell,Filled,5,5,@3.16,3.16,DAY,03/03/2026 10:41:40 EST,03/03/2026 10:41:44 EST
UAL260417P00100000,UAL260417P00100000,Sell,Filled,1,1,@9.6,9.6,DAY,03/03/2026 09:53:46 EST,03/03/2026 09:53:46 EST
MU260306P00350000,MU260306P00350000,Sell,Filled,2,2,@3.5,3.5,DAY,03/03/2026 09:51:43 EST,03/03/2026 09:51:44 EST
GLD260417C00455000,GLD260417C00455000,Sell,Filled,1,1,@27.7,27.7,DAY,03/03/2026 09:43:31 EST,03/03/2026 09:43:31 EST
MU260306P00350000,MU260306P00350000,Sell,Filled,2,2,@4.3,4.3,DAY,03/03/2026 09:35:56 EST,03/03/2026 09:35:56 EST
MU260306P00350000,MU260306P00350000,Buy,Filled,4,4,@4.9,4.9,DAY,03/03/2026 09:35:31 EST,03/03/2026 09:35:33 EST
GLD260417C00455000,GLD260417C00455000,Sell,Filled,1,1,@30.15,30.15,DAY,03/03/2026 09:34:49 EST,03/03/2026 09:34:49 EST
QQQ260303P00596000,QQQ260303P00596000,Sell,Filled,5,5,@2.8,2.8,DAY,03/03/2026 09:30:34 EST,03/03/2026 09:30:36 EST
QQQ260303P00596000,QQQ260303P00596000,Buy,Filled,10,10,@0.51,0.51,DAY,03/02/2026 15:48:01 EST,03/02/2026 15:48:02 EST
QQQ260302P00590000,QQQ260302P00590000,Sell,Cancelled,0,15,@0.01,,DAY,03/02/2026 15:47:42 EST,
SLV260417C00100000,SLV260417C00100000,Sell,Filled,5,5,@4.38,4.38,DAY,03/02/2026 10:19:31 EST,03/02/2026 10:19:31 EST
UAL260417P00100000,UAL260417P00100000,Sell,Filled,1,1,@8.55,8.55,DAY,03/02/2026 09:34:26 EST,03/02/2026 09:34:44 EST
QQQ260302P00590000,QQQ260302P00590000,Buy,Filled,15,15,@0.71,0.71,DAY,03/02/2026 09:30:40 EST,03/02/2026 09:30:40 EST
MU260320P00350000,MU260320P00350000,Sell,Cancelled,0,2,@9.45,,DAY,02/27/2026 12:49:54 EST,
QQQ260302P00593000,QQQ260302P00593000,Sell,Filled,2,2,@0.68,0.68,DAY,02/27/2026 12:14:31 EST,02/27/2026 12:14:31 EST
QQQ260305P00586000,QQQ260305P00586000,Sell,Filled,3,3,@1.75,1.75,DAY,02/27/2026 12:13:58 EST,02/27/2026 12:13:58 EST
GLD260227C00482000,GLD260227C00482000,Sell,Filled,1,1,@1.18,1.18,DAY,02/27/2026 11:22:40 EST,02/27/2026 11:22:40 EST
GLD260227C00482000,GLD260227C00482000,Sell,Filled,1,1,@1.81,1.81,DAY,02/27/2026 11:19:05 EST,02/27/2026 11:19:15 EST
GLD260227C00482000,GLD260227C00482000,Buy,Filled,2,2,@1.16,1.16,DAY,02/27/2026 10:32:06 EST,02/27/2026 10:32:07 EST
QQQ260227C00608000,QQQ260227C00608000,Sell,Filled,2,2,@1.33,1.33,DAY,02/27/2026 10:09:45 EST,02/27/2026 10:09:45 EST
QQQ260227C00608000,QQQ260227C00608000,Buy,Filled,2,2,@1.22,1.22,DAY,02/27/2026 10:07:07 EST,02/27/2026 10:07:07 EST
CRWV260227P00076000,CRWV260227P00076000,Sell,Filled,2,2,@0.32,0.32,DAY,02/27/2026 09:58:12 EST,02/27/2026 09:58:12 EST
JPM260417P00270000,JPM260417P00270000,Sell,Filled,2,2,@4.95,4.95,DAY,02/27/2026 09:54:44 EST,02/27/2026 09:54:44 EST
AMD260417P00200000,AMD260417P00200000,Sell,Filled,1,1,@15.4,15.4,DAY,02/27/2026 09:54:26 EST,02/27/2026 09:55:07 EST
XLF260417P00045000,XLF260417P00045000,Buy,Filled,60,60,@0.36,0.36,DAY,02/27/2026 09:54:08 EST,02/27/2026 09:54:17 EST
JPM260417P00270000,JPM260417P00270000,Buy,Filled,1,1,@4.9,4.9,DAY,02/27/2026 09:42:29 EST,02/27/2026 09:42:38 EST
JPM260417P00270000,JPM260417P00270000,Buy,Filled,3,3,@4.7933,4.7933,DAY,02/27/2026 09:41:28 EST,02/27/2026 09:41:47 EST
QCOM260320P00134000,QCOM260320P00134000,Sell,Filled,5,5,@1.84,1.84,DAY,02/27/2026 09:35:45 EST,02/27/2026 09:35:48 EST
CRWV260227P00076000,CRWV260227P00076000,Buy,Filled,2,2,@0.82,0.82,DAY,02/27/2026 09:32:34 EST,02/27/2026 09:32:34 EST
QCOM260320P00134000,QCOM260320P00134000,Buy,Filled,5,5,@1.95,1.95,DAY,02/27/2026 09:31:38 EST,02/27/2026 09:31:55 EST
QQQ260305P00586000,QQQ260305P00586000,Buy,Filled,3,3,@3.02,3.02,DAY,02/27/2026 09:30:34 EST,02/27/2026 09:30:34 EST
SLV260227P00075000,SLV260227P00075000,Sell,Filled,4,4,@0.16,0.16,DAY,02/26/2026 15:15:50 EST,02/26/2026 15:15:50 EST
QQQ260302P00593000,QQQ260302P00593000,Buy,Filled,2,2,@1.03,1.03,DAY,02/26/2026 15:13:07 EST,02/26/2026 15:13:19 EST
TSLA260417P00340000,TSLA260417P00340000,Sell,Filled,2,2,@5.7,5.7,DAY,02/26/2026 13:15:22 EST,02/26/2026 13:15:22 EST
TSLA260417P00340000,TSLA260417P00340000,Buy,Filled,2,2,@5.73,5.73,DAY,02/26/2026 13:12:19 EST,02/26/2026 13:13:07 EST
UAL260417P00100000,UAL260417P00100000,Buy,Filled,3,3,@3.55,3.55,DAY,02/26/2026 12:33:37 EST,02/26/2026 12:33:53 EST
QQQ260226P00601000,QQQ260226P00601000,Buy,Filled,2,2,@1.01,1.01,DAY,02/26/2026 10:18:38 EST,02/26/2026 10:18:38 EST
NVDA260227P00182500,NVDA260227P00182500,Sell,Filled,4,4,@0.88,0.88,DAY,02/26/2026 10:04:11 EST,02/26/2026 10:04:11 EST
BABA260417C00195000,BABA260417C00195000,Sell,Filled,8,8,@0.91,0.91,DAY,02/26/2026 09:34:48 EST,02/26/2026 09:34:48 EST
SLV260227P00075000,SLV260227P00075000,Buy,Filled,4,4,@0.51,0.51,DAY,02/26/2026 09:34:37 EST,02/26/2026 09:34:37 EST
NVDA260227P00182500,NVDA260227P00182500,Buy,Filled,4,4,@0.54,0.54,DAY,02/26/2026 09:30:45 EST,02/26/2026 09:30:46 EST
SLV260417C00185000,SLV260417C00185000,Buy,Filled,15,15,@0.62,0.62,DAY,02/25/2026 15:19:54 EST,02/25/2026 15:20:08 EST
BMNR260417P00015000,BMNR260417P00015000,Sell,Filled,20,20,@0.64,0.64,DAY,02/25/2026 10:03:11 EST,02/25/2026 10:03:11 EST
QQQ260225P00601000,QQQ260225P00601000,Sell,Filled,2,2,@0.2,0.2,DAY,02/25/2026 09:37:48 EST,02/25/2026 09:37:48 EST
MU260320P00350000,MU260320P00350000,Buy,Filled,1,1,@9.47,9.47,DAY,02/24/2026 15:59:55 EST,02/24/2026 15:59:56 EST
MU260320P00350000,MU260320P00350000,Buy,Filled,1,1,@9.9,9.9,DAY,02/24/2026 15:22:30 EST,02/24/2026 15:22:30 EST
QQQ260225P00601000,QQQ260225P00601000,Buy,Filled,2,2,@1.04,1.04,DAY,02/24/2026 12:44:10 EST,02/24/2026 12:44:10 EST
NVDA260302C00210000,NVDA260302C00210000,Sell,Filled,5,5,@0.98,0.98,DAY,02/24/2026 12:43:53 EST,02/24/2026 12:43:53 EST
JPM260320P00285000,JPM260320P00285000,Sell,Filled,2,2,@4.3,4.3,DAY,02/24/2026 12:14:58 EST,02/24/2026 12:15:16 EST
QQQ260224P00604000,QQQ260224P00604000,Sell,Filled,5,5,@0.15,0.15,DAY,02/24/2026 12:11:54 EST,02/24/2026 12:11:54 EST
NVDA260302C00210000,NVDA260302C00210000,Buy,Filled,5,5,@1.05,1.05,DAY,02/24/2026 12:11:49 EST,02/24/2026 12:12:03 EST
FCX260417C00060000,FCX260417C00060000,Sell,Filled,2,2,@10,10,DAY,02/24/2026 12:01:41 EST,02/24/2026 12:01:41 EST
CVNA260417P00220000,CVNA260417P00220000,Sell,Filled,2,2,@6.35,6.35,DAY,02/24/2026 11:50:57 EST,02/24/2026 11:50:57 EST
META260417P00600000,META260417P00600000,Sell,Filled,1,1,@15.5,15.5,DAY,02/24/2026 11:50:34 EST,02/24/2026 11:50:49 EST
QQQ260224P00604000,QQQ260224P00604000,Buy,Filled,5,5,@0.39,0.39,DAY,02/24/2026 11:43:53 EST,02/24/2026 11:43:54 EST
QQQ260224P00604000,QQQ260224P00604000,Sell,Filled,6,6,@0.45,0.45,DAY,02/24/2026 11:31:56 EST,02/24/2026 11:32:13 EST
QQQ260224P00604000,QQQ260224P00604000,Buy,Filled,6,6,@0.34,0.34,DAY,02/24/2026 11:19:40 EST,02/24/2026 11:19:40 EST
SLV260417C00185000,SLV260417C00185000,Buy,Filled,15,15,@0.73,0.73,DAY,02/24/2026 10:59:02 EST,02/24/2026 10:59:02 EST
QQQ260224P00602000,QQQ260224P00602000,Sell,Filled,2,2,@1.46,1.46,DAY,02/24/2026 09:59:03 EST,02/24/2026 09:59:03 EST
QQQ260224P00602000,QQQ260224P00602000,Buy,Filled,2,2,@1.1,1.1,DAY,02/24/2026 09:54:01 EST,02/24/2026 09:54:02 EST
CTSH260417P00055000,CTSH260417P00055000,Sell,Filled,5,5,@1.8,1.8,DAY,02/24/2026 09:48:24 EST,02/24/2026 09:48:59 EST
FCX260417C00060000,FCX260417C00060000,Buy,Filled,2,2,@9.65,9.65,DAY,02/24/2026 09:46:16 EST,02/24/2026 09:46:21 EST
JPM260320P00285000,JPM260320P00285000,Buy,Filled,2,2,@5.3,5.3,DAY,02/24/2026 09:40:47 EST,02/24/2026 09:40:47 EST
QQQ260224P00594000,QQQ260224P00594000,Sell,Filled,2,2,@0.4,0.4,DAY,02/24/2026 09:40:22 EST,02/24/2026 09:40:22 EST
QQQ260224C00610000,QQQ260224C00610000,Sell,Filled,10,10,@0.13,0.13,DAY,02/24/2026 09:37:06 EST,02/24/2026 09:37:13 EST
META260417P00600000,META260417P00600000,Buy,Filled,1,1,@18.3,18.3,DAY,02/24/2026 09:34:22 EST,02/24/2026 09:34:22 EST
USO260320C00100000,USO260320C00100000,Sell,Filled,10,10,@1.16,1.16,DAY,02/24/2026 09:32:30 EST,02/24/2026 09:32:30 EST
SLV260417C00100000,SLV260417C00100000,Sell,Filled,5,5,@5.05,5.05,DAY,02/24/2026 09:32:10 EST,02/24/2026 09:32:10 EST
AMD260320P00165000,AMD260320P00165000,Sell,Filled,5,5,@1.56,1.56,DAY,02/24/2026 09:30:39 EST,02/24/2026 09:30:39 EST
QQQ260224C00610000,QQQ260224C00610000,Buy,Filled,10,10,@0.22,0.22,DAY,02/23/2026 15:40:03 EST,02/23/2026 15:40:04 EST
QQQ260224P00594000,QQQ260224P00594000,Buy,Filled,2,2,@1.1,1.1,DAY,02/23/2026 15:39:42 EST,02/23/2026 15:39:43 EST
BMNR260417P00015000,BMNR260417P00015000,Buy,Filled,20,20,@1.03,1.03,DAY,02/23/2026 12:28:36 EST,02/23/2026 12:28:51 EST
META260417P00595000,META260417P00595000,Sell,Filled,2,2,@13.8,13.8,DAY,02/23/2026 12:28:08 EST,02/23/2026 12:28:09 EST
CVNA260417P00220000,CVNA260417P00220000,Sell,Cancelled,0,2,@7.4,,DAY,02/23/2026 12:08:06 EST,
CTSH260417P00055000,CTSH260417P00055000,Buy,Filled,5,5,@1.44,1.44,DAY,02/23/2026 11:10:08 EST,02/23/2026 11:10:21 EST
META260417P00595000,META260417P00595000,Buy,Filled,2,2,@13.85,13.85,DAY,02/23/2026 11:05:03 EST,02/23/2026 11:05:03 EST
QQQ260223C00617000,QQQ260223C00617000,Sell,Filled,10,10,@0.02,0.02,DAY,02/23/2026 09:45:39 EST,02/23/2026 09:45:39 EST
PLTR260227P00125000,PLTR260227P00125000,Sell,Filled,1,1,@2.94,2.94,DAY,02/23/2026 09:45:33 EST,02/23/2026 09:45:33 EST
SLV260417C00100000,SLV260417C00100000,Sell,Cancelled,0,5,@5.35,,DAY,02/23/2026 09:42:14 EST,
CVNA260417P00220000,CVNA260417P00220000,Sell,Cancelled,0,1,@7,,DAY,02/23/2026 09:38:50 EST,
CRWV260320P00040000,CRWV260320P00040000,Sell,Filled,15,15,@0.38,0.38,DAY,02/23/2026 09:37:59 EST,02/23/2026 09:38:29 EST
QQQ260223P00590000,QQQ260223P00590000,Sell,Filled,8,8,@0.04,0.04,DAY,02/23/2026 09:32:55 EST,02/23/2026 09:32:55 EST
PLTR260227P00125000,PLTR260227P00125000,Buy,Filled,1,1,@2.14,2.14,DAY,02/23/2026 09:32:32 EST,02/23/2026 09:32:32 EST
QQQ260223P00590000,QQQ260223P00590000,Buy,Filled,8,8,@0.25,0.25,DAY,02/20/2026 15:56:38 EST,02/20/2026 15:56:38 EST
QQQ260223C00617000,QQQ260223C00617000,Buy,Filled,10,10,@0.19,0.19,DAY,02/20/2026 15:56:08 EST,02/20/2026 15:56:08 EST
QQQ260220P00602000,QQQ260220P00602000,Sell,Filled,5,5,@0.02,0.02,DAY,02/20/2026 15:44:31 EST,02/20/2026 15:44:31 EST
TSLA260320P00380000,TSLA260320P00380000,Sell,Filled,2,2,@7.47,7.47,DAY,02/20/2026 13:29:56 EST,02/20/2026 13:29:57 EST
CRWV260320P00040000,CRWV260320P00040000,Buy,Filled,15,15,@0.46,0.46,DAY,02/20/2026 13:04:46 EST,02/20/2026 13:04:46 EST
CRWV260320P00040000,CRWV260320P00040000,Buy,Cancelled,0,20,@0.45,,DAY,02/20/2026 12:45:09 EST,
TSLA260320P00380000,TSLA260320P00380000,Buy,Filled,2,2,@8.07,8.07,DAY,02/20/2026 12:27:46 EST,02/20/2026 12:27:46 EST
QQQ260220P00602000,QQQ260220P00602000,Buy,Filled,4,4,@0.88,0.88,DAY,02/20/2026 12:15:55 EST,02/20/2026 12:16:09 EST
BABA260417C00195000,BABA260417C00195000,Buy,Filled,8,8,@1.66,1.66,DAY,02/20/2026 12:14:38 EST,02/20/2026 12:14:38 EST
TSLA260320P00380000,TSLA260320P00380000,Sell,Filled,2,2,@6.4,6.4,DAY,02/20/2026 11:06:54 EST,02/20/2026 11:06:55 EST
CVNA260417P00220000,CVNA260417P00220000,Sell,Cancelled,0,2,@6.25,,DAY,02/20/2026 11:06:23 EST,
SLV260417C00100000,SLV260417C00100000,Sell,Filled,5,5,@2.69,2.69,DAY,02/20/2026 11:05:46 EST,02/20/2026 11:05:52 EST
SLV260417C00100000,SLV260417C00100000,Buy,Filled,10,10,@2.69,2.69,DAY,02/20/2026 11:05:29 EST,02/20/2026 11:05:29 EST
QQQ260220P00602000,QQQ260220P00602000,Buy,Filled,1,1,@1.2,1.2,DAY,02/20/2026 10:33:26 EST,02/20/2026 10:33:40 EST
NKE260220C00069000,NKE260220C00069000,Sell,Filled,10,10,@0.09,0.09,DAY,02/20/2026 10:20:35 EST,02/20/2026 10:20:56 EST
QQQ260220C00612000,QQQ260220C00612000,Sell,Filled,2,2,@0.18,0.18,DAY,02/20/2026 10:17:07 EST,02/20/2026 10:17:07 EST
NKE260220C00069000,NKE260220C00069000,Buy,Filled,10,10,@0.08,0.08,DAY,02/20/2026 10:16:59 EST,02/20/2026 10:17:00 EST
QQQ260220C00612000,QQQ260220C00612000,Buy,Filled,2,2,@0.85,0.85,DAY,02/20/2026 10:02:30 EST,02/20/2026 10:02:30 EST
QQQ260220C00606000,QQQ260220C00606000,Sell,Filled,1,1,@1.41,1.41,DAY,02/20/2026 09:55:31 EST,02/20/2026 09:55:31 EST
SLV260417C00100000,SLV260417C00100000,Buy,Filled,5,5,@2.61,2.61,DAY,02/20/2026 09:49:52 EST,02/20/2026 09:49:52 EST
QQQ260220C00606000,QQQ260220C00606000,Sell,Filled,1,1,@1.44,1.44,DAY,02/20/2026 09:38:32 EST,02/20/2026 09:38:33 EST
MSTR260320P00100000,MSTR260320P00100000,Sell,Filled,3,3,@2.63,2.63,DAY,02/20/2026 09:37:07 EST,02/20/2026 09:37:07 EST
CRWV260320P00040000,CRWV260320P00040000,Sell,Cancelled,0,20,@0.36,,DAY,02/20/2026 09:36:47 EST,
QQQ260220C00606000,QQQ260220C00606000,Buy,Filled,2,2,@1.05,1.05,DAY,02/20/2026 09:35:08 EST,02/20/2026 09:35:08 EST
AMD260417P00200000,AMD260417P00200000,Buy,Filled,1,1,@15.35,15.35,DAY,02/19/2026 15:12:16 EST,02/19/2026 15:12:26 EST
AMD260417P00200000,AMD260417P00200000,Buy,Filled,1,1,@15.25,15.25,DAY,02/19/2026 15:04:32 EST,02/19/2026 15:04:32 EST
GLD260417C00455000,GLD260417C00455000,Buy,Filled,2,2,@25.2,25.2,DAY,02/19/2026 10:58:13 EST,02/19/2026 10:58:29 EST
QQQ260219C00608000,QQQ260219C00608000,Sell,Filled,3,3,@0.34,0.34,DAY,02/19/2026 10:52:13 EST,02/19/2026 10:52:13 EST
AMD260320P00165000,AMD260320P00165000,Buy,Filled,5,5,@2.31,2.31,DAY,02/19/2026 10:21:14 EST,02/19/2026 10:21:14 EST
MU260320P00320000,MU260320P00320000,Sell,Filled,2,2,@6.05,6.05,DAY,02/19/2026 10:20:36 EST,02/19/2026 10:20:51 EST
CVNA260417P00220000,CVNA260417P00220000,Buy,Filled,1,1,@7.6,7.6,DAY,02/19/2026 09:35:17 EST,02/19/2026 09:35:17 EST
QQQ260219C00608000,QQQ260219C00608000,Buy,Filled,3,3,@0.67,0.67,DAY,02/19/2026 09:34:11 EST,02/19/2026 09:34:12 EST
TSLA260225P00385000,TSLA260225P00385000,Sell,Filled,2,2,@2.9,2.9,DAY,02/19/2026 09:32:52 EST,02/19/2026 09:32:52 EST
CVNA260417P00220000,CVNA260417P00220000,Buy,Filled,1,1,@6.7,6.7,DAY,02/19/2026 09:32:13 EST,02/19/2026 09:32:16 EST
TSLA260225P00380000,TSLA260225P00380000,Buy,Filled,2,2,@1.73,1.73,DAY,02/18/2026 15:28:10 EST,02/18/2026 15:28:10 EST
QQQ260218P00603000,QQQ260218P00603000,Sell,Filled,4,4,@0.38,0.38,DAY,02/18/2026 15:23:51 EST,02/18/2026 15:23:56 EST
QQQ260218P00603000,QQQ260218P00603000,Buy,Filled,4,4,@0.39,0.39,DAY,02/18/2026 14:55:42 EST,02/18/2026 14:55:58 EST
QQQ260218P00603000,QQQ260218P00603000,Sell,Filled,8,8,@0.36,0.36,DAY,02/18/2026 14:55:04 EST,02/18/2026 14:55:04 EST
COPX260417C00100000,COPX260417C00100000,Sell,Filled,2,2,@3.2,3.2,DAY,02/18/2026 13:48:59 EST,02/18/2026 13:48:59 EST
USO260320C00100000,USO260320C00100000,Buy,Filled,10,10,@0.94,0.94,DAY,02/18/2026 13:30:36 EST,02/18/2026 13:30:36 EST
QQQ260218P00603000,QQQ260218P00603000,Buy,Filled,8,8,@0.27,0.27,DAY,02/18/2026 10:54:52 EST,02/18/2026 10:54:52 EST
ALAB260320P00120000,ALAB260320P00120000,Sell,Filled,1,1,@8.8,8.8,DAY,02/18/2026 10:00:34 EST,02/18/2026 10:00:34 EST
ALAB260320P00120000,ALAB260320P00120000,Sell,Filled,1,1,@8.8,8.8,DAY,02/18/2026 09:59:57 EST,02/18/2026 10:00:15 EST
MAGS260320P00060000,MAGS260320P00060000,Sell,Filled,7,7,@1.35,1.35,DAY,02/18/2026 09:59:46 EST,02/18/2026 09:59:46 EST
MSTR260320P00100000,MSTR260320P00100000,Buy,Filled,3,3,@3.6,3.6,DAY,02/18/2026 09:36:37 EST,02/18/2026 09:36:40 EST
MU260320P00320000,MU260320P00320000,Buy,Filled,2,2,@8.25,8.25,DAY,02/17/2026 13:33:23 EST,02/17/2026 13:33:23 EST
MAGS260320P00060000,MAGS260320P00060000,Sell,Filled,8,8,@1.6,1.6,DAY,02/17/2026 13:32:42 EST,02/17/2026 13:32:50 EST
QQQ260217P00590000,QQQ260217P00590000,Buy,Filled,2,2,@1.03,1.03,DAY,02/17/2026 10:02:28 EST,02/17/2026 10:02:36 EST
TSLA260320P00380000,TSLA260320P00380000,Buy,Filled,2,2,@8.07,8.07,DAY,02/13/2026 15:18:07 EST,02/13/2026 15:18:07 EST
QQQ260213C00606000,QQQ260213C00606000,Sell,Filled,1,1,@1,1,DAY,02/13/2026 12:09:44 EST,02/13/2026 12:09:44 EST
ALAB260320P00120000,ALAB260320P00120000,Buy,Filled,2,2,@9.15,9.15,DAY,02/13/2026 12:02:01 EST,02/13/2026 12:02:14 EST
USO260220C00090000,USO260220C00090000,Sell,Filled,30,30,@0.12,0.12,DAY,02/13/2026 12:00:32 EST,02/13/2026 12:00:32 EST
COPX260417C00100000,COPX260417C00100000,Sell,Filled,3,3,@3.6,3.6,DAY,02/13/2026 11:42:05 EST,02/13/2026 11:42:05 EST
HL260320P00017000,HL260320P00017000,Sell,Filled,20,20,@0.38,0.38,DAY,02/13/2026 11:38:34 EST,02/13/2026 11:38:34 EST
COPX260417C00100000,COPX260417C00100000,Buy,Filled,5,5,@3.6,3.6,DAY,02/13/2026 11:15:26 EST,02/13/2026 11:15:39 EST
ALAB260320P00120000,ALAB260320P00120000,Sell,Filled,4,4,@8.8,8.8,DAY,02/13/2026 11:06:38 EST,02/13/2026 11:06:38 EST
QQQ260213C00606000,QQQ260213C00606000,Buy,Filled,1,1,@1.67,1.67,DAY,02/13/2026 09:48:53 EST,02/13/2026 09:48:56 EST
GOOG260320P00275000,GOOG260320P00275000,Sell,Filled,6,6,@3.03,3.03,DAY,02/13/2026 09:47:30 EST,02/13/2026 09:47:41 EST
AAPL260320P00230000,AAPL260320P00230000,Sell,Filled,10,10,@1.54,1.54,DAY,02/13/2026 09:46:48 EST,02/13/2026 09:46:56 EST
NVDA260213P00182500,NVDA260213P00182500,Sell,Filled,4,4,@0.58,0.58,DAY,02/13/2026 09:46:28 EST,02/13/2026 09:46:28 EST
NVDA260213P00182500,NVDA260213P00182500,Sell,Cancelled,0,2,@1.65,,DAY,02/13/2026 09:42:18 EST,
QQQ260213C00606000,QQQ260213C00606000,Sell,Filled,3,3,@0.54,0.54,DAY,02/13/2026 09:42:10 EST,02/13/2026 09:42:11 EST
NVDA260213P00182500,NVDA260213P00182500,Buy,Filled,4,4,@0.84,0.84,DAY,02/13/2026 09:38:40 EST,02/13/2026 09:38:45 EST
HL260320P00017000,HL260320P00017000,Buy,Filled,20,20,@0.48,0.48,DAY,02/13/2026 09:34:07 EST,02/13/2026 09:48:06 EST
NVDA260213P00182500,NVDA260213P00182500,Sell,Filled,3,3,@0.43,0.43,DAY,02/13/2026 09:33:09 EST,02/13/2026 09:33:09 EST
QQQ260213C00606000,QQQ260213C00606000,Buy,Filled,3,3,@1.25,1.25,DAY,02/13/2026 09:33:03 EST,02/13/2026 09:33:03 EST
COIN260213P00131000,COIN260213P00131000,Sell,Filled,1,1,@0.15,0.15,DAY,02/13/2026 09:31:12 EST,02/13/2026 09:31:26 EST
COIN260213P00131000,COIN260213P00131000,Buy,Filled,1,1,@2.3,2.3,DAY,02/12/2026 15:52:58 EST,02/12/2026 15:52:58 EST
USO260220C00090000,USO260220C00090000,Buy,Filled,15,15,@0.18,0.18,DAY,02/12/2026 13:26:43 EST,02/12/2026 13:26:43 EST
AAPL260320P00230000,AAPL260320P00230000,Buy,Filled,10,10,@1.6,1.6,DAY,02/12/2026 13:12:01 EST,02/12/2026 13:12:01 EST
AAPL260320P00230000,AAPL260320P00230000,Sell,Filled,10,10,@1.42,1.42,DAY,02/12/2026 13:07:38 EST,02/12/2026 13:07:38 EST
NVDA260213P00182500,NVDA260213P00182500,Sell,Filled,2,2,@0.76,0.76,DAY,02/12/2026 11:28:31 EST,02/12/2026 11:28:45 EST
AAPL260320P00230000,AAPL260320P00230000,Buy,Filled,10,10,@1.01,1.01,DAY,02/12/2026 11:24:31 EST,02/12/2026 11:24:32 EST
GLD260331C00475000,GLD260331C00475000,Sell,Filled,1,1,@8.45,8.45,DAY,02/12/2026 11:18:37 EST,02/12/2026 11:18:40 EST
NVDA260213P00182500,NVDA260213P00182500,Buy,Filled,5,5,@0.27,0.27,DAY,02/12/2026 10:47:03 EST,02/12/2026 10:47:03 EST
ALAB260320P00120000,ALAB260320P00120000,Buy,Filled,2,2,@6.55,6.55,DAY,02/12/2026 10:39:54 EST,02/12/2026 10:40:06 EST
COPX260417C00125000,COPX260417C00125000,Sell,Filled,6,6,@1.2,1.2,DAY,02/12/2026 10:38:53 EST,02/12/2026 10:39:12 EST
ALAB260320P00120000,ALAB260320P00120000,Buy,Filled,2,2,@5.75,5.75,DAY,02/12/2026 09:54:11 EST,02/12/2026 09:54:11 EST
UUUU260417C00020000,UUUU260417C00020000,Sell,Filled,1,1,@5,5,DAY,02/12/2026 09:53:47 EST,02/12/2026 09:54:12 EST
MSTR260320P00090000,MSTR260320P00090000,Sell,Filled,3,3,@2.58,2.58,DAY,02/12/2026 09:53:02 EST,02/12/2026 09:53:03 EST
MSTR260320P00090000,MSTR260320P00090000,Buy,Filled,3,3,@2.99,2.99,DAY,02/11/2026 12:12:16 EST,02/11/2026 12:12:16 EST
MAGS260320P00060000,MAGS260320P00060000,Buy,Filled,15,15,@1.1,1.1,DAY,02/11/2026 12:01:53 EST,02/11/2026 12:02:03 EST
UUUU260417C00020000,UUUU260417C00020000,Sell,Filled,2,2,@4.15,4.15,DAY,02/11/2026 10:31:30 EST,02/11/2026 10:31:30 EST
BABA260417C00130000,BABA260417C00130000,Sell,Filled,1,1,@34.1,34.1,DAY,02/11/2026 10:31:14 EST,02/11/2026 10:31:14 EST
USO260211C00085000,USO260211C00085000,Sell,Cancelled,0,30,@0.02,,DAY,02/11/2026 09:32:37 EST,
COPX260417C00125000,COPX260417C00125000,Sell,Filled,6,6,@1.25,1.25,DAY,02/10/2026 15:33:24 EST,02/10/2026 15:33:24 EST
ASAN260320C00010000,ASAN260320C00010000,Sell,Filled,15,15,@0.43,0.43,DAY,02/10/2026 15:32:59 EST,02/10/2026 15:33:05 EST
QQQ260210P00610000,QQQ260210P00610000,Sell,Filled,3,3,@0.46,0.46,DAY,02/10/2026 09:55:02 EST,02/10/2026 09:55:02 EST
QQQ260210P00610000,QQQ260210P00610000,Buy,Filled,3,3,@0.88,0.88,DAY,02/10/2026 09:39:13 EST,02/10/2026 09:39:14 EST
USO260211C00085000,USO260211C00085000,Sell,Cancelled,0,30,@0.12,,DAY,02/09/2026 15:16:12 EST,
GLD260209C00468000,GLD260209C00468000,Sell,Filled,5,5,@0.21,0.21,DAY,02/09/2026 12:41:12 EST,02/09/2026 12:41:29 EST
USO260211C00085000,USO260211C00085000,Buy,Filled,30,30,@0.18,0.18,DAY,02/09/2026 12:40:43 EST,02/09/2026 12:41:02 EST
GLD260209C00468000,GLD260209C00468000,Buy,Filled,5,5,@0.67,0.67,DAY,02/09/2026 11:44:08 EST,02/09/2026 11:44:08 EST
NET260213C00185000,NET260213C00185000,Sell,Filled,1,1,@6.25,6.25,DAY,02/09/2026 10:57:49 EST,02/09/2026 10:57:49 EST
COPX260417C00125000,COPX260417C00125000,Buy,Filled,12,12,@1.34,1.34,DAY,02/09/2026 10:57:34 EST,02/09/2026 10:57:42 EST
UUUU260417C00020000,UUUU260417C00020000,Buy,Filled,3,3,@5.3,5.3,DAY,02/09/2026 10:55:58 EST,02/09/2026 10:55:58 EST
MU260213P00345000,MU260213P00345000,Sell,Filled,1,1,@2,2,DAY,02/09/2026 10:54:53 EST,02/09/2026 10:55:30 EST
ASAN260320C00010000,ASAN260320C00010000,Buy,Filled,15,15,@0.4,0.4,DAY,02/09/2026 10:09:36 EST,02/09/2026 13:28:10 EST
MU260213P00345000,MU260213P00345000,Buy,Filled,1,1,@4.9,4.9,DAY,02/09/2026 09:31:53 EST,02/09/2026 09:31:53 EST
BABA260417C00130000,BABA260417C00130000,Buy,Filled,1,1,@35.35,35.35,DAY,02/06/2026 15:56:40 EST,02/06/2026 15:56:47 EST
NET260213C00185000,NET260213C00185000,Buy,Filled,1,1,@4.95,4.95,DAY,02/06/2026 11:09:08 EST,02/06/2026 11:09:25 EST
GOOG260320P00275000,GOOG260320P00275000,Buy,Filled,3,3,@2.08,2.08,DAY,02/06/2026 09:59:41 EST,02/06/2026 09:59:41 EST
COIN260206C00155000,COIN260206C00155000,Sell,Filled,2,2,@3.9,3.9,DAY,02/06/2026 09:37:17 EST,02/06/2026 09:37:18 EST
AMZN260206P00210000,AMZN260206P00210000,Sell,Filled,1,1,@9.55,9.55,DAY,02/06/2026 09:32:03 EST,02/06/2026 09:32:03 EST
COIN260206C00155000,COIN260206C00155000,Sell,Filled,1,1,@3.7,3.7,DAY,02/06/2026 09:31:56 EST,02/06/2026 09:32:19 EST
CRWV260220P00060000,CRWV260220P00060000,Sell,Filled,9,9,@1.2,1.2,DAY,02/06/2026 09:31:08 EST,02/06/2026 09:31:08 EST
CRWV260320P00040000,CRWV260320P00040000,Sell,Cancelled,0,20,@1.6,,DAY,02/06/2026 09:30:46 EST,
MSTR260206P00095000,MSTR260206P00095000,Sell,Filled,5,5,@0.21,0.21,DAY,02/06/2026 09:30:32 EST,02/06/2026 09:30:32 EST
MSTR260213P00104000,MSTR260213P00104000,Sell,Filled,1,1,@4.2,4.2,DAY,02/06/2026 09:30:23 EST,02/06/2026 09:30:24 EST
COIN260206C00155000,COIN260206C00155000,Buy,Filled,3,3,@1.73,1.73,DAY,02/05/2026 15:48:43 EST,02/05/2026 15:48:43 EST
MSTR260206P00095000,MSTR260206P00095000,Sell,Filled,5,5,@2.44,2.44,DAY,02/05/2026 15:39:19 EST,02/05/2026 15:39:19 EST
IBIT260206P00035000,IBIT260206P00035000,Sell,Filled,5,5,@0.85,0.85,DAY,02/05/2026 15:39:06 EST,02/05/2026 15:39:22 EST
AMZN260206P00210000,AMZN260206P00210000,Buy,Filled,1,1,@4.4,4.4,DAY,02/05/2026 15:31:24 EST,02/05/2026 15:31:24 EST
AMZN260206P00200000,AMZN260206P00200000,Sell,Filled,2,2,@1.87,1.87,DAY,02/05/2026 15:31:01 EST,02/05/2026 15:31:02 EST
AMZN260206P00200000,AMZN260206P00200000,Buy,Filled,2,2,@1.9,1.9,DAY,02/05/2026 15:30:38 EST,02/05/2026 15:30:38 EST
IBIT260206P00035000,IBIT260206P00035000,Buy,Filled,5,5,@0.53,0.53,DAY,02/05/2026 14:56:32 EST,02/05/2026 14:56:35 EST
CRWV260220P00060000,CRWV260220P00060000,Sell,Filled,1,1,@1.6,1.6,DAY,02/05/2026 14:54:22 EST,02/05/2026 14:54:22 EST
CRWV260320P00040000,CRWV260320P00040000,Buy,Filled,20,20,@0.87,0.87,DAY,02/05/2026 14:53:52 EST,02/05/2026 14:54:07 EST
CRWV260227P00050000,CRWV260227P00050000,Buy,Cancelled,0,20,@0.77,,DAY,02/05/2026 14:52:34 EST,
MSTR260213P00104000,MSTR260213P00104000,Sell,Filled,1,1,@7,7,DAY,02/05/2026 14:07:17 EST,02/05/2026 14:07:17 EST
MSTR260320P00120000,MSTR260320P00120000,Sell,Filled,1,1,@20.7,20.7,DAY,02/05/2026 14:07:03 EST,02/05/2026 14:07:03 EST
QQQ260205P00589000,QQQ260205P00589000,Sell,Filled,3,3,@0.47,0.47,DAY,02/05/2026 11:20:10 EST,02/05/2026 11:20:12 EST
MSTR260320P00120000,MSTR260320P00120000,Sell,Filled,1,1,@20.3,20.3,DAY,02/05/2026 10:35:11 EST,02/05/2026 10:35:17 EST
MSTR260320P00120000,MSTR260320P00120000,Sell,Filled,1,1,@19.81,19.81,DAY,02/05/2026 10:29:47 EST,02/05/2026 10:29:47 EST
MSTR260213P00104000,MSTR260213P00104000,Sell,Filled,1,1,@5.6,5.6,DAY,02/05/2026 10:25:03 EST,02/05/2026 10:26:18 EST
MSTR260213P00104000,MSTR260213P00104000,Sell,Filled,2,2,@5.6,5.6,DAY,02/05/2026 10:22:12 EST,02/05/2026 10:22:12 EST
MSTR260206P00095000,MSTR260206P00095000,Buy,Filled,10,10,@1.11,1.11,DAY,02/05/2026 10:21:59 EST,02/05/2026 10:21:59 EST
CRWV260220P00060000,CRWV260220P00060000,Buy,Filled,10,10,@1.2,1.2,DAY,02/05/2026 09:59:39 EST,02/05/2026 09:59:39 EST
QQQ260205P00589000,QQQ260205P00589000,Buy,Filled,3,3,@0.97,0.97,DAY,02/05/2026 09:34:24 EST,02/05/2026 09:34:24 EST
GOOG260206P00315000,GOOG260206P00315000,Sell,Filled,1,1,@7.1,7.1,DAY,02/05/2026 09:33:01 EST,02/05/2026 09:33:01 EST
GOOG260320P00275000,GOOG260320P00275000,Buy,Filled,3,3,@3.85,3.85,DAY,02/05/2026 09:32:23 EST,02/05/2026 09:32:23 EST
GLD260331C00475000,GLD260331C00475000,Sell,Filled,1,1,@10.45,10.45,DAY,02/05/2026 09:31:51 EST,02/05/2026 09:31:51 EST
MSTR260213P00104000,MSTR260213P00104000,Buy,Filled,5,5,@2.9,2.9,DAY,02/05/2026 09:31:32 EST,02/05/2026 09:31:32 EST
GOOG260206P00315000,GOOG260206P00315000,Buy,Filled,1,1,@3.9,3.9,DAY,02/04/2026 15:36:19 EST,02/04/2026 15:36:19 EST
USO260220C00090000,USO260220C00090000,Buy,Filled,5,5,@1,1,DAY,02/04/2026 14:51:36 EST,02/04/2026 14:51:49 EST
MU260206P00365000,MU260206P00365000,Sell,Filled,1,1,@9.25,9.25,DAY,02/04/2026 13:28:22 EST,02/04/2026 13:28:28 EST
CRWV260206P00080000,CRWV260206P00080000,Sell,Filled,3,3,@2.3,2.3,DAY,02/04/2026 13:26:56 EST,02/04/2026 13:27:17 EST
PLTR260220P00136000,PLTR260220P00136000,Sell,Filled,1,1,@6.6,6.6,DAY,02/04/2026 12:58:52 EST,02/04/2026 12:58:52 EST
MU260206P00365000,MU260206P00365000,Sell,Filled,1,1,@9.6,9.6,DAY,02/04/2026 12:58:35 EST,02/04/2026 12:58:35 EST
MU260206P00365000,MU260206P00365000,Sell,Filled,1,1,@9.51,9.51,DAY,02/04/2026 12:58:25 EST,02/04/2026 12:58:25 EST
QQQ260204P00607000,QQQ260204P00607000,Sell,Filled,1,1,@6.2,6.2,DAY,02/04/2026 12:47:50 EST,02/04/2026 12:47:50 EST
U260213C00026000,U260213C00026000,Sell,Filled,2,2,@1.63,1.63,DAY,02/04/2026 12:47:41 EST,02/04/2026 12:54:38 EST
SNDK260206P00530000,SNDK260206P00530000,Sell,Filled,1,1,@5,5,DAY,02/04/2026 12:47:22 EST,02/04/2026 12:47:23 EST
CRWV260206P00080000,CRWV260206P00080000,Sell,Filled,2,2,@2.5,2.5,DAY,02/04/2026 12:41:52 EST,02/04/2026 12:41:52 EST
MU260206P00365000,MU260206P00365000,Sell,Filled,1,1,@8.65,8.65,DAY,02/04/2026 12:31:27 EST,02/04/2026 12:31:28 EST
MU260206P00365000,MU260206P00365000,Sell,Filled,4,4,@4.25,4.25,DAY,02/04/2026 11:30:10 EST,02/04/2026 11:30:10 EST
PLTR260220P00136000,PLTR260220P00136000,Sell,Filled,2,2,@4.9,4.9,DAY,02/04/2026 11:29:43 EST,02/04/2026 11:29:43 EST
QQQ260204P00607000,QQQ260204P00607000,Sell,Filled,2,2,@2.39,2.39,DAY,02/04/2026 11:02:56 EST,02/04/2026 11:02:59 EST
PLTR260220P00136000,PLTR260220P00136000,Sell,Filled,2,2,@4.4,4.4,DAY,02/04/2026 10:05:58 EST,02/04/2026 10:05:58 EST
U260213C00026000,U260213C00026000,Buy,Filled,2,2,@1.37,1.37,DAY,02/04/2026 09:54:10 EST,02/04/2026 09:54:10 EST
PLTR260220P00136000,PLTR260220P00136000,Buy,Filled,5,5,@2.17,2.17,DAY,02/04/2026 09:43:30 EST,02/04/2026 09:43:31 EST
MSFT260320P00385000,MSFT260320P00385000,Sell,Filled,3,3,@4.85,4.85,DAY,02/04/2026 09:42:48 EST,02/04/2026 09:43:04 EST
BABA260320C00170000,BABA260320C00170000,Sell,Filled,1,1,@7.3,7.3,DAY,02/04/2026 09:37:04 EST,02/04/2026 09:37:12 EST
SNDK260206P00530000,SNDK260206P00530000,Buy,Filled,1,1,@2.75,2.75,DAY,02/04/2026 09:34:36 EST,02/04/2026 09:34:46 EST
AMD260206P00205000,AMD260206P00205000,Sell,Filled,1,1,@3.05,3.05,DAY,02/04/2026 09:32:54 EST,02/04/2026 09:32:55 EST
QQQ260204C00622000,QQQ260204C00622000,Sell,Filled,2,2,@0.3,0.3,DAY,02/04/2026 09:31:42 EST,02/04/2026 09:31:47 EST
QQQ260204P00607000,QQQ260204P00607000,Buy,Filled,3,3,@1.17,1.17,DAY,02/04/2026 09:30:36 EST,02/04/2026 09:30:36 EST
AMD260206P00205000,AMD260206P00205000,Buy,Filled,1,1,@2.53,2.53,DAY,02/04/2026 09:30:25 EST,02/04/2026 09:30:45 EST
QQQ260204C00622000,QQQ260204C00622000,Buy,Filled,2,2,@1.02,1.02,DAY,02/03/2026 15:58:58 EST,02/03/2026 15:58:58 EST
MU260206P00410000,MU260206P00410000,Sell,Filled,1,1,@11.15,11.15,DAY,02/03/2026 15:07:33 EST,02/03/2026 15:07:33 EST
MU260206P00365000,MU260206P00365000,Buy,Filled,8,8,@1.38,1.38,DAY,02/03/2026 15:07:16 EST,02/03/2026 15:07:16 EST
MU260206P00410000,MU260206P00410000,Sell,Filled,1,1,@11.55,11.55,DAY,02/03/2026 15:02:08 EST,02/03/2026 15:02:14 EST
QQQ260203P00617000,QQQ260203P00617000,Sell,Filled,1,1,@4.26,4.26,DAY,02/03/2026 14:33:31 EST,02/03/2026 14:33:31 EST
MSTR260320P00120000,MSTR260320P00120000,Sell,Filled,2,2,@10.49,10.49,DAY,02/03/2026 13:20:32 EST,02/03/2026 13:20:32 EST
USO260220C00090000,USO260220C00090000,Buy,Filled,10,10,@0.95,0.95,DAY,02/03/2026 13:20:04 EST,02/03/2026 13:20:04 EST
QQQ260203P00617000,QQQ260203P00617000,Sell,Filled,1,1,@2.54,2.54,DAY,02/03/2026 12:15:00 EST,02/03/2026 12:15:00 EST
QQQ260203P00617000,QQQ260203P00617000,Sell,Filled,3,3,@1.19,1.19,DAY,02/03/2026 10:17:48 EST,02/03/2026 10:17:48 EST
MSFT260320P00385000,MSFT260320P00385000,Sell,Filled,2,2,@4.64,4.64,DAY,02/03/2026 09:57:52 EST,02/03/2026 09:57:53 EST
QQQ260203P00617000,QQQ260203P00617000,Buy,Filled,5,5,@0.65,0.65,DAY,02/03/2026 09:57:24 EST,02/03/2026 09:57:33 EST
CRWV260206P00080000,CRWV260206P00080000,Buy,Filled,5,5,@1.06,1.06,DAY,02/03/2026 09:41:20 EST,02/03/2026 09:41:20 EST
MU260206P00410000,MU260206P00410000,Buy,Filled,2,2,@5.4,5.4,DAY,02/03/2026 09:39:41 EST,02/03/2026 09:39:44 EST
SNDK260206C00810000,SNDK260206C00810000,Sell,Filled,1,1,@4.66,4.66,DAY,02/03/2026 09:39:18 EST,02/03/2026 09:39:18 EST
GLD260331C00475000,GLD260331C00475000,Buy,Filled,2,2,@14.8,14.8,DAY,02/03/2026 09:32:36 EST,02/03/2026 09:32:36 EST
SNDK260206C00810000,SNDK260206C00810000,Sell,Filled,1,1,@6.34,6.34,DAY,02/03/2026 09:31:32 EST,02/03/2026 09:31:33 EST
SNDK260206C00810000,SNDK260206C00810000,Buy,Filled,2,2,@2.55,2.55,DAY,02/02/2026 15:30:13 EST,02/02/2026 15:30:13 EST
MSFT260320P00385000,MSFT260320P00385000,Buy,Filled,5,5,@3.05,3.05,DAY,02/02/2026 13:28:17 EST,02/02/2026 13:28:18 EST
GLD260320C00428000,GLD260320C00428000,Sell,Filled,1,1,@24.95,24.95,DAY,02/02/2026 10:02:22 EST,02/02/2026 10:02:26 EST
USO260320C00086000,USO260320C00086000,Sell,Filled,5,5,@2.1,2.1,DAY,02/02/2026 09:55:39 EST,02/02/2026 09:55:39 EST
SLV260202C00084500,SLV260202C00084500,Sell,Filled,1,1,@0.17,0.17,DAY,02/02/2026 09:37:17 EST,02/02/2026 09:37:25 EST
GLD260320C00428000,GLD260320C00428000,Buy,Filled,1,1,@28.15,28.15,DAY,02/02/2026 09:33:50 EST,02/02/2026 09:33:50 EST
SLV260202C00084500,SLV260202C00084500,Buy,Filled,1,1,@2.46,2.46,DAY,01/30/2026 14:11:15 EST,01/30/2026 14:11:16 EST
SLV260202C00076000,SLV260202C00076000,Sell,Filled,1,1,@5.8,5.8,DAY,01/30/2026 14:10:48 EST,01/30/2026 14:10:48 EST
SLV260202C00076000,SLV260202C00076000,Buy,Filled,1,1,@2.85,2.85,DAY,01/30/2026 13:28:55 EST,01/30/2026 13:28:55 EST
SLV260130P00071000,SLV260130P00071000,Buy,Cancelled,0,1,@2.85,,DAY,01/30/2026 13:20:17 EST,
BABA260320C00170000,BABA260320C00170000,Sell,Filled,1,1,@12.4,12.4,DAY,01/30/2026 12:51:25 EST,01/30/2026 12:51:31 EST
BABA260320C00170000,BABA260320C00170000,Sell,Cancelled,0,2,@12.7,,DAY,01/30/2026 12:12:21 EST,
BIDU260320C00185000,BIDU260320C00185000,Sell,Filled,4,4,@3.7,3.7,DAY,01/30/2026 12:11:58 EST,01/30/2026 12:12:08 EST
TSLA260220P00385000,TSLA260220P00385000,Sell,Filled,2,2,@3.15,3.15,DAY,01/30/2026 10:42:52 EST,01/30/2026 10:42:57 EST
BIDU260320C00185000,BIDU260320C00185000,Sell,Filled,1,1,@3.95,3.95,DAY,01/30/2026 10:32:36 EST,01/30/2026 10:32:45 EST
BABA260320C00170000,BABA260320C00170000,Sell,Filled,1,1,@12.8,12.8,DAY,01/30/2026 10:32:27 EST,01/30/2026 10:32:47 EST
AAPL260130P00245000,AAPL260130P00245000,Sell,Filled,3,3,@0.06,0.06,DAY,01/30/2026 10:30:53 EST,01/30/2026 10:30:53 EST
USO260320C00086000,USO260320C00086000,Buy,Filled,5,5,@3.75,3.75,DAY,01/29/2026 14:32:48 EST,01/29/2026 14:32:48 EST
BIDU260320C00185000,BIDU260320C00185000,Buy,Filled,5,5,@4.45,4.45,DAY,01/29/2026 14:21:04 EST,01/29/2026 14:27:55 EST
AAPL260130P00245000,AAPL260130P00245000,Buy,Filled,1,1,@1.78,1.78,DAY,01/29/2026 10:52:20 EST,01/29/2026 10:52:21 EST
TSLA260220P00385000,TSLA260220P00385000,Buy,Filled,2,2,@5.88,5.88,DAY,01/29/2026 10:42:52 EST,01/29/2026 10:42:52 EST
BABA260227C00200000,BABA260227C00200000,Sell,Filled,6,6,@2.84,2.84,DAY,01/29/2026 10:36:48 EST,01/29/2026 10:37:26 EST
AAPL260130P00245000,AAPL260130P00245000,Buy,Filled,2,2,@1.22,1.22,DAY,01/29/2026 10:30:57 EST,01/29/2026 10:31:13 EST
PPLT260320C00220000,PPLT260320C00220000,Sell,Filled,1,1,@32.69,32.69,DAY,01/29/2026 10:17:08 EST,01/29/2026 10:17:23 EST
TSLA260220P00385000,TSLA260220P00385000,Sell,Filled,2,2,@4.9,4.9,DAY,01/29/2026 10:13:42 EST,01/29/2026 10:13:44 EST
TSLA260220P00405000,TSLA260220P00405000,Sell,Filled,1,1,@9.5,9.5,DAY,01/29/2026 10:13:11 EST,01/29/2026 10:13:11 EST
MSTR260320P00120000,MSTR260320P00120000,Buy,Filled,5,5,@5.05,5.05,DAY,01/29/2026 10:13:02 EST,01/29/2026 10:13:32 EST
TSLA260220P00385000,TSLA260220P00385000,Buy,Filled,2,2,@4.75,4.75,DAY,01/29/2026 10:07:44 EST,01/29/2026 10:07:48 EST
UEC260320C00017000,UEC260320C00017000,Sell,Filled,5,5,@3.33,3.33,DAY,01/29/2026 10:04:54 EST,01/29/2026 10:05:09 EST
TSLA260220P00405000,TSLA260220P00405000,Buy,Filled,1,1,@10.25,10.25,DAY,01/29/2026 10:04:30 EST,01/29/2026 10:04:30 EST
LUMN260320C00009000,LUMN260320C00009000,Sell,Filled,5,5,@1.14,1.14,DAY,01/29/2026 10:02:32 EST,01/29/2026 10:02:51 EST
QQQ260128P00630000,QQQ260128P00630000,Sell,Filled,2,2,@1.45,1.45,DAY,01/28/2026 16:04:04 EST,01/28/2026 16:04:04 EST
PPLT260320C00220000,PPLT260320C00220000,Buy,Filled,1,1,@37.2,37.2,DAY,01/28/2026 15:49:21 EST,01/28/2026 15:49:47 EST
CVNA260320P00350000,CVNA260320P00350000,Sell,Filled,1,1,@32.35,32.35,DAY,01/28/2026 15:00:09 EST,01/28/2026 15:00:19 EST
QQQ260128P00630000,QQQ260128P00630000,Buy,Filled,2,2,@0.94,0.94,DAY,01/28/2026 13:57:24 EST,01/28/2026 13:57:27 EST
LUMN260320C00009000,LUMN260320C00009000,Sell,Filled,10,10,@1.42,1.42,DAY,01/28/2026 13:56:36 EST,01/28/2026 13:56:45 EST
UEC260320C00017000,UEC260320C00017000,Buy,Filled,5,5,@3.89,3.89,DAY,01/28/2026 13:08:15 EST,01/28/2026 13:08:15 EST
LOGI260220P00085000,LOGI260220P00085000,Sell,Filled,2,2,@1.65,1.65,DAY,01/28/2026 11:49:38 EST,01/28/2026 11:50:43 EST
CVNA260320P00350000,CVNA260320P00350000,Buy,Filled,1,1,@21.05,21.05,DAY,01/28/2026 11:49:27 EST,01/28/2026 11:49:27 EST
SLV260320C00095000,SLV260320C00095000,Sell,Filled,1,1,@17.65,17.65,DAY,01/28/2026 11:03:53 EST,01/28/2026 11:04:03 EST
BIDU260220C00130000,BIDU260220C00130000,Sell,Filled,1,1,@28.7,28.7,DAY,01/28/2026 10:12:26 EST,01/28/2026 10:12:51 EST
CRCL260220P00070000,CRCL260220P00070000,Sell,Filled,5,5,@2.37,2.37,DAY,01/28/2026 10:07:21 EST,01/28/2026 10:07:21 EST
LUMN260320C00009000,LUMN260320C00009000,Buy,Filled,15,15,@1.51,1.51,DAY,01/27/2026 12:22:55 EST,01/27/2026 12:22:55 EST
PPLT260320C00180000,PPLT260320C00180000,Sell,Filled,1,1,@54.2,54.2,DAY,01/27/2026 10:14:17 EST,01/27/2026 10:14:31 EST
LOGI260220P00085000,LOGI260220P00085000,Buy,Filled,2,2,@1.3,1.3,DAY,01/27/2026 10:10:46 EST,01/27/2026 10:10:56 EST
SLV260130P00088000,SLV260130P00088000,Sell,Filled,3,3,@1.21,1.21,DAY,01/27/2026 09:47:24 EST,01/27/2026 09:47:24 EST
SLV260320C00095000,SLV260320C00095000,Buy,Filled,1,1,@16,16,DAY,01/27/2026 09:37:22 EST,01/27/2026 09:37:22 EST
PPLT260320C00180000,PPLT260320C00180000,Buy,Filled,1,1,@58.5,58.5,DAY,01/27/2026 09:35:48 EST,01/27/2026 09:49:23 EST
SLV260130P00088000,SLV260130P00088000,Buy,Filled,3,3,@2,2,DAY,01/26/2026 15:01:58 EST,01/26/2026 15:01:58 EST
BIDU260220C00130000,BIDU260220C00130000,Sell,Cancelled,0,1,@27.05,,DAY,01/26/2026 14:28:04 EST,
BABA260130C00182500,BABA260130C00182500,Sell,Filled,3,3,@0.79,0.79,DAY,01/26/2026 14:27:19 EST,01/26/2026 14:27:24 EST
PPLT260320C00180000,PPLT260320C00180000,Sell,Filled,1,1,@72.2,72.2,DAY,01/26/2026 14:14:21 EST,01/26/2026 14:14:22 EST
CDE260320C00020000,CDE260320C00020000,Sell,Filled,1,1,@7,7,DAY,01/26/2026 14:06:05 EST,01/26/2026 14:06:05 EST
GDX260320C00102000,GDX260320C00102000,Sell,Filled,1,1,@13.65,13.65,DAY,01/26/2026 13:38:48 EST,01/26/2026 13:38:48 EST
PPLT260220C00300000,PPLT260220C00300000,Sell,Filled,2,2,@6.5,6.5,DAY,01/26/2026 13:32:35 EST,01/26/2026 13:32:41 EST
PPLT260220C00300000,PPLT260220C00300000,Buy,Filled,2,2,@7.9,7.9,DAY,01/26/2026 12:20:16 EST,01/26/2026 12:20:47 EST
LAC260320C00005000,LAC260320C00005000,Sell,Filled,3,3,@1.56,1.56,DAY,01/26/2026 11:09:14 EST,01/26/2026 11:09:14 EST
BABA260130C00182500,BABA260130C00182500,Buy,Filled,3,3,@0.98,0.98,DAY,01/26/2026 10:41:44 EST,01/26/2026 10:41:44 EST
LAC260320C00005000,LAC260320C00005000,Sell,Filled,4,4,@1.4275,1.4275,DAY,01/26/2026 10:41:14 EST,01/26/2026 10:41:25 EST
BABA260227C00200000,BABA260227C00200000,Buy,Filled,6,6,@2.38,2.38,DAY,01/26/2026 10:09:02 EST,01/26/2026 10:09:02 EST
LAC260320C00005000,LAC260320C00005000,Sell,Cancelled,0,6,@1.72,,DAY,01/26/2026 09:39:07 EST,
GLD260126C00460000,GLD260126C00460000,Sell,Filled,1,1,@7.6,7.6,DAY,01/26/2026 09:34:35 EST,01/26/2026 09:34:35 EST
LAC260320C00005000,LAC260320C00005000,Buy,Filled,7,7,@1.96,1.96,DAY,01/26/2026 09:31:27 EST,01/26/2026 09:31:27 EST
GLD260126C00460000,GLD260126C00460000,Buy,Filled,1,1,@2.75,2.75,DAY,01/23/2026 15:36:20 EST,01/23/2026 15:36:32 EST
SLV260123C00092500,SLV260123C00092500,Sell,Filled,40,40,@0.16,0.16,DAY,01/23/2026 15:31:38 EST,01/23/2026 15:31:45 EST
SLV260123C00092500,SLV260123C00092500,Sell,Filled,40,40,@0.29,0.29,DAY,01/23/2026 15:19:30 EST,01/23/2026 15:19:31 EST
INTC260123P00050000,INTC260123P00050000,Sell,Filled,1,1,@5.3,5.3,DAY,01/23/2026 15:05:08 EST,01/23/2026 15:05:08 EST
PPLT260320C00180000,PPLT260320C00180000,Sell,Filled,1,1,@72.27,72.27,DAY,01/23/2026 14:19:20 EST,01/23/2026 14:19:20 EST
CRCL260220P00070000,CRCL260220P00070000,Buy,Filled,2,2,@4.3,4.3,DAY,01/23/2026 11:00:14 EST,01/23/2026 11:00:14 EST
GDX260320C00102000,GDX260320C00102000,Sell,Filled,1,1,@10.35,10.35,DAY,01/23/2026 10:52:09 EST,01/23/2026 10:52:09 EST
INTC260123P00050000,INTC260123P00050000,Sell,Filled,1,1,@4.1,4.1,DAY,01/23/2026 10:01:41 EST,01/23/2026 10:01:42 EST
INTC260123P00050000,INTC260123P00050000,Sell,Cancelled,0,1,@3.6,,DAY,01/23/2026 09:58:23 EST,
BABA260220C00170000,BABA260220C00170000,Sell,Filled,2,2,@10.2,10.2,DAY,01/23/2026 09:41:24 EST,01/23/2026 09:41:25 EST
GLD260202C00475000,GLD260202C00475000,Sell,Filled,3,3,@2.08,2.08,DAY,01/23/2026 09:32:56 EST,01/23/2026 09:33:05 EST
INTC260123P00050000,INTC260123P00050000,Sell,Filled,2,2,@3.51,3.51,DAY,01/23/2026 09:32:17 EST,01/23/2026 09:32:18 EST
SLV260123C00092500,SLV260123C00092500,Buy,Filled,80,80,@0.12,0.12,DAY,01/23/2026 09:31:52 EST,01/23/2026 09:31:52 EST
INTC260123P00050000,INTC260123P00050000,Buy,Filled,4,4,@0.76,0.76,DAY,01/22/2026 15:54:19 EST,01/22/2026 15:54:19 EST
PPLT260320C00180000,PPLT260320C00180000,Buy,Filled,1,1,@57.4,57.4,DAY,01/22/2026 13:01:28 EST,01/22/2026 13:01:28 EST
GDX260320C00102000,GDX260320C00102000,Buy,Filled,2,2,@9.05,9.05,DAY,01/22/2026 10:44:03 EST,01/22/2026 10:44:10 EST
FCX260320C00050000,FCX260320C00050000,Sell,Filled,1,1,@10.2,10.2,DAY,01/22/2026 10:43:24 EST,01/22/2026 10:44:28 EST
CDE260320C00020000,CDE260320C00020000,Sell,Filled,1,1,@6.4,6.4,DAY,01/22/2026 10:40:53 EST,01/22/2026 10:41:02 EST
CDE260320C00020000,CDE260320C00020000,Buy,Filled,2,2,@6.7,6.7,DAY,01/22/2026 10:40:35 EST,01/22/2026 10:40:35 EST
CDE260320C00020000,CDE260320C00020000,Buy,Cancelled,0,4,@5,,DAY,01/22/2026 09:43:22 EST,
SPY260121C00680000,SPY260121C00680000,Sell,Filled,2,2,@0.92,0.92,DAY,01/21/2026 13:02:27 EST,01/21/2026 13:02:27 EST
SPY260121C00680000,SPY260121C00680000,Buy,Filled,2,2,@1.12,1.12,DAY,01/21/2026 12:41:13 EST,01/21/2026 12:41:36 EST
GLD260202C00475000,GLD260202C00475000,Buy,Filled,3,3,@1.44,1.44,DAY,01/21/2026 10:11:11 EST,01/21/2026 10:11:11 EST
BABA260320C00170000,BABA260320C00170000,Buy,Filled,1,1,@10.95,10.95,DAY,01/21/2026 10:03:39 EST,01/21/2026 10:04:11 EST
FCX260320C00050000,FCX260320C00050000,Buy,Filled,1,1,@12.72,12.72,DAY,01/21/2026 10:00:45 EST,01/21/2026 10:01:01 EST
AAPL260220P00230000,AAPL260220P00230000,Sell,Filled,5,5,@3.3,3.3,DAY,01/20/2026 15:58:08 EST,01/20/2026 15:58:08 EST
AAPL260220P00230000,AAPL260220P00230000,Sell,Filled,1,1,@3.9,3.9,DAY,01/20/2026 15:54:28 EST,01/20/2026 15:54:28 EST
PLTR260130P00160000,PLTR260130P00160000,Sell,Filled,2,2,@2.66,2.66,DAY,01/20/2026 14:21:57 EST,01/20/2026 14:21:58 EST
COIN260220P00215000,COIN260220P00215000,Sell,Filled,1,1,@10,10,DAY,01/20/2026 14:18:48 EST,01/20/2026 14:18:48 EST
AAPL260220P00230000,AAPL260220P00230000,Sell,Filled,6,6,@2.62,2.62,DAY,01/20/2026 14:18:08 EST,01/20/2026 14:18:08 EST
LUMN260417C00008000,LUMN260417C00008000,Sell,Filled,8,8,@1.22,1.22,DAY,01/20/2026 14:04:19 EST,01/20/2026 14:04:19 EST
PPLT260320C00180000,PPLT260320C00180000,Buy,Filled,1,1,@48,48,DAY,01/20/2026 13:12:04 EST,01/20/2026 13:12:04 EST
CRCL260220P00070000,CRCL260220P00070000,Buy,Filled,3,3,@3.7,3.7,DAY,01/20/2026 12:44:31 EST,01/20/2026 12:44:31 EST
TSLA260123P00407500,TSLA260123P00407500,Buy,Filled,1,1,@2.26,2.26,DAY,01/20/2026 10:08:47 EST,01/20/2026 10:08:48 EST
COIN260220P00215000,COIN260220P00215000,Buy,Cancelled,0,1,@9,,DAY,01/20/2026 09:55:37 EST,
LUMN260220C00007000,LUMN260220C00007000,Sell,Filled,5,5,@1.36,1.36,DAY,01/20/2026 09:50:12 EST,01/20/2026 09:51:16 EST
AAPL260220P00230000,AAPL260220P00230000,Buy,Filled,9,9,@1.87,1.87,DAY,01/20/2026 09:49:10 EST,01/20/2026 09:49:10 EST
COIN260220P00215000,COIN260220P00215000,Buy,Filled,1,1,@9.2,9.2,DAY,01/20/2026 09:33:54 EST,01/20/2026 09:34:27 EST
SATL260220C00002500,SATL260220C00002500,Sell,Filled,6,6,@1,1,DAY,01/20/2026 09:30:26 EST,01/20/2026 09:30:27 EST
SATL260220C00002500,SATL260220C00002500,Buy,Filled,6,6,@1.35,1.35,DAY,01/16/2026 13:55:28 EST,01/16/2026 13:55:29 EST
AAPL260220P00230000,AAPL260220P00230000,Buy,Filled,3,3,@1.3,1.3,DAY,01/16/2026 12:35:58 EST,01/16/2026 12:35:58 EST
AVGO260130P00320000,AVGO260130P00320000,Sell,Filled,3,3,@2.77,2.77,DAY,01/16/2026 11:13:57 EST,01/16/2026 11:13:57 EST
PLTR260130P00160000,PLTR260130P00160000,Buy,Filled,2,2,@2.04,2.04,DAY,01/16/2026 10:29:36 EST,01/16/2026 10:29:36 EST
LUMN260220C00007000,LUMN260220C00007000,Sell,Cancelled,0,5,@2,,DAY,01/15/2026 15:58:35 EST,
QQQ260116P00616000,QQQ260116P00616000,Buy,Filled,3,3,@0.78,0.78,DAY,01/15/2026 15:57:28 EST,01/15/2026 15:57:29 EST
PPLT260116C00225000,PPLT260116C00225000,Sell,Filled,1,1,@0.5,0.5,DAY,01/15/2026 15:52:37 EST,01/15/2026 15:52:37 EST
SMR260130C00021000,SMR260130C00021000,Sell,Filled,4,4,@0.71,0.71,DAY,01/15/2026 15:52:31 EST,01/15/2026 15:52:31 EST
SMR260130C00021000,SMR260130C00021000,Sell,Filled,2,2,@0.74,0.74,DAY,01/15/2026 15:28:54 EST,01/15/2026 15:29:00 EST
PPLT260116C00225000,PPLT260116C00225000,Buy,Filled,1,1,@1.8,1.8,DAY,01/15/2026 12:14:59 EST,01/15/2026 13:06:08 EST
LUMN260220C00007000,LUMN260220C00007000,Buy,Filled,5,5,@2.07,2.07,DAY,01/15/2026 11:12:21 EST,01/15/2026 11:12:21 EST
GLD260320C00420000,GLD260320C00420000,Sell,Filled,1,1,@18.45,18.45,DAY,01/15/2026 10:52:10 EST,01/15/2026 10:52:10 EST
LUMN260417C00008000,LUMN260417C00008000,Buy,Filled,8,8,@1.85,1.85,DAY,01/15/2026 10:51:53 EST,01/15/2026 10:51:53 EST
SMR260130C00021000,SMR260130C00021000,Buy,Filled,6,6,@0.89,0.89,DAY,01/15/2026 10:38:56 EST,01/15/2026 10:38:56 EST
QQQ260130P00604000,QQQ260130P00604000,Sell,Filled,2,2,@2.89,2.89,DAY,01/15/2026 09:57:38 EST,01/15/2026 09:57:38 EST
AAPL260220P00245000,AAPL260220P00245000,Sell,Filled,5,5,@2.79,2.79,DAY,01/15/2026 09:57:30 EST,01/15/2026 09:57:30 EST
AAPL260220P00245000,AAPL260220P00245000,Buy,Filled,5,5,@3.15,3.15,DAY,01/14/2026 15:47:27 EST,01/14/2026 15:47:27 EST
QQQ260116P00617000,QQQ260116P00617000,Sell,Filled,2,2,@4.18,4.18,DAY,01/14/2026 12:26:11 EST,01/14/2026 12:26:19 EST
BIDU260220C00180000,BIDU260220C00180000,Sell,Filled,6,6,@2.64,2.64,DAY,01/14/2026 12:06:08 EST,01/14/2026 12:06:16 EST
QQQ260130P00604000,QQQ260130P00604000,Buy,Filled,2,2,@6.3,6.3,DAY,01/14/2026 11:56:22 EST,01/14/2026 11:56:22 EST
BABA260220C00170000,BABA260220C00170000,Sell,Filled,2,2,@10.4,10.4,DAY,01/14/2026 10:52:17 EST,01/14/2026 10:52:32 EST
BABA260320C00170000,BABA260320C00170000,Buy,Filled,2,2,@14.2,14.2,DAY,01/14/2026 10:51:54 EST,01/14/2026 10:51:54 EST
AVGO260130P00320000,AVGO260130P00320000,Buy,Filled,2,2,@5.15,5.15,DAY,01/14/2026 10:22:25 EST,01/14/2026 10:22:34 EST
GLD260320C00420000,GLD260320C00420000,Sell,Filled,1,1,@18.65,18.65,DAY,01/14/2026 10:09:37 EST,01/14/2026 10:09:37 EST
AVGO260130P00320000,AVGO260130P00320000,Buy,Filled,1,1,@5.25,5.25,DAY,01/14/2026 10:04:10 EST,01/14/2026 10:04:17 EST
ABAT260116C00007000,ABAT260116C00007000,Sell,Cancelled,0,10,@0.15,,DAY,01/14/2026 10:02:20 EST,
QQQ260116P00617000,QQQ260116P00617000,Sell,Filled,1,1,@4.04,4.04,DAY,01/14/2026 10:02:02 EST,01/14/2026 10:02:04 EST
QQQ260114P00612000,QQQ260114P00612000,Buy,Filled,10,10,@0.59,0.59,DAY,01/14/2026 10:01:39 EST,01/14/2026 10:01:52 EST
GLD260320C00420000,GLD260320C00420000,Buy,Filled,1,1,@19.5,19.5,DAY,01/14/2026 09:49:08 EST,01/14/2026 09:49:08 EST
GLD260320C00420000,GLD260320C00420000,Buy,Filled,1,1,@19.5,19.5,DAY,01/14/2026 09:48:45 EST,01/14/2026 09:48:45 EST
QQQ260116P00617000,QQQ260116P00617000,Buy,Filled,3,3,@1.92,1.92,DAY,01/13/2026 15:35:34 EST,01/13/2026 15:35:37 EST
GLD260320C00420000,GLD260320C00420000,Sell,Filled,2,2,@17.65,17.65,DAY,01/13/2026 15:35:02 EST,01/13/2026 15:35:04 EST
QQQ260113P00622000,QQQ260113P00622000,Sell,Filled,10,10,@0.15,0.15,DAY,01/13/2026 13:54:48 EST,01/13/2026 13:54:48 EST
BIDU260220C00130000,BIDU260220C00130000,Buy,Filled,1,1,@21.55,21.55,DAY,01/13/2026 10:56:53 EST,01/13/2026 10:56:53 EST
QQQ260113P00622000,QQQ260113P00622000,Buy,Filled,10,10,@0.49,0.49,DAY,01/12/2026 15:28:15 EST,01/12/2026 15:28:15 EST
ABAT260116C00007000,ABAT260116C00007000,Buy,Filled,10,10,@0.046,0.046,DAY,01/12/2026 15:26:31 EST,01/12/2026 15:26:31 EST
ABAT260116C00006000,ABAT260116C00006000,Buy,Filled,10,10,@0.13,0.13,DAY,01/12/2026 15:25:51 EST,01/12/2026 15:25:51 EST
BABA260116C00167500,BABA260116C00167500,Sell,Filled,1,1,@3.35,3.35,DAY,01/12/2026 15:10:49 EST,01/12/2026 15:10:49 EST
BABA260220C00170000,BABA260220C00170000,Sell,Filled,2,2,@8.29,8.29,DAY,01/12/2026 10:50:52 EST,01/12/2026 10:50:52 EST
BABA260116C00167500,BABA260116C00167500,Sell,Filled,2,2,@2.23,2.23,DAY,01/12/2026 10:03:54 EST,01/12/2026 10:03:54 EST
BABA260116C00167500,BABA260116C00167500,Buy,Filled,3,3,@1.06,1.06,DAY,01/12/2026 09:40:22 EST,01/12/2026 09:40:22 EST
BIDU260220C00180000,BIDU260220C00180000,Buy,Filled,6,6,@2.4,2.4,DAY,01/12/2026 09:34:32 EST,01/12/2026 09:34:32 EST
DJT260220C00012000,DJT260220C00012000,Sell,Filled,3,3,@2.66,2.66,DAY,01/12/2026 09:31:55 EST,01/12/2026 09:33:09 EST
TSM260220C00370000,TSM260220C00370000,Sell,Filled,5,5,@3.4,3.4,DAY,01/12/2026 09:31:43 EST,01/12/2026 09:31:43 EST
MU260116C00357500,MU260116C00357500,Sell,Filled,1,1,@5.49,5.49,DAY,01/09/2026 15:55:08 EST,01/09/2026 15:55:26 EST
MU260116C00357500,MU260116C00357500,Buy,Filled,1,1,@5.35,5.35,DAY,01/09/2026 14:34:04 EST,01/09/2026 14:34:04 EST
COIN260220P00200000,COIN260220P00200000,Sell,Filled,2,2,@3.7,3.7,DAY,01/09/2026 14:28:07 EST,01/09/2026 14:28:07 EST
MO260220P00055000,MO260220P00055000,Sell,Filled,10,10,@0.64,0.64,DAY,01/09/2026 14:27:40 EST,01/09/2026 14:27:40 EST
DJT260220C00012000,DJT260220C00012000,Buy,Filled,3,3,@2.7,2.7,DAY,01/09/2026 14:04:56 EST,01/09/2026 14:04:56 EST
TSM260220C00370000,TSM260220C00370000,Buy,Filled,5,5,@3.2,3.2,DAY,01/09/2026 13:54:15 EST,01/09/2026 13:54:27 EST
COIN260220P00200000,COIN260220P00200000,Sell,Filled,2,2,@3.75,3.75,DAY,01/09/2026 12:07:37 EST,01/09/2026 12:07:37 EST
MSFT260220P00445000,MSFT260220P00445000,Sell,Filled,2,2,@5.95,5.95,DAY,01/09/2026 12:07:21 EST,01/09/2026 12:07:28 EST
GLD260320C00420000,GLD260320C00420000,Buy,Filled,2,2,@15.35,15.35,DAY,01/09/2026 11:33:08 EST,01/09/2026 11:33:08 EST
AVGO260220P00300000,AVGO260220P00300000,Sell,Filled,2,2,@4.6,4.6,DAY,01/09/2026 10:33:08 EST,01/09/2026 10:33:08 EST
BIDU260220C00175000,BIDU260220C00175000,Sell,Filled,4,4,@1.92,1.92,DAY,01/09/2026 10:16:43 EST,01/09/2026 10:16:43 EST
CRCL260109P00078000,CRCL260109P00078000,Buy,Filled,10,10,@0.22,0.22,DAY,01/09/2026 10:00:44 EST,01/09/2026 10:00:58 EST
COIN260220P00200000,COIN260220P00200000,Buy,Filled,1,1,@4.4,4.4,DAY,01/09/2026 09:58:41 EST,01/09/2026 09:59:18 EST
MSFT260220P00445000,MSFT260220P00445000,Buy,Filled,1,1,@6.4,6.4,DAY,01/08/2026 15:21:39 EST,01/08/2026 15:21:39 EST
BABA260220C00175000,BABA260220C00175000,Sell,Filled,5,5,@2.7,2.7,DAY,01/08/2026 15:13:59 EST,01/08/2026 15:13:59 EST
MO260220P00052500,MO260220P00052500,Sell,Filled,17,17,@0.36,0.36,DAY,01/08/2026 11:27:16 EST,01/08/2026 11:27:16 EST
BABA260220C00175000,BABA260220C00175000,Buy,Filled,5,5,@2.81,2.81,DAY,01/08/2026 10:42:18 EST,01/08/2026 10:42:18 EST
BABA260220C00170000,BABA260220C00170000,Buy,Filled,6,6,@2.83,2.83,DAY,01/08/2026 10:08:42 EST,01/08/2026 10:08:56 EST
BIDU260220C00175000,BIDU260220C00175000,Sell,Filled,3,3,@1.99,1.99,DAY,01/08/2026 09:58:20 EST,01/08/2026 09:58:38 EST
GDX260220C00100000,GDX260220C00100000,Sell,Filled,1,1,@1.74,1.74,DAY,01/08/2026 09:57:58 EST,01/08/2026 09:57:59 EST
AVGO260220P00300000,AVGO260220P00300000,Buy,Filled,2,2,@7.295,7.295,DAY,01/08/2026 09:57:31 EST,01/08/2026 09:57:49 EST
QQQ260116C00628000,QQQ260116C00628000,Sell,Filled,1,1,@2.73,2.73,DAY,01/08/2026 09:51:56 EST,01/08/2026 09:51:56 EST
BIDU260220C00175000,BIDU260220C00175000,Buy,Filled,2,2,@2.78,2.78,DAY,01/07/2026 10:27:42 EST,01/07/2026 10:27:42 EST
COIN260220P00200000,COIN260220P00200000,Buy,Filled,3,3,@4.2,4.2,DAY,01/07/2026 10:20:55 EST,01/07/2026 10:21:00 EST
BIDU260220C00175000,BIDU260220C00175000,Buy,Filled,5,5,@2.57,2.57,DAY,01/07/2026 10:15:42 EST,01/07/2026 10:15:42 EST
BIDU260220C00175000,BIDU260220C00175000,Sell,Filled,5,5,@2.37,2.37,DAY,01/07/2026 10:13:31 EST,01/07/2026 10:13:31 EST
GDX260220C00095000,GDX260220C00095000,Sell,Filled,3,3,@3,3,DAY,01/07/2026 10:12:37 EST,01/07/2026 10:12:50 EST
BABA260220C00180000,BABA260220C00180000,Sell,Filled,18,18,@1.19,1.19,DAY,01/07/2026 10:12:10 EST,01/07/2026 10:12:10 EST
SLV260220C00072000,SLV260220C00072000,Sell,Filled,3,3,@5.4,5.4,DAY,01/07/2026 10:11:58 EST,01/07/2026 10:11:58 EST
QQQ260116C00628000,QQQ260116C00628000,Buy,Filled,1,1,@4.66,4.66,DAY,01/06/2026 15:52:05 EST,01/06/2026 15:52:12 EST
MSFT260220P00445000,MSFT260220P00445000,Sell,Filled,1,1,@6.28,6.28,DAY,01/06/2026 15:45:32 EST,01/06/2026 15:45:32 EST
BIDU260220C00175000,BIDU260220C00175000,Buy,Filled,5,5,@2.94,2.94,DAY,01/06/2026 15:36:14 EST,01/06/2026 15:36:14 EST
GDX260220C00100000,GDX260220C00100000,Buy,Filled,1,1,@2.88,2.88,DAY,01/06/2026 12:23:49 EST,01/06/2026 12:23:49 EST
GDX260220C00095000,GDX260220C00095000,Buy,Filled,3,3,@4.55,4.55,DAY,01/06/2026 12:23:33 EST,01/06/2026 12:23:33 EST
QQQ260106P00619000,QQQ260106P00619000,Sell,Filled,2,2,@0.74,0.74,DAY,01/06/2026 11:08:51 EST,01/06/2026 11:08:57 EST
QQQ260106P00619000,QQQ260106P00619000,Sell,Filled,6,6,@0.85,0.85,DAY,01/06/2026 11:07:18 EST,01/06/2026 11:07:18 EST
QQQ260106P00619000,QQQ260106P00619000,Buy,Filled,8,8,@0.48,0.48,DAY,01/06/2026 10:54:10 EST,01/06/2026 10:54:10 EST
MO260220P00052500,MO260220P00052500,Buy,Filled,17,17,@0.48,0.48,DAY,01/06/2026 10:35:27 EST,01/06/2026 10:35:40 EST
MSFT260220P00445000,MSFT260220P00445000,Buy,Filled,2,2,@7.85,7.85,DAY,01/06/2026 10:15:48 EST,01/06/2026 10:15:48 EST
MSFT260116P00462500,MSFT260116P00462500,Sell,Filled,2,2,@3.08,3.08,DAY,01/05/2026 10:27:27 EST,01/05/2026 10:27:27 EST
MO260220P00055000,MO260220P00055000,Buy,Filled,10,10,@0.82,0.82,DAY,01/05/2026 09:41:31 EST,01/05/2026 09:41:47 EST
TSLA260220P00390000,TSLA260220P00390000,Sell,Filled,1,1,@8.3,8.3,DAY,01/05/2026 09:40:31 EST,01/05/2026 09:40:31 EST
SLV260220C00072000,SLV260220C00072000,Buy,Filled,3,3,@5,5,DAY,01/05/2026 09:32:49 EST,01/05/2026 09:32:49 EST
MSFT260116P00462500,MSFT260116P00462500,Sell,Filled,1,1,@3.45,3.45,DAY,01/02/2026 12:36:02 EST,01/02/2026 12:36:02 EST
COIN260130P00215000,COIN260130P00215000,Sell,Filled,2,2,@4.47,4.47,DAY,01/02/2026 12:35:55 EST,01/02/2026 12:35:55 EST
MSFT260116P00462500,MSFT260116P00462500,Buy,Filled,3,3,@4.05,4.05,DAY,01/02/2026 11:11:47 EST,01/02/2026 11:11:48 EST
QQQ260102P00610000,QQQ260102P00610000,Buy,Filled,2,2,@0.95,0.95,DAY,01/02/2026 11:09:03 EST,01/02/2026 11:09:05 EST
TSLA260220P00390000,TSLA260220P00390000,Buy,Filled,1,1,@10.4,10.4,DAY,01/02/2026 11:04:46 EST,01/02/2026 11:04:48 EST
BABA260116C00160000,BABA260116C00160000,Sell,Filled,2,2,@2.29,2.29,DAY,01/02/2026 10:30:27 EST,01/02/2026 10:30:27 EST
MU260102C00315000,MU260102C00315000,Sell,Filled,1,1,@0.34,0.34,DAY,01/02/2026 10:30:20 EST,01/02/2026 10:30:20 EST
MU260102C00315000,MU260102C00315000,Buy,Filled,1,1,@0.8,0.8,DAY,01/02/2026 10:03:58 EST,01/02/2026 10:03:58 EST
COIN260130P00215000,COIN260130P00215000,Sell,Filled,1,1,@5.65,5.65,DAY,01/02/2026 10:01:22 EST,01/02/2026 10:01:22 EST
BABA260220C00180000,BABA260220C00180000,Buy,Filled,3,3,@1.68,1.68,DAY,01/02/2026 09:41:55 EST,01/02/2026 09:41:55 EST
COIN260130P00215000,COIN260130P00215000,Sell,Filled,1,1,@6.7,6.7,DAY,01/02/2026 09:41:00 EST,01/02/2026 09:41:00 EST
COIN260220P00200000,COIN260220P00200000,Sell,Filled,1,1,@6.95,6.95,DAY,01/02/2026 09:40:27 EST,01/02/2026 09:40:30 EST
BABA260220C00180000,BABA260220C00180000,Buy,Filled,5,5,@1.7,1.7,DAY,01/02/2026 09:35:04 EST,01/02/2026 09:35:04 EST
TSM260116P00260000,TSM260116P00260000,Sell,Filled,5,5,@0.17,0.17,DAY,01/02/2026 09:34:23 EST,01/02/2026 09:34:23 EST
BABA260320P00140000,BABA260320P00140000,Sell,Filled,2,2,@4.65,4.65,DAY,01/02/2026 09:33:40 EST,01/02/2026 09:33:40 EST
BABA260220C00180000,BABA260220C00180000,Buy,Filled,10,10,@1.7,1.7,DAY,01/02/2026 09:33:16 EST,01/02/2026 09:33:16 EST
MP260116P00048000,MP260116P00048000,Sell,Filled,4,4,@0.8,0.8,DAY,01/02/2026 09:30:48 EST,01/02/2026 09:30:56 EST
TSLA260130P00425000,TSLA260130P00425000,Sell,Filled,1,1,@11.25,11.25,DAY,01/02/2026 09:30:35 EST,01/02/2026 09:30:35 EST
