Name,Symbol,Side,Status,Filled,Total Qty,Price,Avg Price,Time-in-Force,Placed Time,Filled Time
BE260702P00240000,BE260702P00240000,BUY,FILLED,1.0,1.0,@12.0,11.17,DAY,2026-06-26T19:51:38.314Z,2026-06-26T19:51:45.956Z
GLD260706C00379000,GLD260706C00379000,BUY,FILLED,3.0,3.0,@3.4,3.32,DAY,2026-06-26T19:14:10.244Z,2026-06-26T19:14:21.283Z
BE260702P00240000,BE260702P00240000,SELL,FILLED,2.0,2.0,@4.65,4.65,DAY,2026-06-26T19:14:01.194Z,2026-06-26T19:14:25.631Z
MSTR260702P00067000,MSTR260702P00067000,SELL,FILLED,6.0,6.0,@0.73,0.76,DAY,2026-06-26T19:09:05.593Z,2026-06-26T19:09:22.039Z
UMC260717P00020000,UMC260717P00020000,BUY,FILLED,20.0,20.0,@0.4,0.4,DAY,2026-06-26T19:00:21.160Z,2026-06-26T19:00:52.361Z
AMKR260717P00065000,AMKR260717P00065000,BUY,FILLED,3.0,3.0,@1.9,1.9,DAY,2026-06-26T18:58:41.901Z,2026-06-26T18:58:55.826Z
MSTR260702P00067000,MSTR260702P00067000,SELL,FILLED,7.0,7.0,@0.8,0.81,DAY,2026-06-26T18:51:29.565Z,2026-06-26T18:51:29.807Z
MU260702P00900000,MU260702P00900000,SELL,FILLED,2.0,2.0,@5.35,5.35,DAY,2026-06-26T18:47:26.098Z,2026-06-26T18:47:33.947Z
MSTR260702P00067000,MSTR260702P00067000,BUY,FILLED,15.0,15.0,@0.78,0.78,DAY,2026-06-26T18:47:20.746Z,2026-06-26T18:47:20.803Z
MU260702P00900000,MU260702P00900000,BUY,FILLED,2.0,2.0,@5.25,5.25,DAY,2026-06-26T18:31:19.505Z,2026-06-26T18:31:27.126Z
GLD260706C00379000,GLD260706C00379000,SELL,FILLED,3.0,3.0,@3.55,3.55,DAY,2026-06-26T17:53:48.328Z,2026-06-26T17:53:56.268Z
BE260702P00240000,BE260702P00240000,BUY,FILLED,2.0,2.0,@5.8,5.8,DAY,2026-06-26T16:02:39.566Z,2026-06-26T16:02:39.611Z
SNOW260710C00260000,SNOW260710C00260000,BUY,FILLED,3.0,3.0,@3.25,3.25,DAY,2026-06-26T15:34:24.902Z,2026-06-26T15:34:40.827Z
CRWV260710P00080000,CRWV260710P00080000,BUY,FILLED,4.0,4.0,@1.51,1.51,DAY,2026-06-26T15:13:28.069Z,2026-06-26T15:13:28.232Z
SNOW260626C00240000,SNOW260626C00240000,SELL,FILLED,3.0,3.0,@0.33,0.33,DAY,2026-06-26T15:05:33.745Z,2026-06-26T15:05:39.454Z
MSFT260626C00375000,MSFT260626C00375000,SELL,FILLED,5.0,5.0,@0.34,0.34,DAY,2026-06-26T15:05:10.260Z,2026-06-26T15:05:10.307Z
MSFT260706C00380000,MSFT260706C00380000,SELL,FILLED,4.0,4.0,@3.9,3.9,DAY,2026-06-26T15:05:05.230Z,2026-06-26T15:05:18.208Z
SNOW260626C00240000,SNOW260626C00240000,BUY,FILLED,3.0,3.0,@0.44,0.42,DAY,2026-06-26T14:57:31.033Z,2026-06-26T14:57:31.083Z
IBIT260706P00030000,IBIT260706P00030000,SELL,FILLED,50.0,50.0,@0.16,0.16,DAY,2026-06-26T14:51:42.538Z,2026-06-26T14:51:42.634Z
MSFT260626C00375000,MSFT260626C00375000,SELL,FILLED,5.0,5.0,@0.33,0.33,DAY,2026-06-26T14:49:53.556Z,2026-06-26T14:49:53.708Z
INTC260626P00125000,INTC260626P00125000,SELL,FILLED,5.0,5.0,@0.26,0.29,DAY,2026-06-26T14:49:28.430Z,2026-06-26T14:49:28.593Z
MSFT260626C00375000,MSFT260626C00375000,BUY,FILLED,10.0,10.0,@0.44,0.43,DAY,2026-06-26T14:49:23.118Z,2026-06-26T14:49:23.309Z
MSTR260710P00090000,MSTR260710P00090000,SELL,FILLED,1.0,1.0,@9.45,9.45,DAY,2026-06-26T14:43:56.751Z,2026-06-26T14:44:24.671Z
INTC260626P00125000,INTC260626P00125000,BUY,FILLED,5.0,5.0,@0.42,0.38,DAY,2026-06-26T14:35:32.722Z,2026-06-26T14:35:32.762Z
CRWV260710P00080000,CRWV260710P00080000,BUY,FILLED,8.0,8.0,@1.38,1.38,DAY,2026-06-26T14:32:14.745Z,2026-06-26T14:32:29.337Z
IREN260702P00043500,IREN260702P00043500,SELL,FILLED,5.0,5.0,@1.36,1.36,DAY,2026-06-26T14:13:31.591Z,2026-06-26T14:13:31.647Z
IREN260702P00043500,IREN260702P00043500,BUY,FILLED,5.0,5.0,@1.56,1.56,DAY,2026-06-26T14:11:30.262Z,2026-06-26T14:11:41.187Z
GLD260706C00379000,GLD260706C00379000,BUY,FILLED,3.0,3.0,@3.95,3.62,DAY,2026-06-26T14:00:25.592Z,2026-06-26T14:00:25.837Z
IBIT260706P00030000,IBIT260706P00030000,SELL,CANCELLED,0.0,50.0,@0.19,,DAY,2026-06-26T13:59:01.687Z,
MU260626P01085000,MU260626P01085000,SELL,FILLED,1.0,1.0,@1.13,1.13,DAY,2026-06-26T13:57:46.996Z,2026-06-26T13:58:11.131Z
INTC260626P00122000,INTC260626P00122000,SELL,FILLED,5.0,5.0,@0.27,0.27,DAY,2026-06-26T13:57:41.106Z,2026-06-26T13:57:41.260Z
MSTR260710P00090000,MSTR260710P00090000,SELL,FILLED,1.0,1.0,@9.65,9.73,DAY,2026-06-26T13:47:29.656Z,2026-06-26T13:47:29.819Z
INTC260626P00122000,INTC260626P00122000,SELL,FILLED,5.0,5.0,@0.66,0.66,DAY,2026-06-26T13:40:33.768Z,2026-06-26T13:40:33.864Z
IREN260702P00046000,IREN260702P00046000,SELL,FILLED,8.0,8.0,@2.5,2.66,DAY,2026-06-26T13:36:14.094Z,2026-06-26T13:36:14.220Z
IBIT260717P00030000,IBIT260717P00030000,SELL,FILLED,10.0,10.0,@0.54,0.54,DAY,2026-06-26T13:33:36.211Z,2026-06-26T13:33:51.489Z
SPCX260626P00146000,SPCX260626P00146000,SELL,FILLED,2.0,2.0,@1.15,1.15,DAY,2026-06-26T13:33:27.945Z,2026-06-26T13:33:28.033Z
INTC260626P00122000,INTC260626P00122000,BUY,FILLED,10.0,10.0,@0.76,0.76,DAY,2026-06-26T13:33:22.289Z,2026-06-26T13:33:22.329Z
SPCX260626P00146000,SPCX260626P00146000,BUY,FILLED,2.0,2.0,@1.0,1.0,DAY,2026-06-26T13:30:42.793Z,2026-06-26T13:30:42.935Z
QQQ260625P00713000,QQQ260625P00713000,SELL,FILLED,3.0,3.0,@0.56,0.57,DAY,2026-06-25T19:26:19.642Z,2026-06-25T19:26:19.862Z
QQQ260625P00713000,QQQ260625P00713000,SELL,FILLED,3.0,3.0,,0.81,DAY,2026-06-25T19:16:09.684Z,2026-06-25T19:16:09.728Z
IBIT260717P00030000,IBIT260717P00030000,BUY,FILLED,10.0,10.0,@0.48,0.48,DAY,2026-06-25T19:13:22.336Z,2026-06-25T19:13:22.549Z
QQQ260625C00720000,QQQ260625C00720000,SELL,FILLED,5.0,5.0,@0.19,0.2,DAY,2026-06-25T19:02:12.661Z,2026-06-25T19:02:12.868Z
QQQ260625C00720000,QQQ260625C00720000,BUY,FILLED,5.0,5.0,@0.29,0.29,DAY,2026-06-25T19:00:37.759Z,2026-06-25T19:00:37.918Z
QQQ260625P00713000,QQQ260625P00713000,BUY,FILLED,6.0,6.0,@0.43,0.42,DAY,2026-06-25T19:00:06.996Z,2026-06-25T19:00:19.500Z
IBIT260706P00030000,IBIT260706P00030000,BUY,FILLED,25.0,25.0,@0.23,0.23,DAY,2026-06-25T18:46:44.932Z,2026-06-25T18:46:44.970Z
MSFT260717C00380000,MSFT260717C00380000,BUY,FILLED,1.0,1.0,@4.55,4.51,DAY,2026-06-25T18:35:41.586Z,2026-06-25T18:35:41.732Z
MSTR260710P00090000,MSTR260710P00090000,SELL,FILLED,1.0,1.0,@8.5,8.71,DAY,2026-06-25T18:10:44.075Z,2026-06-25T18:10:44.212Z
MSFT260706C00380000,MSFT260706C00380000,SELL,FILLED,5.0,5.0,@1.09,1.09,DAY,2026-06-25T17:54:47.641Z,2026-06-25T17:54:52.378Z
MSFT260706C00380000,MSFT260706C00380000,BUY,FILLED,10.0,10.0,@1.1,1.1,DAY,2026-06-25T16:55:03.648Z,2026-06-25T16:55:03.812Z
MSTR260626P00075000,MSTR260626P00075000,SELL,FILLED,15.0,15.0,@0.4,0.41,DAY,2026-06-25T16:54:27.005Z,2026-06-25T16:54:42.335Z
PLTR260626P00105000,PLTR260626P00105000,SELL,FILLED,3.0,3.0,@0.69,0.69,DAY,2026-06-25T16:39:19.414Z,2026-06-25T16:39:19.787Z
MSTR260626P00075000,MSTR260626P00075000,BUY,FILLED,15.0,15.0,@0.36,0.36,DAY,2026-06-25T16:39:08.728Z,2026-06-25T16:39:08.809Z
PLTR260626P00105000,PLTR260626P00105000,BUY,FILLED,3.0,3.0,@1.03,1.03,DAY,2026-06-25T15:09:22.646Z,2026-06-25T15:09:37.811Z
BIDU260710P00100000,BIDU260710P00100000,SELL,FILLED,2.0,2.0,@2.05,2.05,DAY,2026-06-25T14:58:01.070Z,2026-06-25T14:58:01.107Z
MU260626P01085000,MU260626P01085000,BUY,FILLED,1.0,1.0,@13.0,13.0,DAY,2026-06-25T14:16:13.607Z,2026-06-25T14:16:32.246Z
MU260626P01085000,MU260626P01085000,SELL,FILLED,1.0,1.0,@7.75,7.75,DAY,2026-06-25T14:11:01.250Z,2026-06-25T14:11:01.376Z
SMH260626P00625000,SMH260626P00625000,SELL,FILLED,1.0,1.0,@16.3,16.3,DAY,2026-06-25T13:57:10.137Z,2026-06-25T13:57:10.224Z
BA260626C00225000,BA260626C00225000,SELL,FILLED,1.0,1.0,@0.59,0.59,DAY,2026-06-25T13:53:27.358Z,2026-06-25T13:53:32.232Z
GOOG260626P00330000,GOOG260626P00330000,SELL,FILLED,3.0,3.0,@1.01,1.01,DAY,2026-06-25T13:53:07.474Z,2026-06-25T13:53:21.685Z
SMH260626P00600000,SMH260626P00600000,SELL,FILLED,1.0,1.0,@4.65,4.66,DAY,2026-06-25T13:53:02.812Z,2026-06-25T13:53:02.994Z
MU260626P01085000,MU260626P01085000,BUY,FILLED,1.0,1.0,@11.45,11.45,DAY,2026-06-25T13:52:55.312Z,2026-06-25T13:52:55.357Z
SMH260626P00600000,SMH260626P00600000,BUY,FILLED,1.0,1.0,@3.65,3.65,DAY,2026-06-25T13:49:19.187Z,2026-06-25T13:49:19.292Z
PLTR260626P00106000,PLTR260626P00106000,SELL,FILLED,3.0,3.0,@0.92,0.93,DAY,2026-06-25T13:44:14.607Z,2026-06-25T13:44:14.657Z
IREN260702P00046000,IREN260702P00046000,BUY,FILLED,8.0,8.0,@1.75,1.75,DAY,2026-06-25T13:43:33.419Z,2026-06-25T13:43:33.500Z
GOOG260626P00330000,GOOG260626P00330000,BUY,FILLED,3.0,3.0,@1.2,1.2,DAY,2026-06-25T13:41:42.283Z,2026-06-25T13:42:00.196Z
SMH260626P00625000,SMH260626P00625000,BUY,FILLED,1.0,1.0,@4.15,4.15,DAY,2026-06-25T13:40:29.390Z,2026-06-25T13:40:29.560Z
IBIT260706P00030000,IBIT260706P00030000,BUY,FILLED,25.0,25.0,@0.23,0.22,DAY,2026-06-25T13:39:55.765Z,2026-06-25T13:47:51.693Z
INTC260717C00170000,INTC260717C00170000,SELL,FILLED,3.0,3.0,@3.45,3.45,DAY,2026-06-25T13:39:01.640Z,2026-06-25T13:39:02.222Z
MU260626C01325000,MU260626C01325000,SELL,FILLED,1.0,1.0,@10.35,10.76,DAY,2026-06-25T13:38:16.866Z,2026-06-25T13:38:17.009Z
BIDU260710P00100000,BIDU260710P00100000,BUY,FILLED,2.0,2.0,@1.98,1.98,DAY,2026-06-25T13:35:11.204Z,2026-06-25T13:39:14.045Z
PLTR260626P00106000,PLTR260626P00106000,BUY,FILLED,3.0,3.0,@0.78,0.78,DAY,2026-06-25T13:34:49.752Z,2026-06-25T13:34:49.792Z
INTC260717C00170000,INTC260717C00170000,BUY,FILLED,3.0,3.0,@3.85,3.85,DAY,2026-06-25T13:34:00.206Z,2026-06-25T13:34:01.151Z
MU260626C01325000,MU260626C01325000,BUY,FILLED,1.0,1.0,@12.6,11.35,DAY,2026-06-25T13:33:25.580Z,2026-06-25T13:33:25.676Z
GLD260706P00340000,GLD260706P00340000,SELL,FILLED,6.0,6.0,@0.74,0.74,DAY,2026-06-25T13:30:17.666Z,2026-06-25T13:30:23.373Z
IBIT260706P00030000,IBIT260706P00030000,SELL,FILLED,50.0,50.0,@0.14,0.14,DAY,2026-06-25T13:30:13.283Z,2026-06-25T13:30:33.146Z
IREN260702P00046000,IREN260702P00046000,SELL,FILLED,8.0,8.0,@1.2,1.2,DAY,2026-06-25T13:30:07.107Z,2026-06-25T13:30:07.429Z
PLTR260710P00100000,PLTR260710P00100000,SELL,FILLED,5.0,5.0,@0.75,0.75,DAY,2026-06-24T19:53:48.879Z,2026-06-24T19:53:49.096Z
BA260626C00225000,BA260626C00225000,SELL,FILLED,4.0,4.0,@1.13,1.13,DAY,2026-06-24T19:08:33.079Z,2026-06-24T19:09:55.776Z
MSTR260710P00090000,MSTR260710P00090000,SELL,FILLED,2.0,2.0,@5.2,5.2,DAY,2026-06-24T18:17:30.669Z,2026-06-24T18:17:30.703Z
BA260626C00225000,BA260626C00225000,BUY,FILLED,5.0,5.0,@0.98,0.98,DAY,2026-06-24T18:13:14.369Z,2026-06-24T18:13:14.416Z
PLTR260710P00100000,PLTR260710P00100000,SELL,FILLED,5.0,5.0,@0.92,0.93,DAY,2026-06-24T18:07:06.111Z,2026-06-24T18:07:06.326Z
Q260717P00145000,Q260717P00145000,SELL,FILLED,1.0,1.0,@4.6,5.1,DAY,2026-06-24T18:06:58.841Z,2026-06-24T18:06:58.879Z
GLD260706P00340000,GLD260706P00340000,SELL,FILLED,2.0,2.0,@1.73,1.73,DAY,2026-06-24T18:06:54.774Z,2026-06-24T18:06:54.803Z
IREN260626P00054000,IREN260626P00054000,SELL,FILLED,1.0,1.0,@4.5,4.55,DAY,2026-06-24T18:06:48.032Z,2026-06-24T18:06:48.376Z
GLD260706P00340000,GLD260706P00340000,BUY,FILLED,8.0,8.0,@1.26,1.26,DAY,2026-06-24T15:26:29.754Z,2026-06-24T15:26:31.280Z
Q260717P00145000,Q260717P00145000,BUY,FILLED,1.0,1.0,@4.7,4.7,DAY,2026-06-24T15:22:31.968Z,2026-06-24T15:22:32.061Z
GLD260630P00362000,GLD260630P00362000,SELL,FILLED,1.0,1.0,@3.15,3.15,DAY,2026-06-24T15:19:35.069Z,2026-06-24T15:19:35.162Z
IREN260626P00054000,IREN260626P00054000,SELL,FILLED,2.0,2.0,@3.1,3.1,DAY,2026-06-24T15:15:12.960Z,2026-06-24T15:15:22.136Z
IREN260702P00046000,IREN260702P00046000,BUY,FILLED,8.0,8.0,@1.21,1.21,DAY,2026-06-24T15:15:06.056Z,2026-06-24T15:15:06.175Z
GLD260630P00362000,GLD260630P00362000,BUY,FILLED,1.0,1.0,@3.2,3.06,DAY,2026-06-24T14:52:15.251Z,2026-06-24T14:52:15.386Z
IBIT260706P00030000,IBIT260706P00030000,SELL,FILLED,50.0,50.0,@0.15,0.15,DAY,2026-06-24T14:38:54.802Z,2026-06-24T14:39:04.815Z
INTC260702P00120000,INTC260702P00120000,SELL,FILLED,2.0,2.0,@2.36,2.36,DAY,2026-06-24T14:32:50.023Z,2026-06-24T14:32:50.562Z
QCOM260702P00185000,QCOM260702P00185000,SELL,FILLED,1.0,1.0,@6.1,6.1,DAY,2026-06-24T14:32:44.325Z,2026-06-24T14:33:01.101Z
PLTR260710P00100000,PLTR260710P00100000,SELL,FILLED,10.0,10.0,@0.53,0.53,DAY,2026-06-24T14:21:04.035Z,2026-06-24T14:21:04.071Z
IBIT260706P00030000,IBIT260706P00030000,BUY,FILLED,50.0,50.0,@0.19,0.18,DAY,2026-06-24T14:20:46.757Z,2026-06-24T14:20:46.822Z
IBIT260706P00030000,IBIT260706P00030000,BUY,FILLED,50.0,50.0,@0.17,0.17,DAY,2026-06-24T14:18:53.472Z,2026-06-24T14:19:03.026Z
QCOM260702P00185000,QCOM260702P00185000,SELL,FILLED,1.0,1.0,@6.75,6.75,DAY,2026-06-24T14:08:05.512Z,2026-06-24T14:08:05.707Z
INTC260702P00120000,INTC260702P00120000,SELL,FILLED,1.0,1.0,@2.78,2.78,DAY,2026-06-24T14:07:57.726Z,2026-06-24T14:08:06.064Z
GLD260630C00380000,GLD260630C00380000,SELL,FILLED,5.0,5.0,@1.31,1.31,DAY,2026-06-24T13:56:27.884Z,2026-06-24T13:56:28.236Z
GLD260630C00380000,GLD260630C00380000,BUY,FILLED,5.0,5.0,@1.16,1.16,DAY,2026-06-24T13:43:25.482Z,2026-06-24T13:43:25.527Z
GLD260624P00360000,GLD260624P00360000,SELL,FILLED,5.0,5.0,@0.09,0.09,DAY,2026-06-24T13:42:39.493Z,2026-06-24T13:42:39.561Z
SLV260717P00050000,SLV260717P00050000,SELL,FILLED,13.0,13.0,@1.42,1.42,DAY,2026-06-24T13:42:35.622Z,2026-06-24T13:42:35.661Z
QQQ260624C00723000,QQQ260624C00723000,SELL,FILLED,1.0,1.0,@1.34,1.35,DAY,2026-06-24T13:32:19.580Z,2026-06-24T13:32:19.761Z
GLD260624P00360000,GLD260624P00360000,BUY,FILLED,5.0,5.0,@0.65,0.6,DAY,2026-06-24T13:30:41.397Z,2026-06-24T13:31:37.815Z
QQQ260624C00723000,QQQ260624C00723000,BUY,FILLED,1.0,1.0,@2.42,2.41,DAY,2026-06-23T19:55:36.088Z,2026-06-23T19:55:36.135Z
INTC260702P00120000,INTC260702P00120000,BUY,FILLED,1.0,1.0,@3.25,3.25,DAY,2026-06-23T19:55:00.220Z,2026-06-23T19:55:00.314Z
TSLA260624P00377500,TSLA260624P00377500,SELL,FILLED,1.0,1.0,@1.7,1.7,DAY,2026-06-23T16:15:17.416Z,2026-06-23T16:15:17.548Z
SLV260717P00050000,SLV260717P00050000,BUY,FILLED,13.0,13.0,@0.82,0.79,DAY,2026-06-23T15:51:01.036Z,2026-06-23T15:51:01.223Z
TSLA260624P00377500,TSLA260624P00377500,BUY,FILLED,1.0,1.0,@2.08,2.03,DAY,2026-06-23T15:07:26.269Z,2026-06-23T15:07:26.360Z
INTC260626P00130000,INTC260626P00130000,SELL,FILLED,1.0,1.0,@3.15,3.16,DAY,2026-06-23T14:45:12.118Z,2026-06-23T14:45:24.461Z
INTC260702P00120000,INTC260702P00120000,SELL,FILLED,3.0,3.0,@2.52,2.52,DAY,2026-06-23T14:44:59.797Z,2026-06-23T14:44:59.874Z
PLTR260710P00100000,PLTR260710P00100000,SELL,CANCELLED,0.0,10.0,@0.52,,DAY,2026-06-23T14:44:51.183Z,
QCOM260702P00185000,QCOM260702P00185000,BUY,FILLED,2.0,2.0,@5.65,5.65,DAY,2026-06-23T14:44:26.290Z,2026-06-23T14:44:33.520Z
INTC260626P00130000,INTC260626P00130000,SELL,FILLED,1.0,1.0,@3.1,3.13,DAY,2026-06-23T14:41:44.032Z,2026-06-23T14:41:44.246Z
INTC260702P00120000,INTC260702P00120000,BUY,FILLED,5.0,5.0,@2.54,2.54,DAY,2026-06-23T14:41:37.151Z,2026-06-23T14:41:37.188Z
INTC260626P00130000,INTC260626P00130000,BUY,FILLED,2.0,2.0,@3.25,3.18,DAY,2026-06-23T14:26:29.714Z,2026-06-23T14:26:29.967Z
QQQ260702P00700000,QQQ260702P00700000,SELL,FILLED,2.0,2.0,@7.33,7.33,DAY,2026-06-23T13:49:33.564Z,2026-06-23T13:49:33.613Z
QQQ260702P00700000,QQQ260702P00700000,SELL,FILLED,3.0,3.0,,8.37,DAY,2026-06-23T13:32:14.631Z,2026-06-23T13:32:14.974Z
MSTR260710P00090000,MSTR260710P00090000,BUY,FILLED,5.0,5.0,@1.86,1.84,DAY,2026-06-22T19:21:15.164Z,2026-06-22T19:21:15.390Z
PLTR260710P00100000,PLTR260710P00100000,BUY,FILLED,20.0,20.0,@0.55,0.54,DAY,2026-06-22T19:16:27.910Z,2026-06-22T19:16:28.049Z
IREN260702P00055000,IREN260702P00055000,SELL,FILLED,3.0,3.0,@3.05,3.05,DAY,2026-06-22T16:49:51.426Z,2026-06-22T16:49:51.586Z
SMH260626P00560000,SMH260626P00560000,SELL,FILLED,2.0,2.0,@1.19,1.19,DAY,2026-06-22T16:49:35.064Z,2026-06-22T16:50:02.947Z
CRWV260702P00100000,CRWV260702P00100000,SELL,FILLED,2.0,2.0,@3.7,3.72,DAY,2026-06-22T16:49:27.777Z,2026-06-22T16:50:10.849Z
QQQ260702P00700000,QQQ260702P00700000,BUY,FILLED,5.0,5.0,@3.73,3.7,DAY,2026-06-22T16:43:53.824Z,2026-06-22T16:43:53.859Z
CRWV260702P00100000,CRWV260702P00100000,BUY,FILLED,2.0,2.0,@3.0,3.0,DAY,2026-06-22T15:00:03.015Z,2026-06-22T15:00:03.123Z
IREN260702P00055000,IREN260702P00055000,BUY,FILLED,3.0,3.0,@2.79,2.79,DAY,2026-06-22T14:56:32.144Z,2026-06-22T14:56:32.195Z
INTC260717C00160000,INTC260717C00160000,SELL,FILLED,2.0,2.0,@6.2,6.2,DAY,2026-06-22T14:43:44.534Z,2026-06-22T14:43:48.838Z
INTC260626C00155000,INTC260626C00155000,SELL,FILLED,5.0,5.0,@1.46,1.46,DAY,2026-06-22T13:43:08.727Z,2026-06-22T13:43:17.897Z
MSTR260626P00105000,MSTR260626P00105000,SELL,FILLED,5.0,5.0,@0.96,0.96,DAY,2026-06-22T13:41:45.474Z,2026-06-22T13:41:48.346Z
INTC260717C00160000,INTC260717C00160000,BUY,FILLED,1.0,1.0,@7.15,7.15,DAY,2026-06-22T13:36:03.666Z,2026-06-22T13:36:03.928Z
INTC260717C00165000,INTC260717C00165000,SELL,FILLED,2.0,2.0,@5.15,5.15,DAY,2026-06-22T13:34:05.742Z,2026-06-22T13:34:05.885Z
INTC260717C00165000,INTC260717C00165000,BUY,FILLED,2.0,2.0,@5.8,5.8,DAY,2026-06-22T13:31:03.452Z,2026-06-22T13:31:04.209Z
INTC260626C00155000,INTC260626C00155000,BUY,FILLED,5.0,5.0,@2.22,2.22,DAY,2026-06-22T13:30:37.934Z,2026-06-22T13:30:50.585Z
INTC260717C00160000,INTC260717C00160000,SELL,FILLED,2.0,2.0,@4.85,4.85,DAY,2026-06-18T19:52:05.367Z,2026-06-18T19:52:05.412Z
GLD260630P00365000,GLD260630P00365000,SELL,FILLED,10.0,10.0,@1.34,1.34,DAY,2026-06-18T19:42:18.663Z,2026-06-18T19:42:18.696Z
IBIT260717P00030000,IBIT260717P00030000,SELL,FILLED,30.0,30.0,@0.32,0.32,DAY,2026-06-18T19:42:10.472Z,2026-06-18T19:42:10.532Z
INTC260717C00160000,INTC260717C00160000,BUY,FILLED,2.0,2.0,@5.15,5.15,DAY,2026-06-18T19:14:03.332Z,2026-06-18T19:14:03.381Z
INTC260717C00160000,INTC260717C00160000,SELL,FILLED,2.0,2.0,@5.3,5.3,DAY,2026-06-18T18:47:37.379Z,2026-06-18T18:47:37.613Z
MRVL260618P00312500,MRVL260618P00312500,SELL,FILLED,1.0,1.0,@1.53,1.53,DAY,2026-06-18T17:04:52.220Z,2026-06-18T17:05:00.896Z
INTC260717C00160000,INTC260717C00160000,BUY,FILLED,3.0,3.0,@5.25,5.25,DAY,2026-06-18T17:04:14.383Z,2026-06-18T17:04:14.473Z
MRVL260618P00312500,MRVL260618P00312500,BUY,FILLED,1.0,1.0,@1.95,1.86,DAY,2026-06-18T16:40:51.674Z,2026-06-18T16:40:51.809Z
SMH260626P00560000,SMH260626P00560000,SELL,FILLED,3.0,3.0,@1.88,1.88,DAY,2026-06-18T16:32:45.865Z,2026-06-18T16:32:46.021Z
IBIT260717P00030000,IBIT260717P00030000,BUY,FILLED,30.0,30.0,@0.34,0.33,DAY,2026-06-18T16:32:24.642Z,2026-06-18T16:32:39.755Z
GLD260630P00365000,GLD260630P00365000,BUY,FILLED,10.0,10.0,@1.16,1.16,DAY,2026-06-18T16:22:48.408Z,2026-06-18T16:22:56.724Z
MSTR260626P00105000,MSTR260626P00105000,BUY,FILLED,5.0,5.0,@2.96,2.96,DAY,2026-06-18T16:17:14.110Z,2026-06-18T16:17:14.142Z
SMH260626P00560000,SMH260626P00560000,BUY,FILLED,5.0,5.0,@1.93,1.93,DAY,2026-06-18T16:12:30.942Z,2026-06-18T16:12:30.983Z
MSTR260626P00105000,MSTR260626P00105000,SELL,FILLED,5.0,5.0,@2.91,2.91,DAY,2026-06-18T16:03:18.531Z,2026-06-18T16:03:34.012Z
IBIT260717P00030000,IBIT260717P00030000,SELL,FILLED,30.0,30.0,@0.33,0.33,DAY,2026-06-18T16:03:13.731Z,2026-06-18T16:03:13.876Z
USO260626P00110000,USO260626P00110000,SELL,FILLED,5.0,5.0,@2.6,2.6,DAY,2026-06-18T15:45:52.113Z,2026-06-18T15:46:02.476Z
IREN260626P00054000,IREN260626P00054000,BUY,FILLED,3.0,3.0,@1.24,1.19,DAY,2026-06-18T15:21:37.014Z,2026-06-18T15:21:37.173Z
QQQ260618P00735000,QQQ260618P00735000,BUY,FILLED,3.0,3.0,@1.02,1.02,DAY,2026-06-18T15:21:00.366Z,2026-06-18T15:21:06.374Z
INTC260717C00150000,INTC260717C00150000,SELL,FILLED,1.0,1.0,@7.1,7.1,DAY,2026-06-18T15:20:30.177Z,2026-06-18T15:20:38.826Z
MRVL260702C00375000,MRVL260702C00375000,SELL,FILLED,1.0,1.0,@10.95,10.95,DAY,2026-06-18T15:20:22.892Z,2026-06-18T15:20:22.977Z
MRVL260618C00337500,MRVL260618C00337500,SELL,FILLED,1.0,1.0,@1.42,1.58,DAY,2026-06-18T15:19:18.447Z,2026-06-18T15:19:18.583Z
INTC260717C00150000,INTC260717C00150000,SELL,FILLED,2.0,2.0,@6.85,6.85,DAY,2026-06-18T15:19:09.917Z,2026-06-18T15:19:12.639Z
MRVL260618C00337500,MRVL260618C00337500,BUY,FILLED,1.0,1.0,@2.61,2.59,DAY,2026-06-18T15:14:04.235Z,2026-06-18T15:14:04.279Z
INTC260717C00150000,INTC260717C00150000,BUY,FILLED,2.0,2.0,@6.8,6.8,DAY,2026-06-18T15:10:24.417Z,2026-06-18T15:10:24.985Z
MRVL260702C00375000,MRVL260702C00375000,SELL,FILLED,1.0,1.0,@11.25,11.25,DAY,2026-06-18T15:06:14.807Z,2026-06-18T15:06:14.865Z
MRVL260702C00375000,MRVL260702C00375000,BUY,FILLED,1.0,1.0,@10.0,10.0,DAY,2026-06-18T14:29:53.085Z,2026-06-18T14:29:53.121Z
MRVL260702C00375000,MRVL260702C00375000,BUY,FILLED,1.0,1.0,@10.35,10.35,DAY,2026-06-18T14:27:26.627Z,2026-06-18T14:27:34.780Z
PLTR260618P00124000,PLTR260618P00124000,SELL,FILLED,5.0,5.0,@0.16,0.16,DAY,2026-06-18T14:18:03.763Z,2026-06-18T14:18:03.848Z
INTC260717C00150000,INTC260717C00150000,SELL,FILLED,2.0,2.0,@5.95,5.95,DAY,2026-06-18T14:09:39.278Z,2026-06-18T14:09:39.336Z
IBIT260717P00030000,IBIT260717P00030000,BUY,FILLED,30.0,30.0,@0.23,0.23,DAY,2026-06-18T14:09:06.447Z,2026-06-18T14:09:23.646Z
INTC260717C00150000,INTC260717C00150000,BUY,FILLED,3.0,3.0,@6.65,6.65,DAY,2026-06-18T14:03:44.171Z,2026-06-18T14:03:44.242Z
MSTR260626P00105000,MSTR260626P00105000,BUY,FILLED,5.0,5.0,@2.24,2.24,DAY,2026-06-18T14:02:58.135Z,2026-06-18T14:02:58.242Z
PLTR260618P00124000,PLTR260618P00124000,BUY,FILLED,5.0,5.0,@0.57,0.57,DAY,2026-06-18T14:00:48.735Z,2026-06-18T14:00:48.769Z
INTC260717C00150000,INTC260717C00150000,SELL,FILLED,2.0,2.0,@6.0,6.05,DAY,2026-06-18T13:58:06.550Z,2026-06-18T13:58:06.858Z
INTC260717C00150000,INTC260717C00150000,SELL,FILLED,3.0,3.0,@6.2,6.2,DAY,2026-06-18T13:56:42.615Z,2026-06-18T13:56:54.833Z
INTC260717C00180000,INTC260717C00180000,SELL,FILLED,3.0,3.0,@2.06,2.06,DAY,2026-06-18T13:50:19.698Z,2026-06-18T13:50:19.740Z
INTC260618C00134000,INTC260618C00134000,SELL,FILLED,1.0,1.0,@1.3,1.33,DAY,2026-06-18T13:48:18.091Z,2026-06-18T13:48:18.227Z
GLD260618P00385000,GLD260618P00385000,SELL,FILLED,2.0,2.0,@0.1,0.12,DAY,2026-06-18T13:39:58.808Z,2026-06-18T13:39:59.022Z
INTC260717C00180000,INTC260717C00180000,BUY,FILLED,3.0,3.0,@3.1,2.97,DAY,2026-06-18T13:34:22.022Z,2026-06-18T13:34:22.135Z
INTC260717C00150000,INTC260717C00150000,BUY,FILLED,5.0,5.0,@6.85,6.85,DAY,2026-06-18T13:31:20.138Z,2026-06-18T13:31:20.271Z
INTC260618C00134000,INTC260618C00134000,BUY,FILLED,1.0,1.0,@2.01,2.01,DAY,2026-06-18T13:31:06.164Z,2026-06-18T13:31:06.250Z
IREN260618C00059000,IREN260618C00059000,BUY,FILLED,3.0,3.0,,2.91,DAY,2026-06-18T13:30:52.975Z,2026-06-18T13:30:53.049Z
IREN260618C00059000,IREN260618C00059000,SELL,FILLED,3.0,3.0,@1.21,1.25,DAY,2026-06-17T19:38:39.753Z,2026-06-17T19:38:39.925Z
CRWV260626C00130000,CRWV260626C00130000,SELL,FILLED,3.0,3.0,@2.67,2.67,DAY,2026-06-17T19:18:13.092Z,2026-06-17T19:18:17.822Z
GLD260821C00395000,GLD260821C00395000,SELL,FILLED,1.0,1.0,@13.95,13.95,DAY,2026-06-17T19:18:04.379Z,2026-06-17T19:18:04.562Z
GLD260618P00385000,GLD260618P00385000,BUY,FILLED,2.0,2.0,@1.74,1.74,DAY,2026-06-17T19:17:50.264Z,2026-06-17T19:18:29.909Z
GLD260821C00395000,GLD260821C00395000,SELL,FILLED,1.0,1.0,@14.45,14.45,DAY,2026-06-17T19:15:58.340Z,2026-06-17T19:15:58.419Z
GLD260626C00410000,GLD260626C00410000,SELL,FILLED,5.0,5.0,@0.94,0.94,DAY,2026-06-17T19:10:35.354Z,2026-06-17T19:10:48.678Z
QQQ260617P00719000,QQQ260617P00719000,SELL,FILLED,2.0,2.0,@0.11,0.11,DAY,2026-06-17T18:59:26.247Z,2026-06-17T18:59:26.380Z
GLD260626C00410000,GLD260626C00410000,BUY,FILLED,5.0,5.0,@1.88,1.88,DAY,2026-06-17T18:44:54.948Z,2026-06-17T18:45:01.435Z
CRWV260626C00130000,CRWV260626C00130000,BUY,FILLED,3.0,3.0,@3.6,3.6,DAY,2026-06-17T18:43:54.318Z,2026-06-17T18:43:54.374Z
GLD260821C00395000,GLD260821C00395000,BUY,FILLED,2.0,2.0,@17.1,17.1,DAY,2026-06-17T18:42:00.841Z,2026-06-17T18:42:16.560Z
GLD260618P00385000,GLD260618P00385000,SELL,FILLED,3.0,3.0,@0.96,0.96,DAY,2026-06-17T18:27:15.396Z,2026-06-17T18:27:15.441Z
GLD260618P00385000,GLD260618P00385000,BUY,FILLED,3.0,3.0,@1.22,1.22,DAY,2026-06-17T18:13:33.958Z,2026-06-17T18:13:34.062Z
GLD260821C00380000,GLD260821C00380000,SELL,FILLED,1.0,1.0,@24.4,24.4,DAY,2026-06-17T18:12:28.737Z,2026-06-17T18:12:44.556Z
GLD260821C00395000,GLD260821C00395000,SELL,FILLED,1.0,1.0,@16.75,16.75,DAY,2026-06-17T18:07:23.991Z,2026-06-17T18:07:24.057Z
GLD260617C00405000,GLD260617C00405000,SELL,FILLED,10.0,10.0,@0.37,0.37,DAY,2026-06-17T14:31:01.097Z,2026-06-17T14:31:04.174Z
CRWV260618C00126000,CRWV260618C00126000,SELL,FILLED,3.0,3.0,@0.9,0.9,DAY,2026-06-17T13:47:18.697Z,2026-06-17T13:47:37.186Z
GLD260617C00405000,GLD260617C00405000,BUY,FILLED,20.0,20.0,@0.16,0.16,DAY,2026-06-17T13:45:24.685Z,2026-06-17T13:45:24.731Z
CRWV260618C00126000,CRWV260618C00126000,BUY,FILLED,3.0,3.0,@1.6,1.6,DAY,2026-06-17T13:42:05.288Z,2026-06-17T13:42:05.524Z
CRWV260618C00126000,CRWV260618C00126000,SELL,FILLED,3.0,3.0,@1.5,1.5,DAY,2026-06-17T13:36:04.747Z,2026-06-17T13:36:05.011Z
QCOM260702P00195000,QCOM260702P00195000,SELL,FILLED,1.0,1.0,@4.2,4.2,DAY,2026-06-17T13:34:41.385Z,2026-06-17T13:34:41.525Z
CRWV260618C00126000,CRWV260618C00126000,BUY,FILLED,3.0,3.0,@1.71,1.63,DAY,2026-06-17T13:34:27.745Z,2026-06-17T13:34:27.893Z
QCOM260702P00195000,QCOM260702P00195000,SELL,FILLED,1.0,1.0,@5.7,5.7,DAY,2026-06-16T19:27:52.168Z,2026-06-16T19:27:57.323Z
QQQ260626P00700000,QQQ260626P00700000,SELL,FILLED,2.0,2.0,@3.34,3.34,DAY,2026-06-16T19:26:41.085Z,2026-06-16T19:26:41.227Z
QQQ260617P00719000,QQQ260617P00719000,BUY,FILLED,2.0,2.0,@1.57,1.57,DAY,2026-06-16T19:16:15.055Z,2026-06-16T19:16:15.189Z
QQQ260626P00700000,QQQ260626P00700000,SELL,FILLED,1.0,1.0,@3.6,3.6,DAY,2026-06-16T19:15:43.388Z,2026-06-16T19:15:45.254Z
CVX260717P00165000,CVX260717P00165000,SELL,FILLED,10.0,10.0,@0.89,0.89,DAY,2026-06-16T17:38:20.170Z,2026-06-16T17:38:24.253Z
QQQ260626P00700000,QQQ260626P00700000,BUY,FILLED,3.0,3.0,@3.23,3.23,DAY,2026-06-16T17:38:02.136Z,2026-06-16T17:38:02.294Z
SPCX260717C00320000,SPCX260717C00320000,SELL,FILLED,1.0,1.0,@8.4,8.4,DAY,2026-06-16T17:26:31.847Z,2026-06-16T17:26:31.983Z
QCOM260702P00195000,QCOM260702P00195000,BUY,FILLED,2.0,2.0,@5.5,5.5,DAY,2026-06-16T16:53:05.536Z,2026-06-16T16:53:30.641Z
CVX260717P00165000,CVX260717P00165000,SELL,CANCELLED,0.0,10.0,@0.9,,DAY,2026-06-16T16:19:18.315Z,
USO260626P00110000,USO260626P00110000,BUY,FILLED,5.0,5.0,@2.34,2.34,DAY,2026-06-16T16:19:07.883Z,2026-06-16T16:19:07.925Z
INTC260618P00117000,INTC260618P00117000,SELL,FILLED,1.0,1.0,@2.2,2.2,DAY,2026-06-16T16:12:55.179Z,2026-06-16T16:12:55.324Z
MU260618P00955000,MU260618P00955000,SELL,FILLED,1.0,1.0,@8.75,8.75,DAY,2026-06-16T16:04:10.208Z,2026-06-16T16:04:10.248Z
MU260618P00955000,MU260618P00955000,BUY,FILLED,1.0,1.0,@10.5,10.1,DAY,2026-06-16T15:57:43.418Z,2026-06-16T15:57:43.451Z
SPCX260717C00320000,SPCX260717C00320000,BUY,FILLED,1.0,1.0,@10.1,10.05,DAY,2026-06-16T15:29:32.909Z,2026-06-16T15:29:33.055Z
QQQ260618P00730000,QQQ260618P00730000,SELL,FILLED,2.0,2.0,@3.55,3.58,DAY,2026-06-16T15:00:58.037Z,2026-06-16T15:00:58.093Z
INTC260618P00117000,INTC260618P00117000,BUY,FILLED,1.0,1.0,@2.17,2.17,DAY,2026-06-16T14:35:33.246Z,2026-06-16T14:35:33.367Z
MU260618C01200000,MU260618C01200000,SELL,FILLED,1.0,1.0,@5.65,5.93,DAY,2026-06-16T14:27:56.978Z,2026-06-16T14:27:57.119Z
AMKR260717C00110000,AMKR260717C00110000,SELL,FILLED,1.0,1.0,@5.0,5.11,DAY,2026-06-16T14:27:37.361Z,2026-06-16T14:27:42.339Z
QQQ260618P00730000,QQQ260618P00730000,BUY,FILLED,2.0,2.0,@3.1,3.1,DAY,2026-06-16T14:26:46.408Z,2026-06-16T14:27:18.455Z
INTC260702C00135000,INTC260702C00135000,SELL,FILLED,3.0,3.0,@4.75,4.75,DAY,2026-06-16T14:22:42.519Z,2026-06-16T14:22:46.452Z
INTC260618C00135000,INTC260618C00135000,SELL,FILLED,3.0,3.0,@1.05,1.05,DAY,2026-06-16T14:13:21.029Z,2026-06-16T14:13:21.125Z
INTC260702C00135000,INTC260702C00135000,BUY,FILLED,3.0,3.0,@5.55,5.55,DAY,2026-06-16T14:13:06.746Z,2026-06-16T14:13:36.011Z
AMKR260717C00110000,AMKR260717C00110000,BUY,FILLED,1.0,1.0,@4.6,4.6,DAY,2026-06-16T13:57:13.581Z,2026-06-16T13:57:22.433Z
AMKR260618C00110000,AMKR260618C00110000,SELL,FILLED,75.0,75.0,@0.15,0.17,DAY,2026-06-16T13:56:23.076Z,2026-06-16T13:56:46.645Z
CRWV260618C00117000,CRWV260618C00117000,SELL,FILLED,2.0,2.0,@3.55,3.55,DAY,2026-06-16T13:55:05.487Z,2026-06-16T13:55:05.744Z
MU260618C01200000,MU260618C01200000,SELL,CANCELLED,0.0,1.0,,,DAY,2026-06-16T13:37:46.604Z,
MU260618C01200000,MU260618C01200000,BUY,FILLED,1.0,1.0,@10.8,10.25,DAY,2026-06-16T13:36:26.378Z,2026-06-16T13:36:26.513Z
CRWV260618C00117000,CRWV260618C00117000,BUY,FILLED,2.0,2.0,@2.0,2.0,DAY,2026-06-16T13:33:31.518Z,2026-06-16T13:33:31.623Z
AMKR260717C00100000,AMKR260717C00100000,BUY,CANCELLED,0.0,1.0,@6.5,,DAY,2026-06-16T13:32:42.688Z,
MRAM260717C00040000,MRAM260717C00040000,SELL,FILLED,6.0,6.0,@1.85,1.85,DAY,2026-06-15T19:58:10.189Z,2026-06-15T19:58:17.950Z
TSLA260626C00420000,TSLA260626C00420000,SELL,FILLED,1.0,1.0,@8.65,8.65,DAY,2026-06-15T19:19:46.348Z,2026-06-15T19:19:46.497Z
MRAM260717C00040000,MRAM260717C00040000,BUY,FILLED,3.0,3.0,@2.15,2.15,DAY,2026-06-15T15:26:20.644Z,2026-06-15T16:39:48.767Z
USO260618P00116000,USO260618P00116000,SELL,FILLED,3.0,3.0,@0.65,0.65,DAY,2026-06-15T15:13:34.346Z,2026-06-15T15:13:39.441Z
CVX260717P00165000,CVX260717P00165000,BUY,FILLED,10.0,10.0,@1.0,0.98,DAY,2026-06-15T15:13:20.143Z,2026-06-15T15:13:20.455Z
USO260618P00116000,USO260618P00116000,BUY,FILLED,3.0,3.0,@0.89,0.89,DAY,2026-06-15T13:46:28.641Z,2026-06-15T13:46:28.683Z
MRAM260717C00040000,MRAM260717C00040000,BUY,FILLED,3.0,3.0,@1.55,1.46,DAY,2026-06-15T13:44:30.933Z,2026-06-15T13:44:31.115Z
GLD260821C00395000,GLD260821C00395000,BUY,FILLED,1.0,1.0,@20.0,20.0,DAY,2026-06-15T13:37:20.515Z,2026-06-15T13:37:26.509Z
USO260618C00140000,USO260618C00140000,SELL,FILLED,10.0,10.0,@0.05,0.12,DAY,2026-06-15T13:30:47.019Z,2026-06-15T13:30:47.371Z
QQQ260618P00695000,QQQ260618P00695000,SELL,FILLED,4.0,4.0,@0.54,0.54,DAY,2026-06-15T13:30:40.620Z,2026-06-15T13:30:40.661Z
INTC260618C00135000,INTC260618C00135000,BUY,FILLED,3.0,3.0,@3.3,3.3,DAY,2026-06-15T13:30:26.543Z,2026-06-15T13:30:26.584Z
TSLA260626C00420000,TSLA260626C00420000,BUY,FILLED,1.0,1.0,@10.05,10.0,DAY,2026-06-12T19:58:58.966Z,2026-06-12T19:58:59.099Z
INTC260626C00140000,INTC260626C00140000,SELL,FILLED,3.0,3.0,,3.85,DAY,2026-06-12T19:51:55.548Z,2026-06-12T19:51:55.581Z
INTC260626C00140000,INTC260626C00140000,SELL,CANCELLED,0.0,3.0,@3.9,,DAY,2026-06-12T19:51:16.170Z,
QQQ260618P00695000,QQQ260618P00695000,BUY,FILLED,2.0,2.0,@2.58,2.58,DAY,2026-06-12T19:51:01.262Z,2026-06-12T19:51:04.671Z
QQQ260618P00695000,QQQ260618P00695000,BUY,FILLED,2.0,2.0,@2.57,2.57,DAY,2026-06-12T19:49:25.094Z,2026-06-12T19:49:25.266Z
QQQ260612C00728000,QQQ260612C00728000,SELL,FILLED,20.0,20.0,@0.01,0.02,DAY,2026-06-12T19:48:42.016Z,2026-06-12T19:48:42.157Z
QQQ260612C00728000,QQQ260612C00728000,BUY,FILLED,20.0,20.0,@0.14,0.14,DAY,2026-06-12T18:43:43.621Z,2026-06-12T18:43:43.787Z
IBIT260618C00040000,IBIT260618C00040000,SELL,FILLED,100.0,100.0,@0.03,0.03,DAY,2026-06-12T17:54:19.514Z,2026-06-12T17:54:19.565Z
RKLB260612P00102000,RKLB260612P00102000,SELL,FILLED,1.0,1.0,@0.26,0.27,DAY,2026-06-12T17:54:10.024Z,2026-06-12T17:54:27.111Z
TSLA260612C00407500,TSLA260612C00407500,SELL,FILLED,2.0,2.0,@0.8,0.81,DAY,2026-06-12T17:53:54.391Z,2026-06-12T17:53:54.529Z
AMKR260618C00110000,AMKR260618C00110000,BUY,FILLED,75.0,75.0,@0.2,0.15,DAY,2026-06-12T17:53:27.233Z,2026-06-12T17:53:41.842Z
CRWV260612C00106000,CRWV260612C00106000,SELL,FILLED,4.0,4.0,@0.3,0.33,DAY,2026-06-12T17:31:12.170Z,2026-06-12T17:31:12.321Z
RKLB260618P00085000,RKLB260618P00085000,SELL,FILLED,5.0,5.0,@0.66,0.66,DAY,2026-06-12T17:31:03.702Z,2026-06-12T17:31:24.451Z
INTC260626C00140000,INTC260626C00140000,BUY,FILLED,3.0,3.0,@4.65,4.59,DAY,2026-06-12T17:30:45.656Z,2026-06-12T17:30:45.700Z
TSLA260612C00407500,TSLA260612C00407500,BUY,FILLED,2.0,2.0,@1.31,1.29,DAY,2026-06-12T17:29:38.497Z,2026-06-12T17:29:38.531Z
MU260612C01025000,MU260612C01025000,SELL,FILLED,2.0,2.0,@1.46,1.54,DAY,2026-06-12T17:29:24.395Z,2026-06-12T17:29:24.608Z
MU260612C01025000,MU260612C01025000,BUY,FILLED,2.0,2.0,@2.25,2.18,DAY,2026-06-12T17:10:32.110Z,2026-06-12T17:10:32.164Z
TSLA260612C00405000,TSLA260612C00405000,SELL,FILLED,2.0,2.0,,2.57,DAY,2026-06-12T17:10:14.620Z,2026-06-12T17:10:14.862Z
TSLA260612C00405000,TSLA260612C00405000,SELL,FILLED,2.0,2.0,@3.25,3.25,DAY,2026-06-12T17:08:57.507Z,2026-06-12T17:09:02.577Z
TSLA260612C00405000,TSLA260612C00405000,BUY,FILLED,2.0,2.0,@2.1,2.1,DAY,2026-06-12T17:06:55.178Z,2026-06-12T17:07:00.289Z
TSLA260612C00405000,TSLA260612C00405000,BUY,FILLED,2.0,2.0,@1.15,1.14,DAY,2026-06-12T16:39:20.928Z,2026-06-12T16:39:21.177Z
CRWV260612C00106000,CRWV260612C00106000,BUY,FILLED,4.0,4.0,@0.57,0.57,DAY,2026-06-12T16:23:22.198Z,2026-06-12T16:23:22.279Z
RKLB260618P00085000,RKLB260618P00085000,BUY,FILLED,5.0,5.0,@1.1,1.05,DAY,2026-06-12T16:21:59.303Z,2026-06-12T16:21:59.464Z
RKLB260612P00102000,RKLB260612P00102000,BUY,FILLED,1.0,1.0,@1.58,1.58,DAY,2026-06-12T16:21:15.124Z,2026-06-12T16:21:15.160Z
IBIT260612P00026000,IBIT260612P00026000,SELL,CANCELLED,0.0,50.0,@0.01,,DAY,2026-06-12T15:49:09.775Z,
QQQ260612P00696000,QQQ260612P00696000,SELL,FILLED,6.0,6.0,@0.16,0.17,DAY,2026-06-12T15:49:00.638Z,2026-06-12T15:49:00.896Z
INTC260626C00130000,INTC260626C00130000,SELL,FILLED,3.0,3.0,@5.2,5.2,DAY,2026-06-12T15:48:47.453Z,2026-06-12T15:48:47.489Z
IREN260612C00062000,IREN260612C00062000,SELL,FILLED,15.0,15.0,@0.52,0.56,DAY,2026-06-12T15:16:53.054Z,2026-06-12T15:16:53.220Z
IBIT260618C00040000,IBIT260618C00040000,BUY,FILLED,100.0,100.0,@0.05,0.05,DAY,2026-06-12T15:16:26.616Z,2026-06-12T15:16:26.785Z
USO260618C00140000,USO260618C00140000,BUY,FILLED,10.0,10.0,@0.94,0.93,DAY,2026-06-12T14:42:51.237Z,2026-06-12T14:42:51.285Z
IREN260612C00062000,IREN260612C00062000,BUY,FILLED,15.0,15.0,@0.36,0.34,DAY,2026-06-12T13:50:48.704Z,2026-06-12T13:50:48.942Z
QQQ260612P00696000,QQQ260612P00696000,BUY,FILLED,2.0,2.0,@0.74,0.74,DAY,2026-06-12T13:45:10.230Z,2026-06-12T13:45:10.542Z
TSLA260612C00412500,TSLA260612C00412500,SELL,FILLED,5.0,5.0,@1.42,1.42,DAY,2026-06-12T13:44:56.579Z,2026-06-12T13:45:01.048Z
TSLA260615C00425000,TSLA260615C00425000,SELL,FILLED,2.0,2.0,@2.13,2.13,DAY,2026-06-12T13:42:05.092Z,2026-06-12T13:42:06.185Z
TSLA260615C00425000,TSLA260615C00425000,SELL,CANCELLED,0.0,2.0,@2.49,,DAY,2026-06-12T13:38:31.315Z,
TSLA260615C00425000,TSLA260615C00425000,BUY,FILLED,2.0,2.0,@2.65,2.65,DAY,2026-06-12T13:37:50.187Z,2026-06-12T13:37:50.425Z
MU260626C01370000,MU260626C01370000,SELL,FILLED,1.0,1.0,@9.35,9.51,DAY,2026-06-12T13:34:10.183Z,2026-06-12T13:34:10.463Z
TSLA260612C00412500,TSLA260612C00412500,BUY,FILLED,5.0,5.0,@2.06,2.06,DAY,2026-06-12T13:31:03.549Z,2026-06-12T13:31:04.310Z
INTC260626C00130000,INTC260626C00130000,BUY,FILLED,3.0,3.0,@4.0,4.0,DAY,2026-06-11T19:58:30.444Z,2026-06-11T19:58:30.494Z
MU260626C01370000,MU260626C01370000,BUY,FILLED,1.0,1.0,@12.5,12.5,DAY,2026-06-11T19:58:16.903Z,2026-06-11T19:58:24.404Z
INTC260626C00130000,INTC260626C00130000,SELL,FILLED,3.0,3.0,@4.25,4.25,DAY,2026-06-11T19:54:06.499Z,2026-06-11T19:54:06.668Z
MU260626C01370000,MU260626C01370000,SELL,FILLED,1.0,1.0,@12.2,12.2,DAY,2026-06-11T19:53:53.160Z,2026-06-11T19:53:53.204Z
GLD260821C00380000,GLD260821C00380000,BUY,FILLED,1.0,1.0,@22.05,22.05,DAY,2026-06-11T19:45:06.973Z,2026-06-11T19:45:07.020Z
INTC260626C00130000,INTC260626C00130000,BUY,FILLED,3.0,3.0,@4.45,4.45,DAY,2026-06-11T19:38:33.278Z,2026-06-11T19:38:33.404Z
QQQ260612P00696000,QQQ260612P00696000,BUY,FILLED,3.0,3.0,@0.94,0.94,DAY,2026-06-11T19:32:51.989Z,2026-06-11T19:32:52.123Z
MU260626C01370000,MU260626C01370000,SELL,FILLED,1.0,1.0,@10.7,10.7,DAY,2026-06-11T19:19:23.793Z,2026-06-11T19:19:28.261Z
MU260626C01370000,MU260626C01370000,BUY,FILLED,2.0,2.0,@10.7,10.7,DAY,2026-06-11T19:18:47.113Z,2026-06-11T19:18:47.258Z
MU260626C01370000,MU260626C01370000,SELL,FILLED,1.0,1.0,@9.5,9.5,DAY,2026-06-11T18:55:43.366Z,2026-06-11T18:55:52.989Z
MU260626C01370000,MU260626C01370000,BUY,FILLED,1.0,1.0,@10.5,9.96,DAY,2026-06-11T18:50:41.739Z,2026-06-11T18:50:41.886Z
QQQ260612P00696000,QQQ260612P00696000,BUY,FILLED,1.0,1.0,@2.22,2.22,DAY,2026-06-11T18:22:55.795Z,2026-06-11T18:22:55.887Z
META260622P00540000,META260622P00540000,SELL,FILLED,2.0,2.0,@3.8,3.8,DAY,2026-06-11T17:31:12.423Z,2026-06-11T17:31:12.470Z
GLD260618P00389000,GLD260618P00389000,SELL,FILLED,1.0,1.0,@13.0,13.0,DAY,2026-06-11T17:30:41.314Z,2026-06-11T17:30:47.848Z
MSTR260626P00110000,MSTR260626P00110000,SELL,FILLED,2.0,2.0,@4.55,4.55,DAY,2026-06-11T17:30:24.315Z,2026-06-11T17:30:24.407Z
QQQ260618P00673000,QQQ260618P00673000,SELL,FILLED,2.0,2.0,@3.51,3.56,DAY,2026-06-11T17:29:54.339Z,2026-06-11T17:29:59.610Z
META260622P00540000,META260622P00540000,SELL,CANCELLED,0.0,2.0,@3.75,,DAY,2026-06-11T17:29:44.847Z,
META260622P00540000,META260622P00540000,BUY,FILLED,2.0,2.0,@5.9,5.9,DAY,2026-06-11T17:04:33.829Z,2026-06-11T17:04:33.920Z
MSTR260626P00110000,MSTR260626P00110000,BUY,FILLED,2.0,2.0,@5.35,5.17,DAY,2026-06-11T17:01:19.129Z,2026-06-11T17:01:19.356Z
IREN260618C00042000,IREN260618C00042000,BUY,FILLED,3.0,3.0,@13.15,13.15,DAY,2026-06-11T16:06:51.606Z,2026-06-11T16:06:51.792Z
QQQ260618P00687000,QQQ260618P00687000,SELL,FILLED,1.0,1.0,@9.04,9.07,DAY,2026-06-11T15:08:12.180Z,2026-06-11T15:08:12.356Z
QQQ260618P00673000,QQQ260618P00673000,SELL,CANCELLED,0.0,2.0,@6.44,,DAY,2026-06-11T15:08:06.813Z,
IREN260618C00042000,IREN260618C00042000,SELL,FILLED,3.0,3.0,@11.55,11.55,DAY,2026-06-11T15:02:00.211Z,2026-06-11T15:02:11.858Z
QQQ260618P00687000,QQQ260618P00687000,BUY,FILLED,1.0,1.0,@10.73,10.73,DAY,2026-06-11T15:01:29.523Z,2026-06-11T15:01:30.723Z
QQQ260618P00673000,QQQ260618P00673000,BUY,FILLED,1.0,1.0,@6.05,6.01,DAY,2026-06-11T14:56:51.353Z,2026-06-11T14:56:51.503Z
QQQ260618P00673000,QQQ260618P00673000,BUY,FILLED,1.0,1.0,@5.59,5.57,DAY,2026-06-11T14:55:30.758Z,2026-06-11T14:55:30.983Z
QQQ260612P00660000,QQQ260612P00660000,SELL,FILLED,15.0,15.0,@0.36,0.38,DAY,2026-06-11T14:48:49.187Z,2026-06-11T14:49:07.374Z
INTC260626C00145000,INTC260626C00145000,SELL,FILLED,5.0,5.0,@1.45,1.48,DAY,2026-06-11T14:39:53.937Z,2026-06-11T14:39:54.116Z
IREN260618C00042000,IREN260618C00042000,BUY,FILLED,3.0,3.0,@12.5,12.5,DAY,2026-06-11T14:03:38.619Z,2026-06-11T14:03:38.661Z
SE260618P00082500,SE260618P00082500,SELL,FILLED,5.0,5.0,@2.34,2.34,DAY,2026-06-11T14:03:00.545Z,2026-06-11T14:03:09.345Z
INTC260626C00145000,INTC260626C00145000,BUY,FILLED,5.0,5.0,@2.2,2.17,DAY,2026-06-11T14:02:35.523Z,2026-06-11T14:02:43.755Z
QQQ260612P00660000,QQQ260612P00660000,BUY,FILLED,5.0,5.0,@0.34,0.34,DAY,2026-06-11T14:00:07.309Z,2026-06-11T14:00:07.516Z
QQQ260612C00722000,QQQ260612C00722000,SELL,FILLED,4.0,4.0,@0.84,0.84,DAY,2026-06-11T13:59:52.859Z,2026-06-11T13:59:56.055Z
INTC260626C00145000,INTC260626C00145000,SELL,FILLED,5.0,5.0,@1.92,1.92,DAY,2026-06-11T13:59:47.389Z,2026-06-11T13:59:50.591Z
INTC260626C00145000,INTC260626C00145000,BUY,FILLED,5.0,5.0,@2.02,2.02,DAY,2026-06-11T13:53:53.906Z,2026-06-11T13:54:07.212Z
GLD260618P00389000,GLD260618P00389000,SELL,FILLED,1.0,1.0,@15.0,15.0,DAY,2026-06-11T13:50:17.866Z,2026-06-11T13:50:26.904Z
GLD260618P00389000,GLD260618P00389000,SELL,FILLED,1.0,1.0,@15.35,15.35,DAY,2026-06-11T13:49:27.285Z,2026-06-11T13:49:30.605Z
CRWV260626P00080000,CRWV260626P00080000,SELL,FILLED,5.0,5.0,@2.26,2.26,DAY,2026-06-11T13:44:55.753Z,2026-06-11T13:44:55.811Z
GLD260618P00360000,GLD260618P00360000,SELL,FILLED,2.0,2.0,@2.4,2.4,DAY,2026-06-11T13:30:31.393Z,2026-06-11T13:30:31.506Z
MUR260717C00042500,MUR260717C00042500,SELL,FILLED,3.0,3.0,@1.55,1.55,DAY,2026-06-10T19:49:08.283Z,2026-06-10T19:49:13.782Z
GLD260618P00360000,GLD260618P00360000,BUY,FILLED,2.0,2.0,@2.5,2.44,DAY,2026-06-10T19:12:19.699Z,2026-06-10T19:12:19.746Z
QQQ260610C00706000,QQQ260610C00706000,SELL,FILLED,1.0,1.0,@0.24,0.24,DAY,2026-06-10T18:21:12.977Z,2026-06-10T18:21:13.102Z
QQQ260612P00660000,QQQ260612P00660000,BUY,FILLED,5.0,5.0,@1.0,1.0,DAY,2026-06-10T17:32:16.939Z,2026-06-10T17:32:18.527Z
TSLA260612P00365000,TSLA260612P00365000,SELL,FILLED,3.0,3.0,@1.93,1.94,DAY,2026-06-10T17:31:45.208Z,2026-06-10T17:31:45.419Z
QQQ260612P00660000,QQQ260612P00660000,BUY,FILLED,5.0,5.0,@0.94,0.94,DAY,2026-06-10T17:31:32.346Z,2026-06-10T17:31:32.443Z
TSLA260612P00365000,TSLA260612P00365000,BUY,FILLED,3.0,3.0,@2.12,2.1,DAY,2026-06-10T17:12:15.603Z,2026-06-10T17:12:15.744Z
QQQ260612C00722000,QQQ260612C00722000,BUY,FILLED,3.0,3.0,@1.08,1.08,DAY,2026-06-10T17:09:15.558Z,2026-06-10T17:09:16.141Z
GLD260618P00360000,GLD260618P00360000,SELL,FILLED,3.0,3.0,@1.75,1.75,DAY,2026-06-10T17:08:53.711Z,2026-06-10T17:08:53.754Z
TSLA260612P00365000,TSLA260612P00365000,SELL,FILLED,3.0,3.0,@1.92,1.92,DAY,2026-06-10T17:08:20.419Z,2026-06-10T17:08:24.372Z
CRWV260626P00080000,CRWV260626P00080000,BUY,FILLED,5.0,5.0,@1.95,1.95,DAY,2026-06-10T16:50:40.960Z,2026-06-10T16:50:43.337Z
QQQ260615P00692000,QQQ260615P00692000,SELL,FILLED,2.0,2.0,@6.88,6.88,DAY,2026-06-10T15:24:29.703Z,2026-06-10T15:24:29.740Z
GLD260618P00360000,GLD260618P00360000,BUY,FILLED,3.0,3.0,@2.11,2.11,DAY,2026-06-10T15:18:34.179Z,2026-06-10T15:18:34.240Z
GLD260612P00373000,GLD260612P00373000,SELL,FILLED,2.0,2.0,@2.53,2.53,DAY,2026-06-10T15:12:47.614Z,2026-06-10T15:12:47.668Z
TSLA260612P00365000,TSLA260612P00365000,BUY,FILLED,3.0,3.0,@2.19,2.15,DAY,2026-06-10T15:12:33.401Z,2026-06-10T15:12:33.578Z
IREN260618C00042000,IREN260618C00042000,SELL,FILLED,2.0,2.0,@12.25,12.25,DAY,2026-06-10T15:01:09.081Z,2026-06-10T15:01:09.131Z
GLD260612P00373000,GLD260612P00373000,BUY,FILLED,2.0,2.0,@2.79,2.77,DAY,2026-06-10T14:57:33.273Z,2026-06-10T14:57:33.509Z
QQQ260615P00692000,QQQ260615P00692000,BUY,FILLED,2.0,2.0,@5.41,5.28,DAY,2026-06-10T14:49:41.964Z,2026-06-10T14:49:42.071Z
IREN260618C00042000,IREN260618C00042000,BUY,FILLED,1.0,1.0,@14.6,14.6,DAY,2026-06-10T14:39:25.397Z,2026-06-10T14:39:25.597Z
MUR260717C00042500,MUR260717C00042500,BUY,FILLED,3.0,3.0,@1.7,1.7,DAY,2026-06-10T14:38:27.287Z,2026-06-10T14:38:27.359Z
PLTR260618P00120000,PLTR260618P00120000,SELL,FILLED,10.0,10.0,@0.83,0.83,DAY,2026-06-10T13:58:32.095Z,2026-06-10T13:58:32.136Z
AAPL260612P00277500,AAPL260612P00277500,SELL,FILLED,10.0,10.0,@0.29,0.29,DAY,2026-06-10T13:58:23.703Z,2026-06-10T13:58:27.129Z
GLD260618P00389000,GLD260618P00389000,SELL,FILLED,2.0,2.0,@9.25,9.25,DAY,2026-06-10T13:50:51.688Z,2026-06-10T13:50:51.742Z
AAPL260612P00277500,AAPL260612P00277500,SELL,CANCELLED,0.0,10.0,@0.38,,DAY,2026-06-10T13:43:48.211Z,
HOOD260612C00094000,HOOD260612C00094000,SELL,FILLED,2.0,2.0,@1.21,1.22,DAY,2026-06-10T13:42:10.783Z,2026-06-10T13:42:10.920Z
AAPL260612P00277500,AAPL260612P00277500,BUY,FILLED,10.0,10.0,@0.59,0.59,DAY,2026-06-10T13:41:59.988Z,2026-06-10T13:42:00.026Z
HOOD260612C00094000,HOOD260612C00094000,BUY,FILLED,2.0,2.0,@1.18,1.18,DAY,2026-06-10T13:38:50.980Z,2026-06-10T13:38:51.019Z
GLD260610P00380000,GLD260610P00380000,SELL,FILLED,3.0,3.0,@0.89,0.89,DAY,2026-06-10T13:37:22.184Z,2026-06-10T13:37:22.397Z
GLD260610P00380000,GLD260610P00380000,SELL,FILLED,5.0,5.0,@1.46,1.46,DAY,2026-06-10T13:34:33.167Z,2026-06-10T13:34:33.221Z
QQQ260610C00706000,QQQ260610C00706000,BUY,FILLED,1.0,1.0,@5.08,5.08,DAY,2026-06-09T19:51:08.428Z,2026-06-09T19:51:25.701Z
QQQ260610P00697000,QQQ260610P00697000,SELL,FILLED,1.0,1.0,@3.03,3.05,DAY,2026-06-09T19:50:44.511Z,2026-06-09T19:50:44.550Z
QQQ260610C00706000,QQQ260610C00706000,SELL,FILLED,1.0,1.0,@4.01,4.01,DAY,2026-06-09T19:49:37.404Z,2026-06-09T19:49:43.807Z
QQQ260610P00697000,QQQ260610P00697000,BUY,FILLED,1.0,1.0,@4.01,4.01,DAY,2026-06-09T19:40:38.247Z,2026-06-09T19:40:38.302Z
QQQ260612C00722000,QQQ260612C00722000,BUY,FILLED,1.0,1.0,@2.21,2.16,DAY,2026-06-09T19:28:24.977Z,2026-06-09T19:28:25.353Z
XLE260717C00057000,XLE260717C00057000,SELL,FILLED,3.0,3.0,@2.02,2.02,DAY,2026-06-09T19:13:57.654Z,2026-06-09T19:13:57.694Z
QQQ260610C00706000,QQQ260610C00706000,BUY,FILLED,1.0,1.0,@4.09,4.07,DAY,2026-06-09T17:37:59.024Z,2026-06-09T17:37:59.161Z
IREN260612P00057000,IREN260612P00057000,SELL,FILLED,1.0,1.0,@4.45,4.45,DAY,2026-06-09T17:29:34.431Z,2026-06-09T17:29:34.483Z
USO260618P00125000,USO260618P00125000,SELL,FILLED,3.0,3.0,@2.1,2.1,DAY,2026-06-09T17:29:15.711Z,2026-06-09T17:29:15.756Z
IREN260612P00057000,IREN260612P00057000,SELL,FILLED,1.0,1.0,@5.0,5.0,DAY,2026-06-09T17:12:32.994Z,2026-06-09T17:12:53.643Z
CRWV260618P00080000,CRWV260618P00080000,SELL,FILLED,10.0,10.0,@1.31,1.31,DAY,2026-06-09T17:12:05.689Z,2026-06-09T17:12:21.874Z
QQQ260618P00675000,QQQ260618P00675000,SELL,FILLED,1.0,1.0,@9.63,9.63,DAY,2026-06-09T16:59:03.446Z,2026-06-09T16:59:03.494Z
GLD260610P00380000,GLD260610P00380000,SELL,FILLED,7.0,7.0,@0.7,0.75,DAY,2026-06-09T16:44:48.249Z,2026-06-09T16:44:48.295Z
GLD260618P00389000,GLD260618P00389000,SELL,FILLED,1.0,1.0,@6.5,6.65,DAY,2026-06-09T16:43:17.697Z,2026-06-09T16:43:17.742Z
IREN260612P00043000,IREN260612P00043000,BUY,FILLED,10.0,10.0,@0.4,0.4,DAY,2026-06-09T16:42:52.250Z,2026-06-09T16:42:52.287Z
QQQ260618P00675000,QQQ260618P00675000,SELL,FILLED,1.0,1.0,@8.94,8.94,DAY,2026-06-09T16:36:18.310Z,2026-06-09T16:36:20.046Z
QQQ260618P00675000,QQQ260618P00675000,SELL,FILLED,3.0,3.0,@8.83,8.9,DAY,2026-06-09T16:35:59.468Z,2026-06-09T16:35:59.614Z
CRWV260618P00080000,CRWV260618P00080000,BUY,FILLED,10.0,10.0,@1.18,1.18,DAY,2026-06-09T16:14:45.048Z,2026-06-09T16:14:57.398Z
QCOM260618P00192500,QCOM260618P00192500,SELL,FILLED,2.0,2.0,@8.5,8.5,DAY,2026-06-09T16:13:52.584Z,2026-06-09T16:14:06.587Z
QQQ260618P00675000,QQQ260618P00675000,SELL,FILLED,3.0,3.0,@7.06,7.06,DAY,2026-06-09T16:02:06.869Z,2026-06-09T16:02:06.908Z
PLTR260618P00120000,PLTR260618P00120000,BUY,FILLED,10.0,10.0,@1.25,1.23,DAY,2026-06-09T16:01:50.862Z,2026-06-09T16:01:51.043Z
GLD260610P00380000,GLD260610P00380000,BUY,FILLED,15.0,15.0,@0.37,0.37,DAY,2026-06-09T15:29:12.834Z,2026-06-09T15:29:12.868Z
QCOM260618P00192500,QCOM260618P00192500,BUY,FILLED,2.0,2.0,@6.7,6.7,DAY,2026-06-09T14:46:49.023Z,2026-06-09T14:47:09.409Z
QCOM260618P00192500,QCOM260618P00192500,SELL,FILLED,2.0,2.0,@5.5,5.5,DAY,2026-06-09T14:23:35.359Z,2026-06-09T14:23:35.544Z
QCOM260618P00192500,QCOM260618P00192500,BUY,FILLED,2.0,2.0,@5.5,5.14,DAY,2026-06-09T14:14:10.928Z,2026-06-09T14:14:11.219Z
QQQ260618P00675000,QQQ260618P00675000,BUY,FILLED,2.0,2.0,@2.15,2.15,DAY,2026-06-09T14:12:34.884Z,2026-06-09T14:12:35.042Z
INTC260612C00120000,INTC260612C00120000,SELL,FILLED,3.0,3.0,@1.3,1.3,DAY,2026-06-09T14:12:29.119Z,2026-06-09T14:12:30.637Z
USO260618P00125000,USO260618P00125000,BUY,FILLED,3.0,3.0,@1.8,1.8,DAY,2026-06-09T14:09:13.711Z,2026-06-09T14:09:13.771Z
QQQ260618P00675000,QQQ260618P00675000,BUY,FILLED,3.0,3.0,@1.79,1.79,DAY,2026-06-09T13:55:39.044Z,2026-06-09T13:55:40.081Z
QQQ260609C00728000,QQQ260609C00728000,SELL,FILLED,2.0,2.0,@0.8,0.8,DAY,2026-06-09T13:51:50.675Z,2026-06-09T13:52:01.804Z
QQQ260609C00728000,QQQ260609C00728000,BUY,FILLED,2.0,2.0,@0.96,0.94,DAY,2026-06-09T13:47:17.020Z,2026-06-09T13:47:17.112Z
QCOM260612P00200000,QCOM260612P00200000,SELL,FILLED,1.0,1.0,@3.15,3.15,DAY,2026-06-09T13:45:53.272Z,2026-06-09T13:46:00.667Z
QCOM260612P00200000,QCOM260612P00200000,BUY,FILLED,1.0,1.0,@3.75,3.75,DAY,2026-06-09T13:39:26.456Z,2026-06-09T13:39:26.497Z
INTC260626C00120000,INTC260626C00120000,SELL,FILLED,2.0,2.0,@5.6,5.6,DAY,2026-06-09T13:34:20.820Z,2026-06-09T13:34:33.569Z
QQQ260618P00675000,QQQ260618P00675000,SELL,FILLED,3.0,3.0,@1.82,1.83,DAY,2026-06-09T13:31:44.074Z,2026-06-09T13:31:44.217Z
XLE260717C00057000,XLE260717C00057000,SELL,FILLED,3.0,3.0,@2.42,2.46,DAY,2026-06-09T13:31:35.495Z,2026-06-09T13:32:02.879Z
INTC260626C00120000,INTC260626C00120000,BUY,FILLED,2.0,2.0,@6.3,6.3,DAY,2026-06-09T13:31:26.731Z,2026-06-09T13:31:26.792Z
QQQ260618P00675000,QQQ260618P00675000,SELL,FILLED,2.0,2.0,@2.73,2.75,DAY,2026-06-08T19:47:06.990Z,2026-06-08T19:47:07.132Z
QQQ260618P00675000,QQQ260618P00675000,BUY,FILLED,3.0,3.0,@3.07,3.05,DAY,2026-06-08T19:26:14.838Z,2026-06-08T19:26:14.984Z
QQQ260618P00675000,QQQ260618P00675000,BUY,FILLED,2.0,2.0,@2.01,2.01,DAY,2026-06-08T15:20:40.695Z,2026-06-08T15:20:40.734Z
QQQ260618P00675000,QQQ260618P00675000,SELL,FILLED,4.0,4.0,@3.08,3.08,DAY,2026-06-08T14:02:02.105Z,2026-06-08T14:02:13.183Z
QQQ260618P00675000,QQQ260618P00675000,BUY,FILLED,4.0,4.0,@3.21,3.21,DAY,2026-06-08T13:57:49.622Z,2026-06-08T13:57:59.252Z
QQQ260618P00675000,QQQ260618P00675000,SELL,FILLED,4.0,4.0,@2.84,2.85,DAY,2026-06-08T13:56:43.426Z,2026-06-08T13:56:55.855Z
QQQ260618P00675000,QQQ260618P00675000,BUY,FILLED,7.0,7.0,@2.88,2.88,DAY,2026-06-08T13:56:03.293Z,2026-06-08T13:56:03.397Z
INTC260612C00120000,INTC260612C00120000,BUY,FILLED,3.0,3.0,@1.83,1.81,DAY,2026-06-08T13:43:47.255Z,2026-06-08T13:43:47.450Z
QQQ260608C00725000,QQQ260608C00725000,SELL,FILLED,15.0,15.0,@0.42,0.43,DAY,2026-06-08T13:34:49.861Z,2026-06-08T13:34:50.003Z
XLE260717C00057000,XLE260717C00057000,BUY,FILLED,3.0,3.0,@2.79,2.79,DAY,2026-06-08T13:33:42.715Z,2026-06-08T13:33:46.433Z
SE260618P00082500,SE260618P00082500,BUY,FILLED,5.0,5.0,@2.46,2.46,DAY,2026-06-08T13:33:24.597Z,2026-06-08T13:34:02.380Z
IREN260612P00066000,IREN260612P00066000,SELL,FILLED,1.0,1.0,@10.7,10.7,DAY,2026-06-08T13:31:46.118Z,2026-06-08T13:31:46.762Z
MU260626P00700000,MU260626P00700000,SELL,FILLED,1.0,1.0,@13.75,13.75,DAY,2026-06-08T13:30:28.222Z,2026-06-08T13:30:28.473Z
MU260626P00700000,MU260626P00700000,SELL,FILLED,1.0,1.0,@13.7,13.7,DAY,2026-06-08T13:30:15.141Z,2026-06-08T13:30:15.405Z
SLV260618P00054000,SLV260618P00054000,SELL,FILLED,20.0,20.0,@0.32,0.33,DAY,2026-06-05T19:44:19.443Z,2026-06-05T19:44:19.486Z
IBIT260612P00026000,IBIT260612P00026000,BUY,FILLED,50.0,50.0,@0.12,0.12,DAY,2026-06-05T19:36:26.216Z,2026-06-05T19:36:26.361Z
IREN260618C00042000,IREN260618C00042000,BUY,FILLED,1.0,1.0,@12.45,12.45,DAY,2026-06-05T19:31:50.435Z,2026-06-05T19:31:56.021Z
GLD260618P00389000,GLD260618P00389000,SELL,FILLED,2.0,2.0,@4.35,4.35,DAY,2026-06-05T19:29:54.379Z,2026-06-05T19:29:54.461Z
LMND260618P00045000,LMND260618P00045000,SELL,FILLED,15.0,15.0,@0.6,0.6,DAY,2026-06-05T19:29:38.448Z,2026-06-05T19:29:38.529Z
QQQ260608C00725000,QQQ260608C00725000,BUY,FILLED,15.0,15.0,@0.74,0.74,DAY,2026-06-05T19:28:18.968Z,2026-06-05T19:28:32.490Z
MU260605P00870000,MU260605P00870000,SELL,FILLED,2.0,2.0,@6.3,6.36,DAY,2026-06-05T18:48:05.256Z,2026-06-05T18:48:05.296Z
MU260605P00870000,MU260605P00870000,BUY,FILLED,1.0,1.0,@2.52,2.52,DAY,2026-06-05T18:19:45.851Z,2026-06-05T18:19:46.088Z
MU260605P00870000,MU260605P00870000,BUY,FILLED,1.0,1.0,@2.73,2.71,DAY,2026-06-05T18:19:14.874Z,2026-06-05T18:19:14.914Z
MU260618P00790000,MU260618P00790000,SELL,FILLED,1.0,1.0,,26.0,DAY,2026-06-05T17:25:26.359Z,2026-06-05T17:25:26.402Z
QCOM260605P00212500,QCOM260605P00212500,SELL,FILLED,15.0,15.0,@0.22,0.22,DAY,2026-06-05T17:23:11.752Z,2026-06-05T17:23:23.546Z
QCOM260605P00212500,QCOM260605P00212500,BUY,FILLED,15.0,15.0,@0.4,0.37,DAY,2026-06-05T17:08:06.538Z,2026-06-05T17:08:06.685Z
QQQ260608C00733000,QQQ260608C00733000,SELL,FILLED,2.0,2.0,@0.56,0.56,DAY,2026-06-05T16:53:32.405Z,2026-06-05T16:53:32.471Z
QCOM260605P00215000,QCOM260605P00215000,SELL,FILLED,10.0,10.0,@0.46,0.52,DAY,2026-06-05T16:50:39.905Z,2026-06-05T16:50:39.954Z
QCOM260605P00215000,QCOM260605P00215000,SELL,FILLED,10.0,10.0,,0.66,DAY,2026-06-05T16:46:42.589Z,2026-06-05T16:46:42.634Z
QCOM260605P00215000,QCOM260605P00215000,BUY,FILLED,20.0,20.0,@0.27,0.27,DAY,2026-06-05T16:30:37.842Z,2026-06-05T16:30:38.026Z
MU260618P00790000,MU260618P00790000,BUY,FILLED,1.0,1.0,@23.0,22.84,DAY,2026-06-05T16:28:52.687Z,2026-06-05T16:29:02.449Z
MU260618P00790000,MU260618P00790000,SELL,FILLED,1.0,1.0,,21.6,DAY,2026-06-05T16:23:47.534Z,2026-06-05T16:23:47.571Z
QCOM260605P00217500,QCOM260605P00217500,SELL,FILLED,20.0,20.0,@0.38,0.47,DAY,2026-06-05T16:22:15.631Z,2026-06-05T16:22:15.675Z
MSTR260618P00080000,MSTR260618P00080000,SELL,FILLED,10.0,10.0,@0.72,0.72,DAY,2026-06-05T15:44:10.314Z,2026-06-05T15:44:10.358Z
GLD260618P00389000,GLD260618P00389000,SELL,CANCELLED,0.0,3.0,@3.45,,DAY,2026-06-05T15:43:39.775Z,
XLE260630C00060000,XLE260630C00060000,SELL,FILLED,10.0,10.0,@0.83,0.83,DAY,2026-06-05T15:42:37.021Z,2026-06-05T15:42:44.439Z
LMND260618P00045000,LMND260618P00045000,SELL,CANCELLED,0.0,15.0,@0.65,,DAY,2026-06-05T15:42:26.023Z,
MSTR260618P00080000,MSTR260618P00080000,BUY,FILLED,10.0,10.0,@0.84,0.75,DAY,2026-06-05T15:42:18.832Z,2026-06-05T15:42:18.972Z
MU260605P00900000,MU260605P00900000,SELL,FILLED,2.0,2.0,@2.56,2.58,DAY,2026-06-05T15:38:15.257Z,2026-06-05T15:38:15.512Z
QCOM260605P00217500,QCOM260605P00217500,BUY,FILLED,10.0,10.0,@0.33,0.31,DAY,2026-06-05T15:38:06.429Z,2026-06-05T15:38:27.175Z
QCOM260605P00217500,QCOM260605P00217500,BUY,FILLED,10.0,10.0,@0.26,0.26,DAY,2026-06-05T15:37:18.315Z,2026-06-05T15:37:18.399Z
QQQ260608C00733000,QQQ260608C00733000,BUY,FILLED,1.0,1.0,@0.93,0.93,DAY,2026-06-05T15:32:31.333Z,2026-06-05T15:32:42.307Z
MU260605P00900000,MU260605P00900000,BUY,FILLED,2.0,2.0,@2.4,2.26,DAY,2026-06-05T15:29:10.274Z,2026-06-05T15:29:21.821Z
QQQ260608C00733000,QQQ260608C00733000,BUY,FILLED,1.0,1.0,@1.88,1.87,DAY,2026-06-05T14:38:33.134Z,2026-06-05T14:38:33.301Z
SLV260618P00054000,SLV260618P00054000,BUY,FILLED,20.0,20.0,@0.2,0.2,DAY,2026-06-05T14:13:13.850Z,2026-06-05T14:13:13.892Z
TSLA260608P00405000,TSLA260608P00405000,SELL,FILLED,2.0,2.0,@3.25,3.25,DAY,2026-06-05T14:03:41.068Z,2026-06-05T14:03:55.876Z
TSLA260608P00405000,TSLA260608P00405000,BUY,FILLED,2.0,2.0,@3.9,3.9,DAY,2026-06-05T14:01:19.585Z,2026-06-05T14:01:29.673Z
IREN260618C00042000,IREN260618C00042000,SELL,FILLED,3.0,3.0,@13.85,14.26,DAY,2026-06-05T13:58:57.654Z,2026-06-05T13:59:16.779Z
IREN260618C00049000,IREN260618C00049000,BUY,FILLED,3.0,3.0,,9.75,DAY,2026-06-05T13:58:39.409Z,2026-06-05T13:58:39.454Z
AVGO260605P00397500,AVGO260605P00397500,SELL,FILLED,1.0,1.0,,1.59,DAY,2026-06-05T13:52:23.748Z,2026-06-05T13:52:23.886Z
TSLA260608P00405000,TSLA260608P00405000,SELL,FILLED,3.0,3.0,,3.29,DAY,2026-06-05T13:52:15.591Z,2026-06-05T13:52:15.727Z
TSLA260608P00405000,TSLA260608P00405000,BUY,FILLED,3.0,3.0,@2.57,2.57,DAY,2026-06-05T13:41:29.894Z,2026-06-05T13:41:54.983Z
IREN260618C00049000,IREN260618C00049000,SELL,FILLED,3.0,3.0,@9.6,9.65,DAY,2026-06-05T13:38:22.982Z,2026-06-05T13:38:30.695Z
IREN260618C00067000,IREN260618C00067000,BUY,FILLED,3.0,3.0,,1.94,DAY,2026-06-05T13:37:58.717Z,2026-06-05T13:37:58.773Z
IREN260612P00057000,IREN260612P00057000,BUY,FILLED,1.0,1.0,@3.7,3.66,DAY,2026-06-05T13:37:12.028Z,2026-06-05T13:37:26.294Z
AVGO260605P00397500,AVGO260605P00397500,BUY,FILLED,1.0,1.0,@2.4,2.4,DAY,2026-06-05T13:36:07.303Z,2026-06-05T13:36:22.091Z
CRWV260605P00098000,CRWV260605P00098000,SELL,FILLED,10.0,10.0,@0.22,0.22,DAY,2026-06-05T13:35:53.407Z,2026-06-05T13:35:53.610Z
GLD260618P00389000,GLD260618P00389000,BUY,FILLED,8.0,8.0,@1.9,1.9,DAY,2026-06-05T13:32:08.500Z,2026-06-05T13:32:08.537Z
CRWV260605P00098000,CRWV260605P00098000,BUY,FILLED,10.0,10.0,@0.51,0.44,DAY,2026-06-05T13:31:02.687Z,2026-06-05T13:31:02.810Z
ORCL260605C00245000,ORCL260605C00245000,SELL,FILLED,2.0,2.0,@0.1,0.1,DAY,2026-06-05T13:30:23.979Z,2026-06-05T13:32:21.690Z
HOOD260618C00100000,HOOD260618C00100000,SELL,FILLED,10.0,10.0,@1.07,1.12,DAY,2026-06-05T13:30:18.879Z,2026-06-05T13:30:30.549Z
ORCL260605C00245000,ORCL260605C00245000,BUY,FILLED,2.0,2.0,@1.05,1.05,DAY,2026-06-04T19:58:13.467Z,2026-06-04T19:58:13.500Z
MU260618P00790000,MU260618P00790000,BUY,FILLED,1.0,1.0,@10.6,10.39,DAY,2026-06-04T19:56:20.343Z,2026-06-04T19:56:32.239Z
MU260626P00680000,MU260626P00680000,BUY,CANCELLED,0.0,1.0,@8.2,,DAY,2026-06-04T19:55:02.235Z,
MSTR260717P00095000,MSTR260717P00095000,SELL,FILLED,5.0,5.0,@2.7,2.7,DAY,2026-06-04T19:52:12.391Z,2026-06-04T19:52:12.423Z
SPCE260618P00003000,SPCE260618P00003000,SELL,FILLED,25.0,25.0,@0.07,0.07,DAY,2026-06-04T19:15:51.894Z,2026-06-04T19:15:56.135Z
LMND260618P00045000,LMND260618P00045000,BUY,FILLED,15.0,15.0,@0.7,0.7,DAY,2026-06-04T19:15:40.272Z,2026-06-04T19:15:40.314Z
HOOD260618C00100000,HOOD260618C00100000,BUY,FILLED,10.0,10.0,@1.08,1.07,DAY,2026-06-04T17:10:39.751Z,2026-06-04T17:10:39.917Z
CRSP260618C00062500,CRSP260618C00062500,SELL,FILLED,5.0,5.0,@1.25,1.25,DAY,2026-06-04T16:42:17.457Z,2026-06-04T16:42:17.498Z
SLV260717P00055000,SLV260717P00055000,SELL,FILLED,10.0,10.0,@0.43,0.44,DAY,2026-06-04T15:28:44.344Z,2026-06-04T15:28:44.380Z
CRSP260618C00062500,CRSP260618C00062500,BUY,FILLED,5.0,5.0,@1.6,1.6,DAY,2026-06-04T14:38:21.561Z,2026-06-04T14:38:21.702Z
MU260626P00700000,MU260626P00700000,BUY,FILLED,1.0,1.0,@11.25,11.25,DAY,2026-06-04T14:17:22.248Z,2026-06-04T14:17:22.286Z
MU260626P00680000,MU260626P00680000,SELL,FILLED,2.0,2.0,@9.95,9.95,DAY,2026-06-04T14:11:10.426Z,2026-06-04T14:11:22.727Z
IREN260612P00057000,IREN260612P00057000,BUY,FILLED,1.0,1.0,@2.72,2.72,DAY,2026-06-04T13:56:50.015Z,2026-06-04T13:57:01.880Z
AVGO260605P00397500,AVGO260605P00397500,SELL,FILLED,1.0,1.0,@3.95,3.95,DAY,2026-06-04T13:48:16.286Z,2026-06-04T13:48:16.683Z
MSTR260618P00133000,MSTR260618P00133000,SELL,FILLED,1.0,1.0,@10.95,10.95,DAY,2026-06-04T13:46:07.571Z,2026-06-04T13:46:07.636Z
MU260626P00700000,MU260626P00700000,BUY,FILLED,1.0,1.0,@11.1,11.1,DAY,2026-06-04T13:45:22.612Z,2026-06-04T13:45:44.577Z
AVGO260605P00397500,AVGO260605P00397500,BUY,FILLED,1.0,1.0,@4.65,4.65,DAY,2026-06-04T13:44:17.305Z,2026-06-04T13:44:18.355Z
MSTR260612P00140000,MSTR260612P00140000,SELL,FILLED,1.0,1.0,@13.8,13.85,DAY,2026-06-04T13:39:40.870Z,2026-06-04T13:39:57.569Z
MSFT260615P00415000,MSFT260615P00415000,SELL,FILLED,1.0,1.0,@3.5,3.5,DAY,2026-06-04T13:31:49.770Z,2026-06-04T13:31:49.830Z
MU260626P00680000,MU260626P00680000,BUY,FILLED,2.0,2.0,@9.15,9.15,DAY,2026-06-04T13:31:32.204Z,2026-06-04T13:31:32.289Z
GLD260717P00415000,GLD260717P00415000,SELL,FILLED,1.0,1.0,@12.05,12.05,DAY,2026-06-04T13:30:20.047Z,2026-06-04T13:30:20.084Z
SLV260717P00055000,SLV260717P00055000,BUY,FILLED,10.0,10.0,@0.53,0.52,DAY,2026-06-03T19:51:01.740Z,2026-06-03T19:51:02.056Z
XLE260717C00057000,XLE260717C00057000,BUY,FILLED,3.0,3.0,@3.3,3.3,DAY,2026-06-03T19:50:02.868Z,2026-06-03T19:50:02.920Z
GLD260717P00415000,GLD260717P00415000,BUY,FILLED,1.0,1.0,@15.05,15.05,DAY,2026-06-03T19:28:54.795Z,2026-06-03T19:28:54.933Z
SPCE260618P00003000,SPCE260618P00003000,SELL,FILLED,25.0,25.0,@0.1,0.1,DAY,2026-06-03T17:25:30.666Z,2026-06-03T17:25:30.705Z
SPCE260618P00003000,SPCE260618P00003000,BUY,FILLED,50.0,50.0,@0.11,0.11,DAY,2026-06-03T17:25:06.027Z,2026-06-03T17:25:06.419Z
MSFT260615P00415000,MSFT260615P00415000,BUY,FILLED,1.0,1.0,@5.35,5.35,DAY,2026-06-03T17:12:51.255Z,2026-06-03T17:13:03.745Z
QQQ260604P00737000,QQQ260604P00737000,SELL,FILLED,3.0,3.0,@1.63,1.64,DAY,2026-06-03T17:01:13.447Z,2026-06-03T17:01:13.587Z
IREN260612P00066000,IREN260612P00066000,BUY,FILLED,1.0,1.0,@4.75,4.7,DAY,2026-06-03T15:22:17.286Z,2026-06-03T15:22:17.424Z
IREN260618C00067000,IREN260618C00067000,SELL,FILLED,3.0,3.0,@5.6,5.6,DAY,2026-06-03T15:22:01.979Z,2026-06-03T15:22:02.018Z
MSTR260717P00095000,MSTR260717P00095000,BUY,FILLED,5.0,5.0,@2.49,2.49,DAY,2026-06-03T15:21:34.178Z,2026-06-03T15:21:34.303Z
MRAM260618C00055000,MRAM260618C00055000,SELL,FILLED,10.0,10.0,@0.45,0.45,DAY,2026-06-03T15:19:19.853Z,2026-06-03T15:19:23.990Z
RGTI260618C00031000,RGTI260618C00031000,SELL,FILLED,3.0,3.0,@0.95,0.95,DAY,2026-06-03T15:19:00.276Z,2026-06-03T15:19:35.658Z
QQQ260604P00737000,QQQ260604P00737000,BUY,FILLED,3.0,3.0,@1.5,1.49,DAY,2026-06-03T14:50:49.740Z,2026-06-03T14:50:49.917Z
RGTI260618C00030000,RGTI260618C00030000,SELL,FILLED,5.0,5.0,@1.55,1.55,DAY,2026-06-03T14:23:15.428Z,2026-06-03T14:23:16.777Z
MU260605P00900000,MU260605P00900000,SELL,FILLED,3.0,3.0,@2.21,2.21,DAY,2026-06-03T14:21:10.985Z,2026-06-03T14:21:11.038Z
RGTI260618C00031000,RGTI260618C00031000,BUY,FILLED,3.0,3.0,@1.93,1.93,DAY,2026-06-03T14:11:46.992Z,2026-06-03T14:11:47.044Z
RGTI260618C00030000,RGTI260618C00030000,BUY,FILLED,5.0,5.0,@1.41,1.39,DAY,2026-06-03T13:58:03.658Z,2026-06-03T13:58:03.755Z
BMNR260605P00016500,BMNR260605P00016500,SELL,FILLED,30.0,30.0,@0.17,0.17,DAY,2026-06-03T13:57:14.328Z,2026-06-03T13:57:14.366Z
MU260605P00900000,MU260605P00900000,BUY,FILLED,3.0,3.0,@3.1,3.1,DAY,2026-06-03T13:57:00.490Z,2026-06-03T13:57:00.552Z
AVGO260612C00542500,AVGO260612C00542500,SELL,FILLED,1.0,1.0,@7.75,7.75,DAY,2026-06-03T13:56:20.404Z,2026-06-03T13:56:27.303Z
MU260605P00900000,MU260605P00900000,SELL,FILLED,3.0,3.0,@2.86,2.86,DAY,2026-06-03T13:55:25.466Z,2026-06-03T13:55:32.284Z
QQQ260604P00739000,QQQ260604P00739000,SELL,FILLED,2.0,2.0,@3.09,3.09,DAY,2026-06-03T13:50:45.802Z,2026-06-03T13:50:46.173Z
MU260605P00900000,MU260605P00900000,BUY,FILLED,3.0,3.0,@3.2,3.2,DAY,2026-06-03T13:48:50.545Z,2026-06-03T13:48:50.598Z
GOOGL260612C00380000,GOOGL260612C00380000,SELL,FILLED,2.0,2.0,@2.58,2.58,DAY,2026-06-03T13:47:13.538Z,2026-06-03T13:47:32.632Z
IREN260612C00073000,IREN260612C00073000,SELL,FILLED,5.0,5.0,@3.1,3.1,DAY,2026-06-03T13:46:48.265Z,2026-06-03T13:46:53.035Z
IREN260717C00065000,IREN260717C00065000,SELL,FILLED,2.0,2.0,@11.35,11.4,DAY,2026-06-03T13:46:29.949Z,2026-06-03T13:47:03.857Z
INTC260618C00126000,INTC260618C00126000,SELL,FILLED,2.0,2.0,@4.7,4.7,DAY,2026-06-03T13:44:54.513Z,2026-06-03T13:45:01.917Z
NVTS260605C00034500,NVTS260605C00034500,SELL,FILLED,4.0,4.0,@1.2,1.2,DAY,2026-06-03T13:44:17.608Z,2026-06-03T13:44:17.648Z
BMNR260605P00016500,BMNR260605P00016500,BUY,FILLED,30.0,30.0,@0.16,0.15,DAY,2026-06-03T13:44:05.782Z,2026-06-03T13:44:05.871Z
QQQ260604P00739000,QQQ260604P00739000,BUY,FILLED,2.0,2.0,@1.76,1.75,DAY,2026-06-03T13:41:58.834Z,2026-06-03T13:42:31.427Z
INTC260618C00126000,INTC260618C00126000,BUY,FILLED,2.0,2.0,@5.8,5.8,DAY,2026-06-03T13:40:10.438Z,2026-06-03T13:40:10.477Z
MU260605C01180000,MU260605C01180000,SELL,FILLED,1.0,1.0,@5.95,5.95,DAY,2026-06-03T13:36:50.570Z,2026-06-03T13:36:54.173Z
NVTS260605C00034500,NVTS260605C00034500,BUY,FILLED,4.0,4.0,@1.32,1.32,DAY,2026-06-03T13:36:30.670Z,2026-06-03T13:36:30.719Z
INTC260618C00126000,INTC260618C00126000,SELL,FILLED,2.0,2.0,@4.75,4.75,DAY,2026-06-03T13:36:09.518Z,2026-06-03T13:36:09.588Z
IREN260605P00056000,IREN260605P00056000,SELL,FILLED,3.0,3.0,@0.17,0.18,DAY,2026-06-03T13:34:05.928Z,2026-06-03T13:34:22.726Z
IREN260717C00065000,IREN260717C00065000,BUY,FILLED,2.0,2.0,@13.6,13.6,DAY,2026-06-03T13:33:46.863Z,2026-06-03T13:33:55.654Z
INTC260618C00126000,INTC260618C00126000,BUY,FILLED,2.0,2.0,@5.6,5.6,DAY,2026-06-03T13:30:16.772Z,2026-06-03T13:30:16.861Z
MU260605C01180000,MU260605C01180000,BUY,FILLED,1.0,1.0,@9.65,9.65,DAY,2026-06-02T19:58:45.480Z,2026-06-02T19:58:45.595Z
LAC260717C00010000,LAC260717C00010000,SELL,FILLED,40.0,40.0,@0.11,0.12,DAY,2026-06-02T18:47:37.704Z,2026-06-02T18:47:37.855Z
XLE260630C00060000,XLE260630C00060000,BUY,FILLED,10.0,10.0,@1.0,1.0,DAY,2026-06-02T18:47:11.289Z,2026-06-02T18:47:11.419Z
GOOGL260612C00380000,GOOGL260612C00380000,BUY,FILLED,2.0,2.0,@3.35,3.28,DAY,2026-06-02T18:17:56.286Z,2026-06-02T18:17:56.451Z
AVGO260612C00542500,AVGO260612C00542500,SELL,FILLED,1.0,1.0,@8.0,8.0,DAY,2026-06-02T17:32:59.542Z,2026-06-02T17:33:04.353Z
NVDA260615C00230000,NVDA260615C00230000,SELL,FILLED,2.0,2.0,@4.85,4.85,DAY,2026-06-02T16:54:43.761Z,2026-06-02T16:54:43.803Z
MSTR260612P00140000,MSTR260612P00140000,SELL,FILLED,1.0,1.0,@8.25,8.25,DAY,2026-06-02T16:44:28.533Z,2026-06-02T16:44:37.344Z
NVDA260615C00230000,NVDA260615C00230000,SELL,CANCELLED,0.0,2.0,@4.75,,DAY,2026-06-02T16:22:27.379Z,
TSLA260618C00452500,TSLA260618C00452500,SELL,FILLED,1.0,1.0,@6.3,6.33,DAY,2026-06-02T16:22:17.884Z,2026-06-02T16:22:18.018Z
AVGO260612C00542500,AVGO260612C00542500,SELL,CANCELLED,0.0,1.0,@9.3,,DAY,2026-06-02T16:22:10.143Z,
LAC260717C00010000,LAC260717C00010000,BUY,FILLED,40.0,40.0,@0.12,0.12,DAY,2026-06-02T16:15:06.122Z,2026-06-02T16:15:06.266Z
AVGO260612C00542500,AVGO260612C00542500,BUY,FILLED,1.0,1.0,@9.35,9.35,DAY,2026-06-02T15:55:23.902Z,2026-06-02T15:55:44.110Z
TSLA260618C00452500,TSLA260618C00452500,BUY,FILLED,1.0,1.0,@5.7,5.61,DAY,2026-06-02T14:01:33.303Z,2026-06-02T14:01:33.440Z
NVDA260615C00230000,NVDA260615C00230000,SELL,FILLED,1.0,1.0,@8.7,8.7,DAY,2026-06-02T13:59:38.298Z,2026-06-02T13:59:38.349Z
AVGO260612C00495000,AVGO260612C00495000,SELL,FILLED,1.0,1.0,@21.6,21.6,DAY,2026-06-02T13:56:10.258Z,2026-06-02T13:56:20.493Z
AVGO260612C00542500,AVGO260612C00542500,BUY,FILLED,1.0,1.0,@10.1,10.1,DAY,2026-06-02T13:56:04.360Z,2026-06-02T13:56:04.435Z
FCX260618C00075000,FCX260618C00075000,SELL,FILLED,5.0,5.0,@1.75,1.75,DAY,2026-06-02T13:42:50.892Z,2026-06-02T13:42:50.960Z
LAC260605C00006500,LAC260605C00006500,SELL,FILLED,30.0,30.0,@0.23,0.23,DAY,2026-06-02T13:42:08.231Z,2026-06-02T13:42:09.702Z
FCX260618C00075000,FCX260618C00075000,BUY,FILLED,5.0,5.0,@1.72,1.72,DAY,2026-06-02T13:37:36.250Z,2026-06-02T13:37:47.681Z
AVGO260618C00550000,AVGO260618C00550000,SELL,FILLED,1.0,1.0,@10.3,10.3,DAY,2026-06-02T13:36:56.367Z,2026-06-02T13:36:56.442Z
MSTR260618P00133000,MSTR260618P00133000,BUY,FILLED,1.0,1.0,@5.5,5.41,DAY,2026-06-02T13:36:32.372Z,2026-06-02T13:36:32.526Z
AVGO260612C00495000,AVGO260612C00495000,SELL,CANCELLED,0.0,1.0,@24.1,,DAY,2026-06-02T13:35:12.791Z,
USO260603C00150000,USO260603C00150000,SELL,FILLED,8.0,8.0,@0.04,0.05,DAY,2026-06-02T13:33:52.616Z,2026-06-02T18:48:11.614Z
AVGO260618C00550000,AVGO260618C00550000,BUY,FILLED,1.0,1.0,@11.8,11.8,DAY,2026-06-02T13:33:31.419Z,2026-06-02T13:33:31.457Z
MU260612C01340000,MU260612C01340000,SELL,FILLED,1.0,1.0,@8.35,8.35,DAY,2026-06-02T13:33:03.070Z,2026-06-02T13:33:03.116Z
LAC260605C00006500,LAC260605C00006500,BUY,FILLED,30.0,30.0,@0.14,0.14,DAY,2026-06-02T13:32:22.533Z,2026-06-02T13:32:29.558Z
MRAM260618C00055000,MRAM260618C00055000,BUY,FILLED,10.0,10.0,@1.05,1.05,DAY,2026-06-01T18:11:22.640Z,2026-06-01T18:11:22.676Z
MSTR260612P00140000,MSTR260612P00140000,SELL,FILLED,1.0,1.0,@2.74,2.74,DAY,2026-06-01T17:45:38.226Z,2026-06-01T17:45:39.200Z
MU260612C01340000,MU260612C01340000,BUY,FILLED,1.0,1.0,@11.1,11.1,DAY,2026-06-01T16:24:59.173Z,2026-06-01T16:25:02.250Z
MSTR260612P00140000,MSTR260612P00140000,BUY,FILLED,1.0,1.0,@3.4,3.4,DAY,2026-06-01T15:57:56.222Z,2026-06-01T15:58:04.726Z
INFQ260618C00020000,INFQ260618C00020000,SELL,FILLED,5.0,5.0,@1.65,1.65,DAY,2026-06-01T15:56:53.330Z,2026-06-01T15:56:57.452Z
FLNC260618C00034000,FLNC260618C00034000,SELL,FILLED,2.0,2.0,@1.1,1.1,DAY,2026-06-01T15:53:34.154Z,2026-06-01T15:53:38.515Z
FLNC260618C00034000,FLNC260618C00034000,BUY,FILLED,2.0,2.0,@1.3,1.22,DAY,2026-06-01T15:26:06.635Z,2026-06-01T15:26:06.770Z
INFQ260618C00020000,INFQ260618C00020000,BUY,FILLED,5.0,5.0,@1.7,1.66,DAY,2026-06-01T15:19:29.283Z,2026-06-01T15:19:29.468Z
IREN260612C00073000,IREN260612C00073000,BUY,FILLED,5.0,5.0,@2.87,2.87,DAY,2026-06-01T15:04:26.533Z,2026-06-01T15:04:26.588Z
IREN260618C00057000,IREN260618C00057000,BUY,FILLED,3.0,3.0,@9.85,9.85,DAY,2026-06-01T14:52:00.711Z,2026-06-01T14:52:09.687Z
AVGO260612C00495000,AVGO260612C00495000,BUY,FILLED,1.0,1.0,@11.0,11.0,DAY,2026-06-01T14:24:05.991Z,2026-06-01T14:24:06.042Z
NVDA260615C00230000,NVDA260615C00230000,BUY,FILLED,2.0,2.0,@4.5,4.3,DAY,2026-06-01T14:22:13.165Z,2026-06-01T14:22:13.201Z
CRWV260605C00125000,CRWV260605C00125000,SELL,FILLED,2.0,2.0,@5.65,5.65,DAY,2026-06-01T14:10:21.600Z,2026-06-01T14:10:21.752Z
QCOM260605P00215000,QCOM260605P00215000,SELL,FILLED,1.0,1.0,@3.95,3.95,DAY,2026-06-01T14:08:58.799Z,2026-06-01T14:09:08.439Z
CRWV260605C00125000,CRWV260605C00125000,BUY,FILLED,2.0,2.0,@5.85,5.85,DAY,2026-06-01T14:08:51.808Z,2026-06-01T14:08:51.963Z
IREN260618C00057000,IREN260618C00057000,SELL,FILLED,3.0,3.0,@8.1,8.1,DAY,2026-06-01T14:03:54.743Z,2026-06-01T14:04:03.880Z
QCOM260605P00215000,QCOM260605P00215000,BUY,FILLED,1.0,1.0,@5.2,5.2,DAY,2026-06-01T14:03:31.173Z,2026-06-01T14:03:31.213Z
NVDA260615C00230000,NVDA260615C00230000,SELL,FILLED,2.0,2.0,@3.35,3.35,DAY,2026-06-01T14:02:15.756Z,2026-06-01T14:02:28.576Z
MSTR260612P00140000,MSTR260612P00140000,BUY,FILLED,1.0,1.0,@4.05,4.05,DAY,2026-06-01T13:59:40.228Z,2026-06-01T13:59:40.265Z
GLD260717C00410000,GLD260717C00410000,SELL,FILLED,1.0,1.0,@13.6,13.6,DAY,2026-06-01T13:59:09.938Z,2026-06-01T13:59:10.048Z
USO260618C00145000,USO260618C00145000,BUY,CANCELLED,0.0,2.0,@4.75,,DAY,2026-06-01T13:58:35.589Z,
USO260603C00150000,USO260603C00150000,SELL,FILLED,7.0,7.0,@0.55,0.55,DAY,2026-06-01T13:56:24.316Z,2026-06-01T13:56:35.821Z
CRWV260605C00125000,CRWV260605C00125000,SELL,FILLED,2.0,2.0,@3.6,3.6,DAY,2026-06-01T13:50:24.015Z,2026-06-01T13:50:24.054Z
IREN260605C00062000,IREN260605C00062000,BUY,FILLED,3.0,3.0,,3.8,DAY,2026-06-01T13:48:25.273Z,2026-06-01T13:48:25.415Z
CRWV260605C00125000,CRWV260605C00125000,BUY,FILLED,2.0,2.0,@4.6,4.4,DAY,2026-06-01T13:48:05.256Z,2026-06-01T13:48:05.403Z
FLNC260618C00032000,FLNC260618C00032000,SELL,FILLED,3.0,3.0,@1.1,1.1,DAY,2026-06-01T13:47:20.440Z,2026-06-01T13:47:20.497Z
COIN260612P00165000,COIN260612P00165000,SELL,FILLED,3.0,3.0,@3.25,3.25,DAY,2026-06-01T13:47:07.394Z,2026-06-01T13:47:07.448Z
NVDA260615C00230000,NVDA260615C00230000,SELL,FILLED,2.0,2.0,@3.35,3.35,DAY,2026-06-01T13:45:11.264Z,2026-06-01T13:45:11.347Z
USO260618C00145000,USO260618C00145000,BUY,CANCELLED,0.0,1.0,@4.35,,DAY,2026-06-01T13:42:50.350Z,
COIN260605P00170000,COIN260605P00170000,SELL,FILLED,1.0,1.0,@2.77,2.77,DAY,2026-06-01T13:41:36.235Z,2026-06-01T13:41:36.315Z
MSTR260612P00140000,MSTR260612P00140000,SELL,FILLED,2.0,2.0,@4.5,4.5,DAY,2026-06-01T13:39:24.456Z,2026-06-01T13:39:34.120Z
NVDA260615C00230000,NVDA260615C00230000,BUY,FILLED,2.0,2.0,@3.95,3.95,DAY,2026-06-01T13:38:56.725Z,2026-06-01T13:38:56.834Z
NVDA260615C00230000,NVDA260615C00230000,BUY,FILLED,3.0,3.0,@3.75,3.75,DAY,2026-06-01T13:34:00.325Z,2026-06-01T13:34:00.362Z
MU260605P00815000,MU260605P00815000,SELL,FILLED,1.0,1.0,@4.3,4.3,DAY,2026-06-01T13:32:41.343Z,2026-06-01T13:32:41.384Z
FLNC260618C00032000,FLNC260618C00032000,BUY,FILLED,3.0,3.0,@1.4,1.4,DAY,2026-06-01T13:32:22.536Z,2026-06-01T13:32:22.585Z
MSTR260612P00140000,MSTR260612P00140000,BUY,FILLED,3.0,3.0,@4.9,4.9,DAY,2026-06-01T13:30:41.807Z,2026-06-01T13:30:41.935Z
MU260605P00815000,MU260605P00815000,SELL,FILLED,1.0,1.0,@10.1,10.1,DAY,2026-05-29T19:55:14.617Z,2026-05-29T19:55:21.871Z
MU260605P00815000,MU260605P00815000,BUY,FILLED,1.0,1.0,@11.15,11.04,DAY,2026-05-29T19:52:27.727Z,2026-05-29T19:52:27.896Z
USO260603C00150000,USO260603C00150000,BUY,FILLED,15.0,15.0,@0.34,0.3,DAY,2026-05-29T19:22:34.324Z,2026-05-29T19:22:34.365Z
MU260529C01020000,MU260529C01020000,SELL,FILLED,1.0,1.0,@0.06,0.06,DAY,2026-05-29T19:16:29.725Z,2026-05-29T19:16:29.801Z
IREN260605P00056000,IREN260605P00056000,BUY,FILLED,3.0,3.0,@1.5,1.48,DAY,2026-05-29T19:04:31.337Z,2026-05-29T19:04:31.489Z
MU260605P00815000,MU260605P00815000,BUY,FILLED,1.0,1.0,@11.5,11.5,DAY,2026-05-29T18:40:39.231Z,2026-05-29T18:40:39.290Z
MU260605P00815000,MU260605P00815000,SELL,FILLED,1.0,1.0,@10.6,10.6,DAY,2026-05-29T17:51:33.844Z,2026-05-29T17:51:38.210Z
MU260605P00815000,MU260605P00815000,BUY,FILLED,1.0,1.0,@11.15,10.85,DAY,2026-05-29T17:33:03.232Z,2026-05-29T17:33:03.267Z
MU260605C01145000,MU260605C01145000,SELL,FILLED,1.0,1.0,@9.4,9.4,DAY,2026-05-29T17:16:11.826Z,2026-05-29T17:16:11.865Z
IREN260605C00062000,IREN260605C00062000,SELL,FILLED,3.0,3.0,@3.7,3.72,DAY,2026-05-29T16:49:54.441Z,2026-05-29T16:49:54.605Z
GLD260717C00410000,GLD260717C00410000,SELL,FILLED,1.0,1.0,@19.75,19.75,DAY,2026-05-29T16:49:10.883Z,2026-05-29T16:49:10.932Z
IREN260717C00050000,IREN260717C00050000,SELL,FILLED,2.0,2.0,@15.75,15.75,DAY,2026-05-29T16:48:53.518Z,2026-05-29T16:48:59.595Z
GLD260717C00410000,GLD260717C00410000,BUY,FILLED,2.0,2.0,@20.25,20.1,DAY,2026-05-29T16:17:39.906Z,2026-05-29T16:17:40.044Z
MU260605C01145000,MU260605C01145000,BUY,FILLED,1.0,1.0,@11.45,11.45,DAY,2026-05-29T15:12:45.657Z,2026-05-29T15:13:03.881Z
IREN260717C00050000,IREN260717C00050000,BUY,FILLED,1.0,1.0,@18.55,18.29,DAY,2026-05-29T15:11:41.546Z,2026-05-29T15:11:41.684Z
IREN260717C00050000,IREN260717C00050000,BUY,FILLED,1.0,1.0,@18.25,18.21,DAY,2026-05-29T15:07:36.524Z,2026-05-29T15:07:56.585Z
COIN260612P00165000,COIN260612P00165000,BUY,FILLED,3.0,3.0,@3.25,3.1,DAY,2026-05-29T14:47:15.843Z,2026-05-29T14:47:15.891Z
ARKK260717C00078000,ARKK260717C00078000,SELL,FILLED,3.0,3.0,@5.7,5.73,DAY,2026-05-29T14:43:19.681Z,2026-05-29T14:43:27.945Z
IREN260717C00050000,IREN260717C00050000,SELL,FILLED,1.0,1.0,@15.85,15.85,DAY,2026-05-29T14:43:03.870Z,2026-05-29T14:43:09.274Z
ARKK260717C00078000,ARKK260717C00078000,SELL,FILLED,3.0,3.0,@5.75,5.76,DAY,2026-05-29T14:41:40.481Z,2026-05-29T14:41:44.796Z
ARKK260612C00085000,ARKK260612C00085000,SELL,FILLED,10.0,10.0,@0.73,0.73,DAY,2026-05-29T14:41:28.122Z,2026-05-29T14:41:28.353Z
IREN260717C00050000,IREN260717C00050000,SELL,FILLED,1.0,1.0,@15.3,15.35,DAY,2026-05-29T14:41:10.901Z,2026-05-29T14:41:16.215Z
NVDA260612C00230000,NVDA260612C00230000,SELL,FILLED,5.0,5.0,@2.04,2.04,DAY,2026-05-29T14:39:16.581Z,2026-05-29T14:39:16.720Z
ARKK260717C00078000,ARKK260717C00078000,SELL,CANCELLED,0.0,6.0,@6.25,,DAY,2026-05-29T14:38:47.945Z,
COIN260605P00170000,COIN260605P00170000,BUY,FILLED,1.0,1.0,@2.27,2.27,DAY,2026-05-29T14:34:59.199Z,2026-05-29T14:34:59.240Z
MSFT260601C00452500,MSFT260601C00452500,SELL,FILLED,4.0,4.0,@1.26,1.3,DAY,2026-05-29T14:08:29.602Z,2026-05-29T14:08:37.826Z
MU260605C01145000,MU260605C01145000,SELL,FILLED,1.0,1.0,@12.65,12.65,DAY,2026-05-29T14:07:37.753Z,2026-05-29T14:07:48.816Z
MU260605C01145000,MU260605C01145000,BUY,FILLED,1.0,1.0,@12.6,12.6,DAY,2026-05-29T14:07:14.222Z,2026-05-29T14:07:14.272Z
MU260605C01145000,MU260605C01145000,SELL,FILLED,1.0,1.0,@12.75,12.75,DAY,2026-05-29T14:02:07.177Z,2026-05-29T14:02:14.664Z
IREN260529P00063000,IREN260529P00063000,SELL,FILLED,3.0,3.0,@0.78,0.78,DAY,2026-05-29T13:58:39.690Z,2026-05-29T13:58:39.786Z
NVDA260612C00230000,NVDA260612C00230000,BUY,FILLED,5.0,5.0,@2.2,2.2,DAY,2026-05-29T13:55:02.754Z,2026-05-29T13:55:02.818Z
MSFT260601C00452500,MSFT260601C00452500,BUY,FILLED,4.0,4.0,@1.1,1.06,DAY,2026-05-29T13:53:36.592Z,2026-05-29T13:53:36.631Z
QCOM260605C00282500,QCOM260605C00282500,SELL,FILLED,1.0,1.0,,5.1,DAY,2026-05-29T13:50:15.812Z,2026-05-29T13:50:15.853Z
MU260605C01145000,MU260605C01145000,BUY,FILLED,1.0,1.0,@10.7,10.7,DAY,2026-05-29T13:48:50.874Z,2026-05-29T13:48:52.700Z
QCOM260605C00282500,QCOM260605C00282500,BUY,FILLED,1.0,1.0,@5.65,5.65,DAY,2026-05-29T13:47:34.272Z,2026-05-29T13:47:37.457Z
MSFT260601C00452500,MSFT260601C00452500,SELL,FILLED,5.0,5.0,@1.15,1.15,DAY,2026-05-29T13:45:34.253Z,2026-05-29T13:45:53.893Z
UVXY260529C00035000,UVXY260529C00035000,SELL,FILLED,30.0,30.0,@0.01,0.01,DAY,2026-05-29T13:39:51.624Z,2026-05-29T13:39:51.666Z
NVDA260608C00230000,NVDA260608C00230000,SELL,FILLED,5.0,5.0,@0.92,0.92,DAY,2026-05-29T13:35:21.331Z,2026-05-29T13:35:21.442Z
MU260605C01140000,MU260605C01140000,SELL,FILLED,1.0,1.0,@10.6,10.6,DAY,2026-05-29T13:35:15.224Z,2026-05-29T13:35:15.282Z
MSFT260601C00452500,MSFT260601C00452500,BUY,FILLED,5.0,5.0,@1.06,1.06,DAY,2026-05-29T13:34:45.483Z,2026-05-29T13:34:45.565Z
NVDA260608C00230000,NVDA260608C00230000,SELL,FILLED,5.0,5.0,@0.9,0.9,DAY,2026-05-29T13:33:58.129Z,2026-05-29T13:33:58.168Z
MU260605C01140000,MU260605C01140000,BUY,FILLED,1.0,1.0,@9.4,9.4,DAY,2026-05-29T13:30:58.929Z,2026-05-29T13:31:08.100Z
MU260529C01020000,MU260529C01020000,BUY,FILLED,1.0,1.0,@3.85,3.02,DAY,2026-05-29T13:30:35.037Z,2026-05-29T13:30:35.182Z
ARKK260717C00078000,ARKK260717C00078000,BUY,FILLED,3.0,3.0,@6.25,6.25,DAY,2026-05-28T19:16:34.916Z,2026-05-28T19:16:34.961Z
ARKK260717C00078000,ARKK260717C00078000,BUY,FILLED,3.0,3.0,@6.6,6.29,DAY,2026-05-28T19:14:34.442Z,2026-05-28T19:14:34.539Z
QCOM260605C00272500,QCOM260605C00272500,SELL,FILLED,2.0,2.0,@4.0,4.05,DAY,2026-05-28T18:39:21.883Z,2026-05-28T18:39:27.201Z
NVDA260608C00230000,NVDA260608C00230000,BUY,FILLED,10.0,10.0,@1.16,1.13,DAY,2026-05-28T17:51:54.006Z,2026-05-28T17:51:54.237Z
MSTR260618P00110000,MSTR260618P00110000,SELL,FILLED,18.0,18.0,@0.6,0.63,DAY,2026-05-28T17:31:58.187Z,2026-05-28T17:31:58.326Z
NBIS260605C00240000,NBIS260605C00240000,SELL,FILLED,1.0,1.0,@8.35,8.35,DAY,2026-05-28T17:22:24.127Z,2026-05-28T17:22:24.172Z
QCOM260605C00272500,QCOM260605C00272500,BUY,FILLED,2.0,2.0,@5.55,5.55,DAY,2026-05-28T17:02:12.537Z,2026-05-28T17:02:12.579Z
NBIS260605C00240000,NBIS260605C00240000,BUY,FILLED,1.0,1.0,@10.5,10.2,DAY,2026-05-28T16:52:45.698Z,2026-05-28T16:52:45.843Z
NBIS260605C00235000,NBIS260605C00235000,SELL,FILLED,1.0,1.0,@11.55,11.55,DAY,2026-05-28T15:36:34.539Z,2026-05-28T15:36:34.589Z
NBIS260605C00240000,NBIS260605C00240000,SELL,FILLED,1.0,1.0,@9.7,9.7,DAY,2026-05-28T15:36:23.117Z,2026-05-28T15:36:23.153Z
NBIS260605C00240000,NBIS260605C00240000,BUY,FILLED,1.0,1.0,@11.45,11.45,DAY,2026-05-28T15:22:37.734Z,2026-05-28T15:22:37.814Z
NBIS260605C00235000,NBIS260605C00235000,BUY,FILLED,1.0,1.0,@11.25,11.05,DAY,2026-05-28T15:18:40.606Z,2026-05-28T15:18:40.741Z
ARKK260612C00085000,ARKK260612C00085000,BUY,FILLED,10.0,10.0,@0.62,0.62,DAY,2026-05-28T15:12:50.918Z,2026-05-28T15:13:22.257Z
MU260605C01130000,MU260605C01130000,SELL,FILLED,1.0,1.0,@10.2,10.2,DAY,2026-05-28T14:34:02.500Z,2026-05-28T14:34:11.403Z
INTC260605P00108000,INTC260605P00108000,SELL,FILLED,2.0,2.0,@2.2,2.2,DAY,2026-05-28T14:30:43.130Z,2026-05-28T14:30:47.859Z
MU260605C01130000,MU260605C01130000,BUY,FILLED,1.0,1.0,@10.8,10.8,DAY,2026-05-28T14:30:28.853Z,2026-05-28T14:31:07.182Z
INTC260605P00108000,INTC260605P00108000,BUY,FILLED,2.0,2.0,@2.55,2.51,DAY,2026-05-28T14:04:26.827Z,2026-05-28T14:04:26.974Z
ORCL260605C00205000,ORCL260605C00205000,SELL,FILLED,3.0,3.0,@3.8,3.8,DAY,2026-05-28T14:01:35.731Z,2026-05-28T14:01:35.769Z
ORCL260605C00205000,ORCL260605C00205000,BUY,FILLED,3.0,3.0,@3.8,3.8,DAY,2026-05-28T13:49:43.849Z,2026-05-28T13:49:47.447Z
ONDS260605C00013000,ONDS260605C00013000,SELL,FILLED,6.0,6.0,@0.85,0.88,DAY,2026-05-28T13:47:24.650Z,2026-05-28T13:47:39.461Z
BNO260605P00047000,BNO260605P00047000,SELL,FILLED,8.0,8.0,@0.6,0.6,DAY,2026-05-28T13:44:30.855Z,2026-05-28T14:13:04.559Z
ORCL260605C00205000,ORCL260605C00205000,SELL,FILLED,3.0,3.0,@3.15,3.17,DAY,2026-05-28T13:44:03.753Z,2026-05-28T13:44:12.301Z
NVDA260610C00240000,NVDA260610C00240000,SELL,FILLED,20.0,20.0,@0.56,0.56,DAY,2026-05-28T13:43:49.577Z,2026-05-28T13:44:21.064Z
MSTR260618P00110000,MSTR260618P00110000,BUY,FILLED,18.0,18.0,@0.91,0.77,DAY,2026-05-28T13:39:29.933Z,2026-05-28T13:39:30.074Z
ONDS260605C00013000,ONDS260605C00013000,BUY,FILLED,3.0,3.0,@0.81,0.81,DAY,2026-05-28T13:35:27.789Z,2026-05-28T13:35:27.828Z
ONDS260605C00013000,ONDS260605C00013000,BUY,FILLED,3.0,3.0,@0.8,0.69,DAY,2026-05-28T13:34:50.717Z,2026-05-28T13:34:50.755Z
ORCL260605C00205000,ORCL260605C00205000,BUY,FILLED,3.0,3.0,@3.5,3.5,DAY,2026-05-28T13:34:07.358Z,2026-05-28T13:34:07.843Z
IREN260529P00063000,IREN260529P00063000,BUY,FILLED,3.0,3.0,@1.11,1.05,DAY,2026-05-28T13:33:16.501Z,2026-05-28T13:33:16.537Z
META260605C00650000,META260605C00650000,SELL,FILLED,1.0,1.0,@9.5,9.5,DAY,2026-05-28T13:31:54.413Z,2026-05-28T13:32:03.918Z
META260605C00645000,META260605C00645000,SELL,FILLED,1.0,1.0,@13.45,13.45,DAY,2026-05-28T13:30:32.541Z,2026-05-28T13:30:32.587Z
META260605C00650000,META260605C00650000,SELL,FILLED,1.0,1.0,@9.7,9.7,DAY,2026-05-27T19:19:44.693Z,2026-05-27T19:19:44.784Z
BNO260605P00047000,BNO260605P00047000,BUY,FILLED,8.0,8.0,@0.6,0.6,DAY,2026-05-27T19:00:46.355Z,2026-05-27T19:00:46.403Z
META260605C00645000,META260605C00645000,SELL,FILLED,1.0,1.0,@9.65,9.65,DAY,2026-05-27T18:38:22.035Z,2026-05-27T18:38:26.394Z
INTC260605C00140000,INTC260605C00140000,SELL,FILLED,8.0,8.0,@1.4,1.42,DAY,2026-05-27T18:22:58.154Z,2026-05-27T18:22:58.190Z
META260605C00650000,META260605C00650000,BUY,FILLED,2.0,2.0,@5.75,5.75,DAY,2026-05-27T18:22:35.134Z,2026-05-27T18:22:37.419Z
TSLA260717C00420000,TSLA260717C00420000,SELL,FILLED,1.0,1.0,@42.9,43.05,DAY,2026-05-27T18:22:12.355Z,2026-05-27T18:22:12.498Z
META260605C00645000,META260605C00645000,BUY,FILLED,2.0,2.0,@4.95,4.95,DAY,2026-05-27T18:05:45.505Z,2026-05-27T18:05:45.592Z
IREN260717C00050000,IREN260717C00050000,BUY,FILLED,2.0,2.0,@19.6,19.45,DAY,2026-05-27T17:26:13.567Z,2026-05-27T17:26:13.743Z
NVDA260610C00240000,NVDA260610C00240000,BUY,FILLED,20.0,20.0,@0.56,0.56,DAY,2026-05-27T16:50:52.770Z,2026-05-27T16:50:52.961Z
SMH260529P00540000,SMH260529P00540000,SELL,FILLED,6.0,6.0,@0.55,0.58,DAY,2026-05-27T16:11:40.964Z,2026-05-27T16:11:47.814Z
SMH260529P00540000,SMH260529P00540000,BUY,FILLED,6.0,6.0,@0.8,0.77,DAY,2026-05-27T15:52:11.001Z,2026-05-27T15:52:11.137Z
SMH260529P00530000,SMH260529P00530000,BUY,CANCELLED,0.0,5.0,@0.49,,DAY,2026-05-27T15:51:25.965Z,
INTC260605C00140000,INTC260605C00140000,BUY,FILLED,8.0,8.0,@1.7,1.69,DAY,2026-05-27T14:50:32.817Z,2026-05-27T14:50:32.856Z
RELL260618C00025000,RELL260618C00025000,SELL,FILLED,10.0,10.0,@0.65,0.69,DAY,2026-05-27T14:29:15.184Z,2026-05-27T14:29:15.249Z
IREN260605C00070000,IREN260605C00070000,SELL,FILLED,2.0,2.0,@1.8,1.83,DAY,2026-05-27T14:25:32.089Z,2026-05-27T14:25:32.235Z
WOLF260717C00060000,WOLF260717C00060000,SELL,FILLED,1.0,1.0,@11.6,11.6,DAY,2026-05-27T14:25:17.282Z,2026-05-27T14:25:21.410Z
IREN260717C00047000,IREN260717C00047000,SELL,FILLED,2.0,2.0,@17.5,17.96,DAY,2026-05-27T14:24:45.959Z,2026-05-27T14:25:00.009Z
MU260605C01005000,MU260605C01005000,SELL,FILLED,1.0,1.0,@30.15,30.15,DAY,2026-05-27T14:24:31.572Z,2026-05-27T14:24:31.612Z
MU260605C01000000,MU260605C01000000,SELL,FILLED,1.0,1.0,@34.75,34.85,DAY,2026-05-27T14:11:27.473Z,2026-05-27T14:11:36.748Z
IREN260605C00070000,IREN260605C00070000,BUY,FILLED,2.0,2.0,@2.86,2.82,DAY,2026-05-27T14:03:51.871Z,2026-05-27T14:03:52.040Z
IREN260717C00047000,IREN260717C00047000,BUY,FILLED,2.0,2.0,@20.4,20.4,DAY,2026-05-27T14:02:19.241Z,2026-05-27T14:02:40.940Z
WOLF260717C00060000,WOLF260717C00060000,BUY,FILLED,1.0,1.0,@16.35,16.35,DAY,2026-05-27T13:51:47.792Z,2026-05-27T13:52:07.973Z
TSLA260717C00420000,TSLA260717C00420000,BUY,FILLED,1.0,1.0,@42.3,42.3,DAY,2026-05-27T13:51:11.815Z,2026-05-27T13:51:11.899Z
MU260605C01005000,MU260605C01005000,BUY,FILLED,1.0,1.0,@41.25,41.25,DAY,2026-05-27T13:50:37.644Z,2026-05-27T13:50:53.984Z
QQQ260527P00723000,QQQ260527P00723000,SELL,FILLED,4.0,4.0,@0.79,0.81,DAY,2026-05-27T13:49:46.738Z,2026-05-27T13:49:58.833Z
MU260605C01000000,MU260605C01000000,SELL,FILLED,1.0,1.0,@32.4,33.45,DAY,2026-05-27T13:48:03.399Z,2026-05-27T13:48:03.583Z
WOLF260717C00060000,WOLF260717C00060000,SELL,FILLED,1.0,1.0,@14.15,14.15,DAY,2026-05-27T13:47:37.542Z,2026-05-27T13:47:37.676Z
QQQ260527P00723000,QQQ260527P00723000,BUY,FILLED,4.0,4.0,@1.06,1.06,DAY,2026-05-27T13:47:15.330Z,2026-05-27T13:47:22.269Z
WOLF260717C00060000,WOLF260717C00060000,SELL,CANCELLED,0.0,1.0,@15.45,,DAY,2026-05-27T13:44:51.986Z,
TSLA260717C00420000,TSLA260717C00420000,SELL,FILLED,1.0,1.0,@42.6,42.6,DAY,2026-05-27T13:44:45.190Z,2026-05-27T13:44:45.237Z
USO260529P00127000,USO260529P00127000,SELL,FILLED,6.0,6.0,@1.18,1.18,DAY,2026-05-27T13:44:41.022Z,2026-05-27T13:44:41.059Z
WOLF260717C00060000,WOLF260717C00060000,BUY,FILLED,1.0,1.0,@15.55,15.55,DAY,2026-05-27T13:41:35.644Z,2026-05-27T13:41:35.682Z
IREN260717C00047000,IREN260717C00047000,SELL,FILLED,1.0,1.0,@17.65,17.65,DAY,2026-05-27T13:37:23.876Z,2026-05-27T13:37:23.927Z
MU260529C01010000,MU260529C01010000,SELL,FILLED,1.0,1.0,@15.85,15.85,DAY,2026-05-27T13:35:31.785Z,2026-05-27T13:35:31.858Z
MU260529C01010000,MU260529C01010000,BUY,FILLED,1.0,1.0,@20.3,19.9,DAY,2026-05-27T13:33:44.725Z,2026-05-27T13:33:44.766Z
UVXY260529C00035000,UVXY260529C00035000,BUY,FILLED,30.0,30.0,@0.16,0.16,DAY,2026-05-26T19:49:10.021Z,2026-05-26T19:49:24.720Z
MU260529C00985000,MU260529C00985000,SELL,FILLED,1.0,1.0,@14.45,14.45,DAY,2026-05-26T19:48:09.364Z,2026-05-26T19:48:09.401Z
USO260529P00127000,USO260529P00127000,BUY,FILLED,6.0,6.0,@0.68,0.68,DAY,2026-05-26T18:01:03.426Z,2026-05-26T18:01:03.460Z
USO260529C00150000,USO260529C00150000,SELL,FILLED,8.0,8.0,@0.45,0.46,DAY,2026-05-26T18:00:21.536Z,2026-05-26T18:00:28.255Z
MU260529C00985000,MU260529C00985000,BUY,FILLED,1.0,1.0,@10.45,10.45,DAY,2026-05-26T17:18:59.562Z,2026-05-26T17:18:59.625Z
QCOM260605C00260000,QCOM260605C00260000,SELL,FILLED,1.0,1.0,@11.1,11.1,DAY,2026-05-26T15:54:01.066Z,2026-05-26T15:54:12.022Z
IREN260529C00064000,IREN260529C00064000,SELL,FILLED,2.0,2.0,@1.4,1.44,DAY,2026-05-26T15:41:20.442Z,2026-05-26T15:41:20.635Z
IREN260529C00064000,IREN260529C00064000,BUY,FILLED,2.0,2.0,@1.69,1.67,DAY,2026-05-26T15:18:24.774Z,2026-05-26T15:18:24.876Z
RELL260618C00025000,RELL260618C00025000,BUY,FILLED,10.0,10.0,@1.0,1.0,DAY,2026-05-26T14:24:22.202Z,2026-05-26T14:24:22.250Z
QCOM260605C00260000,QCOM260605C00260000,BUY,FILLED,1.0,1.0,@10.7,10.53,DAY,2026-05-26T14:18:34.322Z,2026-05-26T14:18:34.670Z
USO260529C00150000,USO260529C00150000,BUY,FILLED,8.0,8.0,@0.62,0.62,DAY,2026-05-26T13:52:12.141Z,2026-05-26T13:52:12.179Z
MU260529C00885000,MU260529C00885000,SELL,FILLED,1.0,1.0,@22.05,22.05,DAY,2026-05-26T13:51:03.152Z,2026-05-26T13:51:03.250Z
QCOM260529C00210000,QCOM260529C00210000,SELL,FILLED,1.0,1.0,@26.5,26.5,DAY,2026-05-26T13:50:38.231Z,2026-05-26T13:50:38.284Z
NVTS260529C00033000,NVTS260529C00033000,SELL,FILLED,7.0,7.0,@2.34,2.34,DAY,2026-05-26T13:43:56.645Z,2026-05-26T13:43:56.701Z
IREN260605C00064000,IREN260605C00064000,SELL,FILLED,5.0,5.0,@2.72,2.72,DAY,2026-05-26T13:43:48.023Z,2026-05-26T13:43:48.582Z
MU260529C00885000,MU260529C00885000,SELL,FILLED,1.0,1.0,@15.35,15.35,DAY,2026-05-26T13:35:12.364Z,2026-05-26T13:35:28.815Z
TSLA260717C00420000,TSLA260717C00420000,BUY,FILLED,1.0,1.0,@37.8,37.8,DAY,2026-05-26T13:32:57.729Z,2026-05-26T13:33:03.797Z
CIFR260529C00025000,CIFR260529C00025000,BUY,CANCELLED,0.0,10.0,@0.64,,DAY,2026-05-26T13:31:02.498Z,
NVTS260529C00033000,NVTS260529C00033000,BUY,FILLED,1.0,1.0,@1.23,1.21,DAY,2026-05-22T19:59:31.704Z,2026-05-22T19:59:31.838Z
NVTS260529C00033000,NVTS260529C00033000,BUY,FILLED,6.0,6.0,@1.23,1.16,DAY,2026-05-22T19:59:26.691Z,2026-05-22T19:59:26.826Z
NVTS260529C00028000,NVTS260529C00028000,SELL,FILLED,3.0,3.0,@2.9,2.9,DAY,2026-05-22T19:53:27.181Z,2026-05-22T19:53:32.332Z
NVTS260529C00028000,NVTS260529C00028000,SELL,FILLED,2.0,2.0,@2.69,2.7,DAY,2026-05-22T19:16:38.544Z,2026-05-22T19:16:38.587Z
AMD260522C00492500,AMD260522C00492500,SELL,CANCELLED,0.0,2.0,@0.01,,DAY,2026-05-22T18:40:46.100Z,
CVX260717C00175000,CVX260717C00175000,SELL,FILLED,1.0,1.0,@19.15,19.15,DAY,2026-05-22T18:40:19.650Z,2026-05-22T18:40:20.347Z
QQQ260529P00697000,QQQ260529P00697000,BUY,FILLED,50.0,50.0,@0.12,0.12,DAY,2026-05-22T18:39:22.008Z,2026-05-22T18:39:35.610Z
QQQ260529P00696000,QQQ260529P00696000,SELL,FILLED,50.0,50.0,@0.12,0.12,DAY,2026-05-22T18:39:22.008Z,2026-05-22T18:39:35.610Z
MU260605C01000000,MU260605C01000000,BUY,FILLED,2.0,2.0,@5.7,5.7,DAY,2026-05-22T17:58:40.558Z,2026-05-22T17:58:40.720Z
TSLA260605C00455000,TSLA260605C00455000,SELL,FILLED,2.0,2.0,@5.2,5.22,DAY,2026-05-22T17:58:19.023Z,2026-05-22T17:58:19.159Z
TSLA260605C00455000,TSLA260605C00455000,BUY,FILLED,2.0,2.0,@5.4,5.36,DAY,2026-05-22T15:31:13.123Z,2026-05-22T15:31:13.270Z
QCOM260529C00210000,QCOM260529C00210000,SELL,FILLED,1.0,1.0,@30.9,30.9,DAY,2026-05-22T14:48:21.582Z,2026-05-22T14:48:26.805Z
NVTS260529C00028000,NVTS260529C00028000,BUY,FILLED,5.0,5.0,@1.6,1.6,DAY,2026-05-22T13:37:29.257Z,2026-05-22T13:37:29.303Z
NVTS260529C00028000,NVTS260529C00028000,BUY,CANCELLED,0.0,4.0,@1.26,,DAY,2026-05-22T13:36:54.381Z,
AMD260522C00492500,AMD260522C00492500,BUY,FILLED,2.0,2.0,@2.74,2.24,DAY,2026-05-22T13:31:36.933Z,2026-05-22T13:31:37.074Z
USO260522P00135000,USO260522P00135000,BUY,FILLED,5.0,5.0,@0.69,0.63,DAY,2026-05-21T19:25:05.815Z,2026-05-21T19:25:05.956Z
USO260527P00135000,USO260527P00135000,SELL,FILLED,1.0,1.0,@3.1,3.12,DAY,2026-05-21T19:23:47.748Z,2026-05-21T19:23:47.886Z
USO260717C00145000,USO260717C00145000,SELL,FILLED,1.0,1.0,@13.9,13.9,DAY,2026-05-21T19:23:37.726Z,2026-05-21T19:23:37.760Z
TTE260717C00087500,TTE260717C00087500,SELL,FILLED,2.0,2.0,@6.7,6.7,DAY,2026-05-21T17:51:18.149Z,2026-05-21T17:51:18.194Z
USO260527P00135000,USO260527P00135000,BUY,FILLED,1.0,1.0,@2.45,2.45,DAY,2026-05-21T17:17:23.716Z,2026-05-21T17:32:25.640Z
IREN260605C00064000,IREN260605C00064000,BUY,FILLED,5.0,5.0,@2.38,2.38,DAY,2026-05-21T17:11:01.399Z,2026-05-21T17:11:01.439Z
QCOM260529C00210000,QCOM260529C00210000,BUY,FILLED,2.0,2.0,@8.3,8.3,DAY,2026-05-21T16:47:13.185Z,2026-05-21T16:47:13.226Z
MU260529C00885000,MU260529C00885000,BUY,FILLED,2.0,2.0,@5.25,5.25,DAY,2026-05-21T16:46:38.686Z,2026-05-21T16:46:38.720Z
IREN260717C00047000,IREN260717C00047000,SELL,FILLED,1.0,1.0,@13.3,13.3,DAY,2026-05-21T15:08:50.983Z,2026-05-21T15:09:05.580Z
QCOM260529C00210000,QCOM260529C00210000,SELL,FILLED,2.0,2.0,@5.7,5.7,DAY,2026-05-21T15:08:20.759Z,2026-05-21T15:08:35.026Z
NVTS260529C00025000,NVTS260529C00025000,SELL,FILLED,3.0,3.0,@1.29,1.29,DAY,2026-05-21T14:34:13.637Z,2026-05-21T14:35:18.474Z
QCOM260529C00217500,QCOM260529C00217500,SELL,FILLED,1.0,1.0,@5.0,5.0,DAY,2026-05-21T14:23:00.703Z,2026-05-21T14:23:00.775Z
QCOM260529C00217500,QCOM260529C00217500,SELL,FILLED,1.0,1.0,@5.75,5.75,DAY,2026-05-21T13:53:48.941Z,2026-05-21T13:53:48.994Z
NVTS260529C00025000,NVTS260529C00025000,BUY,FILLED,3.0,3.0,@1.57,1.57,DAY,2026-05-21T13:53:41.096Z,2026-05-21T13:53:46.048Z
TTE260717C00087500,TTE260717C00087500,BUY,FILLED,2.0,2.0,@8.0,8.0,DAY,2026-05-21T13:49:10.784Z,2026-05-21T13:49:31.277Z
ARM260522C00290000,ARM260522C00290000,SELL,FILLED,1.0,1.0,@5.75,5.75,DAY,2026-05-21T13:46:32.629Z,2026-05-21T13:46:43.216Z
ARM260522C00290000,ARM260522C00290000,BUY,FILLED,1.0,1.0,@4.5,4.5,DAY,2026-05-21T13:33:38.963Z,2026-05-21T13:33:39.051Z
USO260717C00145000,USO260717C00145000,BUY,FILLED,1.0,1.0,@18.2,18.2,DAY,2026-05-21T13:31:55.189Z,2026-05-21T13:32:16.121Z
GLD260717C00395000,GLD260717C00395000,SELL,FILLED,1.0,1.0,@27.05,27.05,DAY,2026-05-21T13:30:58.327Z,2026-05-21T13:31:09.239Z
NVDA260522C00242500,NVDA260522C00242500,SELL,FILLED,3.0,3.0,@0.1,0.1,DAY,2026-05-21T13:30:22.427Z,2026-05-21T13:32:23.382Z
NVDA260522C00242500,NVDA260522C00242500,BUY,FILLED,3.0,3.0,@1.41,1.41,DAY,2026-05-20T19:58:41.797Z,2026-05-20T19:58:41.889Z
GLD260717C00395000,GLD260717C00395000,BUY,FILLED,1.0,1.0,@30.85,30.81,DAY,2026-05-20T19:48:43.853Z,2026-05-20T19:48:44.020Z
QCOM260529C00217500,QCOM260529C00217500,BUY,FILLED,2.0,2.0,@5.05,4.9,DAY,2026-05-20T17:20:45.806Z,2026-05-20T17:20:45.987Z
USO260717C00145000,USO260717C00145000,SELL,FILLED,1.0,1.0,@14.15,14.15,DAY,2026-05-20T17:04:09.588Z,2026-05-20T17:04:09.638Z
INTC260605P00091000,INTC260605P00091000,SELL,FILLED,9.0,9.0,@1.07,1.08,DAY,2026-05-20T16:58:01.457Z,2026-05-20T16:58:01.503Z
IREN260717C00047000,IREN260717C00047000,BUY,FILLED,2.0,2.0,@10.9,10.85,DAY,2026-05-20T16:00:54.885Z,2026-05-20T16:01:09.672Z
IREN260522P00053000,IREN260522P00053000,SELL,FILLED,3.0,3.0,@2.99,2.99,DAY,2026-05-20T15:37:47.667Z,2026-05-20T15:38:16.631Z
GLD260717P00435000,GLD260717P00435000,SELL,FILLED,1.0,1.0,@25.05,25.05,DAY,2026-05-20T14:54:42.277Z,2026-05-20T14:54:42.319Z
QCOM260529C00210000,QCOM260529C00210000,BUY,FILLED,2.0,2.0,@6.0,5.82,DAY,2026-05-20T14:09:05.769Z,2026-05-20T14:09:29.367Z
INTC260605P00091000,INTC260605P00091000,BUY,FILLED,9.0,9.0,@1.06,1.06,DAY,2026-05-20T13:38:06.760Z,2026-05-20T13:38:13.003Z
MU260529C00850000,MU260529C00850000,SELL,FILLED,1.0,1.0,@9.2,9.2,DAY,2026-05-20T13:36:37.464Z,2026-05-20T13:36:37.527Z
ARM260522C00250000,ARM260522C00250000,SELL,FILLED,1.0,1.0,@5.7,5.7,DAY,2026-05-20T13:36:29.903Z,2026-05-20T13:36:29.989Z
ARM260522C00250000,ARM260522C00250000,BUY,FILLED,1.0,1.0,@4.8,4.8,DAY,2026-05-20T13:33:57.098Z,2026-05-20T13:33:57.240Z
INTC260605P00091000,INTC260605P00091000,SELL,FILLED,10.0,10.0,@0.95,0.95,DAY,2026-05-20T13:31:31.561Z,2026-05-20T13:31:31.627Z
INTC260605P00091000,INTC260605P00091000,BUY,FILLED,10.0,10.0,@1.58,1.51,DAY,2026-05-19T19:25:50.791Z,2026-05-19T19:25:50.841Z
GLD260717P00435000,GLD260717P00435000,BUY,FILLED,1.0,1.0,@27.75,27.75,DAY,2026-05-19T18:54:13.679Z,2026-05-19T18:54:26.447Z
INTC260529C00120000,INTC260529C00120000,SELL,FILLED,3.0,3.0,@3.3,3.37,DAY,2026-05-19T18:47:31.569Z,2026-05-19T18:47:31.775Z
GLD260717P00435000,GLD260717P00435000,SELL,FILLED,1.0,1.0,@27.45,27.45,DAY,2026-05-19T18:22:16.180Z,2026-05-19T18:22:16.247Z
MU260529C00850000,MU260529C00850000,BUY,FILLED,1.0,1.0,@11.2,11.2,DAY,2026-05-19T18:08:23.928Z,2026-05-19T18:08:23.968Z
GLD260717P00430000,GLD260717P00430000,SELL,FILLED,1.0,1.0,@23.8,23.8,DAY,2026-05-19T17:52:05.145Z,2026-05-19T17:52:15.481Z
INTC260529C00120000,INTC260529C00120000,BUY,FILLED,3.0,3.0,@3.5,3.47,DAY,2026-05-19T17:28:42.983Z,2026-05-19T17:28:43.122Z
INTC260605P00091000,INTC260605P00091000,SELL,FILLED,5.0,5.0,@1.44,1.44,DAY,2026-05-19T17:28:06.068Z,2026-05-19T17:28:06.118Z
INTC260605P00091000,INTC260605P00091000,SELL,FILLED,5.0,5.0,@1.5,1.5,DAY,2026-05-19T17:17:58.462Z,2026-05-19T17:17:58.510Z
MU260522P00595000,MU260522P00595000,SELL,FILLED,1.0,1.0,@4.7,4.7,DAY,2026-05-19T14:40:16.309Z,2026-05-19T14:40:16.344Z
GLD260717P00430000,GLD260717P00430000,BUY,FILLED,1.0,1.0,@24.65,24.65,DAY,2026-05-19T14:27:32.908Z,2026-05-19T14:27:32.951Z
MU260522P00595000,MU260522P00595000,SELL,FILLED,1.0,1.0,@6.1,6.1,DAY,2026-05-19T14:24:58.575Z,2026-05-19T14:25:06.631Z
MU260522P00590000,MU260522P00590000,SELL,FILLED,1.0,1.0,@5.35,5.35,DAY,2026-05-19T14:24:28.927Z,2026-05-19T14:24:28.969Z
MU260522P00590000,MU260522P00590000,BUY,FILLED,1.0,1.0,@5.5,5.35,DAY,2026-05-19T14:09:00.271Z,2026-05-19T14:09:00.405Z
MU260522P00595000,MU260522P00595000,BUY,FILLED,1.0,1.0,@5.7,5.55,DAY,2026-05-19T14:07:39.339Z,2026-05-19T14:07:39.484Z
MU260522P00595000,MU260522P00595000,BUY,FILLED,1.0,1.0,@4.85,4.85,DAY,2026-05-19T14:03:58.324Z,2026-05-19T14:04:06.956Z
NVTS260522C00018000,NVTS260522C00018000,BUY,FILLED,3.0,3.0,@16.65,16.93,DAY,2026-05-19T14:03:28.734Z,2026-05-19T14:03:28.892Z
GLD260717P00430000,GLD260717P00430000,SELL,FILLED,1.0,1.0,@24.25,24.25,DAY,2026-05-19T13:53:06.970Z,2026-05-19T13:53:11.899Z
CVX260717C00175000,CVX260717C00175000,BUY,FILLED,1.0,1.0,@22.55,22.55,DAY,2026-05-19T13:39:19.122Z,2026-05-19T13:39:19.162Z
NVTS260522C00018000,NVTS260522C00018000,BUY,FILLED,3.0,3.0,@17.2,17.24,DAY,2026-05-19T13:32:12.521Z,2026-05-19T13:32:12.716Z
GLD260717P00430000,GLD260717P00430000,BUY,FILLED,1.0,1.0,@24.8,24.8,DAY,2026-05-19T13:30:28.405Z,2026-05-19T13:30:28.566Z
MU260522P00450000,MU260522P00450000,SELL,FILLED,15.0,15.0,@0.31,0.31,DAY,2026-05-18T18:24:53.325Z,2026-05-18T18:25:00.338Z
MU260522P00450000,MU260522P00450000,BUY,FILLED,15.0,15.0,@0.33,0.3,DAY,2026-05-18T18:21:50.867Z,2026-05-18T18:21:51.002Z
GLD260717P00435000,GLD260717P00435000,SELL,FILLED,1.0,1.0,@24.1,24.1,DAY,2026-05-18T17:13:57.937Z,2026-05-18T17:14:03.370Z
USO260717C00145000,USO260717C00145000,BUY,FILLED,1.0,1.0,@19.25,19.25,DAY,2026-05-18T16:20:21.228Z,2026-05-18T16:31:19.885Z
GLD260717P00435000,GLD260717P00435000,BUY,FILLED,2.0,2.0,@25.0,25.0,DAY,2026-05-18T14:37:22.831Z,2026-05-18T14:37:22.869Z
NOK260618C00022000,NOK260618C00022000,SELL,FILLED,50.0,50.0,@0.17,0.18,DAY,2026-05-18T13:42:59.499Z,2026-05-18T13:43:21.606Z
SLV260821C00120000,SLV260821C00120000,SELL,FILLED,8.0,8.0,@1.29,1.3,DAY,2026-05-18T13:37:55.589Z,2026-05-18T13:38:10.759Z
SLV260618C00083000,SLV260618C00083000,SELL,FILLED,5.0,5.0,@1.43,1.44,DAY,2026-05-18T13:37:41.600Z,2026-05-18T13:38:15.571Z
IREN260522C00053000,IREN260522C00053000,BUY,FILLED,3.0,3.0,,3.7,DAY,2026-05-15T17:31:17.821Z,2026-05-15T17:31:17.866Z
NOK260618C00018000,NOK260618C00018000,SELL,FILLED,16.0,16.0,@0.33,0.33,DAY,2026-05-15T16:49:44.239Z,2026-05-15T16:49:44.301Z
IREN260522C00053000,IREN260522C00053000,SELL,FILLED,3.0,3.0,@3.25,3.34,DAY,2026-05-15T16:41:01.127Z,2026-05-15T16:41:20.822Z
IREN260522P00053000,IREN260522P00053000,BUY,FILLED,3.0,3.0,@3.0,2.92,DAY,2026-05-15T16:40:47.563Z,2026-05-15T16:40:47.724Z
IREN260522C00051000,IREN260522C00051000,BUY,FILLED,3.0,3.0,,6.59,DAY,2026-05-15T13:57:29.148Z,2026-05-15T13:57:29.191Z
INTC260605P00091000,INTC260605P00091000,SELL,CANCELLED,0.0,5.0,@2.16,,DAY,2026-05-15T13:55:27.985Z,
QCOM260529C00232500,QCOM260529C00232500,BUY,CANCELLED,0.0,3.0,@4.3,,DAY,2026-05-15T13:53:23.223Z,
NVTS260522C00018000,NVTS260522C00018000,SELL,FILLED,6.0,6.0,@2.46,2.54,DAY,2026-05-15T13:48:39.996Z,2026-05-15T13:48:40.063Z
IREN260522C00051000,IREN260522C00051000,SELL,FILLED,3.0,3.0,@5.5,5.5,DAY,2026-05-15T13:47:49.350Z,2026-05-15T13:47:54.513Z
INTC260605P00091000,INTC260605P00091000,BUY,FILLED,5.0,5.0,@2.32,2.32,DAY,2026-05-15T13:47:32.686Z,2026-05-15T13:47:59.704Z
QCOM260529C00232500,QCOM260529C00232500,SELL,FILLED,3.0,3.0,@4.25,4.25,DAY,2026-05-15T13:47:24.602Z,2026-05-15T13:47:59.023Z
QQQ260522P00699000,QQQ260522P00699000,SELL,FILLED,2.0,2.0,@6.12,6.12,DAY,2026-05-15T13:43:56.392Z,2026-05-15T13:44:00.093Z
HPE260515C00036000,HPE260515C00036000,SELL,CANCELLED,0.0,20.0,@0.09,,DAY,2026-05-15T13:39:50.367Z,
BABA260515C00145000,BABA260515C00145000,SELL,FILLED,4.0,4.0,@0.01,0.01,DAY,2026-05-15T13:39:43.142Z,2026-05-15T13:39:43.204Z
LAC260618C00007500,LAC260618C00007500,SELL,FILLED,30.0,30.0,@0.07,0.08,DAY,2026-05-15T13:38:59.286Z,2026-05-15T13:39:31.376Z
F260522C00016000,F260522C00016000,SELL,FILLED,30.0,30.0,@0.03,0.03,DAY,2026-05-15T13:38:51.858Z,2026-05-15T13:39:35.842Z
INTC260605P00091000,INTC260605P00091000,BUY,FILLED,5.0,5.0,@2.03,2.03,DAY,2026-05-15T13:36:42.579Z,2026-05-15T13:37:13.486Z
IREN260618C00080000,IREN260618C00080000,SELL,FILLED,4.0,4.0,@1.86,1.86,DAY,2026-05-15T13:33:22.390Z,2026-05-15T13:33:25.203Z
BABA260618C00165000,BABA260618C00165000,SELL,FILLED,5.0,5.0,@0.9,0.96,DAY,2026-05-15T13:32:13.120Z,2026-05-15T13:32:13.410Z
QQQ260522P00699000,QQQ260522P00699000,BUY,FILLED,2.0,2.0,@6.29,6.09,DAY,2026-05-15T13:31:42.717Z,2026-05-15T13:31:42.837Z
QCOM260529C00232500,QCOM260529C00232500,BUY,FILLED,3.0,3.0,@4.65,4.56,DAY,2026-05-15T13:30:41.059Z,2026-05-15T13:31:02.379Z
COIN260618C00300000,COIN260618C00300000,SELL,FILLED,2.0,2.0,@4.1,4.1,DAY,2026-05-14T17:10:10.301Z,2026-05-14T17:10:17.303Z
COIN260618C00300000,COIN260618C00300000,BUY,FILLED,2.0,2.0,@4.4,4.39,DAY,2026-05-14T17:08:25.611Z,2026-05-14T17:08:25.956Z
NVTS260618C00027000,NVTS260618C00027000,SELL,FILLED,5.0,5.0,@2.67,2.67,DAY,2026-05-14T17:04:05.619Z,2026-05-14T17:04:12.775Z
HPE260515C00036000,HPE260515C00036000,SELL,CANCELLED,0.0,20.0,@0.07,,DAY,2026-05-14T16:28:25.028Z,
BABA260618C00165000,BABA260618C00165000,BUY,FILLED,5.0,5.0,@2.29,2.24,DAY,2026-05-14T16:02:24.058Z,2026-05-14T16:02:24.201Z
BABA260515C00145000,BABA260515C00145000,SELL,CANCELLED,0.0,4.0,@1.3,,DAY,2026-05-14T15:40:07.561Z,
NVTS260618C00027000,NVTS260618C00027000,BUY,FILLED,5.0,5.0,@2.95,2.94,DAY,2026-05-14T15:24:55.059Z,2026-05-14T15:24:55.101Z
ORCL260515C00210000,ORCL260515C00210000,SELL,FILLED,5.0,5.0,@0.95,0.95,DAY,2026-05-14T15:24:25.691Z,2026-05-14T15:24:25.833Z
HPE260515C00036000,HPE260515C00036000,BUY,FILLED,20.0,20.0,@0.2,0.18,DAY,2026-05-14T15:21:21.710Z,2026-05-14T15:21:21.844Z
QCOM260515P00190000,QCOM260515P00190000,SELL,FILLED,5.0,5.0,@0.87,0.87,DAY,2026-05-14T15:16:39.941Z,2026-05-14T15:16:49.138Z
ORCL260515C00210000,ORCL260515C00210000,BUY,FILLED,1.0,1.0,@1.25,1.23,DAY,2026-05-14T15:16:26.908Z,2026-05-14T15:16:26.944Z
ORCL260515C00210000,ORCL260515C00210000,BUY,FILLED,1.0,1.0,@1.2,1.2,DAY,2026-05-14T15:16:23.627Z,2026-05-14T15:16:31.686Z
ORCL260515C00210000,ORCL260515C00210000,BUY,FILLED,3.0,3.0,@1.1,1.08,DAY,2026-05-14T15:15:23.210Z,2026-05-14T15:15:23.356Z
IREN260618C00080000,IREN260618C00080000,BUY,FILLED,4.0,4.0,@2.73,2.73,DAY,2026-05-14T14:37:25.016Z,2026-05-14T14:37:25.060Z
BABA260515C00145000,BABA260515C00145000,BUY,FILLED,4.0,4.0,@1.33,1.27,DAY,2026-05-14T14:20:56.831Z,2026-05-14T14:20:57.010Z
QCOM260515P00190000,QCOM260515P00190000,BUY,FILLED,1.0,1.0,@1.16,1.16,DAY,2026-05-14T14:09:32.056Z,2026-05-14T14:09:34.608Z
F260515C00014500,F260515C00014500,SELL,FILLED,15.0,15.0,@0.42,0.43,DAY,2026-05-14T14:05:41.270Z,2026-05-14T14:05:41.409Z
F260522C00016000,F260522C00016000,BUY,FILLED,30.0,30.0,@0.18,0.18,DAY,2026-05-14T14:02:59.131Z,2026-05-14T14:02:59.183Z
HPE260515C00035000,HPE260515C00035000,SELL,FILLED,10.0,10.0,@0.13,0.13,DAY,2026-05-14T14:00:10.283Z,2026-05-14T14:00:10.591Z
NVTS260515C00029000,NVTS260515C00029000,SELL,FILLED,10.0,10.0,@0.04,0.04,DAY,2026-05-14T13:58:32.436Z,2026-05-14T13:58:58.116Z
MRVL260515C00200000,MRVL260515C00200000,SELL,FILLED,2.0,2.0,@2.0,2.13,DAY,2026-05-14T13:57:30.436Z,2026-05-14T13:57:30.575Z
MRVL260515C00200000,MRVL260515C00200000,BUY,FILLED,2.0,2.0,@2.56,2.47,DAY,2026-05-14T13:54:44.668Z,2026-05-14T13:54:44.837Z
F260515C00014500,F260515C00014500,BUY,FILLED,15.0,15.0,@0.27,0.26,DAY,2026-05-14T13:52:16.723Z,2026-05-14T13:52:16.800Z
IREN260515C00059000,IREN260515C00059000,SELL,FILLED,5.0,5.0,@1.28,1.28,DAY,2026-05-14T13:50:40.555Z,2026-05-14T13:50:43.096Z
NVDA260515C00240000,NVDA260515C00240000,SELL,FILLED,5.0,5.0,@0.84,0.85,DAY,2026-05-14T13:39:32.230Z,2026-05-14T13:39:32.379Z
HPE260515C00035000,HPE260515C00035000,BUY,FILLED,10.0,10.0,@0.47,0.47,DAY,2026-05-14T13:39:25.316Z,2026-05-14T13:39:25.460Z
SOXS260515C00012000,SOXS260515C00012000,SELL,FILLED,75.0,75.0,@0.02,0.02,DAY,2026-05-14T13:36:03.279Z,2026-05-14T13:36:03.434Z
ORCL260522C00205000,ORCL260522C00205000,SELL,FILLED,2.0,2.0,@1.63,1.63,DAY,2026-05-14T13:33:54.043Z,2026-05-14T13:34:07.753Z
IREN260515C00059000,IREN260515C00059000,BUY,FILLED,5.0,5.0,@0.96,0.91,DAY,2026-05-14T13:33:32.322Z,2026-05-14T13:33:32.463Z
NVTS260515C00026000,NVTS260515C00026000,SELL,FILLED,10.0,10.0,@0.08,0.14,DAY,2026-05-14T13:32:51.830Z,2026-05-14T13:32:51.996Z
NVDA260515C00240000,NVDA260515C00240000,BUY,FILLED,5.0,5.0,@1.09,1.02,DAY,2026-05-14T13:32:32.388Z,2026-05-14T13:32:32.512Z
BABA260522C00155000,BABA260522C00155000,SELL,FILLED,2.0,2.0,@0.73,0.98,DAY,2026-05-14T13:31:16.624Z,2026-05-14T13:31:16.784Z
BABA260522C00155000,BABA260522C00155000,BUY,FILLED,2.0,2.0,@2.56,2.45,DAY,2026-05-13T19:53:43.557Z,2026-05-13T19:53:43.637Z
ORCL260522C00205000,ORCL260522C00205000,BUY,FILLED,2.0,2.0,@2.51,2.51,DAY,2026-05-13T19:49:07.469Z,2026-05-13T19:49:07.511Z
BABA260515C00152500,BABA260515C00152500,SELL,FILLED,2.0,2.0,@1.44,1.45,DAY,2026-05-13T19:34:08.317Z,2026-05-13T19:34:25.612Z
BABA260618C00155000,BABA260618C00155000,SELL,FILLED,3.0,3.0,@5.6,5.6,DAY,2026-05-13T19:33:53.100Z,2026-05-13T19:33:53.141Z
NVTS260618C00030000,NVTS260618C00030000,SELL,FILLED,10.0,10.0,@1.4,1.48,DAY,2026-05-13T19:33:47.129Z,2026-05-13T19:33:47.291Z
BABA260515C00152500,BABA260515C00152500,BUY,FILLED,2.0,2.0,@1.49,1.49,DAY,2026-05-13T18:39:23.713Z,2026-05-13T18:39:23.773Z
NVTS260515C00029000,NVTS260515C00029000,BUY,FILLED,10.0,10.0,@0.09,0.09,DAY,2026-05-13T16:25:52.605Z,2026-05-13T16:25:52.651Z
NVTS260515C00026000,NVTS260515C00026000,BUY,FILLED,10.0,10.0,@0.21,0.21,DAY,2026-05-13T16:25:08.971Z,2026-05-13T16:25:09.022Z
NOK260618C00018000,NOK260618C00018000,BUY,FILLED,6.0,6.0,@0.52,0.52,DAY,2026-05-13T16:13:16.947Z,2026-05-13T16:13:27.686Z
NOK260618C00018000,NOK260618C00018000,BUY,FILLED,10.0,10.0,@0.52,0.52,DAY,2026-05-13T16:12:31.676Z,2026-05-13T16:13:02.064Z
CIFR260522C00022000,CIFR260522C00022000,SELL,FILLED,5.0,5.0,@1.1,1.1,DAY,2026-05-13T16:12:20.399Z,2026-05-13T16:12:20.470Z
NOK260618C00022000,NOK260618C00022000,BUY,FILLED,50.0,50.0,@0.27,0.24,DAY,2026-05-13T16:10:51.499Z,2026-05-13T16:10:51.682Z
NTR260717C00080000,NTR260717C00080000,SELL,FILLED,10.0,10.0,@1.1,1.26,DAY,2026-05-13T16:10:14.918Z,2026-05-13T16:10:14.962Z
QQQ260513P00700000,QQQ260513P00700000,SELL,FILLED,2.0,2.0,@0.09,0.09,DAY,2026-05-13T16:02:17.399Z,2026-05-13T16:02:17.439Z
CIFR260522C00022000,CIFR260522C00022000,BUY,FILLED,5.0,5.0,@1.09,1.09,DAY,2026-05-13T16:00:01.589Z,2026-05-13T16:00:01.631Z
BABA260618C00160000,BABA260618C00160000,SELL,FILLED,3.0,3.0,@3.4,3.4,DAY,2026-05-13T15:59:37.351Z,2026-05-13T15:59:45.356Z
BABA260515C00146000,BABA260515C00146000,SELL,FILLED,2.0,2.0,@2.05,2.05,DAY,2026-05-13T15:53:47.142Z,2026-05-13T15:53:47.183Z
SLV260618C00083000,SLV260618C00083000,BUY,FILLED,5.0,5.0,@5.1,5.1,DAY,2026-05-13T14:47:44.661Z,2026-05-13T14:47:52.606Z
MSTR260618P00175000,MSTR260618P00175000,SELL,FILLED,1.0,1.0,@12.05,12.05,DAY,2026-05-13T14:06:17.798Z,2026-05-13T14:06:17.846Z
BABA260515C00146000,BABA260515C00146000,BUY,FILLED,2.0,2.0,@2.48,2.48,DAY,2026-05-13T13:55:19.799Z,2026-05-13T13:55:27.207Z
BABA260618C00160000,BABA260618C00160000,BUY,FILLED,3.0,3.0,@3.05,3.05,DAY,2026-05-13T13:54:06.646Z,2026-05-13T13:54:16.219Z
BABA260618C00155000,BABA260618C00155000,BUY,FILLED,3.0,3.0,@3.6,3.6,DAY,2026-05-13T13:52:07.763Z,2026-05-13T13:52:07.806Z
LAC260618C00007500,LAC260618C00007500,SELL,CANCELLED,0.0,30.0,@0.14,,DAY,2026-05-13T13:49:45.028Z,
QQQ260513P00700000,QQQ260513P00700000,BUY,FILLED,2.0,2.0,@1.08,1.01,DAY,2026-05-13T13:49:00.926Z,2026-05-13T13:49:01.136Z
NVTS260618C00030000,NVTS260618C00030000,BUY,FILLED,10.0,10.0,@1.36,1.36,DAY,2026-05-13T13:41:35.595Z,2026-05-13T13:41:49.950Z
SLV260618C00083000,SLV260618C00083000,SELL,FILLED,5.0,5.0,@4.45,4.45,DAY,2026-05-13T13:40:31.764Z,2026-05-13T13:40:43.567Z
SLV260717C00115000,SLV260717C00115000,SELL,FILLED,10.0,10.0,@1.82,1.82,DAY,2026-05-13T13:40:25.162Z,2026-05-13T13:40:34.207Z
QQQ260519P00670000,QQQ260519P00670000,SELL,FILLED,1.0,1.0,@0.59,0.6,DAY,2026-05-13T13:36:24.703Z,2026-05-13T13:36:24.843Z
USO260513P00110000,USO260513P00110000,SELL,CANCELLED,0.0,50.0,@0.02,,DAY,2026-05-13T13:36:18.455Z,
OKLO260618C00110000,OKLO260618C00110000,SELL,FILLED,1.0,1.0,@1.56,1.56,DAY,2026-05-13T13:32:51.405Z,2026-05-13T13:38:06.713Z
NTR260717C00080000,NTR260717C00080000,BUY,FILLED,10.0,10.0,@1.55,1.55,DAY,2026-05-13T13:32:43.262Z,2026-05-13T13:33:00.596Z
SLV260821C00120000,SLV260821C00120000,BUY,FILLED,8.0,8.0,@2.93,2.93,DAY,2026-05-12T19:47:06.365Z,2026-05-12T19:47:06.408Z
OKLO260618C00110000,OKLO260618C00110000,SELL,FILLED,2.0,2.0,@2.24,2.25,DAY,2026-05-12T19:32:54.867Z,2026-05-12T19:32:55.024Z
SLV260717C00115000,SLV260717C00115000,BUY,FILLED,10.0,10.0,@1.9,1.88,DAY,2026-05-12T19:32:10.698Z,2026-05-12T19:32:10.847Z
OKLO260618C00110000,OKLO260618C00110000,BUY,FILLED,3.0,3.0,@2.18,2.14,DAY,2026-05-12T17:34:21.053Z,2026-05-12T17:34:21.218Z
QQQ260515P00688000,QQQ260515P00688000,SELL,FILLED,3.0,3.0,@2.5,2.5,DAY,2026-05-12T16:36:26.373Z,2026-05-12T16:36:31.877Z
QQQ260515P00688000,QQQ260515P00688000,SELL,CANCELLED,0.0,2.0,,,DAY,2026-05-12T15:58:17.684Z,
SLV260717C00115000,SLV260717C00115000,SELL,FILLED,10.0,10.0,@1.36,1.37,DAY,2026-05-12T15:42:25.133Z,2026-05-12T15:42:33.235Z
QQQ260519P00670000,QQQ260519P00670000,BUY,FILLED,1.0,1.0,@1.5,1.48,DAY,2026-05-12T15:30:58.203Z,2026-05-12T15:30:58.381Z
QCOM260515P00190000,QCOM260515P00190000,BUY,FILLED,4.0,4.0,@1.24,1.24,DAY,2026-05-12T14:51:45.441Z,2026-05-12T14:51:52.643Z
MU260515P00690000,MU260515P00690000,SELL,FILLED,1.0,1.0,@8.25,8.25,DAY,2026-05-12T14:38:50.263Z,2026-05-12T14:38:50.319Z
MU260515P00690000,MU260515P00690000,BUY,FILLED,1.0,1.0,@9.9,9.9,DAY,2026-05-12T14:34:27.531Z,2026-05-12T14:34:31.320Z
NXT260618C00145000,NXT260618C00145000,SELL,FILLED,1.0,1.0,@5.8,5.8,DAY,2026-05-12T14:33:01.077Z,2026-05-12T14:33:11.530Z
UAL260515P00065000,UAL260515P00065000,SELL,CANCELLED,0.0,75.0,@0.01,,DAY,2026-05-12T14:06:13.258Z,
NVTS260618C00022000,NVTS260618C00022000,SELL,FILLED,5.0,5.0,@2.84,2.84,DAY,2026-05-12T14:05:37.348Z,2026-05-12T14:05:37.440Z
MSTR260618P00175000,MSTR260618P00175000,BUY,FILLED,1.0,1.0,@10.25,10.25,DAY,2026-05-12T14:01:19.562Z,2026-05-12T14:01:19.608Z
ASTS260515C00097000,ASTS260515C00097000,SELL,FILLED,1.0,1.0,@0.25,0.25,DAY,2026-05-12T13:44:36.376Z,2026-05-12T13:44:36.709Z
NXT260618C00145000,NXT260618C00145000,SELL,FILLED,1.0,1.0,@5.1,5.1,DAY,2026-05-12T13:42:15.643Z,2026-05-12T13:42:15.682Z
SLV260717C00115000,SLV260717C00115000,BUY,FILLED,10.0,10.0,@1.98,1.96,DAY,2026-05-11T19:24:40.573Z,2026-05-11T19:24:40.867Z
QQQ260515P00688000,QQQ260515P00688000,BUY,FILLED,3.0,3.0,@1.17,1.16,DAY,2026-05-11T19:04:42.214Z,2026-05-11T19:04:42.354Z
NVTS260618C00025000,NVTS260618C00025000,SELL,FILLED,5.0,5.0,@3.65,3.7,DAY,2026-05-11T18:54:19.614Z,2026-05-11T18:54:19.655Z
SLV260717C00115000,SLV260717C00115000,SELL,FILLED,10.0,10.0,@1.9,1.92,DAY,2026-05-11T18:53:44.253Z,2026-05-11T18:53:44.387Z
ASTS260515C00097000,ASTS260515C00097000,BUY,FILLED,1.0,1.0,@3.3,3.3,DAY,2026-05-11T18:49:15.935Z,2026-05-11T18:49:16.031Z
USO260513P00110000,USO260513P00110000,BUY,FILLED,50.0,50.0,@0.03,0.03,DAY,2026-05-11T18:33:49.271Z,2026-05-11T18:34:07.029Z
CRCL260515C00128000,CRCL260515C00128000,SELL,FILLED,1.0,1.0,@10.2,10.2,DAY,2026-05-11T18:32:14.752Z,2026-05-11T18:32:15.110Z
SLV260717C00115000,SLV260717C00115000,BUY,FILLED,10.0,10.0,@1.93,1.91,DAY,2026-05-11T18:32:03.683Z,2026-05-11T18:32:03.719Z
CRCL260515C00128000,CRCL260515C00128000,SELL,CANCELLED,0.0,1.0,@6.0,,DAY,2026-05-11T17:06:49.184Z,
NXT260618C00145000,NXT260618C00145000,BUY,FILLED,2.0,2.0,@10.2,10.2,DAY,2026-05-11T17:00:32.834Z,2026-05-11T17:00:33.227Z
SOXS260515C00012000,SOXS260515C00012000,BUY,FILLED,75.0,75.0,@0.06,0.06,DAY,2026-05-11T15:13:41.424Z,2026-05-11T15:13:41.480Z
NVTS260618C00025000,NVTS260618C00025000,SELL,CANCELLED,0.0,5.0,,,GTC,2026-05-11T15:08:10.132Z,
NVTS260618C00022000,NVTS260618C00022000,SELL,CANCELLED,0.0,5.0,,,DAY,2026-05-11T15:07:43.917Z,
SLV260618C00083000,SLV260618C00083000,BUY,FILLED,2.0,2.0,@4.05,4.05,DAY,2026-05-11T15:07:11.190Z,2026-05-11T15:07:11.228Z
CRCL260515C00128000,CRCL260515C00128000,BUY,FILLED,1.0,1.0,@5.2,5.2,DAY,2026-05-11T15:05:21.558Z,2026-05-11T15:05:41.366Z
SLV260618C00083000,SLV260618C00083000,BUY,FILLED,3.0,3.0,@4.0,3.93,DAY,2026-05-11T14:18:22.077Z,2026-05-11T14:18:22.232Z
LAC260618C00007500,LAC260618C00007500,BUY,FILLED,30.0,30.0,@0.18,0.18,DAY,2026-05-11T13:43:23.689Z,2026-05-11T13:43:23.832Z
NVTS260618C00025000,NVTS260618C00025000,BUY,FILLED,5.0,5.0,@2.82,2.82,DAY,2026-05-11T13:39:12.653Z,2026-05-11T13:39:12.741Z
MU260522C00980000,MU260522C00980000,SELL,FILLED,2.0,2.0,@15.15,15.64,DAY,2026-05-11T13:37:22.572Z,2026-05-11T13:37:22.748Z
MU260522C00980000,MU260522C00980000,SELL,FILLED,1.0,1.0,@15.0,15.0,DAY,2026-05-11T13:36:15.930Z,2026-05-11T13:36:16.477Z
NVTS260618C00022000,NVTS260618C00022000,BUY,FILLED,5.0,5.0,@2.59,2.59,DAY,2026-05-11T13:31:31.976Z,2026-05-11T13:31:53.198Z
BABA260618C00165000,BABA260618C00165000,SELL,FILLED,3.0,3.0,@2.53,2.53,DAY,2026-05-08T18:52:25.079Z,2026-05-08T18:52:25.127Z
IREN260717C00080000,IREN260717C00080000,SELL,FILLED,5.0,5.0,@5.45,5.45,DAY,2026-05-08T18:52:15.165Z,2026-05-08T18:52:15.255Z
MU260522C00980000,MU260522C00980000,BUY,FILLED,3.0,3.0,@5.7,5.7,DAY,2026-05-08T17:15:40.998Z,2026-05-08T17:15:41.033Z
IREN260717C00080000,IREN260717C00080000,BUY,FILLED,5.0,5.0,@5.2,5.1,DAY,2026-05-08T16:14:58.423Z,2026-05-08T16:14:58.530Z
BABA260618C00165000,BABA260618C00165000,SELL,FILLED,3.0,3.0,@2.62,2.8,DAY,2026-05-08T14:08:42.849Z,2026-05-08T14:08:42.991Z
QCOM260508C00230000,QCOM260508C00230000,SELL,FILLED,4.0,4.0,@0.63,0.63,DAY,2026-05-08T14:08:10.613Z,2026-05-08T14:08:10.653Z
QCOM260508C00230000,QCOM260508C00230000,BUY,FILLED,4.0,4.0,@0.85,0.85,DAY,2026-05-08T13:59:01.240Z,2026-05-08T13:59:01.278Z
IREN260717C00080000,IREN260717C00080000,SELL,FILLED,3.0,3.0,@4.7,4.74,DAY,2026-05-08T13:43:28.219Z,2026-05-08T13:43:28.357Z
IREN260508C00069000,IREN260508C00069000,SELL,FILLED,3.0,3.0,@0.17,0.18,DAY,2026-05-08T13:40:29.970Z,2026-05-08T13:40:30.260Z
BABA260618C00165000,BABA260618C00165000,BUY,FILLED,6.0,6.0,@3.35,3.35,DAY,2026-05-08T13:36:29.989Z,2026-05-08T13:36:36.160Z
ARM260529P00190000,ARM260529P00190000,SELL,FILLED,6.0,6.0,@4.5,4.5,DAY,2026-05-08T13:35:29.858Z,2026-05-08T13:35:29.938Z
IREN260717C00080000,IREN260717C00080000,BUY,FILLED,3.0,3.0,@6.55,6.55,DAY,2026-05-08T13:32:01.048Z,2026-05-08T13:32:01.254Z
IREN260508C00069000,IREN260508C00069000,BUY,FILLED,3.0,3.0,@0.99,0.86,DAY,2026-05-08T13:31:40.004Z,2026-05-08T13:31:40.151Z
IMSR260821C00007500,IMSR260821C00007500,SELL,FILLED,10.0,10.0,@1.75,1.75,DAY,2026-05-07T19:24:30.424Z,2026-05-07T19:24:34.627Z
IREN260508P00050000,IREN260508P00050000,BUY,FILLED,3.0,3.0,@1.24,1.21,DAY,2026-05-07T19:15:52.948Z,2026-05-07T19:15:53.093Z
IREN260508P00037500,IREN260508P00037500,BUY,FILLED,11.0,11.0,@0.11,0.11,DAY,2026-05-07T17:31:01.423Z,2026-05-07T17:31:01.626Z
MSTR260618P00170000,MSTR260618P00170000,SELL,FILLED,3.0,3.0,,8.8,GTC,2026-05-07T17:17:33.359Z,2026-05-08T17:47:45.152Z
ARM260529P00190000,ARM260529P00190000,SELL,CANCELLED,0.0,6.0,,,GTC,2026-05-07T17:16:41.305Z,
ARM260529P00190000,ARM260529P00190000,SELL,FAILED,0.0,6.0,@500.0,,GTC,2026-05-07T17:16:41.305Z,
ARM260529P00190000,ARM260529P00190000,BUY,FILLED,2.0,2.0,@5.75,5.75,DAY,2026-05-07T17:15:36.173Z,2026-05-07T17:16:14.636Z
MSTR260618P00170000,MSTR260618P00170000,SELL,CANCELLED,0.0,3.0,,,DAY,2026-05-07T17:15:13.213Z,
MSTR260618P00170000,MSTR260618P00170000,SELL,FAILED,0.0,3.0,@122000.0,,DAY,2026-05-07T17:15:13.213Z,
MSTR260618P00170000,MSTR260618P00170000,BUY,FILLED,1.0,1.0,@12.15,12.15,DAY,2026-05-07T17:14:40.923Z,2026-05-07T17:14:40.966Z
RIOT260618C00030000,RIOT260618C00030000,BUY,FILLED,7.0,7.0,@22.35,22.35,DAY,2026-05-07T16:58:11.210Z,2026-05-07T16:58:11.352Z
ARM260529P00190000,ARM260529P00190000,BUY,FILLED,4.0,4.0,@5.5,5.27,DAY,2026-05-07T16:33:43.192Z,2026-05-07T16:33:43.386Z
MU260618P00500000,MU260618P00500000,SELL,FILLED,1.0,1.0,@15.75,15.75,DAY,2026-05-07T16:32:55.048Z,2026-05-07T16:33:12.313Z
IREN260717C00070000,IREN260717C00070000,SELL,FILLED,7.0,7.0,@6.7,6.7,DAY,2026-05-07T16:14:58.141Z,2026-05-07T16:15:14.138Z
MU260618P00500000,MU260618P00500000,BUY,FILLED,1.0,1.0,@16.0,15.73,DAY,2026-05-07T16:13:48.708Z,2026-05-07T16:13:48.853Z
QCOM260618P00160000,QCOM260618P00160000,SELL,FILLED,6.0,6.0,@1.4,1.48,DAY,2026-05-07T15:20:32.280Z,2026-05-07T15:20:32.432Z
MSTR260618P00170000,MSTR260618P00170000,BUY,FILLED,1.0,1.0,@10.95,10.75,DAY,2026-05-07T15:20:24.088Z,2026-05-07T15:20:24.233Z
QCOM260618P00160000,QCOM260618P00160000,SELL,CANCELLED,0.0,6.0,@1.61,,DAY,2026-05-07T15:20:02.612Z,
MSTR260618P00170000,MSTR260618P00170000,BUY,FILLED,1.0,1.0,@10.8,10.61,DAY,2026-05-07T15:06:40.127Z,2026-05-07T15:06:40.270Z
SMH260515P00505000,SMH260515P00505000,SELL,FILLED,5.0,5.0,@1.97,1.97,DAY,2026-05-07T14:28:40.949Z,2026-05-07T14:28:56.452Z
ARM260508P00205000,ARM260508P00205000,SELL,FILLED,2.0,2.0,@1.65,1.67,DAY,2026-05-07T14:15:18.799Z,2026-05-07T14:15:18.954Z
MRNA260618C00060000,MRNA260618C00060000,SELL,FILLED,4.0,4.0,@2.39,2.41,DAY,2026-05-07T13:48:48.286Z,2026-05-07T13:48:48.755Z
ARM260618P00180000,ARM260618P00180000,SELL,FILLED,3.0,3.0,,5.6,DAY,2026-05-07T13:43:02.514Z,2026-05-07T14:11:54.190Z
MRNA260618C00060000,MRNA260618C00060000,SELL,CANCELLED,0.0,4.0,,,DAY,2026-05-07T13:42:33.140Z,
ARM260508P00205000,ARM260508P00205000,BUY,FILLED,2.0,2.0,@1.92,1.92,DAY,2026-05-07T13:41:32.171Z,2026-05-07T13:41:39.753Z
RDW260618C00012000,RDW260618C00012000,SELL,FILLED,6.0,6.0,@0.75,0.75,DAY,2026-05-07T13:40:24.460Z,2026-05-07T13:40:24.559Z
ARM260618P00180000,ARM260618P00180000,BUY,FILLED,3.0,3.0,@5.15,5.15,DAY,2026-05-07T13:38:50.757Z,2026-05-07T13:38:54.629Z
MRNA260618C00060000,MRNA260618C00060000,BUY,FILLED,4.0,4.0,@2.5,2.5,DAY,2026-05-07T13:35:11.097Z,2026-05-07T13:35:11.197Z
RIOT260618C00030000,RIOT260618C00030000,SELL,FILLED,7.0,7.0,@0.92,0.92,DAY,2026-05-07T13:34:13.546Z,2026-05-07T13:34:20.283Z
IREN260717C00070000,IREN260717C00070000,SELL,FILLED,3.0,3.0,@7.0,7.0,DAY,2026-05-07T13:30:17.385Z,2026-05-07T13:30:24.006Z
SMH260515P00505000,SMH260515P00505000,BUY,FILLED,1.0,1.0,@2.85,2.85,DAY,2026-05-06T19:53:50.957Z,2026-05-06T19:53:51.021Z
QCOM260618P00160000,QCOM260618P00160000,BUY,FILLED,1.0,1.0,@2.23,2.23,DAY,2026-05-06T19:38:50.550Z,2026-05-06T19:38:50.592Z
QCOM260618P00160000,QCOM260618P00160000,BUY,FILLED,5.0,5.0,@2.35,2.35,DAY,2026-05-06T19:38:45.540Z,2026-05-06T19:38:45.580Z
BNO260618C00057000,BNO260618C00057000,SELL,FILLED,2.0,2.0,@4.5,4.5,DAY,2026-05-06T19:38:08.603Z,2026-05-06T19:38:08.652Z
RIOT260508C00024500,RIOT260508C00024500,SELL,FILLED,10.0,10.0,@0.28,0.28,DAY,2026-05-06T19:37:28.975Z,2026-05-06T19:37:33.819Z
RDW260618C00012000,RDW260618C00012000,BUY,FILLED,6.0,6.0,@0.8,0.77,DAY,2026-05-06T19:31:25.267Z,2026-05-06T19:31:25.406Z
RIOT260508C00024500,RIOT260508C00024500,BUY,FILLED,10.0,10.0,@0.27,0.26,DAY,2026-05-06T16:24:10.211Z,2026-05-06T16:24:10.260Z
IREN260508C00065000,IREN260508C00065000,SELL,FILLED,3.0,3.0,,2.25,DAY,2026-05-06T16:09:40.460Z,1778084355902
IREN260508C00065000,IREN260508C00065000,SELL,CANCELLED,0.0,3.0,@200.0,,DAY,2026-05-06T16:09:40.460Z,
RIOT260618C00030000,RIOT260618C00030000,BUY,FILLED,7.0,7.0,@0.81,0.77,DAY,2026-05-06T16:09:17.421Z,2026-05-06T16:09:17.565Z
NTR260618C00072500,NTR260618C00072500,SELL,FILLED,3.0,3.0,@4.4,4.4,DAY,2026-05-06T15:21:51.687Z,2026-05-06T15:21:51.742Z
IREN260508C00065000,IREN260508C00065000,BUY,FILLED,3.0,3.0,@1.75,1.71,DAY,2026-05-06T14:26:18.406Z,2026-05-06T14:26:18.543Z
MU260508C00720000,MU260508C00720000,SELL,FILLED,1.0,1.0,@2.99,3.17,DAY,2026-05-06T13:58:04.728Z,2026-05-06T13:58:04.873Z
RIOT260618C00030000,RIOT260618C00030000,SELL,FILLED,7.0,7.0,@0.78,0.78,DAY,2026-05-06T13:56:50.805Z,2026-05-06T13:57:06.604Z
SMH260515P00505000,SMH260515P00505000,BUY,FILLED,1.0,1.0,@4.0,4.0,DAY,2026-05-06T13:54:18.545Z,2026-05-06T13:54:18.650Z
SMH260515P00505000,SMH260515P00505000,BUY,FILLED,3.0,3.0,@4.0,3.81,DAY,2026-05-06T13:53:59.055Z,2026-05-06T13:53:59.206Z
NTR260618C00072500,NTR260618C00072500,SELL,FILLED,2.0,2.0,@4.8,4.8,DAY,2026-05-06T13:46:30.725Z,2026-05-06T13:46:30.781Z
MU260508C00720000,MU260508C00720000,SELL,FILLED,1.0,1.0,,2.85,DAY,2026-05-06T13:45:51.802Z,2026-05-06T13:54:01.611Z
MU260508C00720000,MU260508C00720000,BUY,FILLED,1.0,1.0,@5.15,5.15,DAY,2026-05-06T13:45:37.193Z,2026-05-06T13:45:37.274Z
RIOT260508C00024500,RIOT260508C00024500,SELL,FILLED,15.0,15.0,@0.42,0.48,DAY,2026-05-06T13:45:27.140Z,2026-05-06T13:45:27.188Z
MU260508C00720000,MU260508C00720000,BUY,FILLED,1.0,1.0,@5.45,5.0,DAY,2026-05-06T13:45:02.421Z,2026-05-06T13:45:02.500Z
IREN260508C00065000,IREN260508C00065000,SELL,FILLED,3.0,3.0,@1.5,1.53,DAY,2026-05-06T13:37:33.413Z,2026-05-06T13:37:33.519Z
MU260508C00702500,MU260508C00702500,SELL,FILLED,1.0,1.0,,5.4,DAY,2026-05-06T13:35:23.481Z,2026-05-06T13:37:28.497Z
RIOT260508C00024500,RIOT260508C00024500,BUY,FILLED,15.0,15.0,@0.35,0.3,DAY,2026-05-06T13:34:51.476Z,2026-05-06T13:34:51.626Z
EWY260522P00150000,EWY260522P00150000,SELL,FILLED,7.0,7.0,@0.95,0.95,DAY,2026-05-06T13:34:08.469Z,2026-05-06T13:34:08.519Z
IREN260508C00065000,IREN260508C00065000,BUY,FILLED,3.0,3.0,@1.75,1.67,DAY,2026-05-06T13:33:25.633Z,2026-05-06T13:33:25.680Z
IMSR260821C00007500,IMSR260821C00007500,BUY,FILLED,5.0,5.0,@2.2,2.2,DAY,2026-05-06T13:32:40.954Z,2026-05-06T13:32:48.351Z
IMSR260821C00007500,IMSR260821C00007500,BUY,FILLED,5.0,5.0,@2.15,2.15,DAY,2026-05-06T13:32:19.180Z,2026-05-06T13:32:30.083Z
MU260508C00702500,MU260508C00702500,BUY,FILLED,1.0,1.0,@5.8,5.65,DAY,2026-05-05T18:55:32.803Z,2026-05-05T18:55:32.843Z
MU260515P00575000,MU260515P00575000,SELL,FILLED,1.0,1.0,@11.5,11.62,DAY,2026-05-05T18:55:06.459Z,2026-05-05T18:55:06.595Z
IREN260508C00054000,IREN260508C00054000,SELL,FILLED,2.0,2.0,,3.75,DAY,2026-05-05T18:11:14.167Z,2026-05-05T18:11:14.206Z
TSLA260618C00435000,TSLA260618C00435000,SELL,FILLED,2.0,2.0,@9.15,9.15,DAY,2026-05-05T16:55:54.419Z,2026-05-05T16:55:54.462Z
IREN260508C00054000,IREN260508C00054000,SELL,CANCELLED,0.0,2.0,@30.0,,DAY,2026-05-05T16:00:45.314Z,
IREN260508C00054000,IREN260508C00054000,SELL,CANCELLED,0.0,2.0,,,DAY,2026-05-05T16:00:45.314Z,
MU260515P00575000,MU260515P00575000,BUY,FILLED,1.0,1.0,@10.9,10.76,DAY,2026-05-05T15:53:35.439Z,2026-05-05T15:53:35.577Z
IREN260508C00054000,IREN260508C00054000,BUY,FILLED,2.0,2.0,@2.16,2.15,DAY,2026-05-05T14:25:16.403Z,2026-05-05T14:25:16.541Z
MSTR260508C00207500,MSTR260508C00207500,SELL,FILLED,2.0,2.0,@1.98,1.98,DAY,2026-05-05T13:55:27.737Z,2026-05-05T13:55:28.152Z
MSTR260508C00207500,MSTR260508C00207500,BUY,FILLED,2.0,2.0,@2.23,2.23,DAY,2026-05-05T13:46:15.584Z,2026-05-05T13:46:15.652Z
RIOT260508C00020500,RIOT260508C00020500,SELL,FILLED,10.0,10.0,,0.33,DAY,2026-05-05T13:43:29.080Z,2026-05-05T13:43:29.134Z
INTC260508C00111000,INTC260508C00111000,SELL,FILLED,1.0,1.0,@2.86,2.86,DAY,2026-05-05T13:43:18.110Z,2026-05-05T13:43:18.150Z
RIOT260508C00020500,RIOT260508C00020500,SELL,CANCELLED,0.0,10.0,,,DAY,2026-05-05T13:40:03.519Z,
INTC260508C00111000,INTC260508C00111000,SELL,CANCELLED,0.0,1.0,,,DAY,2026-05-05T13:39:50.621Z,
INTC260508C00111000,INTC260508C00111000,BUY,FILLED,1.0,1.0,@2.23,2.18,DAY,2026-05-05T13:38:40.222Z,2026-05-05T13:38:40.362Z
BNO260618C00065000,BNO260618C00065000,SELL,FILLED,1.0,1.0,@4.4,4.4,DAY,2026-05-05T13:37:44.392Z,2026-05-05T13:37:44.433Z
RIOT260508C00020500,RIOT260508C00020500,BUY,FILLED,10.0,10.0,@0.33,0.32,DAY,2026-05-05T13:33:28.100Z,2026-05-05T13:33:28.140Z
TSLA260618C00435000,TSLA260618C00435000,BUY,FILLED,2.0,2.0,@10.95,10.95,DAY,2026-05-05T13:32:54.244Z,2026-05-05T13:32:54.284Z
SMH260522P00470000,SMH260522P00470000,SELL,FILLED,3.0,3.0,@4.9,4.9,DAY,2026-05-05T13:30:43.586Z,2026-05-05T13:30:43.625Z
EWY260522P00150000,EWY260522P00150000,SELL,CANCELLED,0.0,7.0,@1.8,,DAY,2026-05-05T13:30:11.293Z,
BNO260618C00065000,BNO260618C00065000,BUY,FILLED,1.0,1.0,@5.4,5.4,DAY,2026-05-04T19:54:38.669Z,2026-05-04T19:54:52.578Z
IREN260508C00055000,IREN260508C00055000,SELL,FILLED,3.0,3.0,@1.62,1.63,DAY,2026-05-04T17:33:56.063Z,2026-05-04T17:33:56.151Z
AMD260515P00335000,AMD260515P00335000,SELL,FILLED,1.0,1.0,@14.35,14.56,DAY,2026-05-04T17:24:03.287Z,2026-05-04T17:24:07.801Z
IREN260508C00055000,IREN260508C00055000,BUY,FILLED,3.0,3.0,@1.79,1.77,DAY,2026-05-04T17:20:41.524Z,2026-05-04T17:20:41.664Z
BNO260508C00062000,BNO260508C00062000,SELL,FILLED,2.0,2.0,@1.9,1.9,DAY,2026-05-04T16:59:49.256Z,2026-05-04T16:59:49.292Z
SMH260522P00470000,SMH260522P00470000,BUY,FILLED,3.0,3.0,@7.55,7.55,DAY,2026-05-04T16:59:17.630Z,2026-05-04T16:59:17.683Z
EWY260522P00150000,EWY260522P00150000,BUY,FILLED,1.0,1.0,@2.6,2.6,DAY,2026-05-04T16:22:00.748Z,2026-05-04T16:22:00.894Z
EWY260522P00150000,EWY260522P00150000,BUY,FILLED,6.0,6.0,@2.7,2.7,DAY,2026-05-04T16:16:01.563Z,2026-05-04T16:16:02.076Z
SMH260515P00475000,SMH260515P00475000,SELL,FILLED,2.0,2.0,@5.05,5.05,DAY,2026-05-04T16:01:28.066Z,2026-05-04T16:01:28.101Z
QQQ260504P00667000,QQQ260504P00667000,SELL,FILLED,5.0,5.0,@0.46,0.48,DAY,2026-05-04T16:01:09.657Z,2026-05-04T16:01:09.700Z
QQQ260504P00667000,QQQ260504P00667000,BUY,FILLED,1.0,1.0,@0.61,0.61,DAY,2026-05-04T15:51:55.062Z,2026-05-04T15:51:55.187Z
QQQ260504P00667000,QQQ260504P00667000,BUY,FILLED,4.0,4.0,@0.54,0.53,DAY,2026-05-04T15:50:10.827Z,2026-05-04T15:50:10.879Z
SMH260515P00475000,SMH260515P00475000,BUY,FILLED,2.0,2.0,@5.3,5.3,DAY,2026-05-04T15:22:14.491Z,2026-05-04T15:22:28.434Z
TSLA260717C00500000,TSLA260717C00500000,SELL,FILLED,2.0,2.0,@5.1,5.1,DAY,2026-05-04T15:20:55.598Z,2026-05-04T15:20:55.797Z
MSTR260515C00185000,MSTR260515C00185000,SELL,FILLED,1.0,1.0,,9.04,DAY,2026-05-04T15:20:48.475Z,2026-05-04T15:20:48.612Z
MSTR260515C00185000,MSTR260515C00185000,SELL,CANCELLED,0.0,1.0,,,GTC,2026-05-04T14:32:29.434Z,
MSTR260515C00185000,MSTR260515C00185000,SELL,CANCELLED,0.0,1.0,@90.0,,GTC,2026-05-04T14:32:29.434Z,
MSTR260515C00185000,MSTR260515C00185000,SELL,FILLED,1.0,1.0,,7.7,DAY,2026-05-04T13:44:33.375Z,2026-05-04T13:44:33.428Z
AMD260515P00335000,AMD260515P00335000,BUY,FILLED,1.0,1.0,@10.45,10.45,DAY,2026-05-04T13:33:47.777Z,2026-05-04T13:33:48.317Z
TSLA260717C00500000,TSLA260717C00500000,SELL,FILLED,3.0,3.0,@5.1,5.1,DAY,2026-05-04T13:31:16.861Z,2026-05-04T13:31:30.434Z
UAL260515P00065000,UAL260515P00065000,BUY,FILLED,25.0,25.0,@0.11,0.1,DAY,2026-05-01T19:54:32.944Z,2026-05-01T19:54:33.003Z
IREN260717C00070000,IREN260717C00070000,BUY,FILLED,10.0,10.0,@2.56,2.5,DAY,2026-05-01T19:49:41.116Z,2026-05-01T19:49:41.244Z
AMD260515P00307500,AMD260515P00307500,SELL,FILLED,1.0,1.0,@5.05,5.07,DAY,2026-05-01T15:04:10.587Z,2026-05-01T15:04:17.406Z
AMD260515P00307500,AMD260515P00307500,BUY,FILLED,1.0,1.0,@5.6,5.6,DAY,2026-05-01T14:36:20.884Z,2026-05-01T14:36:28.825Z
INTC260508P00085000,INTC260508P00085000,SELL,FILLED,5.0,5.0,@0.65,0.65,DAY,2026-05-01T14:31:11.670Z,2026-05-01T14:31:11.732Z
MSTR260515C00185000,MSTR260515C00185000,SELL,CANCELLED,0.0,2.0,,,GTC,2026-05-01T14:30:46.658Z,
TSLA260717C00500000,TSLA260717C00500000,BUY,FILLED,2.0,2.0,@5.4,5.33,DAY,2026-05-01T14:30:20.393Z,2026-05-01T14:30:20.535Z
TSLA260717C00500000,TSLA260717C00500000,BUY,FILLED,3.0,3.0,@5.45,5.4,DAY,2026-05-01T14:30:07.273Z,2026-05-01T14:30:07.412Z
MSTR260515C00185000,MSTR260515C00185000,BUY,FILLED,2.0,2.0,@5.9,5.9,DAY,2026-05-01T13:53:12.657Z,2026-05-01T13:53:12.791Z
TSLA260515C00400000,TSLA260515C00400000,SELL,FILLED,1.0,1.0,@5.65,5.65,DAY,2026-05-01T13:52:07.605Z,2026-05-01T13:52:07.644Z
BNO260618C00057000,BNO260618C00057000,BUY,FILLED,2.0,2.0,@6.5,6.5,DAY,2026-05-01T13:36:12.008Z,2026-05-01T13:36:12.067Z
BNO260508C00062000,BNO260508C00062000,BUY,FILLED,2.0,2.0,@1.2,1.2,DAY,2026-05-01T13:35:54.056Z,2026-05-01T13:35:54.099Z
RIOT260501C00019500,RIOT260501C00019500,BUY,FILLED,10.0,10.0,@0.18,0.15,DAY,2026-05-01T13:33:05.719Z,2026-05-01T13:33:05.868Z
TSLA260515C00400000,TSLA260515C00400000,BUY,FILLED,1.0,1.0,@6.25,6.25,DAY,2026-04-30T18:40:00.698Z,2026-04-30T18:40:00.751Z
META260515P00575000,META260515P00575000,SELL,FILLED,1.0,1.0,@5.0,5.3,DAY,2026-04-30T15:06:18.526Z,2026-04-30T15:06:18.581Z
QQQ260430P00658000,QQQ260430P00658000,SELL,FILLED,1.0,1.0,@0.74,0.76,DAY,2026-04-30T14:56:53.408Z,2026-04-30T14:56:53.547Z
QQQ260430P00658000,QQQ260430P00658000,BUY,FILLED,1.0,1.0,@2.28,2.25,DAY,2026-04-30T13:58:30.762Z,2026-04-30T13:58:30.923Z
QCOM260501C00180000,QCOM260501C00180000,SELL,FILLED,2.0,2.0,@0.85,0.89,DAY,2026-04-30T13:58:12.360Z,2026-04-30T13:58:12.499Z
QCOM260501C00180000,QCOM260501C00180000,BUY,FILLED,2.0,2.0,@1.15,1.02,DAY,2026-04-30T13:57:39.572Z,2026-04-30T13:57:39.720Z
QQQ260430P00640000,QQQ260430P00640000,BUY,FILLED,40.0,40.0,@0.06,0.06,DAY,2026-04-30T13:40:24.252Z,2026-04-30T13:40:24.299Z
META260501P00580000,META260501P00580000,SELL,FILLED,1.0,1.0,@1.66,1.69,DAY,2026-04-30T13:37:48.005Z,2026-04-30T13:37:48.044Z
META260501P00580000,META260501P00580000,BUY,FILLED,1.0,1.0,@2.22,2.08,DAY,2026-04-30T13:35:25.818Z,2026-04-30T13:35:25.944Z
META260515P00575000,META260515P00575000,BUY,FILLED,1.0,1.0,@5.9,5.9,DAY,2026-04-30T13:32:09.636Z,2026-04-30T13:32:25.740Z
USO260618C00140000,USO260618C00140000,SELL,FILLED,1.0,1.0,@16.65,16.65,DAY,2026-04-30T13:30:17.197Z,2026-04-30T13:30:17.265Z
GOOG260501P00330000,GOOG260501P00330000,SELL,FILLED,1.0,1.0,@0.03,0.04,DAY,2026-04-30T13:30:12.213Z,2026-04-30T13:30:12.562Z
USO260618C00140000,USO260618C00140000,SELL,FILLED,1.0,1.0,@20.35,20.35,DAY,2026-04-29T19:29:22.665Z,2026-04-29T19:29:22.709Z
GOOG260501P00330000,GOOG260501P00330000,BUY,FILLED,1.0,1.0,@2.72,2.72,DAY,2026-04-29T18:17:53.359Z,2026-04-29T18:17:53.410Z
IREN260508P00037500,IREN260508P00037500,BUY,FILLED,3.0,3.0,@1.84,1.82,DAY,2026-04-29T17:30:26.121Z,2026-04-29T17:30:26.245Z
IREN260501P00045000,IREN260501P00045000,SELL,FILLED,4.0,4.0,@3.2,3.21,DAY,2026-04-29T17:28:58.004Z,2026-04-29T17:29:03.979Z
INTC260508P00085000,INTC260508P00085000,BUY,FILLED,5.0,5.0,@2.12,2.09,DAY,2026-04-29T16:45:51.874Z,2026-04-29T16:45:52.007Z
QQQ260429C00664000,QQQ260429C00664000,SELL,FILLED,2.0,2.0,@1.01,1.02,DAY,2026-04-29T14:13:55.429Z,2026-04-29T14:13:55.689Z
QQQ260429C00664000,QQQ260429C00664000,BUY,FILLED,2.0,2.0,@1.16,1.13,DAY,2026-04-29T13:51:12.387Z,2026-04-29T13:51:12.426Z
EAT260515P00115000,EAT260515P00115000,SELL,FILLED,3.0,3.0,@0.15,0.15,DAY,2026-04-29T13:43:08.382Z,2026-04-29T13:43:18.920Z
CAR260515P00105000,CAR260515P00105000,SELL,FILLED,8.0,8.0,@0.22,0.2425,DAY,2026-04-29T13:37:08.871Z,2026-04-29T13:37:25.769Z
CAR260515P00100000,CAR260515P00100000,BUY,FILLED,8.0,8.0,@0.22,0.2425,DAY,2026-04-29T13:37:08.871Z,2026-04-29T13:37:25.769Z
NTR260618C00072500,NTR260618C00072500,BUY,FILLED,2.0,2.0,@4.8,4.8,DAY,2026-04-29T13:33:22.243Z,2026-04-29T13:34:02.555Z
EAT260515P00115000,EAT260515P00115000,SELL,CANCELLED,0.0,3.0,@0.6,,DAY,2026-04-29T13:32:54.778Z,
HOOD260508C00088000,HOOD260508C00088000,SELL,FILLED,1.0,1.0,@0.24,0.24,DAY,2026-04-29T13:31:12.354Z,2026-04-29T13:31:12.506Z
NTR260618C00072500,NTR260618C00072500,BUY,FILLED,3.0,3.0,@4.7,4.7,DAY,2026-04-29T13:30:57.302Z,2026-04-29T13:31:23.582Z
EAT260515P00115000,EAT260515P00115000,SELL,FILLED,4.0,4.0,@2.6,2.6,DAY,2026-04-28T19:33:37.812Z,2026-04-28T19:33:37.844Z
EAT260515P00115000,EAT260515P00115000,BUY,FILLED,2.0,2.0,@2.5,2.5,DAY,2026-04-28T19:06:55.940Z,2026-04-28T19:06:55.976Z
GLD260515P00395000,GLD260515P00395000,SELL,FILLED,5.0,5.0,@1.51,1.51,DAY,2026-04-28T19:06:43.642Z,2026-04-28T19:07:05.934Z
USO260618C00140000,USO260618C00140000,BUY,FILLED,2.0,2.0,@13.7,13.46,DAY,2026-04-28T18:29:25.323Z,2026-04-28T18:29:25.618Z
QQQ260428C00664000,QQQ260428C00664000,SELL,FILLED,5.0,5.0,@0.02,0.02,DAY,2026-04-28T18:17:55.611Z,2026-04-28T18:17:55.786Z
IREN260501P00045000,IREN260501P00045000,SELL,FILLED,4.0,4.0,@2.56,2.56,DAY,2026-04-28T16:58:03.632Z,2026-04-28T16:58:03.691Z
HOOD260508C00088000,HOOD260508C00088000,BUY,FILLED,1.0,1.0,@2.59,2.52,DAY,2026-04-28T16:00:01.333Z,2026-04-28T16:00:01.479Z
MU260515P00425000,MU260515P00425000,SELL,FILLED,3.0,3.0,@9.1,9.1,DAY,2026-04-28T15:18:50.550Z,2026-04-28T15:18:50.589Z
QQQ260428P00650000,QQQ260428P00650000,SELL,FILLED,10.0,10.0,@0.2,0.2,DAY,2026-04-28T15:01:09.449Z,2026-04-28T15:01:09.596Z
QQQ260428P00650000,QQQ260428P00650000,BUY,FILLED,5.0,5.0,@0.42,0.4,DAY,2026-04-28T14:52:53.309Z,2026-04-28T14:52:53.486Z
QQQ260428P00650000,QQQ260428P00650000,BUY,FILLED,5.0,5.0,@0.49,0.49,DAY,2026-04-28T14:52:05.202Z,2026-04-28T14:52:11.591Z
QQQ260428P00653000,QQQ260428P00653000,SELL,FILLED,5.0,5.0,@0.82,0.83,DAY,2026-04-28T14:43:53.207Z,2026-04-28T14:43:53.401Z
QQQ260428P00653000,QQQ260428P00653000,SELL,FILLED,5.0,5.0,@0.92,0.96,DAY,2026-04-28T14:39:59.088Z,2026-04-28T14:39:59.132Z
MU260515P00425000,MU260515P00425000,BUY,FILLED,1.0,1.0,@10.25,10.25,DAY,2026-04-28T14:37:49.787Z,2026-04-28T14:37:50.014Z
MU260515P00425000,MU260515P00425000,BUY,FILLED,2.0,2.0,@9.85,9.85,DAY,2026-04-28T14:37:09.887Z,2026-04-28T14:37:09.939Z
QQQ260428P00653000,QQQ260428P00653000,BUY,FILLED,10.0,10.0,@0.45,0.45,DAY,2026-04-28T14:27:43.718Z,2026-04-28T14:27:43.892Z
NVDA260429C00220000,NVDA260429C00220000,SELL,FILLED,2.0,2.0,@0.75,0.76,DAY,2026-04-28T14:17:10.653Z,2026-04-28T14:17:10.714Z
POET260501P00006000,POET260501P00006000,SELL,FILLED,10.0,10.0,@0.03,0.03,DAY,2026-04-28T14:12:33.413Z,2026-04-28T14:12:33.449Z
EAT260515P00115000,EAT260515P00115000,BUY,FILLED,5.0,5.0,@2.0,2.0,DAY,2026-04-28T14:02:33.778Z,2026-04-28T14:12:18.495Z
EAT260515P00090000,EAT260515P00090000,BUY,CANCELLED,0.0,5.0,@0.05,,DAY,2026-04-28T14:02:24.792Z,
NVDA260429C00220000,NVDA260429C00220000,BUY,FILLED,2.0,2.0,@0.71,0.66,DAY,2026-04-28T14:01:45.977Z,2026-04-28T14:01:46.102Z
QQQ260428P00651000,QQQ260428P00651000,SELL,FILLED,10.0,10.0,@0.26,0.26,DAY,2026-04-28T14:00:30.295Z,2026-04-28T14:00:30.332Z
MU260529P00410000,MU260529P00410000,SELL,FILLED,1.0,1.0,@10.05,10.05,DAY,2026-04-28T13:55:08.550Z,2026-04-28T13:55:08.586Z
MU260529P00410000,MU260529P00410000,SELL,FILLED,1.0,1.0,@9.65,9.7,DAY,2026-04-28T13:54:48.152Z,2026-04-28T13:54:48.199Z
EAT260515P00115000,EAT260515P00115000,BUY,CANCELLED,0.0,3.0,@1.9,,DAY,2026-04-28T13:54:31.003Z,
MU260529P00410000,MU260529P00410000,BUY,FILLED,2.0,2.0,@10.25,10.25,DAY,2026-04-28T13:54:16.539Z,2026-04-28T13:54:16.595Z
QQQ260428P00651000,QQQ260428P00651000,BUY,FILLED,10.0,10.0,@0.3,0.3,DAY,2026-04-28T13:53:30.354Z,2026-04-28T13:53:30.395Z
QQQ260428C00664000,QQQ260428C00664000,BUY,FILLED,5.0,5.0,@0.35,0.34,DAY,2026-04-28T13:48:03.449Z,2026-04-28T13:48:03.496Z
NVDA260429C00215000,NVDA260429C00215000,SELL,FILLED,1.0,1.0,@1.76,1.76,DAY,2026-04-28T13:45:05.843Z,2026-04-28T13:45:06.298Z
SMH260501P00480000,SMH260501P00480000,SELL,FILLED,1.0,1.0,@4.5,4.65,DAY,2026-04-28T13:42:39.126Z,2026-04-28T13:42:39.163Z
GLD260515P00395000,GLD260515P00395000,BUY,FILLED,5.0,5.0,@1.93,1.93,DAY,2026-04-28T13:41:49.095Z,2026-04-28T13:41:49.133Z
NVDA260429C00215000,NVDA260429C00215000,BUY,FILLED,1.0,1.0,@1.3,1.3,DAY,2026-04-28T13:37:36.174Z,2026-04-28T13:37:36.578Z
SMH260501P00480000,SMH260501P00480000,SELL,FILLED,1.0,1.0,@5.25,5.25,DAY,2026-04-28T13:35:45.826Z,2026-04-28T13:35:45.892Z
QQQ260428P00650000,QQQ260428P00650000,SELL,FILLED,10.0,10.0,@0.31,0.31,DAY,2026-04-28T13:35:39.900Z,2026-04-28T13:35:39.952Z
TSLA260429C00390000,TSLA260429C00390000,SELL,FILLED,1.0,1.0,@1.25,1.29,DAY,2026-04-28T13:30:47.975Z,2026-04-28T13:30:48.125Z
QQQ260428P00650000,QQQ260428P00650000,BUY,FILLED,10.0,10.0,@0.57,0.57,DAY,2026-04-28T13:30:40.427Z,2026-04-28T13:30:41.483Z
TSLA260429C00390000,TSLA260429C00390000,BUY,FILLED,1.0,1.0,@1.91,1.9,DAY,2026-04-27T19:43:57.204Z,2026-04-27T19:44:10.266Z
MU260515P00480000,MU260515P00480000,SELL,FILLED,1.0,1.0,@19.2,19.2,DAY,2026-04-27T19:20:37.279Z,2026-04-27T19:20:42.444Z
MU260515P00480000,MU260515P00480000,BUY,FILLED,1.0,1.0,@20.65,20.36,DAY,2026-04-27T17:21:38.540Z,2026-04-27T17:21:38.781Z
GLD260504P00405000,GLD260504P00405000,SELL,FILLED,20.0,20.0,@0.44,0.51,DAY,2026-04-27T15:45:28.157Z,2026-04-27T15:45:28.308Z
WLAC260515C00020000,WLAC260515C00020000,SELL,FILLED,2.0,2.0,@1.6,1.6,DAY,2026-04-27T15:05:53.129Z,2026-04-27T15:05:53.231Z
SMH260501P00480000,SMH260501P00480000,BUY,FILLED,2.0,2.0,@4.85,4.62,DAY,2026-04-27T15:05:34.268Z,2026-04-27T15:05:34.550Z
GLD260504P00405000,GLD260504P00405000,BUY,FILLED,20.0,20.0,@0.56,0.54,DAY,2026-04-27T15:04:08.235Z,2026-04-27T15:04:08.380Z
IREN260501C00054000,IREN260501C00054000,BUY,FILLED,8.0,8.0,,1.23,DAY,2026-04-27T13:55:36.108Z,2026-04-27T13:55:36.267Z
TSLA260427P00362500,TSLA260427P00362500,SELL,FILLED,1.0,1.0,@0.95,0.96,DAY,2026-04-27T13:54:30.588Z,2026-04-27T13:54:30.745Z
IREN260501C00054000,IREN260501C00054000,SELL,FILLED,8.0,8.0,@1.06,1.08,DAY,2026-04-27T13:53:08.409Z,2026-04-27T13:53:08.513Z
TSLA260427P00362500,TSLA260427P00362500,SELL,FILLED,2.0,2.0,,1.09,DAY,2026-04-27T13:51:54.828Z,2026-04-27T13:53:21.926Z
IMSR260515C00012500,IMSR260515C00012500,SELL,FILLED,50.0,50.0,@0.1,0.1,DAY,2026-04-27T13:51:18.028Z,2026-04-27T13:51:25.192Z
QQQ260427P00654000,QQQ260427P00654000,BUY,FILLED,20.0,20.0,@0.33,0.32,DAY,2026-04-27T13:51:09.047Z,2026-04-27T13:51:32.219Z
POET260501P00006000,POET260501P00006000,BUY,FILLED,10.0,10.0,@0.15,0.15,DAY,2026-04-27T13:50:25.719Z,2026-04-27T13:50:25.780Z
IMSR260515C00012500,IMSR260515C00012500,SELL,CANCELLED,0.0,30.0,@0.15,,DAY,2026-04-27T13:47:03.174Z,
QCOM260618C00170000,QCOM260618C00170000,SELL,FILLED,3.0,3.0,@5.65,6.03,DAY,2026-04-27T13:46:02.552Z,2026-04-27T13:46:02.799Z
CAR260515P00105000,CAR260515P00105000,SELL,CANCELLED,0.0,3.0,@0.85,,DAY,2026-04-27T13:35:35.722Z,
CAR260515P00100000,CAR260515P00100000,BUY,CANCELLED,0.0,3.0,@0.85,,DAY,2026-04-27T13:35:35.722Z,
TSLA260427P00362500,TSLA260427P00362500,BUY,FILLED,1.0,1.0,@1.2,1.16,DAY,2026-04-27T13:34:30.646Z,2026-04-27T13:34:30.799Z
WLAC260515C00020000,WLAC260515C00020000,SELL,FILLED,2.0,2.0,@2.2,2.2,DAY,2026-04-27T13:34:08.055Z,2026-04-27T13:34:08.154Z
WLAC260515C00020000,WLAC260515C00020000,SELL,FILLED,1.0,1.0,@2.1,2.1,DAY,2026-04-27T13:33:57.912Z,2026-04-27T13:33:58.159Z
HPE260515C00029500,HPE260515C00029500,SELL,FILLED,15.0,15.0,@0.92,0.92,DAY,2026-04-27T13:33:05.261Z,2026-04-27T13:33:05.308Z
QCOM260618C00170000,QCOM260618C00170000,SELL,FILLED,2.0,2.0,@7.9,7.9,DAY,2026-04-27T13:31:03.286Z,2026-04-27T13:31:03.343Z
TSLA260427P00362500,TSLA260427P00362500,BUY,FILLED,2.0,2.0,@1.06,1.06,DAY,2026-04-27T13:30:52.086Z,2026-04-27T13:30:53.229Z
WLAC260515C00020000,WLAC260515C00020000,SELL,CANCELLED,0.0,5.0,@2.05,,DAY,2026-04-24T19:45:58.178Z,
HPE260515C00029500,HPE260515C00029500,BUY,FILLED,15.0,15.0,@0.86,0.8,DAY,2026-04-24T19:45:15.573Z,2026-04-24T19:45:15.659Z
QCOM260618C00170000,QCOM260618C00170000,BUY,FILLED,5.0,5.0,@4.3,4.13,DAY,2026-04-24T19:42:27.466Z,2026-04-24T19:42:27.602Z
IREN260501P00045000,IREN260501P00045000,BUY,FILLED,8.0,8.0,@0.84,0.82,DAY,2026-04-24T19:08:59.912Z,2026-04-24T19:09:00.009Z
IMSR260515C00012500,IMSR260515C00012500,BUY,FILLED,50.0,50.0,@0.2,0.19,DAY,2026-04-24T17:56:08.917Z,2026-04-24T17:56:28.155Z
QCOM260424C00160000,QCOM260424C00160000,SELL,FILLED,30.0,30.0,@0.01,0.01,DAY,2026-04-24T17:13:04.385Z,2026-04-24T17:13:04.432Z
QCOM260424C00160000,QCOM260424C00160000,BUY,FILLED,10.0,10.0,@0.06,0.05,DAY,2026-04-24T16:25:01.197Z,2026-04-24T16:25:02.074Z
QCOM260424C00160000,QCOM260424C00160000,BUY,FILLED,20.0,20.0,@0.06,0.04,DAY,2026-04-24T16:20:39.116Z,2026-04-24T16:20:39.297Z
QCOM260424C00149000,QCOM260424C00149000,SELL,FILLED,4.0,4.0,@1.1,1.1,DAY,2026-04-24T16:20:14.202Z,2026-04-24T16:20:14.238Z
QCOM260424C00149000,QCOM260424C00149000,BUY,FILLED,4.0,4.0,@0.56,0.48,DAY,2026-04-24T15:45:49.289Z,2026-04-24T15:45:49.427Z
UAL260618P00085000,UAL260618P00085000,SELL,FILLED,4.0,4.0,@4.1,4.22,DAY,2026-04-24T15:45:17.701Z,2026-04-24T15:45:17.840Z
SMH260424P00500000,SMH260424P00500000,BUY,FILLED,2.0,2.0,@1.02,0.97,DAY,2026-04-24T15:21:06.984Z,2026-04-24T15:21:07.125Z
SMH260424P00482500,SMH260424P00482500,BUY,FILLED,10.0,10.0,@0.04,0.04,DAY,2026-04-24T15:18:27.195Z,2026-04-24T15:18:27.256Z
NVDA260424C00207500,NVDA260424C00207500,SELL,FILLED,1.0,1.0,@2.31,2.38,DAY,2026-04-24T15:17:14.331Z,2026-04-24T15:17:14.545Z
NVDA260424C00207500,NVDA260424C00207500,BUY,FILLED,1.0,1.0,@1.92,1.9,DAY,2026-04-24T15:00:01.580Z,2026-04-24T15:00:01.728Z
WLAC260515C00020000,WLAC260515C00020000,BUY,FILLED,5.0,5.0,@1.8,1.8,DAY,2026-04-24T14:53:06.890Z,2026-04-24T14:53:32.498Z
NVDA260424C00207500,NVDA260424C00207500,SELL,FILLED,2.0,2.0,@0.92,0.94,DAY,2026-04-24T14:51:33.985Z,2026-04-24T14:51:34.125Z
NVDA260424C00207500,NVDA260424C00207500,BUY,FILLED,2.0,2.0,@0.87,0.86,DAY,2026-04-24T14:47:19.377Z,2026-04-24T14:47:19.425Z
MSFT260515P00405000,MSFT260515P00405000,SELL,FILLED,1.0,1.0,@9.9,10.06,DAY,2026-04-24T14:36:19.268Z,2026-04-24T15:20:21.454Z
SMH260424P00495000,SMH260424P00495000,SELL,FILLED,1.0,1.0,@1.15,1.15,DAY,2026-04-24T14:08:42.553Z,2026-04-24T14:08:42.586Z
INTC260424P00077000,INTC260424P00077000,SELL,FILLED,15.0,15.0,,0.29,DAY,2026-04-24T13:56:42.118Z,2026-04-24T13:58:14.665Z
SMH260424P00482500,SMH260424P00482500,BUY,FILLED,10.0,10.0,@0.43,0.36,DAY,2026-04-24T13:54:38.352Z,2026-04-24T13:54:38.626Z
SMH260424P00495000,SMH260424P00495000,SELL,FILLED,2.0,2.0,@1.71,1.86,DAY,2026-04-24T13:49:36.965Z,2026-04-24T13:49:37.137Z
INTC260424P00077000,INTC260424P00077000,BUY,FILLED,15.0,15.0,@0.3,0.29,DAY,2026-04-24T13:49:27.306Z,2026-04-24T13:49:27.473Z
SMH260424P00495000,SMH260424P00495000,BUY,FILLED,3.0,3.0,@1.29,1.2,DAY,2026-04-24T13:42:31.686Z,2026-04-24T13:42:31.928Z
QCOM260424C00155000,QCOM260424C00155000,SELL,FILLED,3.0,3.0,@0.74,0.87,DAY,2026-04-24T13:38:00.738Z,2026-04-24T13:38:16.222Z
NVDA260424C00205000,NVDA260424C00205000,SELL,FILLED,5.0,5.0,@0.38,0.38,DAY,2026-04-24T13:36:32.503Z,2026-04-24T13:36:39.828Z
NVDA260424C00205000,NVDA260424C00205000,BUY,FILLED,5.0,5.0,@0.68,0.68,DAY,2026-04-24T13:34:56.641Z,2026-04-24T13:34:58.591Z
QCOM260424C00155000,QCOM260424C00155000,BUY,FILLED,3.0,3.0,@1.0,1.0,DAY,2026-04-24T13:33:23.434Z,2026-04-24T13:33:23.490Z
LPTH260515C00017500,LPTH260515C00017500,BUY,CANCELLED,0.0,3.0,@1.05,,DAY,2026-04-24T13:32:47.383Z,
MU260424P00465000,MU260424P00465000,SELL,FILLED,2.0,2.0,@0.4,0.51,DAY,2026-04-24T13:30:35.687Z,2026-04-24T13:30:36.096Z
QQQ260423C00654000,QQQ260423C00654000,SELL,FILLED,5.0,5.0,@0.04,0.05,DAY,2026-04-23T19:34:47.506Z,2026-04-23T19:34:47.689Z
QQQ260423P00646000,QQQ260423P00646000,SELL,FILLED,10.0,10.0,@0.14,0.14,DAY,2026-04-23T19:07:04.151Z,2026-04-23T19:07:04.367Z
AAOI260515P00085000,AAOI260515P00085000,SELL,FILLED,1.0,1.0,@2.8,2.84,DAY,2026-04-23T18:35:04.655Z,2026-04-23T18:35:04.796Z
QQQ260423P00646000,QQQ260423P00646000,BUY,FILLED,10.0,10.0,@0.11,0.09,DAY,2026-04-23T18:31:01.675Z,2026-04-23T18:31:02.281Z
QQQ260423C00654000,QQQ260423C00654000,BUY,FILLED,5.0,5.0,@0.41,0.4,DAY,2026-04-23T18:30:52.181Z,2026-04-23T18:30:52.334Z
AAOI260515P00085000,AAOI260515P00085000,BUY,FILLED,1.0,1.0,@3.3,3.3,DAY,2026-04-23T17:50:48.795Z,2026-04-23T17:51:17.991Z
UAL260515P00065000,UAL260515P00065000,BUY,FILLED,50.0,50.0,@0.25,0.25,DAY,2026-04-23T17:29:15.603Z,2026-04-23T17:29:15.659Z
FCEL260501C00016000,FCEL260501C00016000,SELL,FILLED,10.0,10.0,@0.2,0.2,DAY,2026-04-23T17:11:10.331Z,2026-04-23T17:11:10.383Z
IREN260515C00060000,IREN260515C00060000,SELL,FILLED,5.0,5.0,@3.3,3.3,DAY,2026-04-23T17:10:01.815Z,2026-04-23T17:10:02.378Z
IREN260515C00060000,IREN260515C00060000,SELL,FILLED,5.0,5.0,@3.3,3.36,DAY,2026-04-23T17:05:45.341Z,2026-04-23T17:05:45.483Z
MU260424P00465000,MU260424P00465000,BUY,FILLED,1.0,1.0,@2.31,2.24,DAY,2026-04-23T17:05:30.528Z,2026-04-23T17:05:30.666Z
CAR260515P00105000,CAR260515P00105000,SELL,CANCELLED,0.0,15.0,@0.95,,DAY,2026-04-23T16:42:15.384Z,
CAR260515P00100000,CAR260515P00100000,BUY,CANCELLED,0.0,15.0,@0.95,,DAY,2026-04-23T16:42:15.384Z,
MSFT260515P00405000,MSFT260515P00405000,BUY,FILLED,1.0,1.0,@10.95,10.95,DAY,2026-04-23T16:41:41.143Z,2026-04-23T16:41:41.218Z
CAR260515P00105000,CAR260515P00105000,BUY,FILLED,5.0,5.0,@0.35,0.32,DAY,2026-04-23T16:07:12.945Z,2026-04-23T16:07:13.096Z
CAR260515P00100000,CAR260515P00100000,SELL,FILLED,5.0,5.0,@0.35,0.32,DAY,2026-04-23T16:07:12.945Z,2026-04-23T16:07:13.096Z
CAR260515P00105000,CAR260515P00105000,BUY,FILLED,10.0,10.0,@0.35,0.34,DAY,2026-04-23T16:06:55.150Z,2026-04-23T16:06:55.319Z
CAR260515P00100000,CAR260515P00100000,SELL,FILLED,10.0,10.0,@0.35,0.34,DAY,2026-04-23T16:06:55.150Z,2026-04-23T16:06:55.319Z
CAR260424P00285000,CAR260424P00285000,SELL,FILLED,1.0,1.0,@61.2,61.2,DAY,2026-04-23T16:05:48.597Z,2026-04-23T16:05:48.648Z
CAR260424P00285000,CAR260424P00285000,SELL,FAILED,0.0,1.0,@500.0,,DAY,2026-04-23T15:42:56.390Z,
CAR260424P00285000,CAR260424P00285000,SELL,CANCELLED,0.0,1.0,,,DAY,2026-04-23T15:42:56.390Z,
CAR260424P00285000,CAR260424P00285000,SELL,FAILED,0.0,1.0,,,DAY,2026-04-23T13:44:24.391Z,
CAR260424P00285000,CAR260424P00285000,SELL,CANCELLED,0.0,1.0,@800.0,,DAY,2026-04-23T13:44:24.391Z,
FCEL260501C00016000,FCEL260501C00016000,SELL,FILLED,10.0,10.0,@0.15,0.15,DAY,2026-04-23T13:42:21.696Z,2026-04-23T13:42:21.782Z
POET260501C00020000,POET260501C00020000,SELL,FILLED,20.0,20.0,@0.09,0.09,DAY,2026-04-23T13:42:09.710Z,2026-04-23T13:42:09.767Z
MU260424P00465000,MU260424P00465000,BUY,FILLED,1.0,1.0,@5.55,5.5,DAY,2026-04-23T13:41:38.139Z,2026-04-23T13:41:38.186Z
TSLA260515C00410000,TSLA260515C00410000,SELL,FILLED,1.0,1.0,,6.05,DAY,2026-04-23T13:33:12.328Z,2026-04-23T13:33:12.402Z
CAR260424P00285000,CAR260424P00285000,BUY,FILLED,1.0,1.0,@4.1,4.1,DAY,2026-04-22T19:41:42.070Z,2026-04-22T19:41:43.178Z
CAR260424P00350000,CAR260424P00350000,SELL,FILLED,1.0,1.0,@12.4,12.4,DAY,2026-04-22T19:40:50.397Z,2026-04-22T19:41:03.741Z
TSLA260515C00410000,TSLA260515C00410000,BUY,FILLED,1.0,1.0,@10.7,10.65,DAY,2026-04-22T18:57:47.489Z,2026-04-22T18:57:47.522Z
COIN260424C00215000,COIN260424C00215000,SELL,FILLED,1.0,1.0,@1.78,1.78,DAY,2026-04-22T18:25:28.129Z,2026-04-22T18:25:28.164Z
MU260618C00600000,MU260618C00600000,SELL,FILLED,1.0,1.0,@23.2,23.31,DAY,2026-04-22T17:33:46.394Z,2026-04-22T17:33:46.530Z
COIN260424C00215000,COIN260424C00215000,BUY,FILLED,1.0,1.0,@2.18,2.18,DAY,2026-04-22T16:50:05.038Z,2026-04-22T16:50:05.084Z
IREN260515C00060000,IREN260515C00060000,BUY,FILLED,5.0,5.0,@2.09,2.09,DAY,2026-04-22T15:29:54.750Z,2026-04-22T15:29:54.785Z
MU260618C00600000,MU260618C00600000,SELL,FILLED,1.0,1.0,@20.0,20.19,DAY,2026-04-22T14:31:21.496Z,2026-04-22T14:31:21.716Z
MU260618C00600000,MU260618C00600000,SELL,CANCELLED,0.0,1.0,,,GTC,2026-04-22T14:27:57.702Z,
MU260618C00600000,MU260618C00600000,SELL,CANCELLED,0.0,1.0,@200.0,,GTC,2026-04-22T14:27:57.702Z,
MU260618C00600000,MU260618C00600000,BUY,FILLED,1.0,1.0,@21.25,21.25,DAY,2026-04-22T14:27:29.893Z,2026-04-22T14:27:29.926Z
MU260618C00600000,MU260618C00600000,BUY,FILLED,1.0,1.0,@18.8,18.8,DAY,2026-04-22T14:21:49.603Z,2026-04-22T14:21:49.685Z
IREN260515C00060000,IREN260515C00060000,BUY,FILLED,5.0,5.0,@2.03,2.01,DAY,2026-04-22T14:19:27.449Z,2026-04-22T14:19:27.538Z
UAL260515P00085000,UAL260515P00085000,SELL,FILLED,5.0,5.0,@1.96,1.96,DAY,2026-04-22T13:47:06.978Z,2026-04-22T13:47:07.019Z
POET260501C00020000,POET260501C00020000,BUY,FILLED,20.0,20.0,@0.22,0.22,DAY,2026-04-22T13:46:23.350Z,2026-04-22T13:46:57.279Z
FCEL260501C00016000,FCEL260501C00016000,BUY,FILLED,10.0,10.0,@0.25,0.25,DAY,2026-04-22T13:44:06.829Z,2026-04-22T13:44:36.295Z
FCEL260501C00016000,FCEL260501C00016000,BUY,FILLED,10.0,10.0,@0.25,0.25,DAY,2026-04-22T13:39:41.961Z,2026-04-22T13:39:49.036Z
QQQ260422C00649000,QQQ260422C00649000,SELL,FILLED,1.0,1.0,,1.99,DAY,2026-04-22T13:34:17.716Z,2026-04-22T13:34:17.862Z
COIN260515P00185000,COIN260515P00185000,SELL,FILLED,2.0,2.0,@7.7,8.17,DAY,2026-04-22T13:31:09.109Z,2026-04-22T13:32:08.120Z
QQQ260422C00649000,QQQ260422C00649000,SELL,FILLED,1.0,1.0,@2.32,2.45,DAY,2026-04-22T13:30:28.667Z,2026-04-22T13:30:28.808Z
MU260515P00340000,MU260515P00340000,SELL,FILLED,7.0,7.0,,2.3,DAY,2026-04-22T13:30:11.019Z,2026-04-22T13:30:11.162Z
QQQ260422C00649000,QQQ260422C00649000,BUY,FILLED,2.0,2.0,@1.21,1.21,DAY,2026-04-21T19:57:43.823Z,2026-04-21T19:57:45.574Z
QQQ260422P00638000,QQQ260422P00638000,SELL,FILLED,1.0,1.0,@1.53,1.53,DAY,2026-04-21T19:56:55.163Z,2026-04-21T19:56:55.307Z
QQQ260422P00638000,QQQ260422P00638000,BUY,FILLED,1.0,1.0,@2.01,1.86,DAY,2026-04-21T19:44:53.010Z,2026-04-21T19:44:53.055Z
UAL260515P00085000,UAL260515P00085000,SELL,FILLED,3.0,3.0,@1.65,1.65,DAY,2026-04-21T17:22:48.840Z,2026-04-21T17:22:48.873Z
UAL260618P00085000,UAL260618P00085000,SELL,FILLED,1.0,1.0,@3.4,3.4,DAY,2026-04-21T17:22:35.874Z,2026-04-21T17:22:35.944Z
COIN260515P00185000,COIN260515P00185000,SELL,FILLED,1.0,1.0,@9.05,9.26,DAY,2026-04-21T16:08:57.049Z,2026-04-21T16:08:57.276Z
UAL260515P00085000,UAL260515P00085000,BUY,FILLED,8.0,8.0,@1.68,1.68,DAY,2026-04-21T15:38:06.043Z,2026-04-21T15:38:06.100Z
COIN260515P00185000,COIN260515P00185000,BUY,FILLED,1.0,1.0,@9.35,9.35,DAY,2026-04-21T15:37:44.985Z,2026-04-21T15:37:45.041Z
HPE260618C00024000,HPE260618C00024000,SELL,FILLED,3.0,3.0,@5.8,5.8,DAY,2026-04-21T15:01:36.810Z,2026-04-21T15:01:43.572Z
HPE260618C00024000,HPE260618C00024000,SELL,FILLED,3.0,3.0,,5.9,DAY,2026-04-21T15:00:45.597Z,2026-04-21T15:00:45.784Z
HPE260618C00024000,HPE260618C00024000,SELL,CANCELLED,0.0,3.0,@6.2,,DAY,2026-04-21T14:55:18.158Z,
CAR260424P00350000,CAR260424P00350000,BUY,FILLED,1.0,1.0,@5.4,5.4,DAY,2026-04-21T14:26:43.238Z,2026-04-21T14:26:56.699Z
CAR260424P00590000,CAR260424P00590000,BUY,CANCELLED,0.0,1.0,@0.5,,DAY,2026-04-21T14:25:29.948Z,
CAR260424P00585000,CAR260424P00585000,SELL,CANCELLED,0.0,1.0,@0.5,,DAY,2026-04-21T14:25:29.948Z,
FCEL260424C00009500,FCEL260424C00009500,SELL,FILLED,5.0,5.0,@0.7,0.7,DAY,2026-04-21T14:25:00.994Z,2026-04-21T14:25:01.038Z
UAL260515P00085000,UAL260515P00085000,SELL,FILLED,10.0,10.0,@1.31,1.31,DAY,2026-04-21T13:53:26.435Z,2026-04-21T13:53:38.950Z
FCEL260424C00009500,FCEL260424C00009500,BUY,FILLED,5.0,5.0,@0.5,0.47,DAY,2026-04-21T13:37:02.681Z,2026-04-21T13:37:02.816Z
QQQ260421C00651000,QQQ260421C00651000,SELL,FILLED,5.0,5.0,@0.46,0.51,DAY,2026-04-21T13:33:47.825Z,2026-04-21T13:33:47.875Z
QQQ260421C00651000,QQQ260421C00651000,BUY,FILLED,5.0,5.0,@0.8,0.8,DAY,2026-04-20T19:13:08.379Z,2026-04-20T19:13:21.017Z
USAR260424C00024500,USAR260424C00024500,SELL,FILLED,3.0,3.0,@0.42,0.44,DAY,2026-04-20T15:00:52.285Z,2026-04-20T15:01:07.551Z
HPE260618C00024000,HPE260618C00024000,SELL,CANCELLED,0.0,3.0,,,DAY,2026-04-20T14:49:02.184Z,
USAR260424C00024500,USAR260424C00024500,SELL,FILLED,2.0,2.0,@1.15,1.15,DAY,2026-04-20T13:43:35.999Z,2026-04-20T13:43:36.040Z
KC260515C00020000,KC260515C00020000,SELL,FILLED,15.0,15.0,@0.35,0.35,DAY,2026-04-20T13:32:51.637Z,2026-04-20T13:32:51.686Z
SLV260630C00068000,SLV260630C00068000,SELL,FILLED,2.0,2.0,@9.1,9.1,DAY,2026-04-20T13:32:43.670Z,2026-04-20T13:32:43.722Z
COIN260515P00185000,COIN260515P00185000,BUY,FILLED,2.0,2.0,@9.9,9.9,DAY,2026-04-20T13:32:27.595Z,2026-04-20T13:32:27.689Z
USAR260424C00024500,USAR260424C00024500,BUY,FILLED,5.0,5.0,@0.54,0.54,DAY,2026-04-20T13:31:15.096Z,2026-04-20T13:31:15.136Z
SLV260630C00068000,SLV260630C00068000,SELL,FILLED,3.0,3.0,@9.15,9.3,DAY,2026-04-20T13:30:36.075Z,2026-04-20T13:30:36.221Z
BABA260515C00170000,BABA260515C00170000,SELL,FILLED,15.0,15.0,@0.86,0.86,DAY,2026-04-17T19:35:50.775Z,2026-04-17T19:35:58.098Z
UAL260618P00085000,UAL260618P00085000,BUY,FILLED,5.0,5.0,@2.8,2.8,DAY,2026-04-17T19:27:20.096Z,2026-04-17T19:27:33.224Z
MU260515P00340000,MU260515P00340000,BUY,FILLED,2.0,2.0,@3.3,3.3,DAY,2026-04-17T18:56:01.355Z,2026-04-17T18:56:01.391Z
HPE260515C00028000,HPE260515C00028000,SELL,FILLED,20.0,20.0,@0.68,0.68,DAY,2026-04-17T17:56:24.930Z,2026-04-17T17:56:36.979Z
UAL260515P00085000,UAL260515P00085000,BUY,FILLED,5.0,5.0,@1.35,1.28,DAY,2026-04-17T17:56:15.033Z,2026-04-17T17:56:15.172Z
UAL260515P00085000,UAL260515P00085000,BUY,FILLED,5.0,5.0,@1.22,1.14,DAY,2026-04-17T17:13:33.123Z,2026-04-17T17:13:33.288Z
BABA260515C00170000,BABA260515C00170000,BUY,FILLED,15.0,15.0,@1.05,1.02,DAY,2026-04-17T16:20:58.477Z,2026-04-17T16:20:58.524Z
KC260515C00020000,KC260515C00020000,BUY,FILLED,15.0,15.0,@0.8,0.79,DAY,2026-04-17T16:14:58.396Z,2026-04-17T16:15:21.291Z
KC260515C00020000,KC260515C00020000,BUY,CANCELLED,0.0,20.0,@0.65,,DAY,2026-04-17T16:12:41.661Z,
QQQ260417P00646000,QQQ260417P00646000,BUY,FILLED,4.0,4.0,@0.72,0.71,DAY,2026-04-17T15:19:53.408Z,2026-04-17T15:19:53.450Z
SLV260515C00080000,SLV260515C00080000,SELL,FILLED,5.0,5.0,@2.71,2.71,DAY,2026-04-17T15:19:23.447Z,2026-04-17T15:19:23.568Z
NVDA260417C00202500,NVDA260417C00202500,SELL,FILLED,5.0,5.0,@0.17,0.17,DAY,2026-04-17T15:19:05.891Z,2026-04-17T15:19:05.933Z
TTE260515P00085000,TTE260515P00085000,SELL,FILLED,2.0,2.0,@1.9,1.9,DAY,2026-04-17T13:45:00.927Z,2026-04-17T13:45:00.978Z
NVDA260417C00202500,NVDA260417C00202500,BUY,FILLED,5.0,5.0,@0.43,0.42,DAY,2026-04-17T13:44:42.999Z,2026-04-17T13:44:43.045Z
TTE260515P00085000,TTE260515P00085000,BUY,FILLED,2.0,2.0,@2.0,2.0,DAY,2026-04-17T13:34:05.334Z,2026-04-17T13:34:05.416Z
GOOG260417P00300000,GOOG260417P00300000,SELL,FILLED,8.0,8.0,@0.01,0.01,DAY,2026-04-17T13:32:22.612Z,2026-04-17T13:45:53.302Z
CRWV260424P00117000,CRWV260424P00117000,SELL,FILLED,1.0,1.0,@4.4,4.4,DAY,2026-04-17T13:31:22.358Z,2026-04-17T13:31:22.440Z
SLV260630C00068000,SLV260630C00068000,BUY,FILLED,2.0,2.0,@10.45,10.34,DAY,2026-04-17T13:31:00.988Z,2026-04-17T13:31:09.694Z
SLV260515C00080000,SLV260515C00080000,BUY,FILLED,5.0,5.0,@2.54,2.47,DAY,2026-04-17T13:30:45.465Z,2026-04-17T13:30:45.622Z
HPE260417C00027500,HPE260417C00027500,BUY,PARTIAL_FILLED,25.0,50.0,@0.01,0.01,DAY,2026-04-16T19:35:46.743Z,2026-04-16T19:35:46.801Z
SMH260515P00430000,SMH260515P00430000,SELL,FILLED,1.0,1.0,@10.0,10.0,DAY,2026-04-16T19:35:09.083Z,2026-04-16T19:35:16.121Z
HPE260515C00028000,HPE260515C00028000,BUY,FILLED,20.0,20.0,@0.54,0.53,DAY,2026-04-16T19:15:52.113Z,2026-04-16T19:15:52.250Z
HPE260618C00024000,HPE260618C00024000,BUY,FILLED,3.0,3.0,@3.15,3.12,DAY,2026-04-16T19:15:05.434Z,2026-04-16T19:15:26.384Z
SMH260515P00430000,SMH260515P00430000,BUY,FILLED,1.0,1.0,@10.75,10.75,DAY,2026-04-16T17:19:42.262Z,2026-04-16T17:19:42.301Z
SLV260630C00068000,SLV260630C00068000,SELL,FILLED,2.0,2.0,@8.4,8.4,DAY,2026-04-16T16:52:15.938Z,2026-04-16T16:52:16.001Z
HPE260515C00028000,HPE260515C00028000,SELL,FILLED,20.0,20.0,@0.48,0.49,DAY,2026-04-16T16:44:12.772Z,2026-04-16T16:44:12.969Z
CRWV260424P00117000,CRWV260424P00117000,BUY,FILLED,1.0,1.0,@5.35,5.22,DAY,2026-04-16T16:31:08.794Z,2026-04-16T16:31:08.932Z
HPE260618C00024000,HPE260618C00024000,SELL,FILLED,3.0,3.0,@3.0,3.01,DAY,2026-04-16T16:24:51.810Z,2026-04-16T16:24:51.982Z
MU260515P00340000,MU260515P00340000,BUY,FILLED,2.0,2.0,@3.95,3.95,DAY,2026-04-16T16:24:26.259Z,2026-04-16T16:24:36.112Z
MU260515P00340000,MU260515P00340000,SELL,FILLED,2.0,2.0,@3.8,3.8,DAY,2026-04-16T16:21:27.183Z,2026-04-16T16:21:32.565Z
INTC260424P00059000,INTC260424P00059000,SELL,FILLED,1.0,1.0,@0.87,0.87,DAY,2026-04-16T16:18:09.728Z,2026-04-16T16:18:09.779Z
HPE260618C00024000,HPE260618C00024000,BUY,FILLED,3.0,3.0,@3.05,3.05,DAY,2026-04-16T16:13:24.893Z,2026-04-16T16:13:24.941Z
HPE260618C00024000,HPE260618C00024000,BUY,FILLED,3.0,3.0,@3.0,2.99,DAY,2026-04-16T16:12:34.536Z,2026-04-16T16:12:34.672Z
HPE260515C00028000,HPE260515C00028000,BUY,FILLED,20.0,20.0,@0.5,0.5,DAY,2026-04-16T16:12:23.774Z,2026-04-16T16:12:23.940Z
SOXS260515C00045000,SOXS260515C00045000,SELL,FILLED,10.0,10.0,@0.26,0.27,DAY,2026-04-16T16:10:41.007Z,2026-04-16T16:11:01.493Z
NVDA260420C00200000,NVDA260420C00200000,SELL,CANCELLED,0.0,3.0,@80.0,,DAY,2026-04-16T15:17:24.198Z,
NVDA260420C00200000,NVDA260420C00200000,SELL,FILLED,3.0,3.0,,1.88,DAY,2026-04-16T15:17:24.198Z,1776354446614
NVDA260420C00200000,NVDA260420C00200000,BUY,FILLED,1.0,1.0,@2.19,2.17,DAY,2026-04-16T15:05:47.568Z,2026-04-16T15:05:47.753Z
NVDA260420C00200000,NVDA260420C00200000,BUY,FILLED,2.0,2.0,@1.48,1.45,DAY,2026-04-16T14:04:32.919Z,2026-04-16T14:04:40.750Z
MU260417P00425000,MU260417P00425000,SELL,FILLED,1.0,1.0,@1.0,1.02,DAY,2026-04-16T14:04:17.629Z,2026-04-16T14:04:17.869Z
MU260417P00425000,MU260417P00425000,BUY,FILLED,1.0,1.0,@2.5,2.49,DAY,2026-04-16T13:32:59.830Z,2026-04-16T13:32:59.954Z
QQQ260416C00640000,QQQ260416C00640000,SELL,FILLED,3.0,3.0,@0.89,0.91,DAY,2026-04-16T13:32:35.164Z,2026-04-16T13:32:35.210Z
TSLA260415C00395000,TSLA260415C00395000,SELL,FILLED,5.0,5.0,@0.1,0.1,DAY,2026-04-15T19:02:09.808Z,2026-04-15T19:02:09.935Z
QQQ260416C00640000,QQQ260416C00640000,BUY,FILLED,3.0,3.0,@0.78,0.78,DAY,2026-04-15T19:01:50.065Z,2026-04-15T19:01:53.107Z
TSLA260415C00395000,TSLA260415C00395000,BUY,FILLED,5.0,5.0,@0.3,0.26,DAY,2026-04-15T18:52:08.103Z,2026-04-15T18:52:08.238Z
QQQ260415C00634000,QQQ260415C00634000,SELL,FILLED,4.0,4.0,@1.81,1.84,DAY,2026-04-15T18:51:35.115Z,2026-04-15T18:51:35.258Z
QQQ260415C00634000,QQQ260415C00634000,SELL,FILLED,4.0,4.0,@0.86,0.88,DAY,2026-04-15T18:25:05.796Z,2026-04-15T18:25:06.024Z
SOXS260515C00045000,SOXS260515C00045000,BUY,FILLED,10.0,10.0,@0.36,0.36,DAY,2026-04-15T16:58:49.275Z,2026-04-15T19:04:35.369Z
MU260515P00340000,MU260515P00340000,BUY,FILLED,1.0,1.0,@5.45,5.42,DAY,2026-04-15T16:56:52.435Z,2026-04-15T16:56:52.570Z
JD260618C00029000,JD260618C00029000,SELL,FILLED,2.0,2.0,@3.5,3.59,DAY,2026-04-15T16:56:41.147Z,2026-04-15T16:56:41.283Z
JD260618C00029000,JD260618C00029000,SELL,FILLED,3.0,3.0,@3.55,3.57,DAY,2026-04-15T16:56:27.598Z,2026-04-15T16:56:27.733Z
MU260515P00340000,MU260515P00340000,BUY,FILLED,1.0,1.0,@4.8,4.8,DAY,2026-04-15T16:25:27.583Z,2026-04-15T16:25:39.725Z
QQQ260415C00634000,QQQ260415C00634000,SELL,FILLED,7.0,7.0,@0.63,0.63,DAY,2026-04-15T15:15:28.151Z,2026-04-15T15:15:28.241Z
QQQ260415C00634000,QQQ260415C00634000,BUY,FILLED,15.0,15.0,@0.31,0.31,DAY,2026-04-15T14:17:39.718Z,2026-04-15T14:17:42.976Z
MU260515P00340000,MU260515P00340000,BUY,FILLED,1.0,1.0,@4.6,4.6,DAY,2026-04-15T14:01:41.982Z,2026-04-15T14:01:42.093Z
SPY260415C00700000,SPY260415C00700000,SELL,FILLED,30.0,30.0,@0.13,0.14,DAY,2026-04-15T14:01:35.719Z,2026-04-15T14:01:35.859Z
SPY260415C00700000,SPY260415C00700000,BUY,FILLED,30.0,30.0,@0.17,0.17,DAY,2026-04-14T18:14:00.548Z,2026-04-14T18:14:00.701Z
GLD260422C00450000,GLD260422C00450000,SELL,FILLED,1.0,1.0,@3.85,4.05,DAY,2026-04-14T16:31:01.259Z,2026-04-14T16:31:01.636Z
GLD260422C00450000,GLD260422C00450000,BUY,FILLED,1.0,1.0,@4.1,4.08,DAY,2026-04-14T16:30:42.877Z,2026-04-14T16:30:43.131Z
INTC260424P00059000,INTC260424P00059000,BUY,FILLED,1.0,1.0,@2.24,2.21,DAY,2026-04-14T16:07:17.692Z,2026-04-14T16:07:17.891Z
HOOD260618C00070000,HOOD260618C00070000,SELL,FILLED,1.0,1.0,@14.0,14.05,DAY,2026-04-14T14:41:13.527Z,2026-04-14T14:41:13.659Z
MU260515P00340000,MU260515P00340000,SELL,FILLED,1.0,1.0,@5.5,5.5,DAY,2026-04-14T14:16:55.438Z,2026-04-14T14:17:25.805Z
MU260515P00340000,MU260515P00340000,BUY,FILLED,1.0,1.0,@6.15,6.15,DAY,2026-04-14T14:10:26.654Z,2026-04-14T14:10:26.777Z
HOOD260618C00070000,HOOD260618C00070000,BUY,FILLED,1.0,1.0,@12.85,12.65,DAY,2026-04-14T13:34:36.902Z,2026-04-14T13:34:37.042Z
JD260618C00029000,JD260618C00029000,BUY,FILLED,5.0,5.0,@2.9,2.9,DAY,2026-04-14T13:34:10.916Z,2026-04-14T13:34:53.185Z
NVDA260417P00145000,NVDA260417P00145000,SELL,FILLED,30.0,30.0,@0.01,0.01,DAY,2026-04-14T13:31:08.156Z,2026-04-14T13:31:19.741Z
USO260618C00135000,USO260618C00135000,SELL,FILLED,2.0,2.0,@11.2,11.2,DAY,2026-04-14T13:30:46.164Z,2026-04-14T13:30:46.220Z
USO260618C00135000,USO260618C00135000,BUY,FILLED,2.0,2.0,@12.5,12.5,DAY,2026-04-13T19:57:59.964Z,2026-04-13T19:57:59.997Z
MU260515P00340000,MU260515P00340000,SELL,FILLED,3.0,3.0,@7.1,7.31,DAY,2026-04-13T19:22:03.529Z,2026-04-13T19:22:03.663Z
SLV260630C00068000,SLV260630C00068000,SELL,FILLED,5.0,5.0,@7.0,7.05,DAY,2026-04-13T17:27:30.755Z,2026-04-13T17:27:30.796Z
SLV260630C00068000,SLV260630C00068000,BUY,FILLED,10.0,10.0,@7.0,7.0,DAY,2026-04-13T17:09:50.566Z,2026-04-13T17:09:50.607Z
MU260515P00340000,MU260515P00340000,BUY,FILLED,2.0,2.0,@9.0,9.0,DAY,2026-04-13T14:03:39.700Z,2026-04-13T14:03:39.745Z
MU260515P00340000,MU260515P00340000,BUY,FILLED,3.0,3.0,@9.0,9.0,DAY,2026-04-13T13:51:47.975Z,2026-04-13T13:51:48.688Z
COIN260515P00150000,COIN260515P00150000,SELL,FILLED,2.0,2.0,@6.8,6.8,DAY,2026-04-13T13:50:04.089Z,2026-04-13T13:50:04.170Z
MU260515P00340000,MU260515P00340000,SELL,FILLED,5.0,5.0,@8.9,9.01,DAY,2026-04-13T13:49:58.137Z,2026-04-13T13:49:58.222Z
MU260515P00340000,MU260515P00340000,BUY,FILLED,1.0,1.0,@9.55,9.55,DAY,2026-04-13T13:45:59.892Z,2026-04-13T13:46:05.134Z
ORCL260515P00140000,ORCL260515P00140000,SELL,FILLED,1.0,1.0,@7.5,7.6,DAY,2026-04-13T13:42:57.364Z,2026-04-13T13:42:57.531Z
ORCL260515P00140000,ORCL260515P00140000,SELL,FILLED,1.0,1.0,@7.5,7.9,DAY,2026-04-13T13:42:19.923Z,2026-04-13T13:42:20.087Z
MU260515P00340000,MU260515P00340000,BUY,FILLED,2.0,2.0,@9.45,9.2,DAY,2026-04-13T13:42:08.994Z,2026-04-13T13:42:09.087Z
INTC260417P00039000,INTC260417P00039000,SELL,FILLED,30.0,30.0,@0.01,0.01,DAY,2026-04-13T13:32:04.371Z,2026-04-13T13:32:05.189Z
EWJ260417P00080000,EWJ260417P00080000,SELL,CANCELLED,0.0,10.0,@0.45,,DAY,2026-04-13T13:31:44.576Z,
YINN260417C00036000,YINN260417C00036000,SELL,FILLED,15.0,15.0,@0.1,0.18,DAY,2026-04-13T13:31:29.084Z,2026-04-13T13:31:29.236Z
GOOG260417P00300000,GOOG260417P00300000,BUY,FILLED,8.0,8.0,@0.75,0.7,DAY,2026-04-13T13:31:24.451Z,2026-04-13T13:31:24.487Z
SPY260410P00676000,SPY260410P00676000,SELL,FILLED,10.0,10.0,@0.03,0.03,DAY,2026-04-10T19:49:17.211Z,2026-04-10T19:49:17.245Z
YINN260417C00036000,YINN260417C00036000,SELL,FILLED,5.0,5.0,@0.3,0.32,DAY,2026-04-10T19:33:00.342Z,2026-04-10T19:33:11.174Z
YINN260417C00036000,YINN260417C00036000,BUY,FILLED,20.0,20.0,@0.38,0.36,DAY,2026-04-10T19:19:38.752Z,2026-04-10T19:19:38.788Z
SPY260410P00676000,SPY260410P00676000,BUY,FILLED,9.0,9.0,@0.04,0.04,DAY,2026-04-10T19:10:56.532Z,2026-04-10T19:10:56.591Z
SPY260410P00676000,SPY260410P00676000,BUY,FILLED,1.0,1.0,@0.04,0.04,DAY,2026-04-10T19:10:42.794Z,2026-04-10T19:10:42.830Z
MU260515P00340000,MU260515P00340000,BUY,FILLED,2.0,2.0,@8.8,8.79,DAY,2026-04-10T15:44:35.157Z,2026-04-10T15:44:35.289Z
MU260515P00340000,MU260515P00340000,SELL,FILLED,2.0,2.0,@8.15,8.3,DAY,2026-04-10T14:33:36.061Z,2026-04-10T14:33:36.290Z
COIN260515P00150000,COIN260515P00150000,BUY,FILLED,2.0,2.0,@8.65,8.65,DAY,2026-04-10T13:42:42.542Z,2026-04-10T13:43:13.160Z
PANW260618P00150000,PANW260618P00150000,BUY,CANCELLED,0.0,2.0,@7.75,,DAY,2026-04-10T13:41:24.096Z,
ORCL260515P00140000,ORCL260515P00140000,BUY,FILLED,2.0,2.0,@9.4,9.4,DAY,2026-04-09T16:37:53.286Z,2026-04-09T16:37:53.334Z
MSFT260515P00355000,MSFT260515P00355000,SELL,FILLED,1.0,1.0,@9.15,9.15,DAY,2026-04-09T16:37:10.201Z,2026-04-09T16:38:03.313Z
ORCL260515P00140000,ORCL260515P00140000,SELL,FILLED,1.0,1.0,@8.55,8.55,DAY,2026-04-09T16:08:45.167Z,2026-04-09T16:08:58.903Z
VET260515C00012500,VET260515C00012500,SELL,FILLED,15.0,15.0,@0.85,0.85,DAY,2026-04-09T16:08:23.930Z,2026-04-09T16:08:28.907Z
ORCL260515P00140000,ORCL260515P00140000,BUY,FILLED,1.0,1.0,@9.35,9.35,DAY,2026-04-09T15:00:26.298Z,2026-04-09T15:00:26.344Z
MU260515P00340000,MU260515P00340000,BUY,FILLED,1.0,1.0,@11.65,11.65,DAY,2026-04-09T14:30:39.853Z,2026-04-09T14:30:43.216Z
MSFT260515P00355000,MSFT260515P00355000,BUY,FILLED,1.0,1.0,@10.65,10.65,DAY,2026-04-09T13:56:08.797Z,2026-04-09T13:56:08.834Z
MU260515P00340000,MU260515P00340000,SELL,FILLED,1.0,1.0,@9.8,9.8,DAY,2026-04-09T13:32:16.181Z,2026-04-09T13:32:16.228Z
MU260515P00340000,MU260515P00340000,BUY,FILLED,1.0,1.0,@10.8,10.8,DAY,2026-04-08T19:55:56.733Z,2026-04-08T19:56:07.169Z
QQQ260408C00609000,QQQ260408C00609000,SELL,FILLED,2.0,2.0,@0.46,0.47,DAY,2026-04-08T14:18:41.079Z,2026-04-08T14:18:41.114Z
MU260515P00340000,MU260515P00340000,BUY,FILLED,1.0,1.0,@10.7,10.57,DAY,2026-04-08T14:10:42.962Z,2026-04-08T14:10:43.096Z
QQQ260408C00609000,QQQ260408C00609000,BUY,FILLED,2.0,2.0,@1.08,1.08,DAY,2026-04-08T13:50:12.551Z,2026-04-08T13:50:16.713Z
UAL260515C00110000,UAL260515C00110000,BUY,CANCELLED,0.0,2.0,@4.15,,DAY,2026-04-08T13:36:38.768Z,
EWJ260515P00080000,EWJ260515P00080000,SELL,FILLED,7.0,7.0,@0.7,0.78,DAY,2026-04-08T13:32:09.446Z,2026-04-08T13:32:09.586Z
MU260515P00300000,MU260515P00300000,SELL,FILLED,3.0,3.0,@3.9,3.9,DAY,2026-04-08T13:31:20.299Z,2026-04-08T13:31:20.341Z
MU260515P00280000,MU260515P00280000,SELL,FILLED,5.0,5.0,@2.5,2.5,DAY,2026-04-08T13:31:08.239Z,2026-04-08T13:31:08.379Z
USO261016C00175000,USO261016C00175000,SELL,FILLED,1.0,1.0,@6.8,6.8,DAY,2026-04-08T13:30:41.685Z,2026-04-08T13:30:41.730Z
NVDA260515P00200000,NVDA260515P00200000,SELL,FILLED,2.0,2.0,@16.15,16.77,DAY,2026-04-08T13:30:19.859Z,2026-04-08T13:30:20.182Z
INTC260618P00055000,INTC260618P00055000,SELL,FILLED,2.0,2.0,@5.5,6.0,DAY,2026-04-08T13:30:12.548Z,2026-04-08T13:30:12.713Z
NVDA260515P00200000,NVDA260515P00200000,BUY,FILLED,2.0,2.0,@22.95,22.95,DAY,2026-04-07T19:57:32.752Z,2026-04-07T19:57:33.076Z
NVDA260515P00200000,NVDA260515P00200000,SELL,FILLED,2.0,2.0,@23.3,23.37,DAY,2026-04-07T19:54:39.587Z,2026-04-07T19:54:39.721Z
UAL260417P00085000,UAL260417P00085000,SELL,FILLED,3.0,3.0,@2.51,2.51,DAY,2026-04-07T19:49:44.580Z,2026-04-07T19:49:44.622Z
VET260515C00020000,VET260515C00020000,BUY,CANCELLED,0.0,10.0,@0.05,,DAY,2026-04-07T18:54:11.003Z,
VET260515C00012500,VET260515C00012500,BUY,FILLED,3.0,3.0,@2.05,2.05,DAY,2026-04-07T18:51:28.344Z,2026-04-07T18:51:43.540Z
EWJ260417P00080000,EWJ260417P00080000,BUY,FILLED,10.0,10.0,@0.85,0.84,DAY,2026-04-07T18:50:57.069Z,2026-04-07T18:51:09.961Z
UAL260417P00085000,UAL260417P00085000,BUY,FILLED,3.0,3.0,@3.3,3.01,DAY,2026-04-07T13:40:41.073Z,2026-04-07T13:40:41.209Z
MU260515P00280000,MU260515P00280000,BUY,FILLED,5.0,5.0,@5.1,5.1,DAY,2026-04-07T13:30:52.040Z,2026-04-07T13:30:52.183Z
VET260515C00012500,VET260515C00012500,BUY,FILLED,8.0,8.0,@1.8,1.7,DAY,2026-04-06T17:42:32.210Z,2026-04-06T17:46:03.243Z
USO261016C00175000,USO261016C00175000,BUY,FILLED,1.0,1.0,@16.3,16.25,DAY,2026-04-06T17:26:07.813Z,2026-04-06T17:26:25.407Z
INTC260618P00055000,INTC260618P00055000,BUY,FILLED,2.0,2.0,@8.7,8.57,DAY,2026-04-06T17:07:33.189Z,2026-04-06T17:07:33.463Z
MU260515P00300000,MU260515P00300000,BUY,FILLED,3.0,3.0,@7.85,7.85,DAY,2026-04-06T15:35:56.377Z,2026-04-06T15:35:56.413Z
HOOD260515P00050000,HOOD260515P00050000,SELL,FILLED,16.0,16.0,@0.91,0.91,DAY,2026-04-06T13:45:30.298Z,2026-04-06T13:45:30.548Z
MU260515P00300000,MU260515P00300000,SELL,FILLED,3.0,3.0,@7.85,8.25,DAY,2026-04-06T13:45:25.123Z,2026-04-06T13:45:25.260Z
SLV260417P00061000,SLV260417P00061000,SELL,FILLED,5.0,5.0,@1.33,1.33,DAY,2026-04-06T13:44:24.892Z,2026-04-06T13:44:24.933Z
INTC260417P00039000,INTC260417P00039000,BUY,FILLED,15.0,15.0,@0.16,0.16,DAY,2026-04-02T19:40:33.249Z,2026-04-02T19:40:33.356Z
EWJ260515P00080000,EWJ260515P00080000,BUY,FILLED,4.0,4.0,@1.9,1.9,DAY,2026-04-02T18:24:26.279Z,2026-04-02T18:33:04.814Z
EWJ260515P00080000,EWJ260515P00080000,BUY,FILLED,3.0,3.0,@1.9,1.9,DAY,2026-04-02T17:59:04.991Z,2026-04-02T17:59:05.053Z
VET260515C00012500,VET260515C00012500,BUY,CANCELLED,0.0,5.0,@1.45,,DAY,2026-04-02T17:53:05.867Z,
QQQ260402P00579000,QQQ260402P00579000,BUY,FILLED,1.0,1.0,@0.84,0.84,DAY,2026-04-02T15:33:54.629Z,2026-04-02T15:33:58.300Z
QQQ260402P00579000,QQQ260402P00579000,BUY,FILLED,1.0,1.0,@1.51,1.5,DAY,2026-04-02T14:51:00.602Z,2026-04-02T14:51:00.746Z
QQQ260402C00580000,QQQ260402C00580000,SELL,FILLED,1.0,1.0,@1.54,1.58,DAY,2026-04-02T14:25:20.849Z,2026-04-02T14:25:28.984Z
QQQ260402C00580000,QQQ260402C00580000,BUY,FILLED,1.0,1.0,@1.95,1.91,DAY,2026-04-02T14:22:07.723Z,2026-04-02T14:22:07.867Z
QQQ260402C00580000,QQQ260402C00580000,SELL,FILLED,2.0,2.0,@1.82,1.92,DAY,2026-04-02T14:18:21.279Z,2026-04-02T14:18:21.549Z
QQQ260402C00580000,QQQ260402C00580000,BUY,FILLED,2.0,2.0,@1.14,1.14,DAY,2026-04-02T13:59:35.488Z,2026-04-02T13:59:42.873Z
EWJ260402P00074000,EWJ260402P00074000,SELL,CANCELLED,0.0,30.0,@0.05,,DAY,2026-04-02T13:35:40.144Z,
QQQ260402C00588000,QQQ260402C00588000,SELL,FILLED,1.0,1.0,@0.02,0.03,DAY,2026-04-02T13:35:26.639Z,2026-04-02T13:35:26.810Z
HOOD260515P00050000,HOOD260515P00050000,BUY,FILLED,4.0,4.0,@1.48,1.48,DAY,2026-04-02T13:35:09.086Z,2026-04-02T13:35:09.143Z
HOOD260515P00050000,HOOD260515P00050000,BUY,FILLED,4.0,4.0,@1.41,1.41,DAY,2026-04-02T13:34:51.051Z,2026-04-02T13:34:51.106Z
HOOD260515P00050000,HOOD260515P00050000,BUY,FILLED,8.0,8.0,@1.36,1.36,DAY,2026-04-02T13:31:04.170Z,2026-04-02T13:31:19.125Z
SLV260417P00061000,SLV260417P00061000,BUY,FILLED,5.0,5.0,@2.65,2.65,DAY,2026-04-02T13:30:21.732Z,2026-04-02T13:30:21.810Z
NVDA260417P00145000,NVDA260417P00145000,BUY,FILLED,30.0,30.0,@0.3,0.29,DAY,2026-04-01T19:59:30.846Z,2026-04-01T19:59:30.899Z
QQQ260402C00588000,QQQ260402C00588000,BUY,FILLED,1.0,1.0,@1.99,1.96,DAY,2026-04-01T19:53:59.830Z,2026-04-01T19:53:59.971Z
MU260515P00300000,MU260515P00300000,BUY,FILLED,1.0,1.0,@9.6,9.6,DAY,2026-04-01T18:04:57.077Z,2026-04-01T18:05:03.482Z
MU260515P00300000,MU260515P00300000,BUY,FILLED,1.0,1.0,@8.85,8.85,DAY,2026-04-01T17:19:31.210Z,2026-04-01T17:19:47.142Z
MU260515P00300000,MU260515P00300000,BUY,FILLED,1.0,1.0,@10.5,10.31,DAY,2026-04-01T14:33:13.318Z,2026-04-01T14:33:13.458Z
QQQ260401P00578000,QQQ260401P00578000,SELL,FILLED,3.0,3.0,@0.87,0.87,DAY,2026-04-01T13:58:47.203Z,2026-04-01T13:58:48.440Z
QQQ260401P00578000,QQQ260401P00578000,BUY,FILLED,3.0,3.0,@1.0,0.97,DAY,2026-04-01T13:47:16.679Z,2026-04-01T13:47:16.824Z
MU260402C00372500,MU260402C00372500,SELL,FILLED,1.0,1.0,@1.55,1.55,DAY,2026-04-01T13:43:44.442Z,2026-04-01T13:44:02.451Z
EWY260515P00110000,EWY260515P00110000,SELL,FILLED,4.0,4.0,@4.4,4.4,DAY,2026-04-01T13:40:58.752Z,2026-04-01T13:40:58.804Z
EWY260424P00110000,EWY260424P00110000,SELL,FILLED,5.0,5.0,@2.5,2.5,DAY,2026-04-01T13:40:49.621Z,2026-04-01T13:41:10.332Z
MU260402C00372500,MU260402C00372500,BUY,FILLED,1.0,1.0,@2.04,2.04,DAY,2026-04-01T13:32:22.060Z,2026-04-01T13:32:22.110Z
MU260402C00350000,MU260402C00350000,SELL,FILLED,2.0,2.0,@3.35,3.35,DAY,2026-03-31T19:54:23.203Z,2026-03-31T19:54:31.432Z
QQQ260417C00575000,QQQ260417C00575000,SELL,FILLED,1.0,1.0,@12.93,12.95,DAY,2026-03-31T17:54:20.099Z,2026-03-31T17:54:20.237Z
AAOI260515P00055000,AAOI260515P00055000,SELL,FILLED,3.0,3.0,@4.3,4.3,DAY,2026-03-31T16:52:04.880Z,2026-03-31T16:52:04.923Z
HOOD260417P00060000,HOOD260417P00060000,SELL,FILLED,15.0,15.0,@1.3,1.3,DAY,2026-03-31T16:51:44.804Z,2026-03-31T16:51:51.093Z
CTSH260515P00060000,CTSH260515P00060000,SELL,FILLED,5.0,5.0,@3.0,3.04,DAY,2026-03-31T16:51:36.852Z,2026-03-31T16:52:26.333Z
MU260402C00350000,MU260402C00350000,BUY,FILLED,2.0,2.0,@2.45,2.39,DAY,2026-03-31T16:47:55.318Z,2026-03-31T16:47:55.484Z
GLD260417C00430000,GLD260417C00430000,SELL,FILLED,1.0,1.0,@10.9,10.9,DAY,2026-03-31T16:34:46.608Z,2026-03-31T16:34:56.095Z
GLD260417C00430000,GLD260417C00430000,BUY,FILLED,1.0,1.0,@11.25,11.09,DAY,2026-03-31T15:46:14.124Z,2026-03-31T15:46:14.266Z
QQQ260331C00566000,QQQ260331C00566000,SELL,FILLED,1.0,1.0,@2.71,2.71,DAY,2026-03-31T15:38:32.888Z,2026-03-31T15:38:34.986Z
INTC260417P00039000,INTC260417P00039000,BUY,FILLED,15.0,15.0,@0.98,0.95,DAY,2026-03-31T15:38:14.183Z,2026-03-31T15:38:14.219Z
VET260515C00012500,VET260515C00012500,BUY,FILLED,4.0,4.0,@2.35,2.25,DAY,2026-03-31T14:32:49.401Z,2026-03-31T14:32:49.453Z
VET260515C00020000,VET260515C00020000,BUY,FILLED,30.0,30.0,@0.2,0.16,DAY,2026-03-31T14:32:40.368Z,2026-03-31T14:33:00.837Z
UAL260515P00080000,UAL260515P00080000,SELL,FILLED,4.0,4.0,@4.9,4.9,DAY,2026-03-31T14:00:41.880Z,2026-03-31T14:00:48.400Z
UAL260515P00080000,UAL260515P00080000,SELL,CANCELLED,0.0,4.0,@5.2,,DAY,2026-03-31T13:46:52.270Z,
COIN260417P00175000,COIN260417P00175000,SELL,FILLED,1.0,1.0,@16.85,16.85,DAY,2026-03-31T13:42:52.750Z,2026-03-31T13:42:52.810Z
NVDA260417P00145000,NVDA260417P00145000,SELL,FILLED,20.0,20.0,@0.63,0.64,DAY,2026-03-31T13:42:26.784Z,2026-03-31T13:42:26.944Z
TSEM260417P00125000,TSEM260417P00125000,SELL,FILLED,5.0,5.0,@1.15,1.15,DAY,2026-03-31T13:40:27.938Z,2026-03-31T13:40:50.431Z
INTC260402P00040500,INTC260402P00040500,SELL,FILLED,10.0,10.0,@0.42,0.46,DAY,2026-03-31T13:40:12.512Z,2026-03-31T13:40:12.664Z
MU260515P00290000,MU260515P00290000,SELL,FILLED,1.0,1.0,@16.6,16.6,DAY,2026-03-31T13:35:18.902Z,2026-03-31T13:35:18.990Z
QQQ260417C00575000,QQQ260417C00575000,BUY,FILLED,1.0,1.0,@8.87,8.81,DAY,2026-03-31T13:33:45.060Z,2026-03-31T13:33:45.253Z
QQQ260331C00566000,QQQ260331C00566000,BUY,FILLED,1.0,1.0,@2.27,2.18,DAY,2026-03-31T13:31:24.457Z,2026-03-31T13:31:39.199Z
MU260515P00260000,MU260515P00260000,SELL,FILLED,5.0,5.0,@9.15,9.15,DAY,2026-03-31T13:30:17.488Z,2026-03-31T13:30:17.527Z
UAL260515P00080000,UAL260515P00080000,SELL,FILLED,4.0,4.0,@6.05,6.2,DAY,2026-03-30T19:12:55.064Z,2026-03-30T19:12:55.194Z
NVDA260417P00145000,NVDA260417P00145000,SELL,FILLED,20.0,20.0,@1.23,1.24,DAY,2026-03-30T19:12:31.955Z,2026-03-30T19:12:32.274Z
AAOI260515P00055000,AAOI260515P00055000,BUY,FILLED,3.0,3.0,@4.9,4.9,DAY,2026-03-30T15:19:20.989Z,2026-03-30T15:19:21.027Z
TSEM260417P00125000,TSEM260417P00125000,SELL,FILLED,5.0,5.0,@2.5,2.57,DAY,2026-03-30T15:17:30.033Z,2026-03-30T15:17:30.173Z
UAL260515P00080000,UAL260515P00080000,SELL,CANCELLED,0.0,4.0,@5.5,,DAY,2026-03-30T15:07:42.514Z,
INTC260402P00040500,INTC260402P00040500,SELL,FILLED,10.0,10.0,@0.61,0.64,DAY,2026-03-30T14:41:37.722Z,2026-03-30T14:41:37.825Z
TSEM260417P00125000,TSEM260417P00125000,SELL,CANCELLED,0.0,5.0,@1.65,,DAY,2026-03-30T14:15:04.411Z,
USO260417C00130000,USO260417C00130000,SELL,FILLED,2.0,2.0,@9.9,9.9,DAY,2026-03-30T14:11:32.815Z,2026-03-30T14:11:38.861Z
UVXY260410C00115000,UVXY260410C00115000,SELL,FILLED,8.0,8.0,@0.59,0.59,DAY,2026-03-30T14:11:22.192Z,2026-03-30T14:11:22.229Z
MU260515P00290000,MU260515P00290000,BUY,FILLED,1.0,1.0,@12.4,12.4,DAY,2026-03-30T13:56:08.892Z,2026-03-30T13:56:08.938Z
UVXY260410C00115000,UVXY260410C00115000,SELL,CANCELLED,0.0,8.0,@1.24,,DAY,2026-03-30T13:31:00.453Z,
SPY260330P00611000,SPY260330P00611000,SELL,CANCELLED,0.0,30.0,@0.02,,DAY,2026-03-30T13:28:13.413Z,
SPY260330P00611000,SPY260330P00611000,BUY,FILLED,30.0,30.0,@0.36,0.35,DAY,2026-03-27T19:54:15.045Z,2026-03-27T19:54:15.096Z
GLD260417C00430000,GLD260417C00430000,SELL,FILLED,1.0,1.0,@10.3,10.4,DAY,2026-03-27T19:38:54.348Z,2026-03-27T19:38:54.537Z
EWJ260402P00074000,EWJ260402P00074000,BUY,FILLED,30.0,30.0,@0.35,0.28,DAY,2026-03-27T19:29:13.654Z,2026-03-27T19:29:49.219Z
TSEM260417P00125000,TSEM260417P00125000,BUY,FILLED,10.0,10.0,@1.3,1.3,DAY,2026-03-27T18:54:44.157Z,2026-03-27T18:54:51.177Z
UVXY260402C00077000,UVXY260402C00077000,BUY,CANCELLED,0.0,50.0,@0.06,,DAY,2026-03-27T18:30:06.887Z,
UVXY260402C00078000,UVXY260402C00078000,SELL,CANCELLED,0.0,50.0,@0.06,,DAY,2026-03-27T18:30:06.887Z,
INTC260402P00040500,INTC260402P00040500,BUY,FILLED,20.0,20.0,@0.53,0.52,DAY,2026-03-27T18:27:42.516Z,2026-03-27T18:27:42.598Z
INTC260327P00041000,INTC260327P00041000,BUY,FILLED,75.0,75.0,@0.01,0.01,DAY,2026-03-27T16:40:17.807Z,2026-03-27T16:40:17.845Z
ORCL260327P00138000,ORCL260327P00138000,SELL,FILLED,5.0,5.0,@0.05,0.05,DAY,2026-03-27T15:33:49.301Z,2026-03-27T15:33:49.336Z
GLD260417C00430000,GLD260417C00430000,BUY,FILLED,1.0,1.0,@9.4,9.4,DAY,2026-03-27T15:00:06.410Z,2026-03-27T15:00:06.504Z
HOOD260417P00060000,HOOD260417P00060000,BUY,FILLED,5.0,5.0,@2.2,2.16,DAY,2026-03-27T13:56:22.430Z,2026-03-27T13:56:22.574Z
ORCL260327P00138000,ORCL260327P00138000,BUY,FILLED,5.0,5.0,@0.83,0.83,DAY,2026-03-27T13:32:41.411Z,2026-03-27T13:32:41.451Z
HOOD260417P00060000,HOOD260417P00060000,BUY,FILLED,10.0,10.0,@1.82,1.82,DAY,2026-03-27T13:30:53.682Z,2026-03-27T13:35:55.049Z
QQQ260327C00585000,QQQ260327C00585000,BUY,FILLED,3.0,3.0,@0.33,0.32,DAY,2026-03-26T19:57:20.750Z,2026-03-26T19:57:20.904Z
COIN260417P00155000,COIN260417P00155000,SELL,FILLED,1.0,1.0,@5.25,5.25,DAY,2026-03-26T19:42:53.946Z,2026-03-26T19:43:01.376Z
UVXY260410C00115000,UVXY260410C00115000,BUY,FILLED,2.0,2.0,@0.55,0.55,DAY,2026-03-26T19:38:34.548Z,2026-03-26T19:38:34.596Z
UVXY260410C00115000,UVXY260410C00115000,BUY,FILLED,6.0,6.0,@0.55,0.55,DAY,2026-03-26T19:38:06.252Z,2026-03-26T19:38:22.541Z
INTC260327P00041000,INTC260327P00041000,BUY,FILLED,50.0,50.0,@0.03,0.02,DAY,2026-03-26T17:58:12.973Z,2026-03-26T17:58:13.132Z
QQQ260327C00585000,QQQ260327C00585000,BUY,FILLED,5.0,5.0,@1.05,1.05,DAY,2026-03-26T17:09:04.335Z,2026-03-26T17:09:04.527Z
VET260417C00017500,VET260417C00017500,BUY,CANCELLED,0.0,10.0,@0.05,,DAY,2026-03-26T16:20:28.971Z,
MU260515P00260000,MU260515P00260000,SELL,CANCELLED,0.0,5.0,@4.5,,DAY,2026-03-26T15:51:28.991Z,
MU260327C00375000,MU260327C00375000,SELL,FILLED,1.0,1.0,@3.3,3.3,DAY,2026-03-26T15:51:09.232Z,2026-03-26T15:51:09.286Z
NTR260618C00080000,NTR260618C00080000,SELL,FILLED,5.0,5.0,@3.2,3.2,DAY,2026-03-26T15:50:26.286Z,2026-03-26T15:50:26.326Z
COIN260417P00155000,COIN260417P00155000,BUY,FILLED,1.0,1.0,@5.65,5.65,DAY,2026-03-26T15:49:49.181Z,2026-03-26T15:49:49.220Z
NVDA260417P00145000,NVDA260417P00145000,BUY,FILLED,40.0,40.0,@0.54,0.53,DAY,2026-03-26T15:49:31.050Z,2026-03-26T15:49:31.103Z
COIN260417P00175000,COIN260417P00175000,SELL,FILLED,2.0,2.0,@12.75,12.75,DAY,2026-03-26T15:49:05.124Z,2026-03-26T15:49:05.164Z
MU260327C00375000,MU260327C00375000,BUY,FILLED,1.0,1.0,@2.65,2.61,DAY,2026-03-26T14:47:36.695Z,2026-03-26T14:47:36.855Z
MU260515P00260000,MU260515P00260000,BUY,FILLED,5.0,5.0,@4.7,4.51,DAY,2026-03-26T14:44:11.018Z,2026-03-26T14:44:11.170Z
NIO260424C00007000,NIO260424C00007000,SELL,FILLED,50.0,50.0,@0.06,0.06,DAY,2026-03-26T14:11:06.299Z,2026-03-26T14:11:06.339Z
NTR260618C00080000,NTR260618C00080000,SELL,CANCELLED,0.0,5.0,@4.2,,DAY,2026-03-26T14:11:00.554Z,
EWY260424P00110000,EWY260424P00110000,BUY,FILLED,5.0,5.0,@3.6,3.6,DAY,2026-03-26T13:30:42.383Z,2026-03-26T13:33:59.450Z
CTSH260515P00060000,CTSH260515P00060000,BUY,FILLED,5.0,5.0,@3.8,3.8,DAY,2026-03-25T19:24:30.226Z,2026-03-25T19:24:30.289Z
TSLA260417P00375000,TSLA260417P00375000,SELL,FILLED,1.0,1.0,@11.0,11.05,DAY,2026-03-25T18:58:40.841Z,2026-03-25T18:58:40.878Z
WEAT260515C00025000,WEAT260515C00025000,SELL,FILLED,15.0,15.0,@0.75,0.75,DAY,2026-03-25T18:56:06.896Z,2026-03-25T18:56:39.260Z
AU260417C00105000,AU260417C00105000,SELL,FILLED,5.0,5.0,@1.35,1.35,DAY,2026-03-25T18:55:17.511Z,2026-03-25T18:55:40.356Z
MU260515P00340000,MU260515P00340000,SELL,FILLED,1.0,1.0,@17.9,17.9,DAY,2026-03-25T18:54:52.498Z,2026-03-25T18:55:01.808Z
NVDA260515P00200000,NVDA260515P00200000,BUY,FILLED,2.0,2.0,@22.9,22.72,DAY,2026-03-25T18:51:42.528Z,2026-03-25T18:51:42.691Z
KC260821C00025000,KC260821C00025000,BUY,CANCELLED,0.0,1.0,@0.1,,DAY,2026-03-25T18:41:53.292Z,
TSLA260417P00375000,TSLA260417P00375000,BUY,FILLED,1.0,1.0,@10.15,10.12,DAY,2026-03-25T17:48:07.507Z,2026-03-25T17:48:07.638Z
WEAT260515C00025000,WEAT260515C00025000,BUY,FILLED,15.0,15.0,@0.75,0.75,DAY,2026-03-25T16:52:02.258Z,2026-03-25T16:52:18.627Z
AU260417C00105000,AU260417C00105000,BUY,FILLED,5.0,5.0,@1.5,1.4,DAY,2026-03-25T16:46:51.212Z,2026-03-25T16:46:51.389Z
MU260515P00340000,MU260515P00340000,SELL,FILLED,1.0,1.0,@18.3,18.3,DAY,2026-03-25T16:42:21.801Z,2026-03-25T16:42:21.841Z
INTC260515P00036000,INTC260515P00036000,SELL,FILLED,38.0,38.0,@0.82,0.82,DAY,2026-03-25T16:36:50.221Z,2026-03-25T16:36:50.257Z
COIN260417P00175000,COIN260417P00175000,BUY,FILLED,2.0,2.0,@9.1,9.1,DAY,2026-03-25T15:19:36.784Z,2026-03-25T15:19:50.126Z
UAL260515P00080000,UAL260515P00080000,BUY,FILLED,4.0,4.0,@2.8,2.8,DAY,2026-03-25T15:08:58.776Z,2026-03-25T15:09:31.825Z
ASML260417P01120000,ASML260417P01120000,SELL,FILLED,1.0,1.0,@9.6,9.95,DAY,2026-03-25T14:41:41.975Z,2026-03-25T14:41:42.114Z
COIN260417P00175000,COIN260417P00175000,SELL,FILLED,2.0,2.0,@8.0,8.0,DAY,2026-03-25T14:19:47.649Z,2026-03-25T14:19:47.703Z
EWY260515P00110000,EWY260515P00110000,BUY,FILLED,4.0,4.0,@4.1,4.1,DAY,2026-03-25T14:19:13.176Z,2026-03-25T14:19:13.237Z
AMZN260515P00180000,AMZN260515P00180000,SELL,FILLED,5.0,5.0,@2.95,2.96,DAY,2026-03-25T14:17:58.063Z,2026-03-25T14:17:58.250Z
UAL260515P00080000,UAL260515P00080000,BUY,FILLED,4.0,4.0,@2.62,2.62,DAY,2026-03-25T14:04:23.234Z,2026-03-25T14:04:36.042Z
GLD260417C00410000,GLD260417C00410000,SELL,FILLED,1.0,1.0,@20.6,20.6,DAY,2026-03-25T14:03:48.900Z,2026-03-25T14:03:48.968Z
MU260515P00340000,MU260515P00340000,SELL,FILLED,1.0,1.0,@17.7,17.76,DAY,2026-03-25T13:38:33.628Z,2026-03-25T13:38:33.764Z
AMZN260417P00190000,AMZN260417P00190000,SELL,FILLED,8.0,8.0,@1.19,1.2,DAY,2026-03-25T13:38:24.426Z,2026-03-25T13:38:24.627Z
USO260327C00146000,USO260327C00146000,SELL,CANCELLED,0.0,10.0,@0.1,,DAY,2026-03-25T13:37:52.353Z,
USO260327C00147000,USO260327C00147000,BUY,CANCELLED,0.0,10.0,@0.1,,DAY,2026-03-25T13:37:52.353Z,
LOGI260515P00080000,LOGI260515P00080000,SELL,FILLED,10.0,10.0,@1.35,1.35,DAY,2026-03-25T13:30:53.618Z,2026-03-25T13:30:53.664Z
GLD260417C00410000,GLD260417C00410000,BUY,FILLED,1.0,1.0,@14.95,14.95,DAY,2026-03-24T19:27:37.730Z,2026-03-24T19:27:37.772Z
NIO260424C00007000,NIO260424C00007000,BUY,FILLED,50.0,50.0,@0.1,0.1,DAY,2026-03-24T17:29:12.668Z,2026-03-24T17:29:25.399Z
COIN260417P00175000,COIN260417P00175000,SELL,FILLED,1.0,1.0,@10.3,10.6,DAY,2026-03-24T16:40:08.868Z,2026-03-24T16:40:08.964Z
QQQ260324C00588000,QQQ260324C00588000,SELL,FILLED,2.0,2.0,@1.05,1.05,DAY,2026-03-24T15:48:19.514Z,2026-03-24T15:48:19.561Z
QQQ260324C00588000,QQQ260324C00588000,BUY,FILLED,2.0,2.0,@0.99,0.99,DAY,2026-03-24T14:53:25.399Z,2026-03-24T14:53:39.004Z
NTR260618C00080000,NTR260618C00080000,BUY,FILLED,5.0,5.0,@4.2,4.2,DAY,2026-03-24T14:33:52.233Z,2026-03-24T14:33:52.283Z
WEAT260717C00030000,WEAT260717C00030000,SELL,FILLED,10.0,10.0,@0.55,0.55,DAY,2026-03-23T13:36:22.449Z,2026-03-23T13:36:40.596Z
USO260327C00146000,USO260327C00146000,BUY,FILLED,100.0,100.0,@0.09,0.08,DAY,2026-03-20T19:20:31.018Z,2026-03-20T19:20:31.242Z
USO260327C00147000,USO260327C00147000,SELL,FILLED,100.0,100.0,@0.09,0.08,DAY,2026-03-20T19:20:31.018Z,2026-03-20T19:20:31.242Z
UVXY260327C00079000,UVXY260327C00079000,BUY,FILLED,20.0,20.0,@0.1,0.1,DAY,2026-03-20T18:58:23.113Z,2026-03-20T18:58:23.223Z
UVXY260327C00080000,UVXY260327C00080000,SELL,FILLED,20.0,20.0,@0.1,0.1,DAY,2026-03-20T18:58:23.113Z,2026-03-20T18:58:23.223Z
QQQ260323P00569000,QQQ260323P00569000,BUY,FILLED,5.0,5.0,@1.11,1.11,DAY,2026-03-20T18:54:25.568Z,2026-03-20T18:54:27.025Z
USO260417C00130000,USO260417C00130000,BUY,FILLED,2.0,2.0,@8.85,8.69,DAY,2026-03-20T17:21:03.652Z,2026-03-20T17:21:03.809Z
QQQ260320C00588000,QQQ260320C00588000,SELL,FILLED,2.0,2.0,@1.06,1.06,DAY,2026-03-20T16:15:47.212Z,2026-03-20T16:15:47.975Z
QQQ260320C00588000,QQQ260320C00588000,BUY,FILLED,2.0,2.0,@0.96,0.93,DAY,2026-03-20T16:00:33.788Z,2026-03-20T16:00:33.896Z
QQQ260320C00588000,QQQ260320C00588000,SELL,FILLED,2.0,2.0,,0.78,DAY,2026-03-20T15:28:28.750Z,2026-03-20T15:28:28.794Z
QQQ260320C00588000,QQQ260320C00588000,SELL,CANCELLED,0.0,2.0,@1.13,,DAY,2026-03-20T15:24:25.011Z,
LOGI260515P00080000,LOGI260515P00080000,BUY,FILLED,10.0,10.0,@2.5,2.5,DAY,2026-03-20T15:20:01.073Z,2026-03-20T15:20:11.795Z
QQQ260320C00588000,QQQ260320C00588000,BUY,FILLED,2.0,2.0,@0.97,0.93,DAY,2026-03-20T15:12:23.038Z,2026-03-20T15:12:23.173Z
SMH260320P00382500,SMH260320P00382500,SELL,FILLED,2.0,2.0,@0.32,0.42,DAY,2026-03-20T15:12:07.730Z,2026-03-20T15:12:07.792Z
ASML260417P01120000,ASML260417P01120000,BUY,FILLED,1.0,1.0,@21.5,21.5,DAY,2026-03-20T15:07:34.931Z,2026-03-20T15:07:35.014Z
NVDA260417P00160000,NVDA260417P00160000,SELL,FILLED,10.0,10.0,@2.42,2.42,DAY,2026-03-20T15:07:17.036Z,2026-03-20T15:07:17.079Z
NVDA260417P00160000,NVDA260417P00160000,BUY,FILLED,10.0,10.0,@2.54,2.54,DAY,2026-03-20T14:59:07.484Z,2026-03-20T14:59:07.522Z
NTR260515C00090000,NTR260515C00090000,SELL,FILLED,10.0,10.0,@0.7,0.7,DAY,2026-03-20T14:49:06.818Z,2026-03-20T14:49:06.997Z
WEAT260417C00025000,WEAT260417C00025000,SELL,FILLED,30.0,30.0,@0.55,0.55,DAY,2026-03-20T14:39:32.536Z,2026-03-20T14:39:32.705Z
MU260515P00340000,MU260515P00340000,BUY,FILLED,1.0,1.0,@12.65,12.3,DAY,2026-03-20T14:32:02.045Z,2026-03-20T14:32:02.183Z
NTR260417C00077500,NTR260417C00077500,SELL,FILLED,5.0,5.0,@1.85,1.96,DAY,2026-03-20T14:27:50.902Z,2026-03-20T14:27:51.048Z
SMH260320P00382500,SMH260320P00382500,BUY,FILLED,2.0,2.0,@1.72,1.72,DAY,2026-03-19T14:44:20.953Z,2026-03-19T14:44:22.300Z
SMH260320P00380000,SMH260320P00380000,SELL,FILLED,1.0,1.0,@1.03,1.03,DAY,2026-03-19T14:35:39.546Z,2026-03-19T14:35:39.615Z
MU260515P00340000,MU260515P00340000,BUY,FILLED,1.0,1.0,@11.7,11.42,DAY,2026-03-19T13:49:58.488Z,2026-03-19T13:49:58.944Z
MU260515P00340000,MU260515P00340000,BUY,FILLED,1.0,1.0,@11.7,11.45,DAY,2026-03-19T13:49:47.495Z,2026-03-19T13:49:47.639Z
HOOD260515P00070000,HOOD260515P00070000,SELL,FILLED,3.0,3.0,@6.3,6.3,DAY,2026-03-19T13:49:13.769Z,2026-03-19T13:49:13.814Z
HOOD260515P00070000,HOOD260515P00070000,SELL,FILLED,1.0,1.0,@6.5,6.5,DAY,2026-03-19T13:37:23.415Z,2026-03-19T13:37:23.458Z
USO260320C00130000,USO260320C00130000,SELL,FILLED,3.0,3.0,@0.6,0.62,DAY,2026-03-19T13:37:10.209Z,2026-03-19T13:37:10.284Z
SMH260320P00380000,SMH260320P00380000,SELL,FILLED,1.0,1.0,@4.4,4.55,DAY,2026-03-19T13:36:47.899Z,2026-03-19T13:36:48.038Z
INTC260327P00041000,INTC260327P00041000,BUY,FILLED,10.0,10.0,@0.51,0.51,DAY,2026-03-18T19:58:56.589Z,2026-03-18T19:58:56.629Z
AMZN260515P00180000,AMZN260515P00180000,BUY,FILLED,2.0,2.0,@3.75,3.7,DAY,2026-03-18T19:56:53.990Z,2026-03-18T19:56:54.123Z
AMZN260417P00190000,AMZN260417P00190000,BUY,FILLED,2.0,2.0,@2.29,2.29,DAY,2026-03-18T19:51:33.265Z,2026-03-18T19:51:33.308Z
INTC260515P00036000,INTC260515P00036000,BUY,FILLED,8.0,8.0,@1.23,1.22,DAY,2026-03-18T19:42:01.285Z,2026-03-18T19:42:01.342Z
UAL260327P00087000,UAL260327P00087000,SELL,FILLED,7.0,7.0,@1.5,1.5,DAY,2026-03-18T19:41:44.418Z,2026-03-18T19:41:44.453Z
AMZN260417P00190000,AMZN260417P00190000,BUY,FILLED,1.0,1.0,@2.18,2.17,DAY,2026-03-18T19:29:49.608Z,2026-03-18T19:29:49.750Z
SMH260320P00380000,SMH260320P00380000,BUY,FILLED,2.0,2.0,@1.61,1.61,DAY,2026-03-18T19:29:25.700Z,2026-03-18T19:29:26.080Z
QQQ260318P00597000,QQQ260318P00597000,SELL,FILLED,4.0,4.0,@1.15,1.17,DAY,2026-03-18T19:25:02.281Z,2026-03-18T19:25:02.313Z
QQQ260318P00597000,QQQ260318P00597000,BUY,FILLED,4.0,4.0,@0.92,0.89,DAY,2026-03-18T16:34:34.812Z,2026-03-18T16:34:34.959Z
UAL260327P00087000,UAL260327P00087000,BUY,FILLED,7.0,7.0,@1.58,1.58,DAY,2026-03-18T14:41:56.820Z,2026-03-18T14:42:10.920Z
USO260320C00130000,USO260320C00130000,BUY,FILLED,3.0,3.0,@1.65,1.64,DAY,2026-03-18T14:32:49.126Z,2026-03-18T14:32:49.288Z
COIN260417P00175000,COIN260417P00175000,BUY,FILLED,2.0,2.0,@5.65,5.65,DAY,2026-03-18T14:29:45.079Z,2026-03-18T14:29:45.140Z
COIN260417P00175000,COIN260417P00175000,BUY,FILLED,2.0,2.0,@5.7,5.7,DAY,2026-03-18T14:28:51.663Z,2026-03-18T14:29:11.827Z
HOOD260515P00070000,HOOD260515P00070000,BUY,FILLED,2.0,2.0,@5.2,5.16,DAY,2026-03-18T14:21:05.452Z,2026-03-18T14:21:05.593Z
NTR260515C00090000,NTR260515C00090000,SELL,CANCELLED,0.0,5.0,@1.75,,DAY,2026-03-18T13:37:25.291Z,
AMZN260320P00200000,AMZN260320P00200000,BUY,FILLED,2.0,2.0,@0.19,0.19,DAY,2026-03-18T13:33:44.148Z,2026-03-18T13:33:44.184Z
NTR260515C00090000,NTR260515C00090000,BUY,FILLED,5.0,5.0,@2.05,2.05,DAY,2026-03-18T13:31:49.136Z,2026-03-18T13:32:55.700Z
INTC260327P00041000,INTC260327P00041000,BUY,FILLED,15.0,15.0,@0.68,0.68,DAY,2026-03-17T15:35:29.722Z,2026-03-17T15:35:29.764Z
INTC260327P00044500,INTC260327P00044500,SELL,FILLED,10.0,10.0,@1.57,1.6,DAY,2026-03-17T14:22:16.369Z,2026-03-17T14:22:16.613Z
HOOD260515P00070000,HOOD260515P00070000,BUY,FILLED,2.0,2.0,@5.4,5.4,DAY,2026-03-17T14:04:42.935Z,2026-03-17T14:04:42.987Z
QQQ260316P00599000,QQQ260316P00599000,SELL,FILLED,2.0,2.0,@0.1,0.11,DAY,2026-03-16T18:49:47.582Z,2026-03-16T18:49:47.765Z
INTC260327P00044500,INTC260327P00044500,SELL,FILLED,10.0,10.0,@0.93,0.93,DAY,2026-03-16T18:00:55.508Z,2026-03-16T18:00:55.552Z
QQQ260316P00599000,QQQ260316P00599000,BUY,FILLED,2.0,2.0,@0.44,0.41,DAY,2026-03-16T17:51:30.121Z,2026-03-16T17:51:30.168Z
QQQ260316P00600000,QQQ260316P00600000,SELL,FILLED,1.0,1.0,@0.78,0.81,DAY,2026-03-16T16:53:43.763Z,2026-03-16T16:53:43.797Z
INTC260327P00044500,INTC260327P00044500,BUY,FILLED,17.0,17.0,@1.05,1.05,DAY,2026-03-16T16:38:46.374Z,2026-03-16T16:38:46.420Z
INTC260327P00044500,INTC260327P00044500,BUY,FILLED,3.0,3.0,@1.07,1.07,DAY,2026-03-16T16:32:50.066Z,2026-03-16T16:32:50.102Z
INTC260515P00036000,INTC260515P00036000,BUY,FILLED,15.0,15.0,@1.03,1.03,DAY,2026-03-16T16:17:51.320Z,2026-03-16T16:17:51.367Z
INTC260515P00036000,INTC260515P00036000,BUY,FILLED,15.0,15.0,@1.08,1.03,DAY,2026-03-16T16:17:25.931Z,2026-03-16T16:17:26.008Z
INTC260424P00039000,INTC260424P00039000,BUY,CANCELLED,0.0,15.0,@1.03,,DAY,2026-03-16T16:16:08.376Z,
PLTR260320P00115000,PLTR260320P00115000,SELL,FILLED,20.0,20.0,@0.02,0.02,DAY,2026-03-16T14:44:23.459Z,2026-03-16T14:44:29.669Z
PLTR260320P00095000,PLTR260320P00095000,BUY,FILLED,20.0,20.0,@0.02,0.02,DAY,2026-03-16T14:44:23.459Z,2026-03-16T14:44:29.669Z
QQQ260316P00600000,QQQ260316P00600000,SELL,FILLED,1.0,1.0,@1.92,1.93,DAY,2026-03-16T14:44:05.113Z,2026-03-16T14:44:05.197Z
UVXY260327C00079000,UVXY260327C00079000,SELL,CANCELLED,0.0,20.0,@0.22,,DAY,2026-03-16T14:43:22.215Z,
UVXY260327C00080000,UVXY260327C00080000,BUY,CANCELLED,0.0,20.0,@0.22,,DAY,2026-03-16T14:43:22.215Z,
QQQ260316P00600000,QQQ260316P00600000,SELL,FILLED,1.0,1.0,@1.79,1.79,DAY,2026-03-16T14:40:16.205Z,2026-03-16T14:40:27.613Z
QQQ260316P00600000,QQQ260316P00600000,BUY,FILLED,3.0,3.0,@0.92,0.92,DAY,2026-03-16T14:23:50.568Z,2026-03-16T14:23:54.831Z
QQQ260316C00603000,QQQ260316C00603000,SELL,FILLED,5.0,5.0,@0.86,0.9,DAY,2026-03-16T13:45:19.043Z,2026-03-16T13:45:19.075Z
NTR260515C00090000,NTR260515C00090000,BUY,FILLED,5.0,5.0,@2.5,2.43,DAY,2026-03-16T13:38:20.611Z,2026-03-16T13:38:20.757Z
BMNR260417P00017000,BMNR260417P00017000,SELL,FILLED,30.0,30.0,@0.51,0.51,DAY,2026-03-16T13:33:31.703Z,2026-03-16T13:33:47.344Z
XLF260417P00045000,XLF260417P00045000,SELL,FILLED,30.0,30.0,@0.44,0.44,DAY,2026-03-16T13:32:58.466Z,2026-03-16T13:33:06.340Z
KC260515C00012500,KC260515C00012500,SELL,FILLED,5.0,5.0,@2.25,2.25,DAY,2026-03-16T13:31:55.076Z,2026-03-16T13:32:38.618Z
USO260318C00130000,USO260318C00130000,SELL,FILLED,3.0,3.0,@1.1,1.11,DAY,2026-03-16T13:31:35.551Z,2026-03-16T13:31:35.695Z
NTR260417C00077500,NTR260417C00077500,BUY,FILLED,3.0,3.0,@7.4,7.4,DAY,2026-03-13T19:40:33.064Z,2026-03-13T19:40:33.109Z
UVXY260327C00079000,UVXY260327C00079000,BUY,CANCELLED,0.0,40.0,@0.05,,DAY,2026-03-13T19:27:50.751Z,
UVXY260327C00080000,UVXY260327C00080000,SELL,CANCELLED,0.0,40.0,@0.05,,DAY,2026-03-13T19:27:50.751Z,
UVXY260327C00079000,UVXY260327C00079000,BUY,FILLED,10.0,10.0,@0.1,0.09,DAY,2026-03-13T19:27:22.222Z,2026-03-13T19:27:22.386Z
UVXY260327C00080000,UVXY260327C00080000,SELL,FILLED,10.0,10.0,@0.1,0.09,DAY,2026-03-13T19:27:22.222Z,2026-03-13T19:27:22.386Z
UVXY260327C00079000,UVXY260327C00079000,BUY,FILLED,10.0,10.0,@0.1,0.1,DAY,2026-03-13T19:26:59.216Z,2026-03-13T19:26:59.274Z
UVXY260327C00080000,UVXY260327C00080000,SELL,FILLED,10.0,10.0,@0.1,0.1,DAY,2026-03-13T19:26:59.216Z,2026-03-13T19:26:59.274Z
QQQ260313P00591000,QQQ260313P00591000,SELL,FILLED,3.0,3.0,@0.09,0.09,DAY,2026-03-13T18:54:39.011Z,2026-03-13T18:54:46.696Z
NTR260417C00077500,NTR260417C00077500,SELL,FILLED,3.0,3.0,@7.1,7.46,DAY,2026-03-13T18:44:04.661Z,2026-03-13T18:44:04.706Z
HL260417P00016000,HL260417P00016000,SELL,FILLED,10.0,10.0,@0.5,0.52,DAY,2026-03-13T18:03:52.704Z,2026-03-13T18:03:52.760Z
QQQ260316C00603000,QQQ260316C00603000,BUY,FILLED,5.0,5.0,@1.17,1.17,DAY,2026-03-13T17:54:27.442Z,2026-03-13T17:54:32.387Z
USO260318C00130000,USO260318C00130000,BUY,FILLED,3.0,3.0,@3.3,3.09,DAY,2026-03-13T17:54:04.255Z,2026-03-13T17:54:04.390Z
UVXY260313C00061000,UVXY260313C00061000,SELL,CANCELLED,0.0,100.0,@0.01,,DAY,2026-03-13T17:19:27.428Z,
UVXY260313C00062000,UVXY260313C00062000,BUY,CANCELLED,0.0,100.0,@0.01,,DAY,2026-03-13T17:19:27.428Z,
UVXY260327C00071000,UVXY260327C00071000,BUY,CANCELLED,0.0,10.0,@0.1,,DAY,2026-03-13T17:03:05.239Z,
UVXY260327C00072000,UVXY260327C00072000,SELL,CANCELLED,0.0,10.0,@0.1,,DAY,2026-03-13T17:03:05.239Z,
QQQ260313P00591000,QQQ260313P00591000,BUY,FILLED,3.0,3.0,@0.67,0.66,DAY,2026-03-13T16:18:05.431Z,2026-03-13T16:18:05.504Z
HL260417P00016000,HL260417P00016000,BUY,FILLED,10.0,10.0,@0.58,0.58,DAY,2026-03-13T16:00:59.649Z,2026-03-13T16:00:59.684Z
AMZN260515P00180000,AMZN260515P00180000,BUY,FILLED,3.0,3.0,@5.0,4.94,DAY,2026-03-13T16:00:22.661Z,2026-03-13T16:00:22.821Z
AMZN260320P00200000,AMZN260320P00200000,SELL,FILLED,8.0,8.0,@1.97,2.0,DAY,2026-03-13T15:59:59.949Z,2026-03-13T16:00:00.081Z
WEAT260717C00030000,WEAT260717C00030000,BUY,FILLED,10.0,10.0,@0.8,0.79,DAY,2026-03-13T15:22:51.267Z,2026-03-13T15:22:51.325Z
QQQ260313P00593000,QQQ260313P00593000,SELL,FILLED,3.0,3.0,@0.74,0.76,DAY,2026-03-13T15:09:40.831Z,2026-03-13T15:09:40.965Z
BMNR260417P00017000,BMNR260417P00017000,BUY,FILLED,15.0,15.0,@0.7,0.7,DAY,2026-03-13T14:55:56.123Z,2026-03-13T14:57:39.626Z
XLF260417P00045000,XLF260417P00045000,BUY,FILLED,30.0,30.0,@0.5,0.5,DAY,2026-03-13T14:53:58.553Z,2026-03-13T14:53:58.654Z
QQQ260313P00593000,QQQ260313P00593000,BUY,FILLED,3.0,3.0,@0.73,0.65,DAY,2026-03-13T14:53:06.217Z,2026-03-13T14:53:06.486Z
XLF260417P00045000,XLF260417P00045000,SELL,FILLED,60.0,60.0,@0.46,0.46,DAY,2026-03-13T14:34:00.046Z,2026-03-13T14:34:00.191Z
BMNR260417P00017000,BMNR260417P00017000,SELL,FILLED,15.0,15.0,@0.57,0.57,DAY,2026-03-13T14:32:12.250Z,2026-03-13T14:32:28.778Z
QQQ260313P00592000,QQQ260313P00592000,SELL,FILLED,6.0,6.0,@0.24,0.24,DAY,2026-03-13T14:20:21.085Z,2026-03-13T14:20:29.770Z
BMNR260417P00017000,BMNR260417P00017000,BUY,FILLED,30.0,30.0,@0.65,0.62,DAY,2026-03-13T14:19:26.712Z,2026-03-13T14:19:26.935Z
UVXY260313C00080000,UVXY260313C00080000,SELL,FILLED,2.0,2.0,@0.01,0.01,DAY,2026-03-13T14:00:33.104Z,2026-03-13T14:26:20.566Z
QQQ260313P00592000,QQQ260313P00592000,BUY,FILLED,3.0,3.0,@0.24,0.24,DAY,2026-03-13T13:59:18.384Z,2026-03-13T13:59:18.418Z
AMZN260313P00190000,AMZN260313P00190000,SELL,FILLED,11.0,11.0,@0.01,0.02,DAY,2026-03-13T13:53:16.096Z,2026-03-13T13:53:16.329Z
DOCU260417P00047500,DOCU260417P00047500,SELL,FILLED,2.0,2.0,@4.2,4.27,DAY,2026-03-13T13:47:15.601Z,2026-03-13T13:47:15.637Z
DOCU260417P00047500,DOCU260417P00047500,BUY,FILLED,2.0,2.0,@4.8,4.8,DAY,2026-03-13T13:36:30.284Z,2026-03-13T13:36:39.118Z
NTR260417C00090000,NTR260417C00090000,SELL,FILLED,5.0,5.0,@2.2,2.46,DAY,2026-03-13T13:33:38.863Z,2026-03-13T13:33:38.903Z
UAL260417P00075000,UAL260417P00075000,SELL,FILLED,5.0,5.0,@2.61,2.61,DAY,2026-03-13T13:30:43.311Z,2026-03-13T13:30:56.732Z
QQQ260313P00592000,QQQ260313P00592000,BUY,FILLED,3.0,3.0,@1.68,1.65,DAY,2026-03-12T19:49:01.473Z,2026-03-12T19:49:01.533Z
QQQ260312P00598000,QQQ260312P00598000,SELL,FILLED,2.0,2.0,@0.66,0.66,DAY,2026-03-12T19:47:31.689Z,2026-03-12T19:47:58.178Z
QQQ260313P00592000,QQQ260313P00592000,SELL,FILLED,3.0,3.0,@1.63,1.65,DAY,2026-03-12T19:05:12.763Z,2026-03-12T19:05:12.798Z
QQQ260312P00598000,QQQ260312P00598000,BUY,FILLED,2.0,2.0,@0.92,0.89,DAY,2026-03-12T19:02:42.730Z,2026-03-12T19:02:42.789Z
QQQ260313P00592000,QQQ260313P00592000,BUY,FILLED,3.0,3.0,@1.72,1.69,DAY,2026-03-12T19:02:24.890Z,2026-03-12T19:02:25.045Z
QQQ260312P00599000,QQQ260312P00599000,SELL,FILLED,3.0,3.0,@1.06,1.07,DAY,2026-03-12T18:01:40.698Z,2026-03-12T18:01:40.834Z
QQQ260312P00599000,QQQ260312P00599000,BUY,FILLED,1.0,1.0,@1.31,1.3,DAY,2026-03-12T17:45:38.049Z,2026-03-12T17:45:57.919Z
QQQ260312P00599000,QQQ260312P00599000,BUY,FILLED,2.0,2.0,@1.02,1.0,DAY,2026-03-12T17:43:30.995Z,2026-03-12T17:43:31.118Z
MSTR260417P00115000,MSTR260417P00115000,SELL,FILLED,3.0,3.0,@4.75,4.95,DAY,2026-03-12T17:22:13.446Z,2026-03-12T17:22:13.583Z
UAL260417P00075000,UAL260417P00075000,SELL,FILLED,5.0,5.0,@2.94,2.95,DAY,2026-03-12T15:13:27.932Z,2026-03-12T15:13:27.982Z
AMZN260417P00190000,AMZN260417P00190000,BUY,FILLED,5.0,5.0,@3.45,3.45,DAY,2026-03-12T15:13:07.946Z,2026-03-12T15:13:08.025Z
NTR260417C00090000,NTR260417C00090000,SELL,FILLED,5.0,5.0,@2.5,2.7,DAY,2026-03-12T14:12:11.621Z,2026-03-12T14:12:11.776Z
QQQ260312P00600000,QQQ260312P00600000,SELL,FILLED,2.0,2.0,@1.8,1.8,DAY,2026-03-12T14:01:38.794Z,2026-03-12T14:01:46.314Z
XLF260417P00050000,XLF260417P00050000,SELL,FILLED,14.0,14.0,@2.05,2.06,DAY,2026-03-12T14:00:07.568Z,2026-03-12T14:00:07.726Z
MSTR260417P00115000,MSTR260417P00115000,BUY,FILLED,3.0,3.0,@5.1,5.1,DAY,2026-03-12T13:58:41.559Z,2026-03-12T13:59:15.445Z
WEAT260417C00025000,WEAT260417C00025000,BUY,FILLED,30.0,30.0,@0.7,0.7,DAY,2026-03-12T13:40:15.091Z,2026-03-12T13:40:35.367Z
NTR260417C00090000,NTR260417C00090000,SELL,FILLED,10.0,10.0,@1.75,2.09,DAY,2026-03-12T13:33:43.070Z,2026-03-12T13:33:43.235Z
NTR260417C00077500,NTR260417C00077500,SELL,FILLED,3.0,3.0,@6.8,8.23,DAY,2026-03-12T13:33:30.007Z,2026-03-12T13:33:30.143Z
QQQ260312P00600000,QQQ260312P00600000,BUY,FILLED,2.0,2.0,,1.6,DAY,2026-03-12T13:30:36.126Z,2026-03-12T13:30:36.265Z
NTR260417C00090000,NTR260417C00090000,BUY,FILLED,20.0,20.0,@0.6,0.6,DAY,2026-03-11T19:04:58.925Z,2026-03-11T19:04:58.985Z
QQQ260311P00604000,QQQ260311P00604000,SELL,FILLED,5.0,5.0,@0.21,0.22,DAY,2026-03-11T18:33:14.497Z,2026-03-11T18:33:14.632Z
QQQ260311P00604000,QQQ260311P00604000,BUY,FILLED,5.0,5.0,@0.46,0.45,DAY,2026-03-11T17:55:26.706Z,2026-03-11T17:55:26.984Z
UVXY260313C00061000,UVXY260313C00061000,BUY,FILLED,50.0,50.0,@0.03,0.03,DAY,2026-03-11T16:25:55.287Z,2026-03-11T19:54:38.425Z
UVXY260313C00062000,UVXY260313C00062000,SELL,FILLED,50.0,50.0,@0.03,0.03,DAY,2026-03-11T16:25:55.287Z,2026-03-11T19:54:38.425Z
QQQ260311P00607000,QQQ260311P00607000,SELL,FILLED,2.0,2.0,@2.26,2.3,DAY,2026-03-11T16:07:00.207Z,2026-03-11T16:07:00.356Z
AMZN260320P00200000,AMZN260320P00200000,BUY,FILLED,10.0,10.0,@1.26,1.26,DAY,2026-03-11T14:35:45.761Z,2026-03-11T14:35:55.081Z
QQQ260311P00607000,QQQ260311P00607000,BUY,FILLED,2.0,2.0,@1.37,1.27,DAY,2026-03-11T13:53:09.727Z,2026-03-11T13:53:10.094Z
AMZN260320P00190000,AMZN260320P00190000,SELL,FILLED,10.0,10.0,@0.47,0.47,DAY,2026-03-11T13:51:46.524Z,2026-03-11T13:51:46.936Z
SLV260417C00090000,SLV260417C00090000,SELL,FILLED,5.0,5.0,@2.86,2.86,DAY,2026-03-11T13:50:19.344Z,2026-03-11T13:50:19.429Z
CF260417C00120000,CF260417C00120000,BUY,CANCELLED,0.0,3.0,@4.0,,DAY,2026-03-11T13:44:33.970Z,
NIO260417C00006000,NIO260417C00006000,SELL,FILLED,20.0,20.0,@0.34,0.35,DAY,2026-03-11T13:40:23.587Z,2026-03-11T13:40:23.886Z
QQQ260311P00600000,QQQ260311P00600000,SELL,FILLED,4.0,4.0,@0.26,0.27,DAY,2026-03-11T13:33:47.866Z,2026-03-11T13:33:47.909Z
KB260618P00100000,KB260618P00100000,SELL,FILLED,2.0,2.0,@3.6,5.52,DAY,2026-03-11T13:31:17.067Z,2026-03-11T13:31:17.261Z
UVXY260313C00061000,UVXY260313C00061000,SELL,CANCELLED,0.0,25.0,@0.3,,DAY,2026-03-10T19:58:12.558Z,
UVXY260313C00062000,UVXY260313C00062000,BUY,CANCELLED,0.0,25.0,@0.3,,DAY,2026-03-10T19:58:12.558Z,
QQQ260311P00600000,QQQ260311P00600000,BUY,FILLED,2.0,2.0,@1.32,1.32,DAY,2026-03-10T19:22:10.508Z,2026-03-10T19:22:10.800Z
NIO260410C00005500,NIO260410C00005500,SELL,FILLED,10.0,10.0,@0.5,0.52,DAY,2026-03-10T19:17:49.760Z,2026-03-10T19:17:55.059Z
AMZN260320P00190000,AMZN260320P00190000,BUY,FILLED,10.0,10.0,@0.58,0.57,DAY,2026-03-10T19:17:23.501Z,2026-03-10T19:17:23.657Z
QQQ260311P00600000,QQQ260311P00600000,BUY,FILLED,2.0,2.0,@1.27,1.27,DAY,2026-03-10T19:13:23.953Z,2026-03-10T19:13:30.935Z
UAL260417P00075000,UAL260417P00075000,BUY,FILLED,10.0,10.0,@2.19,2.19,DAY,2026-03-10T18:53:05.388Z,2026-03-10T18:53:05.599Z
MU260417P00310000,MU260417P00310000,SELL,FILLED,2.0,2.0,@7.0,7.0,DAY,2026-03-10T16:43:59.903Z,2026-03-10T16:43:59.938Z
QQQ260310P00597000,QQQ260310P00597000,SELL,FILLED,5.0,5.0,@0.26,0.26,DAY,2026-03-10T14:35:27.710Z,2026-03-10T18:14:56.081Z
NIO260417C00006000,NIO260417C00006000,BUY,FILLED,20.0,20.0,@0.3,0.29,DAY,2026-03-10T13:47:08.022Z,2026-03-10T13:47:08.120Z
SLV260417C00090000,SLV260417C00090000,BUY,FILLED,5.0,5.0,@4.45,4.42,DAY,2026-03-10T13:31:24.039Z,2026-03-10T13:31:24.376Z
QQQ260310P00597000,QQQ260310P00597000,BUY,FILLED,5.0,5.0,@1.08,1.06,DAY,2026-03-09T19:53:08.173Z,2026-03-09T19:53:08.220Z
SPY260310C00684000,SPY260310C00684000,SELL,FILLED,5.0,5.0,@0.7,0.75,DAY,2026-03-09T19:52:20.524Z,2026-03-09T19:52:20.660Z
SPY260310C00684000,SPY260310C00684000,BUY,FILLED,5.0,5.0,@0.9,0.9,DAY,2026-03-09T19:29:22.083Z,2026-03-09T19:29:22.524Z
QQQ260309P00600000,QQQ260309P00600000,SELL,FILLED,3.0,3.0,@0.01,0.01,DAY,2026-03-09T19:28:37.887Z,2026-03-09T19:29:39.543Z
QQQ260309P00599000,QQQ260309P00599000,BUY,FILLED,3.0,3.0,@0.01,0.01,DAY,2026-03-09T19:28:37.887Z,2026-03-09T19:29:39.543Z
SPY260310C00676000,SPY260310C00676000,SELL,FILLED,15.0,15.0,@0.54,0.56,DAY,2026-03-09T19:28:21.924Z,2026-03-09T19:28:22.062Z
SPY260310C00677000,SPY260310C00677000,BUY,FILLED,15.0,15.0,@0.54,0.56,DAY,2026-03-09T19:28:21.924Z,2026-03-09T19:28:22.062Z
SPY260310C00676000,SPY260310C00676000,BUY,FILLED,15.0,15.0,@0.3,0.3,DAY,2026-03-09T19:13:02.403Z,2026-03-09T19:13:02.544Z
SPY260310C00677000,SPY260310C00677000,SELL,FILLED,15.0,15.0,@0.3,0.3,DAY,2026-03-09T19:13:02.403Z,2026-03-09T19:13:02.544Z
QQQ260309P00600000,QQQ260309P00600000,SELL,FILLED,7.0,7.0,@0.41,0.41,DAY,2026-03-09T18:58:04.984Z,2026-03-09T18:58:05.135Z
QQQ260309P00599000,QQQ260309P00599000,BUY,FILLED,7.0,7.0,@0.41,0.41,DAY,2026-03-09T18:58:04.984Z,2026-03-09T18:58:05.135Z
QQQ260309P00600000,QQQ260309P00600000,BUY,FILLED,10.0,10.0,@0.25,0.25,DAY,2026-03-09T18:48:48.077Z,2026-03-09T18:49:00.659Z
QQQ260309P00599000,QQQ260309P00599000,SELL,FILLED,10.0,10.0,@0.25,0.25,DAY,2026-03-09T18:48:48.077Z,2026-03-09T18:49:00.659Z
QQQ260310P00590000,QQQ260310P00590000,SELL,FILLED,2.0,2.0,@1.09,1.09,DAY,2026-03-09T18:29:11.890Z,2026-03-09T18:29:11.927Z
UVXY260313C00061000,UVXY260313C00061000,BUY,FILLED,25.0,25.0,@0.13,0.13,DAY,2026-03-09T17:35:10.349Z,2026-03-09T17:35:20.493Z
UVXY260313C00062000,UVXY260313C00062000,SELL,FILLED,25.0,25.0,@0.13,0.13,DAY,2026-03-09T17:35:10.349Z,2026-03-09T17:35:20.493Z
UVXY260313C00061000,UVXY260313C00061000,BUY,FILLED,25.0,25.0,@0.15,0.15,DAY,2026-03-09T17:34:28.661Z,2026-03-09T17:34:56.599Z
UVXY260313C00062000,UVXY260313C00062000,SELL,FILLED,25.0,25.0,@0.15,0.15,DAY,2026-03-09T17:34:28.661Z,2026-03-09T17:34:56.599Z
QQQ260310P00590000,QQQ260310P00590000,BUY,FILLED,2.0,2.0,@1.46,1.46,DAY,2026-03-09T17:22:30.515Z,2026-03-09T17:22:36.038Z
KC260515C00012500,KC260515C00012500,SELL,FILLED,5.0,5.0,@2.85,2.86,DAY,2026-03-09T17:21:43.774Z,2026-03-09T17:21:43.906Z
NIO260410C00005500,NIO260410C00005500,BUY,FILLED,10.0,10.0,@0.23,0.22,DAY,2026-03-09T16:04:20.141Z,2026-03-09T16:04:20.276Z
KC260515C00012500,KC260515C00012500,BUY,FILLED,10.0,10.0,@2.95,2.95,DAY,2026-03-09T16:02:46.028Z,2026-03-09T16:02:55.188Z
SLV260417C00185000,SLV260417C00185000,SELL,FILLED,30.0,30.0,@0.11,0.11,DAY,2026-03-09T15:28:28.571Z,2026-03-09T15:28:28.622Z
MU260417P00310000,MU260417P00310000,SELL,FILLED,1.0,1.0,@12.75,13.03,DAY,2026-03-09T15:28:21.010Z,2026-03-09T15:28:21.263Z
QQQ260309P00577000,QQQ260309P00577000,SELL,FILLED,40.0,40.0,@0.04,0.04,DAY,2026-03-09T15:28:10.216Z,2026-03-09T15:28:10.287Z
MU260417P00310000,MU260417P00310000,BUY,FILLED,2.0,2.0,@17.1,17.1,DAY,2026-03-09T14:06:30.896Z,2026-03-09T14:06:30.934Z
MU260417P00310000,MU260417P00310000,SELL,FILLED,2.0,2.0,@16.1,16.65,DAY,2026-03-09T14:05:33.750Z,2026-03-09T14:05:33.884Z
AMZN260313P00190000,AMZN260313P00190000,SELL,FILLED,22.0,22.0,@0.77,0.79,DAY,2026-03-09T14:05:10.232Z,2026-03-09T14:05:10.368Z
QQQ260309P00577000,QQQ260309P00577000,BUY,FILLED,20.0,20.0,@0.11,0.11,DAY,2026-03-09T13:37:59.418Z,2026-03-09T13:37:59.454Z
UVXY260313C00050000,UVXY260313C00050000,SELL,FILLED,10.0,10.0,@5.52,5.54,DAY,2026-03-09T13:33:02.137Z,2026-03-09T13:33:02.292Z
UVXY260313C00070000,UVXY260313C00070000,BUY,FILLED,10.0,10.0,@5.52,5.54,DAY,2026-03-09T13:33:02.137Z,2026-03-09T13:33:02.292Z
AMZN260313P00190000,AMZN260313P00190000,SELL,FILLED,33.0,33.0,@0.61,0.65,DAY,2026-03-09T13:32:40.967Z,2026-03-09T13:32:41.110Z
QQQ260309P00577000,QQQ260309P00577000,BUY,FILLED,20.0,20.0,@0.53,0.53,DAY,2026-03-06T20:58:42.290Z,2026-03-06T20:58:42.339Z
AMD260417P00170000,AMD260417P00170000,SELL,FILLED,3.0,3.0,@6.9,6.9,DAY,2026-03-06T20:56:52.263Z,2026-03-06T20:56:52.319Z
UVXY260313C00080000,UVXY260313C00080000,BUY,FILLED,2.0,2.0,@1.61,1.6,DAY,2026-03-06T20:55:02.149Z,2026-03-06T20:55:02.433Z
UVXY260306C00055000,UVXY260306C00055000,SELL,FILLED,40.0,40.0,@0.02,0.02,DAY,2026-03-06T20:52:28.768Z,2026-03-06T20:52:30.025Z
QQQ260306P00599000,QQQ260306P00599000,SELL,FILLED,7.0,7.0,@0.83,0.83,DAY,2026-03-06T20:35:56.769Z,2026-03-06T20:36:16.425Z
AMZN260313P00190000,AMZN260313P00190000,BUY,FILLED,33.0,33.0,@0.67,0.65,DAY,2026-03-06T20:16:01.452Z,2026-03-06T20:16:01.595Z
AMZN260313P00190000,AMZN260313P00190000,BUY,FILLED,33.0,33.0,@0.6,0.6,DAY,2026-03-06T20:09:24.026Z,2026-03-06T20:09:24.940Z
QQQ260306P00599000,QQQ260306P00599000,BUY,FILLED,2.0,2.0,@0.63,0.63,DAY,2026-03-06T17:47:04.448Z,2026-03-06T17:47:04.546Z
XLF260417P00050000,XLF260417P00050000,BUY,FILLED,7.0,7.0,@1.62,1.6,DAY,2026-03-06T17:44:18.571Z,2026-03-06T17:44:30.088Z
UVXY260313C00050000,UVXY260313C00050000,BUY,FILLED,5.0,5.0,@3.15,3.1,DAY,2026-03-06T16:53:33.158Z,2026-03-06T16:53:33.304Z
UVXY260313C00070000,UVXY260313C00070000,SELL,FILLED,5.0,5.0,@3.15,3.1,DAY,2026-03-06T16:53:33.158Z,2026-03-06T16:53:33.304Z
QQQ260306P00599000,QQQ260306P00599000,BUY,FILLED,5.0,5.0,@0.71,0.71,DAY,2026-03-06T16:23:59.916Z,2026-03-06T16:23:59.967Z
QQQ260306P00599000,QQQ260306P00599000,SELL,FILLED,5.0,5.0,@0.59,0.59,DAY,2026-03-06T15:55:47.288Z,2026-03-06T15:56:02.061Z
UVXY260306C00055000,UVXY260306C00055000,BUY,FILLED,20.0,20.0,@0.17,0.17,DAY,2026-03-06T15:53:51.145Z,2026-03-06T15:53:51.176Z
MU260417P00310000,MU260417P00310000,BUY,FILLED,1.0,1.0,@12.1,12.1,DAY,2026-03-06T15:43:26.341Z,2026-03-06T15:43:26.383Z
QQQ260306P00599000,QQQ260306P00599000,BUY,FILLED,5.0,5.0,@0.59,0.59,DAY,2026-03-06T15:41:09.478Z,2026-03-06T15:41:15.402Z
MU260417P00310000,MU260417P00310000,SELL,FILLED,1.0,1.0,@11.4,11.7,DAY,2026-03-06T15:37:32.499Z,2026-03-06T15:37:32.743Z
XLF260417P00050000,XLF260417P00050000,BUY,FILLED,7.0,7.0,@1.53,1.47,DAY,2026-03-06T15:37:11.488Z,2026-03-06T15:37:11.619Z
XLF260417P00050000,XLF260417P00050000,SELL,FILLED,5.0,5.0,@1.56,1.56,DAY,2026-03-06T15:24:48.586Z,2026-03-06T15:25:04.180Z
UVXY260306C00047000,UVXY260306C00047000,SELL,FILLED,2.0,2.0,@3.45,3.45,DAY,2026-03-06T14:51:29.818Z,2026-03-06T14:51:29.857Z
UVXY260306C00047000,UVXY260306C00047000,SELL,FILLED,3.0,3.0,@4.15,4.15,DAY,2026-03-06T14:50:34.532Z,2026-03-06T14:50:45.247Z
QQQ260306P00597000,QQQ260306P00597000,SELL,FILLED,2.0,2.0,@1.73,1.77,DAY,2026-03-05T19:43:58.436Z,2026-03-05T19:43:58.582Z
QQQ260306P00597000,QQQ260306P00597000,BUY,FILLED,2.0,2.0,@2.03,2.02,DAY,2026-03-05T19:35:34.585Z,2026-03-05T19:35:34.756Z
UVXY260306C00047000,UVXY260306C00047000,BUY,FILLED,2.0,2.0,@2.32,2.32,DAY,2026-03-05T19:35:06.478Z,2026-03-05T19:35:06.513Z
QQQ260306C00611000,QQQ260306C00611000,SELL,FILLED,2.0,2.0,@1.15,1.16,DAY,2026-03-05T19:34:00.499Z,2026-03-05T19:34:00.648Z
UVXY260306C00047000,UVXY260306C00047000,SELL,FILLED,2.0,2.0,@2.16,2.21,DAY,2026-03-05T19:33:55.211Z,2026-03-05T19:34:11.328Z
QQQ260306C00611000,QQQ260306C00611000,BUY,FILLED,2.0,2.0,@1.19,1.19,DAY,2026-03-05T19:05:21.588Z,2026-03-05T19:05:29.846Z
QQQ260305P00602000,QQQ260305P00602000,SELL,FILLED,3.0,3.0,@0.9,0.9,DAY,2026-03-05T18:50:25.413Z,2026-03-05T18:50:31.525Z
UVXY260306C00055000,UVXY260306C00055000,BUY,FILLED,20.0,20.0,@0.28,0.28,DAY,2026-03-05T18:50:20.816Z,2026-03-05T18:50:20.857Z
UVXY260306C00067000,UVXY260306C00067000,BUY,FILLED,5.0,5.0,@0.03,0.02,DAY,2026-03-05T18:48:48.687Z,2026-03-05T18:48:48.825Z
GOOG260417P00275000,GOOG260417P00275000,SELL,FILLED,5.0,5.0,@5.15,5.15,DAY,2026-03-05T18:00:53.018Z,2026-03-05T18:00:53.061Z
QQQ260305P00602000,QQQ260305P00602000,SELL,FILLED,4.0,4.0,@1.13,1.13,DAY,2026-03-05T17:52:46.240Z,2026-03-05T17:52:46.280Z
HL260320P00017000,HL260320P00017000,SELL,FILLED,10.0,10.0,@0.25,0.25,DAY,2026-03-05T17:52:13.595Z,2026-03-05T17:52:13.638Z
AMD260417P00170000,AMD260417P00170000,BUY,FILLED,3.0,3.0,@5.7,5.7,DAY,2026-03-05T17:52:04.386Z,2026-03-05T17:52:04.426Z
EWY260417P00100000,EWY260417P00100000,SELL,FILLED,3.0,3.0,@4.1,4.1,DAY,2026-03-05T17:50:39.645Z,2026-03-05T17:50:39.734Z
MU260417P00310000,MU260417P00310000,BUY,FILLED,3.0,3.0,@13.25,12.98,DAY,2026-03-05T17:50:35.236Z,2026-03-05T17:50:35.376Z
KB260618P00100000,KB260618P00100000,BUY,FILLED,2.0,2.0,@7.0,6.78,DAY,2026-03-05T17:36:24.368Z,2026-03-05T17:36:33.396Z
QQQ260305P00602000,QQQ260305P00602000,SELL,FILLED,3.0,3.0,@0.99,0.99,DAY,2026-03-05T17:32:18.691Z,2026-03-05T17:32:21.766Z
QQQ260305P00602000,QQQ260305P00602000,BUY,FILLED,10.0,10.0,@0.36,0.35,DAY,2026-03-05T17:26:50.410Z,2026-03-05T17:26:50.562Z
QQQ260305P00604000,QQQ260305P00604000,SELL,FILLED,5.0,5.0,@0.77,0.77,DAY,2026-03-05T17:23:46.476Z,2026-03-05T17:23:46.516Z
QQQ260305P00604000,QQQ260305P00604000,SELL,FILLED,5.0,5.0,@0.56,0.57,DAY,2026-03-05T17:16:25.790Z,2026-03-05T17:16:25.880Z
QQQ260305P00604000,QQQ260305P00604000,BUY,FILLED,10.0,10.0,@0.27,0.27,DAY,2026-03-05T17:08:24.003Z,2026-03-05T17:08:24.036Z
UVXY260306C00047000,UVXY260306C00047000,SELL,FILLED,5.0,5.0,@0.86,0.86,DAY,2026-03-05T16:28:11.988Z,2026-03-05T16:28:30.078Z
UVXY260306C00067000,UVXY260306C00067000,BUY,FILLED,5.0,5.0,@0.86,0.86,DAY,2026-03-05T16:28:11.988Z,2026-03-05T16:28:30.078Z
QQQ260305P00604000,QQQ260305P00604000,SELL,FILLED,6.0,6.0,@0.84,0.84,DAY,2026-03-05T16:24:04.936Z,2026-03-05T16:24:05.078Z
GLD260306P00453000,GLD260306P00453000,SELL,FILLED,1.0,1.0,@1.08,1.27,DAY,2026-03-05T16:23:52.047Z,2026-03-05T16:23:52.184Z
GOOG260417P00275000,GOOG260417P00275000,BUY,FILLED,3.0,3.0,@5.3,5.3,DAY,2026-03-05T16:21:40.679Z,2026-03-05T16:21:48.318Z
QQQ260305P00604000,QQQ260305P00604000,BUY,FILLED,6.0,6.0,@0.57,0.55,DAY,2026-03-05T16:04:52.050Z,2026-03-05T16:04:52.187Z
HL260320P00017000,HL260320P00017000,BUY,FILLED,10.0,10.0,@0.24,0.24,DAY,2026-03-05T15:54:54.318Z,2026-03-05T15:54:54.356Z
GLD260306P00453000,GLD260306P00453000,BUY,FILLED,1.0,1.0,@0.99,0.88,DAY,2026-03-05T15:54:32.357Z,2026-03-05T15:54:32.441Z
UVXY260306C00047000,UVXY260306C00047000,SELL,FILLED,5.0,5.0,@0.7,0.7,DAY,2026-03-05T15:34:58.764Z,2026-03-05T15:34:58.807Z
UVXY260306C00067000,UVXY260306C00067000,BUY,FILLED,5.0,5.0,@0.7,0.7,DAY,2026-03-05T15:34:58.764Z,2026-03-05T15:34:58.807Z
QQQ260305P00606000,QQQ260305P00606000,SELL,FILLED,3.0,3.0,@1.64,1.65,DAY,2026-03-05T15:33:42.544Z,2026-03-05T15:33:42.687Z
UVXY260313C00050000,UVXY260313C00050000,BUY,FILLED,5.0,5.0,@1.37,1.37,DAY,2026-03-05T15:33:26.075Z,2026-03-05T15:34:50.515Z
UVXY260313C00070000,UVXY260313C00070000,SELL,FILLED,5.0,5.0,@1.37,1.37,DAY,2026-03-05T15:33:26.075Z,2026-03-05T15:34:50.515Z
QQQ260305P00606000,QQQ260305P00606000,SELL,FILLED,2.0,2.0,@2.09,2.15,DAY,2026-03-05T15:31:52.750Z,2026-03-05T15:31:52.986Z
UVXY260306C00047000,UVXY260306C00047000,SELL,FILLED,15.0,15.0,@0.9,0.9,DAY,2026-03-05T15:31:26.400Z,2026-03-05T15:32:08.555Z
UVXY260306C00067000,UVXY260306C00067000,BUY,FILLED,15.0,15.0,@0.9,0.9,DAY,2026-03-05T15:31:26.400Z,2026-03-05T15:32:08.555Z
QQQ260305P00606000,QQQ260305P00606000,BUY,FILLED,5.0,5.0,@0.94,0.94,DAY,2026-03-05T15:22:38.606Z,2026-03-05T15:22:40.074Z
GOOG260417P00275000,GOOG260417P00275000,BUY,FILLED,2.0,2.0,@5.0,5.0,DAY,2026-03-05T14:44:48.732Z,2026-03-05T14:44:48.794Z
EWY260417P00100000,EWY260417P00100000,BUY,FILLED,3.0,3.0,@3.0,3.0,DAY,2026-03-05T14:44:19.835Z,2026-03-05T14:44:19.954Z
NTR260417C00077500,NTR260417C00077500,BUY,FILLED,8.0,8.0,@1.95,1.95,DAY,2026-03-05T14:31:30.321Z,2026-03-05T14:31:59.264Z
XLF260417P00050000,XLF260417P00050000,BUY,FILLED,5.0,5.0,@1.09,1.09,DAY,2026-03-05T14:31:05.603Z,2026-03-05T14:31:05.649Z
SPY260320C00701000,SPY260320C00701000,SELL,FILLED,18.0,18.0,@0.3,0.31,DAY,2026-03-04T18:03:10.464Z,2026-03-04T18:03:16.284Z
SPY260320C00702000,SPY260320C00702000,BUY,FILLED,18.0,18.0,@0.3,0.31,DAY,2026-03-04T18:03:10.464Z,2026-03-04T18:03:16.284Z
SPY260320C00701000,SPY260320C00701000,BUY,FILLED,18.0,18.0,@0.31,0.31,DAY,2026-03-04T15:20:55.981Z,2026-03-04T15:21:13.679Z
SPY260320C00702000,SPY260320C00702000,SELL,FILLED,18.0,18.0,@0.31,0.31,DAY,2026-03-04T15:20:55.981Z,2026-03-04T15:21:13.679Z
MU260320P00350000,MU260320P00350000,SELL,FILLED,1.0,1.0,@11.9,11.9,DAY,2026-03-04T15:01:47.158Z,2026-03-04T15:01:47.262Z
QQQ260304P00589000,QQQ260304P00589000,BUY,FILLED,10.0,10.0,@0.11,0.11,DAY,2026-03-04T14:37:02.468Z,2026-03-04T14:37:02.636Z
MU260320P00350000,MU260320P00350000,SELL,FILLED,1.0,1.0,@12.4,12.4,DAY,2026-03-04T14:31:50.144Z,2026-03-04T14:31:59.436Z
JPM260417P00270000,JPM260417P00270000,SELL,FILLED,2.0,2.0,@4.4,4.4,DAY,2026-03-04T14:31:26.340Z,2026-03-04T14:31:26.414Z
AMD260417P00200000,AMD260417P00200000,SELL,FILLED,1.0,1.0,@17.85,17.85,DAY,2026-03-04T14:31:12.436Z,2026-03-04T14:32:12.361Z
UAL260417P00100000,UAL260417P00100000,SELL,FILLED,1.0,1.0,@7.0,7.32,DAY,2026-03-03T20:30:31.031Z,2026-03-03T20:30:31.237Z
UVXY260306C00047000,UVXY260306C00047000,BUY,FILLED,15.0,15.0,@1.1,1.1,DAY,2026-03-03T20:29:44.930Z,2026-03-03T20:30:07.949Z
UVXY260306C00067000,UVXY260306C00067000,SELL,FILLED,15.0,15.0,@1.1,1.1,DAY,2026-03-03T20:29:44.930Z,2026-03-03T20:30:07.949Z
CRWV260320P00040000,CRWV260320P00040000,SELL,FILLED,20.0,20.0,@0.16,0.16,DAY,2026-03-03T20:29:16.264Z,2026-03-03T20:29:16.312Z
AMD260417P00200000,AMD260417P00200000,SELL,FILLED,1.0,1.0,@18.7,18.7,DAY,2026-03-03T20:29:06.066Z,2026-03-03T20:29:06.103Z
QQQ260304P00589000,QQQ260304P00589000,BUY,FILLED,10.0,10.0,@0.55,0.53,DAY,2026-03-03T20:15:22.954Z,2026-03-03T20:15:23.121Z
QQQ260303C00601000,QQQ260303C00601000,SELL,FILLED,1.0,1.0,@1.09,1.09,DAY,2026-03-03T17:01:17.270Z,2026-03-03T17:01:28.822Z
QQQ260303P00595000,QQQ260303P00595000,BUY,FILLED,10.0,10.0,@0.54,0.53,DAY,2026-03-03T16:51:13.563Z,2026-03-03T16:51:13.602Z
QQQ260303C00601000,QQQ260303C00601000,BUY,FILLED,1.0,1.0,@0.86,0.8,DAY,2026-03-03T16:19:02.138Z,2026-03-03T16:19:02.179Z
AMD260417P00200000,AMD260417P00200000,BUY,FILLED,1.0,1.0,@20.25,20.25,DAY,2026-03-03T16:12:10.055Z,2026-03-03T16:12:10.093Z
QQQ260303P00596000,QQQ260303P00596000,SELL,FILLED,5.0,5.0,@3.16,3.16,DAY,2026-03-03T15:41:40.883Z,2026-03-03T15:41:44.317Z
UVXY260306C00047000,UVXY260306C00047000,SELL,FILLED,5.0,5.0,@2.56,2.61,DAY,2026-03-03T14:58:16.709Z,2026-03-03T14:58:16.856Z
UVXY260306C00067000,UVXY260306C00067000,BUY,FILLED,5.0,5.0,@2.56,2.61,DAY,2026-03-03T14:58:16.709Z,2026-03-03T14:58:16.856Z
UAL260417P00100000,UAL260417P00100000,SELL,FILLED,1.0,1.0,@9.4,9.6,DAY,2026-03-03T14:53:46.504Z,2026-03-03T14:53:46.643Z
MU260306P00350000,MU260306P00350000,SELL,FILLED,2.0,2.0,@3.35,3.5,DAY,2026-03-03T14:51:43.922Z,2026-03-03T14:51:44.062Z
PLTR260320P00115000,PLTR260320P00115000,BUY,FILLED,20.0,20.0,@0.76,0.76,DAY,2026-03-03T14:51:23.733Z,2026-03-03T14:51:34.968Z
PLTR260320P00095000,PLTR260320P00095000,SELL,FILLED,20.0,20.0,@0.76,0.76,DAY,2026-03-03T14:51:23.733Z,2026-03-03T14:51:34.968Z
GLD260417C00455000,GLD260417C00455000,SELL,FILLED,1.0,1.0,@27.7,27.7,DAY,2026-03-03T14:43:31.006Z,2026-03-03T14:43:31.120Z
MU260306P00350000,MU260306P00350000,SELL,FILLED,2.0,2.0,@4.3,4.3,DAY,2026-03-03T14:35:56.381Z,2026-03-03T14:35:56.639Z
MU260306P00350000,MU260306P00350000,BUY,FILLED,4.0,4.0,@4.9,4.9,DAY,2026-03-03T14:35:31.768Z,2026-03-03T14:35:33.021Z
GLD260417C00455000,GLD260417C00455000,SELL,FILLED,1.0,1.0,@30.15,30.15,DAY,2026-03-03T14:34:49.760Z,2026-03-03T14:34:49.803Z
QQQ260303P00596000,QQQ260303P00596000,SELL,FILLED,5.0,5.0,@2.8,2.8,DAY,2026-03-03T14:30:34.712Z,2026-03-03T14:30:36.208Z
QQQ260303P00596000,QQQ260303P00596000,BUY,FILLED,10.0,10.0,@0.53,0.51,DAY,2026-03-02T20:48:01.900Z,2026-03-02T20:48:02.042Z
QQQ260302P00590000,QQQ260302P00590000,SELL,CANCELLED,0.0,15.0,@0.01,,DAY,2026-03-02T20:47:42.817Z,
SLV260417C00100000,SLV260417C00100000,SELL,FILLED,5.0,5.0,@4.3,4.38,DAY,2026-03-02T15:19:31.020Z,2026-03-02T15:19:31.217Z
UAL260417P00100000,UAL260417P00100000,SELL,FILLED,1.0,1.0,@8.55,8.55,DAY,2026-03-02T14:34:26.110Z,2026-03-02T14:34:44.661Z
QQQ260302P00590000,QQQ260302P00590000,BUY,FILLED,15.0,15.0,@0.75,0.71,DAY,2026-03-02T14:30:40.221Z,2026-03-02T14:30:40.266Z
UVXY260306C00047000,UVXY260306C00047000,BUY,FILLED,10.0,10.0,@0.8,0.79,DAY,2026-02-27T20:27:31.895Z,2026-02-27T20:27:45.173Z
UVXY260306C00067000,UVXY260306C00067000,SELL,FILLED,10.0,10.0,@0.8,0.79,DAY,2026-02-27T20:27:31.895Z,2026-02-27T20:27:45.173Z
MU260320P00350000,MU260320P00350000,SELL,CANCELLED,0.0,2.0,@9.45,,DAY,2026-02-27T17:49:54.344Z,
QQQ260302P00593000,QQQ260302P00593000,SELL,FILLED,2.0,2.0,@0.68,0.68,DAY,2026-02-27T17:14:31.107Z,2026-02-27T17:14:31.207Z
UVXY260306C00047000,UVXY260306C00047000,BUY,CANCELLED,0.0,10.0,@0.54,,DAY,2026-02-27T17:14:24.811Z,
UVXY260306C00067000,UVXY260306C00067000,SELL,CANCELLED,0.0,10.0,@0.54,,DAY,2026-02-27T17:14:24.811Z,
QQQ260305P00586000,QQQ260305P00586000,SELL,FILLED,3.0,3.0,@1.74,1.75,DAY,2026-02-27T17:13:58.157Z,2026-02-27T17:13:58.296Z
UVXY260306C00047000,UVXY260306C00047000,BUY,FILLED,10.0,10.0,@0.63,0.622,DAY,2026-02-27T17:13:52.535Z,2026-02-27T17:14:09.440Z
UVXY260306C00067000,UVXY260306C00067000,SELL,FILLED,10.0,10.0,@0.63,0.622,DAY,2026-02-27T17:13:52.535Z,2026-02-27T17:14:09.440Z
GLD260227C00482000,GLD260227C00482000,SELL,FILLED,1.0,1.0,@1.1,1.18,DAY,2026-02-27T16:22:40.624Z,2026-02-27T16:22:40.762Z
GLD260227C00482000,GLD260227C00482000,SELL,FILLED,1.0,1.0,@1.81,1.81,DAY,2026-02-27T16:19:05.889Z,2026-02-27T16:19:15.140Z
GLD260227C00482000,GLD260227C00482000,BUY,FILLED,2.0,2.0,@1.16,1.16,DAY,2026-02-27T15:32:06.699Z,2026-02-27T15:32:07.595Z
QQQ260227C00608000,QQQ260227C00608000,SELL,FILLED,2.0,2.0,@1.32,1.33,DAY,2026-02-27T15:09:45.654Z,2026-02-27T15:09:45.721Z
QQQ260227C00608000,QQQ260227C00608000,BUY,FILLED,2.0,2.0,@1.26,1.22,DAY,2026-02-27T15:07:07.000Z,2026-02-27T15:07:07.141Z
CRWV260227P00076000,CRWV260227P00076000,SELL,FILLED,2.0,2.0,@0.27,0.32,DAY,2026-02-27T14:58:12.436Z,2026-02-27T14:58:12.637Z
JPM260417P00270000,JPM260417P00270000,SELL,FILLED,2.0,2.0,@4.95,4.95,DAY,2026-02-27T14:54:44.910Z,2026-02-27T14:54:44.945Z
AMD260417P00200000,AMD260417P00200000,SELL,FILLED,1.0,1.0,@15.4,15.4,DAY,2026-02-27T14:54:26.814Z,2026-02-27T14:55:07.901Z
XLF260417P00045000,XLF260417P00045000,BUY,FILLED,60.0,60.0,@0.36,0.36,DAY,2026-02-27T14:54:08.743Z,2026-02-27T14:54:17.433Z
JPM260417P00270000,JPM260417P00270000,BUY,FILLED,1.0,1.0,@4.9,4.9,DAY,2026-02-27T14:42:29.656Z,2026-02-27T14:42:38.529Z
JPM260417P00270000,JPM260417P00270000,BUY,FILLED,3.0,3.0,@4.8,4.79,DAY,2026-02-27T14:41:28.204Z,2026-02-27T14:41:47.872Z
QCOM260320P00134000,QCOM260320P00134000,SELL,FILLED,5.0,5.0,@1.84,1.84,DAY,2026-02-27T14:35:45.831Z,2026-02-27T14:35:48.837Z
CRWV260227P00076000,CRWV260227P00076000,BUY,FILLED,2.0,2.0,@0.82,0.82,DAY,2026-02-27T14:32:34.600Z,2026-02-27T14:32:34.639Z
QCOM260320P00134000,QCOM260320P00134000,BUY,FILLED,5.0,5.0,@1.95,1.95,DAY,2026-02-27T14:31:38.969Z,2026-02-27T14:31:55.392Z
QQQ260305P00586000,QQQ260305P00586000,BUY,FILLED,3.0,3.0,@3.02,3.02,DAY,2026-02-27T14:30:34.357Z,2026-02-27T14:30:34.492Z
SLV260227P00075000,SLV260227P00075000,SELL,FILLED,4.0,4.0,@0.15,0.16,DAY,2026-02-26T20:15:50.035Z,2026-02-26T20:15:50.174Z
QQQ260302P00593000,QQQ260302P00593000,BUY,FILLED,2.0,2.0,@1.04,1.03,DAY,2026-02-26T20:13:07.869Z,2026-02-26T20:13:19.651Z
TSLA260417P00340000,TSLA260417P00340000,SELL,FILLED,2.0,2.0,@5.7,5.7,DAY,2026-02-26T18:15:22.349Z,2026-02-26T18:15:22.534Z
TSLA260417P00340000,TSLA260417P00340000,BUY,FILLED,2.0,2.0,@5.75,5.73,DAY,2026-02-26T18:12:19.013Z,2026-02-26T18:13:07.539Z
UAL260417P00100000,UAL260417P00100000,BUY,FILLED,3.0,3.0,@3.55,3.55,DAY,2026-02-26T17:33:37.629Z,2026-02-26T17:33:53.033Z
QQQ260226P00601000,QQQ260226P00601000,BUY,FILLED,2.0,2.0,@1.02,1.01,DAY,2026-02-26T15:18:38.084Z,2026-02-26T15:18:38.166Z
NVDA260227P00182500,NVDA260227P00182500,SELL,FILLED,4.0,4.0,@0.87,0.88,DAY,2026-02-26T15:04:11.720Z,2026-02-26T15:04:11.860Z
BABA260417C00195000,BABA260417C00195000,SELL,FILLED,8.0,8.0,@0.74,0.91,DAY,2026-02-26T14:34:48.532Z,2026-02-26T14:34:48.767Z
SLV260227P00075000,SLV260227P00075000,BUY,FILLED,4.0,4.0,@0.54,0.51,DAY,2026-02-26T14:34:37.564Z,2026-02-26T14:34:37.610Z
NVDA260227P00182500,NVDA260227P00182500,BUY,FILLED,4.0,4.0,@0.54,0.54,DAY,2026-02-26T14:30:45.464Z,2026-02-26T14:30:46.143Z
SLV260417C00185000,SLV260417C00185000,BUY,FILLED,15.0,15.0,@0.63,0.62,DAY,2026-02-25T20:19:54.975Z,2026-02-25T20:20:08.677Z
BMNR260417P00015000,BMNR260417P00015000,SELL,FILLED,20.0,20.0,@0.6,0.64,DAY,2026-02-25T15:03:11.552Z,2026-02-25T15:03:11.689Z
QQQ260225P00601000,QQQ260225P00601000,SELL,FILLED,2.0,2.0,@0.2,0.2,DAY,2026-02-25T14:37:48.297Z,2026-02-25T14:37:48.326Z
MU260320P00350000,MU260320P00350000,BUY,FILLED,1.0,1.0,@9.7,9.47,DAY,2026-02-24T20:59:55.365Z,2026-02-24T20:59:56.973Z
MU260320P00350000,MU260320P00350000,BUY,FILLED,1.0,1.0,@9.9,9.9,DAY,2026-02-24T20:22:30.079Z,2026-02-24T20:22:30.116Z
QQQ260225P00601000,QQQ260225P00601000,BUY,FILLED,2.0,2.0,@1.06,1.04,DAY,2026-02-24T17:44:10.377Z,2026-02-24T17:44:10.682Z
NVDA260302C00210000,NVDA260302C00210000,SELL,FILLED,5.0,5.0,@0.98,0.98,DAY,2026-02-24T17:43:53.249Z,2026-02-24T17:43:53.356Z
JPM260320P00285000,JPM260320P00285000,SELL,FILLED,2.0,2.0,@4.3,4.3,DAY,2026-02-24T17:14:58.801Z,2026-02-24T17:15:16.966Z
QQQ260224P00604000,QQQ260224P00604000,SELL,FILLED,5.0,5.0,@0.14,0.15,DAY,2026-02-24T17:11:54.404Z,2026-02-24T17:11:54.926Z
NVDA260302C00210000,NVDA260302C00210000,BUY,FILLED,5.0,5.0,@1.06,1.05,DAY,2026-02-24T17:11:49.057Z,2026-02-24T17:12:03.553Z
FCX260417C00060000,FCX260417C00060000,SELL,FILLED,2.0,2.0,@10.0,10.0,DAY,2026-02-24T17:01:41.529Z,2026-02-24T17:01:41.602Z
CVNA260417P00220000,CVNA260417P00220000,SELL,FILLED,2.0,2.0,@6.35,6.35,DAY,2026-02-24T16:50:57.528Z,2026-02-24T16:50:57.609Z
META260417P00600000,META260417P00600000,SELL,FILLED,1.0,1.0,@15.5,15.5,DAY,2026-02-24T16:50:34.955Z,2026-02-24T16:50:49.998Z
QQQ260224P00604000,QQQ260224P00604000,BUY,FILLED,5.0,5.0,@0.45,0.39,DAY,2026-02-24T16:43:53.953Z,2026-02-24T16:43:54.164Z
QQQ260224P00604000,QQQ260224P00604000,SELL,FILLED,6.0,6.0,@0.43,0.45,DAY,2026-02-24T16:31:56.344Z,2026-02-24T16:32:13.165Z
QQQ260224P00604000,QQQ260224P00604000,BUY,FILLED,6.0,6.0,@0.34,0.34,DAY,2026-02-24T16:19:40.525Z,2026-02-24T16:19:40.677Z
SLV260417C00185000,SLV260417C00185000,BUY,FILLED,15.0,15.0,@0.73,0.73,DAY,2026-02-24T15:59:02.629Z,2026-02-24T15:59:02.754Z
QQQ260224P00602000,QQQ260224P00602000,SELL,FILLED,2.0,2.0,@1.45,1.46,DAY,2026-02-24T14:59:03.171Z,2026-02-24T14:59:03.435Z
QQQ260224P00602000,QQQ260224P00602000,BUY,FILLED,2.0,2.0,@1.11,1.1,DAY,2026-02-24T14:54:01.973Z,2026-02-24T14:54:02.102Z
CTSH260417P00055000,CTSH260417P00055000,SELL,FILLED,5.0,5.0,@1.8,1.8,DAY,2026-02-24T14:48:24.098Z,2026-02-24T14:48:59.321Z
FCX260417C00060000,FCX260417C00060000,BUY,FILLED,2.0,2.0,@9.65,9.65,DAY,2026-02-24T14:46:16.308Z,2026-02-24T14:46:21.014Z
JPM260320P00285000,JPM260320P00285000,BUY,FILLED,2.0,2.0,@5.3,5.3,DAY,2026-02-24T14:40:47.933Z,2026-02-24T14:40:47.981Z
QQQ260224P00594000,QQQ260224P00594000,SELL,FILLED,2.0,2.0,@0.4,0.4,DAY,2026-02-24T14:40:22.207Z,2026-02-24T14:40:22.753Z
QQQ260224C00610000,QQQ260224C00610000,SELL,FILLED,10.0,10.0,@0.12,0.13,DAY,2026-02-24T14:37:06.052Z,2026-02-24T14:37:13.745Z
META260417P00600000,META260417P00600000,BUY,FILLED,1.0,1.0,@18.3,18.3,DAY,2026-02-24T14:34:22.426Z,2026-02-24T14:34:22.474Z
USO260320C00100000,USO260320C00100000,SELL,FILLED,10.0,10.0,@1.16,1.16,DAY,2026-02-24T14:32:30.640Z,2026-02-24T14:32:30.703Z
SLV260417C00100000,SLV260417C00100000,SELL,FILLED,5.0,5.0,@5.05,5.05,DAY,2026-02-24T14:32:10.528Z,2026-02-24T14:32:10.722Z
AMD260320P00165000,AMD260320P00165000,SELL,FILLED,5.0,5.0,@1.56,1.56,DAY,2026-02-24T14:30:39.010Z,2026-02-24T14:30:39.055Z
QQQ260224C00610000,QQQ260224C00610000,BUY,FILLED,10.0,10.0,@0.23,0.22,DAY,2026-02-23T20:40:03.960Z,2026-02-23T20:40:04.095Z
QQQ260224P00594000,QQQ260224P00594000,BUY,FILLED,2.0,2.0,@1.11,1.1,DAY,2026-02-23T20:39:42.930Z,2026-02-23T20:39:43.068Z
BMNR260417P00015000,BMNR260417P00015000,BUY,FILLED,20.0,20.0,@1.05,1.03,DAY,2026-02-23T17:28:36.144Z,2026-02-23T17:28:51.420Z
META260417P00595000,META260417P00595000,SELL,FILLED,2.0,2.0,@13.8,13.8,DAY,2026-02-23T17:28:08.982Z,2026-02-23T17:28:09.114Z
CVNA260417P00220000,CVNA260417P00220000,SELL,CANCELLED,0.0,2.0,@7.4,,DAY,2026-02-23T17:08:06.243Z,
CTSH260417P00055000,CTSH260417P00055000,BUY,FILLED,5.0,5.0,@1.45,1.44,DAY,2026-02-23T16:10:08.552Z,2026-02-23T16:10:21.289Z
META260417P00595000,META260417P00595000,BUY,FILLED,2.0,2.0,@13.85,13.85,DAY,2026-02-23T16:05:03.701Z,2026-02-23T16:05:03.765Z
QQQ260223C00617000,QQQ260223C00617000,SELL,FILLED,10.0,10.0,@0.01,0.02,DAY,2026-02-23T14:45:39.710Z,2026-02-23T14:45:39.872Z
PLTR260227P00125000,PLTR260227P00125000,SELL,FILLED,1.0,1.0,@2.78,2.94,DAY,2026-02-23T14:45:33.080Z,2026-02-23T14:45:33.159Z
SLV260417C00100000,SLV260417C00100000,SELL,CANCELLED,0.0,5.0,@5.35,,DAY,2026-02-23T14:42:14.336Z,
CVNA260417P00220000,CVNA260417P00220000,SELL,CANCELLED,0.0,1.0,@7.0,,DAY,2026-02-23T14:38:50.418Z,
CRWV260320P00040000,CRWV260320P00040000,SELL,FILLED,15.0,15.0,@0.38,0.38,DAY,2026-02-23T14:37:59.483Z,2026-02-23T14:38:29.694Z
QQQ260223P00590000,QQQ260223P00590000,SELL,FILLED,8.0,8.0,@0.04,0.04,DAY,2026-02-23T14:32:55.323Z,2026-02-23T14:32:55.392Z
PLTR260227P00125000,PLTR260227P00125000,BUY,FILLED,1.0,1.0,@2.2,2.14,DAY,2026-02-23T14:32:32.069Z,2026-02-23T14:32:32.209Z
QQQ260223P00590000,QQQ260223P00590000,BUY,FILLED,8.0,8.0,@0.26,0.25,DAY,2026-02-20T20:56:38.396Z,2026-02-20T20:56:38.605Z
QQQ260223C00617000,QQQ260223C00617000,BUY,FILLED,10.0,10.0,@0.19,0.19,DAY,2026-02-20T20:56:08.083Z,2026-02-20T20:56:08.186Z
QQQ260220P00602000,QQQ260220P00602000,SELL,FILLED,5.0,5.0,@0.01,0.02,DAY,2026-02-20T20:44:31.668Z,2026-02-20T20:44:31.809Z
TSLA260320P00380000,TSLA260320P00380000,SELL,FILLED,2.0,2.0,@7.4,7.47,DAY,2026-02-20T18:29:56.943Z,2026-02-20T18:29:57.082Z
CRWV260320P00040000,CRWV260320P00040000,BUY,FILLED,15.0,15.0,@0.46,0.46,DAY,2026-02-20T18:04:46.757Z,2026-02-20T18:04:46.825Z
CRWV260320P00040000,CRWV260320P00040000,BUY,CANCELLED,0.0,20.0,@0.45,,DAY,2026-02-20T17:45:09.822Z,
TSLA260320P00380000,TSLA260320P00380000,BUY,FILLED,2.0,2.0,@8.15,8.07,DAY,2026-02-20T17:27:46.209Z,2026-02-20T17:27:46.382Z
QQQ260220P00602000,QQQ260220P00602000,BUY,FILLED,4.0,4.0,@0.9,0.88,DAY,2026-02-20T17:15:55.982Z,2026-02-20T17:16:09.273Z
BABA260417C00195000,BABA260417C00195000,BUY,FILLED,8.0,8.0,@1.73,1.66,DAY,2026-02-20T17:14:38.058Z,2026-02-20T17:14:38.335Z
TSLA260320P00380000,TSLA260320P00380000,SELL,FILLED,2.0,2.0,@6.4,6.4,DAY,2026-02-20T16:06:54.933Z,2026-02-20T16:06:55.042Z
CVNA260417P00220000,CVNA260417P00220000,SELL,CANCELLED,0.0,2.0,@6.25,,DAY,2026-02-20T16:06:23.304Z,
SLV260417C00100000,SLV260417C00100000,SELL,FILLED,5.0,5.0,@2.69,2.69,DAY,2026-02-20T16:05:46.293Z,2026-02-20T16:05:52.684Z
SLV260417C00100000,SLV260417C00100000,BUY,FILLED,10.0,10.0,@2.69,2.69,DAY,2026-02-20T16:05:29.016Z,2026-02-20T16:05:29.061Z
QQQ260220P00602000,QQQ260220P00602000,BUY,FILLED,1.0,1.0,@1.2,1.2,DAY,2026-02-20T15:33:26.661Z,2026-02-20T15:33:40.879Z
NKE260220C00069000,NKE260220C00069000,SELL,FILLED,10.0,10.0,@0.09,0.09,DAY,2026-02-20T15:20:35.531Z,2026-02-20T15:20:56.691Z
QQQ260220C00612000,QQQ260220C00612000,SELL,FILLED,2.0,2.0,@0.18,0.18,DAY,2026-02-20T15:17:07.731Z,2026-02-20T15:17:07.769Z
NKE260220C00069000,NKE260220C00069000,BUY,FILLED,10.0,10.0,@0.08,0.08,DAY,2026-02-20T15:16:59.992Z,2026-02-20T15:17:00.132Z
QQQ260220C00612000,QQQ260220C00612000,BUY,FILLED,2.0,2.0,@0.92,0.85,DAY,2026-02-20T15:02:30.072Z,2026-02-20T15:02:30.219Z
QQQ260220C00606000,QQQ260220C00606000,SELL,FILLED,1.0,1.0,@1.39,1.41,DAY,2026-02-20T14:55:31.712Z,2026-02-20T14:55:31.762Z
SLV260417C00100000,SLV260417C00100000,BUY,FILLED,5.0,5.0,@2.65,2.61,DAY,2026-02-20T14:49:52.313Z,2026-02-20T14:49:52.496Z
QQQ260220C00606000,QQQ260220C00606000,SELL,FILLED,1.0,1.0,@1.44,1.44,DAY,2026-02-20T14:38:32.435Z,2026-02-20T14:38:33.935Z
MSTR260320P00100000,MSTR260320P00100000,SELL,FILLED,3.0,3.0,@2.63,2.63,DAY,2026-02-20T14:37:07.745Z,2026-02-20T14:37:07.785Z
CRWV260320P00040000,CRWV260320P00040000,SELL,CANCELLED,0.0,20.0,@0.36,,DAY,2026-02-20T14:36:47.763Z,
QQQ260220C00606000,QQQ260220C00606000,BUY,FILLED,2.0,2.0,@1.09,1.05,DAY,2026-02-20T14:35:08.551Z,2026-02-20T14:35:08.692Z
AMD260417P00200000,AMD260417P00200000,BUY,FILLED,1.0,1.0,@15.35,15.35,DAY,2026-02-19T20:12:16.614Z,2026-02-19T20:12:26.059Z
AMD260417P00200000,AMD260417P00200000,BUY,FILLED,1.0,1.0,@15.25,15.25,DAY,2026-02-19T20:04:32.862Z,2026-02-19T20:04:32.899Z
GLD260417C00455000,GLD260417C00455000,BUY,FILLED,2.0,2.0,@25.2,25.2,DAY,2026-02-19T15:58:13.120Z,2026-02-19T15:58:29.290Z
QQQ260219C00608000,QQQ260219C00608000,SELL,FILLED,3.0,3.0,@0.34,0.34,DAY,2026-02-19T15:52:13.573Z,2026-02-19T15:52:13.615Z
AMD260320P00165000,AMD260320P00165000,BUY,FILLED,5.0,5.0,@2.31,2.31,DAY,2026-02-19T15:21:14.846Z,2026-02-19T15:21:14.888Z
MU260320P00320000,MU260320P00320000,SELL,FILLED,2.0,2.0,@6.05,6.05,DAY,2026-02-19T15:20:36.628Z,2026-02-19T15:20:51.395Z
CVNA260417P00220000,CVNA260417P00220000,BUY,FILLED,1.0,1.0,@7.6,7.6,DAY,2026-02-19T14:35:17.810Z,2026-02-19T14:35:17.848Z
QQQ260219C00608000,QQQ260219C00608000,BUY,FILLED,3.0,3.0,@0.67,0.67,DAY,2026-02-19T14:34:11.992Z,2026-02-19T14:34:12.132Z
TSLA260225P00385000,TSLA260225P00385000,SELL,FILLED,2.0,2.0,@2.9,2.9,DAY,2026-02-19T14:32:52.825Z,2026-02-19T14:32:52.861Z
CVNA260417P00220000,CVNA260417P00220000,BUY,FILLED,1.0,1.0,@6.7,6.7,DAY,2026-02-19T14:32:13.274Z,2026-02-19T14:32:16.929Z
TSLA260225P00380000,TSLA260225P00380000,BUY,FILLED,2.0,2.0,@1.73,1.73,DAY,2026-02-18T20:28:10.340Z,2026-02-18T20:28:10.378Z
QQQ260218P00603000,QQQ260218P00603000,SELL,FILLED,4.0,4.0,@0.38,0.38,DAY,2026-02-18T20:23:51.724Z,2026-02-18T20:23:56.915Z
TSLA260220P00385000,TSLA260220P00385000,BUY,FILLED,10.0,10.0,@0.19,0.19,DAY,2026-02-18T19:59:09.705Z,2026-02-18T19:59:22.023Z
TSLA260220P00380000,TSLA260220P00380000,SELL,FILLED,10.0,10.0,@0.19,0.19,DAY,2026-02-18T19:59:09.705Z,2026-02-18T19:59:22.023Z
QQQ260218P00603000,QQQ260218P00603000,BUY,FILLED,4.0,4.0,@0.39,0.39,DAY,2026-02-18T19:55:42.500Z,2026-02-18T19:55:58.455Z
QQQ260218P00603000,QQQ260218P00603000,SELL,FILLED,8.0,8.0,@0.35,0.36,DAY,2026-02-18T19:55:04.848Z,2026-02-18T19:55:04.885Z
COPX260417C00100000,COPX260417C00100000,SELL,FILLED,2.0,2.0,@3.2,3.2,DAY,2026-02-18T18:48:59.470Z,2026-02-18T18:48:59.519Z
USO260320C00100000,USO260320C00100000,BUY,FILLED,10.0,10.0,@0.94,0.94,DAY,2026-02-18T18:30:36.157Z,2026-02-18T18:30:36.197Z
QQQ260218P00603000,QQQ260218P00603000,BUY,FILLED,8.0,8.0,@0.28,0.27,DAY,2026-02-18T15:54:52.790Z,2026-02-18T15:54:52.826Z
TSLA260220P00385000,TSLA260220P00385000,SELL,CANCELLED,0.0,10.0,@0.16,,DAY,2026-02-18T15:39:19.804Z,
TSLA260220P00380000,TSLA260220P00380000,BUY,CANCELLED,0.0,10.0,@0.16,,DAY,2026-02-18T15:39:19.804Z,
TSLA260220P00380000,TSLA260220P00380000,BUY,FILLED,10.0,10.0,@0.29,0.29,DAY,2026-02-18T15:01:58.790Z,2026-02-18T15:16:39.839Z
TSLA260220P00385000,TSLA260220P00385000,SELL,FILLED,10.0,10.0,@0.29,0.29,DAY,2026-02-18T15:01:58.790Z,2026-02-18T15:16:39.839Z
TSLA260225P00380000,TSLA260225P00380000,SELL,FILLED,10.0,10.0,@0.29,0.29,DAY,2026-02-18T15:01:58.790Z,2026-02-18T15:16:39.839Z
TSLA260225P00385000,TSLA260225P00385000,BUY,FILLED,10.0,10.0,@0.29,0.29,DAY,2026-02-18T15:01:58.790Z,2026-02-18T15:16:39.839Z
ALAB260320P00120000,ALAB260320P00120000,SELL,FILLED,1.0,1.0,@8.8,8.8,DAY,2026-02-18T15:00:34.754Z,2026-02-18T15:00:34.837Z
ALAB260320P00120000,ALAB260320P00120000,SELL,FILLED,1.0,1.0,@8.8,8.8,DAY,2026-02-18T14:59:57.001Z,2026-02-18T15:00:15.535Z
MAGS260320P00060000,MAGS260320P00060000,SELL,FILLED,7.0,7.0,@1.35,1.35,DAY,2026-02-18T14:59:46.016Z,2026-02-18T14:59:46.055Z
MSTR260320P00100000,MSTR260320P00100000,BUY,FILLED,3.0,3.0,@3.6,3.6,DAY,2026-02-18T14:36:37.628Z,2026-02-18T14:36:40.411Z
MU260320P00320000,MU260320P00320000,BUY,FILLED,2.0,2.0,@8.25,8.25,DAY,2026-02-17T18:33:23.384Z,2026-02-17T18:33:23.421Z
MAGS260320P00060000,MAGS260320P00060000,SELL,FILLED,8.0,8.0,@1.6,1.6,DAY,2026-02-17T18:32:42.038Z,2026-02-17T18:32:50.850Z
QQQ260217P00590000,QQQ260217P00590000,BUY,FILLED,2.0,2.0,@1.05,1.03,DAY,2026-02-17T15:02:28.487Z,2026-02-17T15:02:36.179Z
TSLA260220P00385000,TSLA260220P00385000,BUY,FILLED,10.0,10.0,@0.33,0.33,DAY,2026-02-13T20:40:09.424Z,2026-02-13T20:40:20.616Z
TSLA260220P00380000,TSLA260220P00380000,SELL,FILLED,10.0,10.0,@0.33,0.33,DAY,2026-02-13T20:40:09.424Z,2026-02-13T20:40:20.616Z
TSLA260320P00380000,TSLA260320P00380000,BUY,FILLED,2.0,2.0,@8.1,8.07,DAY,2026-02-13T20:18:07.335Z,2026-02-13T20:18:07.491Z
QQQ260213C00606000,QQQ260213C00606000,SELL,FILLED,1.0,1.0,@1.0,1.0,DAY,2026-02-13T17:09:44.705Z,2026-02-13T17:09:44.747Z
ALAB260320P00120000,ALAB260320P00120000,BUY,FILLED,2.0,2.0,@9.15,9.15,DAY,2026-02-13T17:02:01.253Z,2026-02-13T17:02:14.729Z
USO260220C00090000,USO260220C00090000,SELL,FILLED,30.0,30.0,@0.11,0.12,DAY,2026-02-13T17:00:32.087Z,2026-02-13T17:00:32.235Z
COPX260417C00100000,COPX260417C00100000,SELL,FILLED,3.0,3.0,@3.6,3.6,DAY,2026-02-13T16:42:05.190Z,2026-02-13T16:42:05.243Z
HL260320P00017000,HL260320P00017000,SELL,FILLED,20.0,20.0,@0.38,0.38,DAY,2026-02-13T16:38:34.314Z,2026-02-13T16:38:34.353Z
COPX260417C00100000,COPX260417C00100000,BUY,FILLED,5.0,5.0,@3.6,3.6,DAY,2026-02-13T16:15:26.373Z,2026-02-13T16:15:39.746Z
ALAB260320P00120000,ALAB260320P00120000,SELL,FILLED,4.0,4.0,@8.8,8.8,DAY,2026-02-13T16:06:38.386Z,2026-02-13T16:06:38.452Z
QQQ260213C00606000,QQQ260213C00606000,BUY,FILLED,1.0,1.0,@1.67,1.67,DAY,2026-02-13T14:48:53.030Z,2026-02-13T14:48:56.143Z
GOOG260320P00275000,GOOG260320P00275000,SELL,FILLED,6.0,6.0,@2.97,3.03,DAY,2026-02-13T14:47:30.792Z,2026-02-13T14:47:41.866Z
AAPL260320P00230000,AAPL260320P00230000,SELL,FILLED,10.0,10.0,@1.54,1.54,DAY,2026-02-13T14:46:48.386Z,2026-02-13T14:46:56.753Z
NVDA260213P00182500,NVDA260213P00182500,SELL,FILLED,4.0,4.0,@0.56,0.58,DAY,2026-02-13T14:46:28.459Z,2026-02-13T14:46:28.604Z
NVDA260213P00182500,NVDA260213P00182500,SELL,CANCELLED,0.0,2.0,@1.65,,DAY,2026-02-13T14:42:18.978Z,
QQQ260213C00606000,QQQ260213C00606000,SELL,FILLED,3.0,3.0,@0.53,0.54,DAY,2026-02-13T14:42:10.966Z,2026-02-13T14:42:11.034Z
NVDA260213P00182500,NVDA260213P00182500,BUY,FILLED,4.0,4.0,@0.84,0.84,DAY,2026-02-13T14:38:40.501Z,2026-02-13T14:38:45.963Z
HL260320P00017000,HL260320P00017000,BUY,FILLED,20.0,20.0,@0.48,0.48,DAY,2026-02-13T14:34:07.909Z,2026-02-13T14:48:06.350Z
NVDA260213P00182500,NVDA260213P00182500,SELL,FILLED,3.0,3.0,@0.42,0.43,DAY,2026-02-13T14:33:09.611Z,2026-02-13T14:33:09.897Z
QQQ260213C00606000,QQQ260213C00606000,BUY,FILLED,3.0,3.0,@1.26,1.25,DAY,2026-02-13T14:33:03.056Z,2026-02-13T14:33:03.232Z
COIN260213P00131000,COIN260213P00131000,SELL,FILLED,1.0,1.0,@0.08,0.15,DAY,2026-02-13T14:31:12.513Z,2026-02-13T14:31:26.624Z
COIN260213P00131000,COIN260213P00131000,BUY,FILLED,1.0,1.0,@2.3,2.3,DAY,2026-02-12T20:52:58.366Z,2026-02-12T20:52:58.456Z
USO260220C00090000,USO260220C00090000,BUY,FILLED,15.0,15.0,@0.18,0.18,DAY,2026-02-12T18:26:43.638Z,2026-02-12T18:26:43.678Z
AAPL260320P00230000,AAPL260320P00230000,BUY,FILLED,10.0,10.0,@1.6,1.6,DAY,2026-02-12T18:12:01.936Z,2026-02-12T18:12:01.980Z
AAPL260320P00230000,AAPL260320P00230000,SELL,FILLED,10.0,10.0,@1.42,1.42,DAY,2026-02-12T18:07:38.591Z,2026-02-12T18:07:38.751Z
NVDA260213P00182500,NVDA260213P00182500,SELL,FILLED,2.0,2.0,@0.76,0.76,DAY,2026-02-12T16:28:31.195Z,2026-02-12T16:28:45.228Z
AAPL260320P00230000,AAPL260320P00230000,BUY,FILLED,10.0,10.0,@1.01,1.01,DAY,2026-02-12T16:24:31.940Z,2026-02-12T16:24:32.239Z
GLD260331C00475000,GLD260331C00475000,SELL,FILLED,1.0,1.0,@8.45,8.45,DAY,2026-02-12T16:18:37.537Z,2026-02-12T16:18:40.355Z
NVDA260213P00182500,NVDA260213P00182500,BUY,FILLED,5.0,5.0,@0.28,0.27,DAY,2026-02-12T15:47:03.093Z,2026-02-12T15:47:03.127Z
ALAB260320P00120000,ALAB260320P00120000,BUY,FILLED,2.0,2.0,@6.55,6.55,DAY,2026-02-12T15:39:54.969Z,2026-02-12T15:40:06.208Z
COPX260417C00125000,COPX260417C00125000,SELL,FILLED,6.0,6.0,@1.2,1.2,DAY,2026-02-12T15:38:53.451Z,2026-02-12T15:39:12.750Z
ALAB260320P00120000,ALAB260320P00120000,BUY,FILLED,2.0,2.0,@5.75,5.75,DAY,2026-02-12T14:54:11.380Z,2026-02-12T14:54:11.439Z
UUUU260417C00020000,UUUU260417C00020000,SELL,FILLED,1.0,1.0,@5.0,5.0,DAY,2026-02-12T14:53:47.032Z,2026-02-12T14:54:12.979Z
MSTR260320P00090000,MSTR260320P00090000,SELL,FILLED,3.0,3.0,@2.58,2.58,DAY,2026-02-12T14:53:02.998Z,2026-02-12T14:53:03.162Z
MSTR260320P00090000,MSTR260320P00090000,BUY,FILLED,3.0,3.0,@3.05,2.99,DAY,2026-02-11T17:12:16.227Z,2026-02-11T17:12:16.360Z
MAGS260320P00060000,MAGS260320P00060000,BUY,FILLED,15.0,15.0,@1.1,1.1,DAY,2026-02-11T17:01:53.567Z,2026-02-11T17:02:03.577Z
UUUU260417C00020000,UUUU260417C00020000,SELL,FILLED,2.0,2.0,@4.15,4.15,DAY,2026-02-11T15:31:30.338Z,2026-02-11T15:31:30.505Z
BABA260417C00130000,BABA260417C00130000,SELL,FILLED,1.0,1.0,@34.1,34.1,DAY,2026-02-11T15:31:14.609Z,2026-02-11T15:31:14.647Z
USO260211C00085000,USO260211C00085000,SELL,CANCELLED,0.0,30.0,@0.02,,DAY,2026-02-11T14:32:37.460Z,
COPX260417C00125000,COPX260417C00125000,SELL,FILLED,6.0,6.0,@1.25,1.25,DAY,2026-02-10T20:33:24.894Z,2026-02-10T20:33:24.943Z
ASAN260320C00010000,ASAN260320C00010000,SELL,FILLED,15.0,15.0,@0.4,0.43,DAY,2026-02-10T20:32:59.349Z,2026-02-10T20:33:05.515Z
QQQ260210P00610000,QQQ260210P00610000,SELL,FILLED,3.0,3.0,@0.45,0.46,DAY,2026-02-10T14:55:02.335Z,2026-02-10T14:55:02.538Z
QQQ260210P00610000,QQQ260210P00610000,BUY,FILLED,3.0,3.0,@0.92,0.88,DAY,2026-02-10T14:39:13.965Z,2026-02-10T14:39:14.102Z
USO260211C00085000,USO260211C00085000,SELL,CANCELLED,0.0,30.0,@0.12,,DAY,2026-02-09T20:16:12.682Z,
GLD260209C00468000,GLD260209C00468000,SELL,FILLED,5.0,5.0,@0.2,0.21,DAY,2026-02-09T17:41:12.388Z,2026-02-09T17:41:29.758Z
USO260211C00085000,USO260211C00085000,BUY,FILLED,30.0,30.0,@0.18,0.18,DAY,2026-02-09T17:40:43.287Z,2026-02-09T17:41:02.755Z
GLD260209C00468000,GLD260209C00468000,BUY,FILLED,5.0,5.0,@0.67,0.67,DAY,2026-02-09T16:44:08.606Z,2026-02-09T16:44:08.652Z
NET260213C00185000,NET260213C00185000,SELL,FILLED,1.0,1.0,@6.25,6.25,DAY,2026-02-09T15:57:49.260Z,2026-02-09T15:57:49.316Z
COPX260417C00125000,COPX260417C00125000,BUY,FILLED,12.0,12.0,@1.35,1.34,DAY,2026-02-09T15:57:34.678Z,2026-02-09T15:57:42.307Z
UUUU260417C00020000,UUUU260417C00020000,BUY,FILLED,3.0,3.0,@5.3,5.3,DAY,2026-02-09T15:55:58.844Z,2026-02-09T15:55:58.878Z
MU260213P00345000,MU260213P00345000,SELL,FILLED,1.0,1.0,@2.0,2.0,DAY,2026-02-09T15:54:53.514Z,2026-02-09T15:55:30.913Z
ASAN260320C00010000,ASAN260320C00010000,BUY,FILLED,15.0,15.0,@0.4,0.4,DAY,2026-02-09T15:09:36.036Z,2026-02-09T18:28:10.758Z
MU260213P00345000,MU260213P00345000,BUY,FILLED,1.0,1.0,@4.9,4.9,DAY,2026-02-09T14:31:53.131Z,2026-02-09T14:31:53.811Z
BABA260417C00130000,BABA260417C00130000,BUY,FILLED,1.0,1.0,@35.35,35.35,DAY,2026-02-06T20:56:40.922Z,2026-02-06T20:56:47.381Z
NET260213C00185000,NET260213C00185000,BUY,FILLED,1.0,1.0,@4.95,4.95,DAY,2026-02-06T16:09:08.556Z,2026-02-06T16:09:25.131Z
GOOG260320P00275000,GOOG260320P00275000,BUY,FILLED,3.0,3.0,@2.08,2.08,DAY,2026-02-06T14:59:41.022Z,2026-02-06T14:59:41.064Z
COIN260206C00155000,COIN260206C00155000,SELL,FILLED,2.0,2.0,@3.9,3.9,DAY,2026-02-06T14:37:17.951Z,2026-02-06T14:37:18.007Z
AMZN260206P00210000,AMZN260206P00210000,SELL,FILLED,1.0,1.0,@9.4,9.55,DAY,2026-02-06T14:32:03.580Z,2026-02-06T14:32:03.767Z
COIN260206C00155000,COIN260206C00155000,SELL,FILLED,1.0,1.0,@3.7,3.7,DAY,2026-02-06T14:31:56.597Z,2026-02-06T14:32:19.744Z
CRWV260220P00060000,CRWV260220P00060000,SELL,FILLED,9.0,9.0,@1.2,1.2,DAY,2026-02-06T14:31:08.144Z,2026-02-06T14:31:08.216Z
CRWV260320P00040000,CRWV260320P00040000,SELL,CANCELLED,0.0,20.0,@1.6,,DAY,2026-02-06T14:30:46.582Z,
MSTR260206P00095000,MSTR260206P00095000,SELL,FILLED,5.0,5.0,@0.15,0.21,DAY,2026-02-06T14:30:32.210Z,2026-02-06T14:30:32.395Z
MSTR260213P00104000,MSTR260213P00104000,SELL,FILLED,1.0,1.0,@3.6,4.2,DAY,2026-02-06T14:30:23.969Z,2026-02-06T14:30:24.116Z
COIN260206C00155000,COIN260206C00155000,BUY,FILLED,3.0,3.0,@1.84,1.73,DAY,2026-02-05T20:48:43.792Z,2026-02-05T20:48:43.932Z
MSTR260206P00095000,MSTR260206P00095000,SELL,FILLED,5.0,5.0,@2.4,2.44,DAY,2026-02-05T20:39:19.196Z,2026-02-05T20:39:19.331Z
IBIT260206P00035000,IBIT260206P00035000,SELL,FILLED,5.0,5.0,@0.85,0.85,DAY,2026-02-05T20:39:06.876Z,2026-02-05T20:39:22.220Z
AMZN260206P00210000,AMZN260206P00210000,BUY,FILLED,1.0,1.0,@4.4,4.4,DAY,2026-02-05T20:31:24.725Z,2026-02-05T20:31:24.762Z
AMZN260206P00200000,AMZN260206P00200000,SELL,FILLED,2.0,2.0,@1.87,1.87,DAY,2026-02-05T20:31:01.986Z,2026-02-05T20:31:02.057Z
AMZN260206P00200000,AMZN260206P00200000,BUY,FILLED,2.0,2.0,@1.94,1.9,DAY,2026-02-05T20:30:38.807Z,2026-02-05T20:30:38.953Z
IBIT260206P00035000,IBIT260206P00035000,BUY,FILLED,5.0,5.0,@0.53,0.53,DAY,2026-02-05T19:56:32.648Z,2026-02-05T19:56:35.441Z
CRWV260220P00060000,CRWV260220P00060000,SELL,FILLED,1.0,1.0,@1.46,1.6,DAY,2026-02-05T19:54:22.543Z,2026-02-05T19:54:22.691Z
CRWV260320P00040000,CRWV260320P00040000,BUY,FILLED,20.0,20.0,@0.87,0.87,DAY,2026-02-05T19:53:52.919Z,2026-02-05T19:54:07.301Z
CRWV260227P00050000,CRWV260227P00050000,BUY,CANCELLED,0.0,20.0,@0.77,,DAY,2026-02-05T19:52:34.019Z,
MSTR260213P00104000,MSTR260213P00104000,SELL,FILLED,1.0,1.0,@7.0,7.0,DAY,2026-02-05T19:07:17.386Z,2026-02-05T19:07:17.431Z
MSTR260320P00120000,MSTR260320P00120000,SELL,FILLED,1.0,1.0,@20.7,20.7,DAY,2026-02-05T19:07:03.877Z,2026-02-05T19:07:03.915Z
QQQ260205P00589000,QQQ260205P00589000,SELL,FILLED,3.0,3.0,@0.47,0.47,DAY,2026-02-05T16:20:10.829Z,2026-02-05T16:20:12.463Z
QQQ260220P00600000,QQQ260220P00600000,SELL,FILLED,3.0,3.0,@8.26,8.26,DAY,2026-02-05T15:36:05.792Z,2026-02-05T15:36:07.284Z
QQQ260220P00575000,QQQ260220P00575000,BUY,FILLED,3.0,3.0,@8.26,8.26,DAY,2026-02-05T15:36:05.792Z,2026-02-05T15:36:07.284Z
MSTR260320P00120000,MSTR260320P00120000,SELL,FILLED,1.0,1.0,@20.3,20.3,DAY,2026-02-05T15:35:11.405Z,2026-02-05T15:35:17.902Z
MSTR260320P00120000,MSTR260320P00120000,SELL,FILLED,1.0,1.0,@19.7,19.81,DAY,2026-02-05T15:29:47.663Z,2026-02-05T15:29:47.799Z
MSTR260213P00104000,MSTR260213P00104000,SELL,FILLED,1.0,1.0,@5.6,5.6,DAY,2026-02-05T15:25:03.518Z,2026-02-05T15:26:18.436Z
MSTR260213P00104000,MSTR260213P00104000,SELL,FILLED,2.0,2.0,@5.6,5.6,DAY,2026-02-05T15:22:12.946Z,2026-02-05T15:22:12.992Z
MSTR260206P00095000,MSTR260206P00095000,BUY,FILLED,10.0,10.0,@1.14,1.11,DAY,2026-02-05T15:21:59.488Z,2026-02-05T15:21:59.631Z
CRWV260220P00060000,CRWV260220P00060000,BUY,FILLED,10.0,10.0,@1.2,1.2,DAY,2026-02-05T14:59:39.193Z,2026-02-05T14:59:39.236Z
QQQ260205P00589000,QQQ260205P00589000,BUY,FILLED,3.0,3.0,@1.06,0.97,DAY,2026-02-05T14:34:24.757Z,2026-02-05T14:34:24.946Z
GOOG260206P00315000,GOOG260206P00315000,SELL,FILLED,1.0,1.0,@7.1,7.1,DAY,2026-02-05T14:33:01.037Z,2026-02-05T14:33:01.120Z
GOOG260320P00275000,GOOG260320P00275000,BUY,FILLED,3.0,3.0,@3.85,3.85,DAY,2026-02-05T14:32:23.592Z,2026-02-05T14:32:23.660Z
GLD260331C00475000,GLD260331C00475000,SELL,FILLED,1.0,1.0,@10.45,10.45,DAY,2026-02-05T14:31:51.633Z,2026-02-05T14:31:51.671Z
MSTR260213P00104000,MSTR260213P00104000,BUY,FILLED,5.0,5.0,@2.9,2.9,DAY,2026-02-05T14:31:32.351Z,2026-02-05T14:31:32.446Z
GOOG260206P00315000,GOOG260206P00315000,BUY,FILLED,1.0,1.0,@3.9,3.9,DAY,2026-02-04T20:36:19.164Z,2026-02-04T20:36:19.201Z
USO260220C00090000,USO260220C00090000,BUY,FILLED,5.0,5.0,@1.0,1.0,DAY,2026-02-04T19:51:36.693Z,2026-02-04T19:51:49.406Z
MU260206P00365000,MU260206P00365000,SELL,FILLED,1.0,1.0,@9.25,9.25,DAY,2026-02-04T18:28:22.593Z,2026-02-04T18:28:28.018Z
CRWV260206P00080000,CRWV260206P00080000,SELL,FILLED,3.0,3.0,@2.3,2.3,DAY,2026-02-04T18:26:56.223Z,2026-02-04T18:27:17.229Z
TSLA260220P00385000,TSLA260220P00385000,SELL,FILLED,10.0,10.0,@1.32,1.32,DAY,2026-02-04T18:23:32.586Z,2026-02-04T18:23:32.639Z
TSLA260220P00380000,TSLA260220P00380000,BUY,FILLED,10.0,10.0,@1.32,1.32,DAY,2026-02-04T18:23:32.586Z,2026-02-04T18:23:32.639Z
QQQ260220P00600000,QQQ260220P00600000,SELL,FILLED,2.0,2.0,@6.38,6.38,DAY,2026-02-04T18:23:23.070Z,2026-02-04T18:23:23.115Z
QQQ260220P00575000,QQQ260220P00575000,BUY,FILLED,2.0,2.0,@6.38,6.38,DAY,2026-02-04T18:23:23.070Z,2026-02-04T18:23:23.115Z
PLTR260220P00136000,PLTR260220P00136000,SELL,FILLED,1.0,1.0,@6.55,6.6,DAY,2026-02-04T17:58:52.937Z,2026-02-04T17:58:52.977Z
MU260206P00365000,MU260206P00365000,SELL,FILLED,1.0,1.0,@9.6,9.6,DAY,2026-02-04T17:58:35.671Z,2026-02-04T17:58:35.752Z
MU260206P00365000,MU260206P00365000,SELL,FILLED,1.0,1.0,@9.25,9.51,DAY,2026-02-04T17:58:25.109Z,2026-02-04T17:58:25.249Z
QQQ260204P00607000,QQQ260204P00607000,SELL,FILLED,1.0,1.0,@6.14,6.2,DAY,2026-02-04T17:47:50.447Z,2026-02-04T17:47:50.486Z
U260213C00026000,U260213C00026000,SELL,FILLED,2.0,2.0,@1.63,1.63,DAY,2026-02-04T17:47:41.126Z,2026-02-04T17:54:38.732Z
SNDK260206P00530000,SNDK260206P00530000,SELL,FILLED,1.0,1.0,@5.0,5.0,DAY,2026-02-04T17:47:22.969Z,2026-02-04T17:47:23.016Z
CRWV260206P00080000,CRWV260206P00080000,SELL,FILLED,2.0,2.0,@2.49,2.5,DAY,2026-02-04T17:41:52.154Z,2026-02-04T17:41:52.327Z
MU260206P00365000,MU260206P00365000,SELL,FILLED,1.0,1.0,@8.65,8.65,DAY,2026-02-04T17:31:27.996Z,2026-02-04T17:31:28.070Z
MU260206P00365000,MU260206P00365000,SELL,FILLED,4.0,4.0,@4.25,4.25,DAY,2026-02-04T16:30:10.156Z,2026-02-04T16:30:10.195Z
PLTR260220P00136000,PLTR260220P00136000,SELL,FILLED,2.0,2.0,@4.9,4.9,DAY,2026-02-04T16:29:43.319Z,2026-02-04T16:29:43.363Z
QQQ260204P00607000,QQQ260204P00607000,SELL,FILLED,2.0,2.0,@2.39,2.39,DAY,2026-02-04T16:02:56.002Z,2026-02-04T16:02:59.214Z
PLTR260220P00136000,PLTR260220P00136000,SELL,FILLED,2.0,2.0,@4.35,4.4,DAY,2026-02-04T15:05:58.389Z,2026-02-04T15:05:58.444Z
U260213C00026000,U260213C00026000,BUY,FILLED,2.0,2.0,@1.37,1.37,DAY,2026-02-04T14:54:10.443Z,2026-02-04T14:54:10.498Z
PLTR260220P00136000,PLTR260220P00136000,BUY,FILLED,5.0,5.0,@2.17,2.17,DAY,2026-02-04T14:43:30.969Z,2026-02-04T14:43:31.012Z
MSFT260320P00385000,MSFT260320P00385000,SELL,FILLED,3.0,3.0,@4.85,4.85,DAY,2026-02-04T14:42:48.554Z,2026-02-04T14:43:04.528Z
BABA260320C00170000,BABA260320C00170000,SELL,FILLED,1.0,1.0,@7.3,7.3,DAY,2026-02-04T14:37:04.598Z,2026-02-04T14:37:12.800Z
SNDK260206P00530000,SNDK260206P00530000,BUY,FILLED,1.0,1.0,@2.75,2.75,DAY,2026-02-04T14:34:36.412Z,2026-02-04T14:34:46.295Z
AMD260206P00205000,AMD260206P00205000,SELL,FILLED,1.0,1.0,@3.05,3.05,DAY,2026-02-04T14:32:54.145Z,2026-02-04T14:32:55.018Z
QQQ260204C00622000,QQQ260204C00622000,SELL,FILLED,2.0,2.0,@0.3,0.3,DAY,2026-02-04T14:31:42.411Z,2026-02-04T14:31:47.272Z
QQQ260204P00607000,QQQ260204P00607000,BUY,FILLED,3.0,3.0,@1.24,1.17,DAY,2026-02-04T14:30:36.494Z,2026-02-04T14:30:36.676Z
AMD260206P00205000,AMD260206P00205000,BUY,FILLED,1.0,1.0,@2.53,2.53,DAY,2026-02-04T14:30:25.124Z,2026-02-04T14:30:45.252Z
QQQ260204C00622000,QQQ260204C00622000,BUY,FILLED,2.0,2.0,@1.02,1.02,DAY,2026-02-03T20:58:58.094Z,2026-02-03T20:58:58.221Z
MU260206P00410000,MU260206P00410000,SELL,FILLED,1.0,1.0,@11.15,11.15,DAY,2026-02-03T20:07:33.169Z,2026-02-03T20:07:33.255Z
MU260206P00365000,MU260206P00365000,BUY,FILLED,8.0,8.0,@1.38,1.38,DAY,2026-02-03T20:07:16.104Z,2026-02-03T20:07:16.140Z
MU260206P00410000,MU260206P00410000,SELL,FILLED,1.0,1.0,@11.55,11.55,DAY,2026-02-03T20:02:08.069Z,2026-02-03T20:02:14.319Z
QQQ260203P00617000,QQQ260203P00617000,SELL,FILLED,1.0,1.0,@4.26,4.26,DAY,2026-02-03T19:33:31.742Z,2026-02-03T19:33:31.785Z
MSTR260320P00120000,MSTR260320P00120000,SELL,FILLED,2.0,2.0,@10.25,10.49,DAY,2026-02-03T18:20:32.237Z,2026-02-03T18:20:32.376Z
USO260220C00090000,USO260220C00090000,BUY,FILLED,10.0,10.0,@0.95,0.95,DAY,2026-02-03T18:20:04.447Z,2026-02-03T18:20:04.492Z
QQQ260203P00617000,QQQ260203P00617000,SELL,FILLED,1.0,1.0,@2.54,2.54,DAY,2026-02-03T17:15:00.478Z,2026-02-03T17:15:00.944Z
QQQ260203P00617000,QQQ260203P00617000,SELL,FILLED,3.0,3.0,@1.1,1.19,DAY,2026-02-03T15:17:48.651Z,2026-02-03T15:17:48.797Z
RGTI260220P00018000,RGTI260220P00018000,SELL,FILLED,5.0,5.0,@1.42,1.42,DAY,2026-02-03T14:58:05.226Z,2026-02-03T14:58:16.987Z
RGTI260220P00013000,RGTI260220P00013000,BUY,FILLED,5.0,5.0,@1.42,1.42,DAY,2026-02-03T14:58:05.226Z,2026-02-03T14:58:16.987Z
MSFT260320P00385000,MSFT260320P00385000,SELL,FILLED,2.0,2.0,@4.6,4.64,DAY,2026-02-03T14:57:52.926Z,2026-02-03T14:57:53.092Z
QQQ260203P00617000,QQQ260203P00617000,BUY,FILLED,5.0,5.0,@0.65,0.65,DAY,2026-02-03T14:57:24.976Z,2026-02-03T14:57:33.968Z
CRWV260206P00080000,CRWV260206P00080000,BUY,FILLED,5.0,5.0,@1.06,1.06,DAY,2026-02-03T14:41:20.912Z,2026-02-03T14:41:20.954Z
MU260206P00410000,MU260206P00410000,BUY,FILLED,2.0,2.0,@5.4,5.4,DAY,2026-02-03T14:39:41.892Z,2026-02-03T14:39:44.692Z
SNDK260206C00810000,SNDK260206C00810000,SELL,FILLED,1.0,1.0,@4.4,4.66,DAY,2026-02-03T14:39:18.608Z,2026-02-03T14:39:18.803Z
GLD260331C00475000,GLD260331C00475000,BUY,FILLED,2.0,2.0,@14.8,14.8,DAY,2026-02-03T14:32:36.936Z,2026-02-03T14:32:36.977Z
SNDK260206C00810000,SNDK260206C00810000,SELL,FILLED,1.0,1.0,@5.6,6.34,DAY,2026-02-03T14:31:32.908Z,2026-02-03T14:31:33.077Z
SNDK260206C00810000,SNDK260206C00810000,BUY,FILLED,2.0,2.0,@2.55,2.55,DAY,2026-02-02T20:30:13.718Z,2026-02-02T20:30:13.755Z
RGTI260220P00018000,RGTI260220P00018000,SELL,FILLED,5.0,5.0,@1.49,1.49,DAY,2026-02-02T19:44:57.474Z,2026-02-02T19:45:03.379Z
RGTI260220P00013000,RGTI260220P00013000,BUY,FILLED,5.0,5.0,@1.49,1.49,DAY,2026-02-02T19:44:57.474Z,2026-02-02T19:45:03.379Z
MSFT260320P00385000,MSFT260320P00385000,BUY,FILLED,5.0,5.0,@3.1,3.05,DAY,2026-02-02T18:28:17.919Z,2026-02-02T18:28:18.118Z
GLD260320C00428000,GLD260320C00428000,SELL,FILLED,1.0,1.0,@24.95,24.95,DAY,2026-02-02T15:02:22.450Z,2026-02-02T15:02:26.699Z
USO260320C00086000,USO260320C00086000,SELL,FILLED,5.0,5.0,@2.1,2.1,DAY,2026-02-02T14:55:39.791Z,2026-02-02T14:55:39.831Z
SLV260202C00084500,SLV260202C00084500,SELL,FILLED,1.0,1.0,@0.16,0.17,DAY,2026-02-02T14:37:17.848Z,2026-02-02T14:37:25.632Z
GLD260320C00428000,GLD260320C00428000,BUY,FILLED,1.0,1.0,@28.15,28.15,DAY,2026-02-02T14:33:50.136Z,2026-02-02T14:33:50.176Z
RGTI260220P00018000,RGTI260220P00018000,SELL,CANCELLED,0.0,5.0,@1.38,,DAY,2026-01-30T20:41:44.777Z,
RGTI260220P00013000,RGTI260220P00013000,BUY,CANCELLED,0.0,5.0,@1.38,,DAY,2026-01-30T20:41:44.777Z,
SLV260202C00084500,SLV260202C00084500,BUY,FILLED,1.0,1.0,@2.46,2.46,DAY,2026-01-30T19:11:15.942Z,2026-01-30T19:11:16.027Z
SLV260202C00076000,SLV260202C00076000,SELL,FILLED,1.0,1.0,@5.8,5.8,DAY,2026-01-30T19:10:48.079Z,2026-01-30T19:10:48.117Z
SLV260202C00076000,SLV260202C00076000,BUY,FILLED,1.0,1.0,@2.85,2.85,DAY,2026-01-30T18:28:55.440Z,2026-01-30T18:28:55.501Z
SLV260130P00071000,SLV260130P00071000,BUY,CANCELLED,0.0,1.0,@2.85,,DAY,2026-01-30T18:20:17.248Z,
BABA260320C00170000,BABA260320C00170000,SELL,FILLED,1.0,1.0,@12.4,12.4,DAY,2026-01-30T17:51:25.546Z,2026-01-30T17:51:31.406Z
BABA260320C00170000,BABA260320C00170000,SELL,CANCELLED,0.0,2.0,@12.7,,DAY,2026-01-30T17:12:21.908Z,
BIDU260320C00185000,BIDU260320C00185000,SELL,FILLED,4.0,4.0,@3.7,3.7,DAY,2026-01-30T17:11:58.296Z,2026-01-30T17:12:08.597Z
TSLA260220P00385000,TSLA260220P00385000,SELL,FILLED,2.0,2.0,@3.15,3.15,DAY,2026-01-30T15:42:52.620Z,2026-01-30T15:42:57.518Z
BIDU260320C00185000,BIDU260320C00185000,SELL,FILLED,1.0,1.0,@3.95,3.95,DAY,2026-01-30T15:32:36.623Z,2026-01-30T15:32:45.210Z
BABA260320C00170000,BABA260320C00170000,SELL,FILLED,1.0,1.0,@12.8,12.8,DAY,2026-01-30T15:32:27.020Z,2026-01-30T15:32:47.666Z
AAPL260130P00245000,AAPL260130P00245000,SELL,FILLED,3.0,3.0,@0.06,0.06,DAY,2026-01-30T15:30:53.323Z,2026-01-30T15:30:53.558Z
USO260320C00086000,USO260320C00086000,BUY,FILLED,5.0,5.0,@3.75,3.75,DAY,2026-01-29T19:32:48.061Z,2026-01-29T19:32:48.224Z
BIDU260320C00185000,BIDU260320C00185000,BUY,FILLED,5.0,5.0,@4.45,4.45,DAY,2026-01-29T19:21:04.995Z,2026-01-29T19:27:55.859Z
AAPL260130P00245000,AAPL260130P00245000,BUY,FILLED,1.0,1.0,@1.78,1.78,DAY,2026-01-29T15:52:20.870Z,2026-01-29T15:52:21.125Z
TSLA260220P00385000,TSLA260220P00385000,BUY,FILLED,2.0,2.0,@5.9,5.88,DAY,2026-01-29T15:42:52.313Z,2026-01-29T15:42:52.542Z
BABA260227C00200000,BABA260227C00200000,SELL,FILLED,6.0,6.0,@2.73,2.84,DAY,2026-01-29T15:36:48.262Z,2026-01-29T15:37:26.311Z
AAPL260130P00245000,AAPL260130P00245000,BUY,FILLED,2.0,2.0,@1.22,1.22,DAY,2026-01-29T15:30:57.766Z,2026-01-29T15:31:13.023Z
PPLT260320C00220000,PPLT260320C00220000,SELL,FILLED,1.0,1.0,@32.4,32.69,DAY,2026-01-29T15:17:08.418Z,2026-01-29T15:17:23.230Z
RGTI260220P00018000,RGTI260220P00018000,BUY,FILLED,10.0,10.0,@0.72,0.72,DAY,2026-01-29T15:16:45.887Z,2026-01-29T15:19:07.015Z
RGTI260220P00013000,RGTI260220P00013000,SELL,FILLED,10.0,10.0,@0.72,0.72,DAY,2026-01-29T15:16:45.887Z,2026-01-29T15:19:07.015Z
TSLA260220P00385000,TSLA260220P00385000,SELL,FILLED,2.0,2.0,@4.9,4.9,DAY,2026-01-29T15:13:42.924Z,2026-01-29T15:13:44.857Z
TSLA260220P00405000,TSLA260220P00405000,SELL,FILLED,1.0,1.0,@9.45,9.5,DAY,2026-01-29T15:13:11.627Z,2026-01-29T15:13:11.716Z
MSTR260320P00120000,MSTR260320P00120000,BUY,FILLED,5.0,5.0,@5.05,5.05,DAY,2026-01-29T15:13:02.939Z,2026-01-29T15:13:32.791Z
TSLA260220P00385000,TSLA260220P00385000,BUY,FILLED,2.0,2.0,@4.75,4.75,DAY,2026-01-29T15:07:44.929Z,2026-01-29T15:07:48.130Z
UEC260320C00017000,UEC260320C00017000,SELL,FILLED,5.0,5.0,@3.25,3.33,DAY,2026-01-29T15:04:54.760Z,2026-01-29T15:05:09.366Z
TSLA260220P00405000,TSLA260220P00405000,BUY,FILLED,1.0,1.0,@10.25,10.25,DAY,2026-01-29T15:04:30.335Z,2026-01-29T15:04:30.378Z
LUMN260320C00009000,LUMN260320C00009000,SELL,FILLED,5.0,5.0,@1.1,1.14,DAY,2026-01-29T15:02:32.309Z,2026-01-29T15:02:51.237Z
QQQ260128P00630000,QQQ260128P00630000,SELL,FILLED,2.0,2.0,,1.45,DAY,2026-01-28T21:04:04.632Z,2026-01-28T21:04:04.679Z
PPLT260320C00220000,PPLT260320C00220000,BUY,FILLED,1.0,1.0,@37.2,37.2,DAY,2026-01-28T20:49:21.059Z,2026-01-28T20:49:47.744Z
CVNA260320P00350000,CVNA260320P00350000,SELL,FILLED,1.0,1.0,@32.35,32.35,DAY,2026-01-28T20:00:09.662Z,2026-01-28T20:00:19.925Z
QQQ260128P00630000,QQQ260128P00630000,BUY,FILLED,2.0,2.0,@0.94,0.94,DAY,2026-01-28T18:57:24.446Z,2026-01-28T18:57:27.941Z
LUMN260320C00009000,LUMN260320C00009000,SELL,FILLED,10.0,10.0,@1.42,1.42,DAY,2026-01-28T18:56:36.549Z,2026-01-28T18:56:45.395Z
UEC260320C00017000,UEC260320C00017000,BUY,FILLED,5.0,5.0,@4.15,3.89,DAY,2026-01-28T18:08:15.111Z,2026-01-28T18:08:15.324Z
LOGI260220P00085000,LOGI260220P00085000,SELL,FILLED,2.0,2.0,@1.65,1.65,DAY,2026-01-28T16:49:38.433Z,2026-01-28T16:50:43.014Z
CVNA260320P00350000,CVNA260320P00350000,BUY,FILLED,1.0,1.0,@21.05,21.05,DAY,2026-01-28T16:49:27.813Z,2026-01-28T16:49:27.962Z
SLV260320C00095000,SLV260320C00095000,SELL,FILLED,1.0,1.0,@17.65,17.65,DAY,2026-01-28T16:03:53.273Z,2026-01-28T16:04:03.634Z
BIDU260220C00130000,BIDU260220C00130000,SELL,FILLED,1.0,1.0,@28.7,28.7,DAY,2026-01-28T15:12:26.018Z,2026-01-28T15:12:51.021Z
CRCL260220P00070000,CRCL260220P00070000,SELL,FILLED,5.0,5.0,@2.24,2.37,DAY,2026-01-28T15:07:21.489Z,2026-01-28T15:07:21.653Z
LUMN260320C00009000,LUMN260320C00009000,BUY,FILLED,15.0,15.0,@1.51,1.51,DAY,2026-01-27T17:22:55.290Z,2026-01-27T17:22:55.327Z
PPLT260320C00180000,PPLT260320C00180000,SELL,FILLED,1.0,1.0,@54.2,54.2,DAY,2026-01-27T15:14:17.270Z,2026-01-27T15:14:31.976Z
LOGI260220P00085000,LOGI260220P00085000,BUY,FILLED,2.0,2.0,@1.3,1.3,DAY,2026-01-27T15:10:46.785Z,2026-01-27T15:10:56.385Z
SLV260130P00088000,SLV260130P00088000,SELL,FILLED,3.0,3.0,@1.21,1.21,DAY,2026-01-27T14:47:24.532Z,2026-01-27T14:47:24.573Z
SLV260320C00095000,SLV260320C00095000,BUY,FILLED,1.0,1.0,@16.0,16.0,DAY,2026-01-27T14:37:22.009Z,2026-01-27T14:37:22.046Z
PPLT260320C00180000,PPLT260320C00180000,BUY,FILLED,1.0,1.0,@58.5,58.5,DAY,2026-01-27T14:35:48.538Z,2026-01-27T14:49:23.875Z
SLV260130P00088000,SLV260130P00088000,BUY,FILLED,3.0,3.0,@2.04,2.0,DAY,2026-01-26T20:01:58.492Z,2026-01-26T20:01:58.692Z
BIDU260220C00130000,BIDU260220C00130000,SELL,CANCELLED,0.0,1.0,@27.05,,DAY,2026-01-26T19:28:04.155Z,
BABA260130C00182500,BABA260130C00182500,SELL,FILLED,3.0,3.0,@0.79,0.79,DAY,2026-01-26T19:27:19.198Z,2026-01-26T19:27:24.657Z
PPLT260320C00180000,PPLT260320C00180000,SELL,FILLED,1.0,1.0,@70.6,72.2,DAY,2026-01-26T19:14:21.946Z,2026-01-26T19:14:22.192Z
CDE260320C00020000,CDE260320C00020000,SELL,FILLED,1.0,1.0,@7.0,7.0,DAY,2026-01-26T19:06:05.185Z,2026-01-26T19:06:05.223Z
GDX260320C00102000,GDX260320C00102000,SELL,FILLED,1.0,1.0,@13.65,13.65,DAY,2026-01-26T18:38:48.784Z,2026-01-26T18:38:48.824Z
PPLT260220C00300000,PPLT260220C00300000,SELL,FILLED,2.0,2.0,@6.5,6.5,DAY,2026-01-26T18:32:35.210Z,2026-01-26T18:32:41.304Z
PPLT260220C00300000,PPLT260220C00300000,BUY,FILLED,2.0,2.0,@7.9,7.9,DAY,2026-01-26T17:20:16.449Z,2026-01-26T17:20:47.938Z
LAC260320C00005000,LAC260320C00005000,SELL,FILLED,3.0,3.0,@1.56,1.56,DAY,2026-01-26T16:09:14.898Z,2026-01-26T16:09:14.934Z
BABA260130C00182500,BABA260130C00182500,BUY,FILLED,3.0,3.0,@0.98,0.98,DAY,2026-01-26T15:41:44.724Z,2026-01-26T15:41:44.790Z
LAC260320C00005000,LAC260320C00005000,SELL,FILLED,4.0,4.0,@1.4,1.43,DAY,2026-01-26T15:41:14.180Z,2026-01-26T15:41:25.657Z
BABA260227C00200000,BABA260227C00200000,BUY,FILLED,6.0,6.0,@2.38,2.38,DAY,2026-01-26T15:09:02.009Z,2026-01-26T15:09:02.043Z
LAC260320C00005000,LAC260320C00005000,SELL,CANCELLED,0.0,6.0,@1.72,,DAY,2026-01-26T14:39:07.841Z,
GLD260126C00460000,GLD260126C00460000,SELL,FILLED,1.0,1.0,@7.6,7.6,DAY,2026-01-26T14:34:35.589Z,2026-01-26T14:34:35.626Z
LAC260320C00005000,LAC260320C00005000,BUY,FILLED,7.0,7.0,@1.96,1.96,DAY,2026-01-26T14:31:27.574Z,2026-01-26T14:31:27.736Z
GLD260126C00460000,GLD260126C00460000,BUY,FILLED,1.0,1.0,@2.75,2.75,DAY,2026-01-23T20:36:20.515Z,2026-01-23T20:36:32.332Z
SLV260123C00092500,SLV260123C00092500,SELL,FILLED,40.0,40.0,@0.16,0.16,DAY,2026-01-23T20:31:38.528Z,2026-01-23T20:31:45.491Z
SLV260123C00092500,SLV260123C00092500,SELL,FILLED,40.0,40.0,@0.29,0.29,DAY,2026-01-23T20:19:30.965Z,2026-01-23T20:19:31.002Z
INTC260123P00050000,INTC260123P00050000,SELL,FILLED,1.0,1.0,@5.3,5.3,DAY,2026-01-23T20:05:08.165Z,2026-01-23T20:05:08.204Z
PPLT260320C00180000,PPLT260320C00180000,SELL,FILLED,1.0,1.0,@72.2,72.27,DAY,2026-01-23T19:19:20.623Z,2026-01-23T19:19:20.764Z
CRCL260220P00070000,CRCL260220P00070000,BUY,FILLED,2.0,2.0,@4.3,4.3,DAY,2026-01-23T16:00:14.862Z,2026-01-23T16:00:14.914Z
GDX260320C00102000,GDX260320C00102000,SELL,FILLED,1.0,1.0,@10.35,10.35,DAY,2026-01-23T15:52:09.278Z,2026-01-23T15:52:09.365Z
INTC260123P00050000,INTC260123P00050000,SELL,FILLED,1.0,1.0,@4.1,4.1,DAY,2026-01-23T15:01:41.955Z,2026-01-23T15:01:42.153Z
INTC260123P00050000,INTC260123P00050000,SELL,CANCELLED,0.0,1.0,,,DAY,2026-01-23T14:58:23.279Z,
BABA260220C00170000,BABA260220C00170000,SELL,FILLED,2.0,2.0,@10.2,10.2,DAY,2026-01-23T14:41:24.966Z,2026-01-23T14:41:25.020Z
GLD260202C00475000,GLD260202C00475000,SELL,FILLED,3.0,3.0,@2.08,2.08,DAY,2026-01-23T14:32:56.783Z,2026-01-23T14:33:05.643Z
INTC260123P00050000,INTC260123P00050000,SELL,FILLED,2.0,2.0,@3.45,3.51,DAY,2026-01-23T14:32:17.969Z,2026-01-23T14:32:18.109Z
SLV260123C00092500,SLV260123C00092500,BUY,FILLED,80.0,80.0,@0.12,0.12,DAY,2026-01-23T14:31:52.155Z,2026-01-23T14:31:52.198Z
INTC260123P00050000,INTC260123P00050000,BUY,FILLED,4.0,4.0,@0.77,0.76,DAY,2026-01-22T20:54:19.037Z,2026-01-22T20:54:19.210Z
PPLT260320C00180000,PPLT260320C00180000,BUY,FILLED,1.0,1.0,@57.4,57.4,DAY,2026-01-22T18:01:28.845Z,2026-01-22T18:01:28.886Z
GDX260320C00102000,GDX260320C00102000,BUY,FILLED,2.0,2.0,@9.05,9.05,DAY,2026-01-22T15:44:03.002Z,2026-01-22T15:44:10.304Z
FCX260320C00050000,FCX260320C00050000,SELL,FILLED,1.0,1.0,@10.2,10.2,DAY,2026-01-22T15:43:24.256Z,2026-01-22T15:44:28.246Z
CDE260320C00020000,CDE260320C00020000,SELL,FILLED,1.0,1.0,@6.4,6.4,DAY,2026-01-22T15:40:53.311Z,2026-01-22T15:41:02.492Z
CDE260320C00020000,CDE260320C00020000,BUY,FILLED,2.0,2.0,@6.7,6.7,DAY,2026-01-22T15:40:35.914Z,2026-01-22T15:40:35.955Z
CDE260320C00020000,CDE260320C00020000,BUY,CANCELLED,0.0,4.0,@5.0,,DAY,2026-01-22T14:43:22.929Z,
SPY260121C00680000,SPY260121C00680000,SELL,FILLED,2.0,2.0,@0.91,0.92,DAY,2026-01-21T18:02:27.029Z,2026-01-21T18:02:27.067Z
SPY260121C00680000,SPY260121C00680000,BUY,FILLED,2.0,2.0,@1.12,1.12,DAY,2026-01-21T17:41:13.629Z,2026-01-21T17:41:36.152Z
GLD260202C00475000,GLD260202C00475000,BUY,FILLED,3.0,3.0,@1.46,1.44,DAY,2026-01-21T15:11:11.622Z,2026-01-21T15:11:11.769Z
BABA260320C00170000,BABA260320C00170000,BUY,FILLED,1.0,1.0,@10.95,10.95,DAY,2026-01-21T15:03:39.720Z,2026-01-21T15:04:11.104Z
FCX260320C00050000,FCX260320C00050000,BUY,FILLED,1.0,1.0,@12.75,12.72,DAY,2026-01-21T15:00:45.171Z,2026-01-21T15:01:01.626Z
AAPL260220P00230000,AAPL260220P00230000,SELL,FILLED,5.0,5.0,@3.3,3.3,DAY,2026-01-20T20:58:08.908Z,2026-01-20T20:58:08.948Z
AAPL260220P00230000,AAPL260220P00230000,SELL,FILLED,1.0,1.0,@3.9,3.9,DAY,2026-01-20T20:54:28.723Z,2026-01-20T20:54:28.766Z
PLTR260130P00160000,PLTR260130P00160000,SELL,FILLED,2.0,2.0,@2.63,2.66,DAY,2026-01-20T19:21:57.953Z,2026-01-20T19:21:58.308Z
TSLA260220P00385000,TSLA260220P00385000,BUY,FILLED,10.0,10.0,@1.2,1.2,DAY,2026-01-20T19:21:28.761Z,2026-01-20T19:21:43.027Z
TSLA260220P00380000,TSLA260220P00380000,SELL,FILLED,10.0,10.0,@1.2,1.2,DAY,2026-01-20T19:21:28.761Z,2026-01-20T19:21:43.027Z
TSLA260220P00385000,TSLA260220P00385000,BUY,FILLED,10.0,10.0,@1.15,1.15,DAY,2026-01-20T19:20:31.790Z,2026-01-20T19:20:31.929Z
TSLA260220P00380000,TSLA260220P00380000,SELL,FILLED,10.0,10.0,@1.15,1.15,DAY,2026-01-20T19:20:31.790Z,2026-01-20T19:20:31.929Z
COIN260220P00215000,COIN260220P00215000,SELL,FILLED,1.0,1.0,@10.0,10.0,DAY,2026-01-20T19:18:48.884Z,2026-01-20T19:18:48.922Z
AAPL260220P00230000,AAPL260220P00230000,SELL,FILLED,6.0,6.0,@2.62,2.62,DAY,2026-01-20T19:18:08.602Z,2026-01-20T19:18:08.734Z
LUMN260417C00008000,LUMN260417C00008000,SELL,FILLED,8.0,8.0,@1.22,1.22,DAY,2026-01-20T19:04:19.362Z,2026-01-20T19:04:19.402Z
PPLT260320C00180000,PPLT260320C00180000,BUY,FILLED,1.0,1.0,@48.0,48.0,DAY,2026-01-20T18:12:04.724Z,2026-01-20T18:12:04.765Z
CRCL260220P00070000,CRCL260220P00070000,BUY,FILLED,3.0,3.0,@3.7,3.7,DAY,2026-01-20T17:44:31.907Z,2026-01-20T17:44:31.948Z
TSLA260123P00407500,TSLA260123P00407500,BUY,FILLED,1.0,1.0,@2.26,2.26,DAY,2026-01-20T15:08:47.884Z,2026-01-20T15:08:48.069Z
COIN260220P00215000,COIN260220P00215000,BUY,CANCELLED,0.0,1.0,@9.0,,DAY,2026-01-20T14:55:37.661Z,
LUMN260220C00007000,LUMN260220C00007000,SELL,FILLED,5.0,5.0,@1.36,1.36,DAY,2026-01-20T14:50:12.695Z,2026-01-20T14:51:16.521Z
AAPL260220P00230000,AAPL260220P00230000,BUY,FILLED,9.0,9.0,@1.87,1.87,DAY,2026-01-20T14:49:10.164Z,2026-01-20T14:49:10.246Z
COIN260220P00215000,COIN260220P00215000,BUY,FILLED,1.0,1.0,@9.2,9.2,DAY,2026-01-20T14:33:54.959Z,2026-01-20T14:34:27.188Z
SATL260220C00002500,SATL260220C00002500,SELL,FILLED,6.0,6.0,@1.0,1.0,DAY,2026-01-20T14:30:26.982Z,2026-01-20T14:30:27.185Z
SATL260220C00002500,SATL260220C00002500,BUY,FILLED,6.0,6.0,@1.35,1.35,DAY,2026-01-16T18:55:28.899Z,2026-01-16T18:55:29.015Z
AAPL260220P00230000,AAPL260220P00230000,BUY,FILLED,3.0,3.0,@1.3,1.3,DAY,2026-01-16T17:35:58.034Z,2026-01-16T17:35:58.075Z
AVGO260130P00320000,AVGO260130P00320000,SELL,FILLED,3.0,3.0,@2.7,2.77,DAY,2026-01-16T16:13:57.573Z,2026-01-16T16:13:57.715Z
PLTR260130P00160000,PLTR260130P00160000,BUY,FILLED,2.0,2.0,@2.05,2.04,DAY,2026-01-16T15:29:36.804Z,2026-01-16T15:29:36.964Z
LUMN260220C00007000,LUMN260220C00007000,SELL,CANCELLED,0.0,5.0,@2.0,,DAY,2026-01-15T20:58:35.643Z,
QQQ260116P00616000,QQQ260116P00616000,BUY,FILLED,3.0,3.0,@0.78,0.78,DAY,2026-01-15T20:57:28.945Z,2026-01-15T20:57:29.037Z
PPLT260116C00225000,PPLT260116C00225000,SELL,FILLED,1.0,1.0,@0.5,0.5,DAY,2026-01-15T20:52:37.479Z,2026-01-15T20:52:37.636Z
SMR260130C00021000,SMR260130C00021000,SELL,FILLED,4.0,4.0,@0.71,0.71,DAY,2026-01-15T20:52:31.866Z,2026-01-15T20:52:31.906Z
SMR260130C00021000,SMR260130C00021000,SELL,FILLED,2.0,2.0,@0.74,0.74,DAY,2026-01-15T20:28:54.735Z,2026-01-15T20:29:00.464Z
PPLT260116C00225000,PPLT260116C00225000,BUY,FILLED,1.0,1.0,@1.8,1.8,DAY,2026-01-15T17:14:59.837Z,2026-01-15T18:06:08.295Z
LUMN260220C00007000,LUMN260220C00007000,BUY,FILLED,5.0,5.0,@2.07,2.07,DAY,2026-01-15T16:12:21.187Z,2026-01-15T16:12:21.290Z
GLD260320C00420000,GLD260320C00420000,SELL,FILLED,1.0,1.0,@18.45,18.45,DAY,2026-01-15T15:52:10.486Z,2026-01-15T15:52:10.531Z
LUMN260417C00008000,LUMN260417C00008000,BUY,FILLED,8.0,8.0,@2.0,1.85,DAY,2026-01-15T15:51:53.784Z,2026-01-15T15:51:53.922Z
SMR260130C00021000,SMR260130C00021000,BUY,FILLED,6.0,6.0,@0.89,0.89,DAY,2026-01-15T15:38:56.384Z,2026-01-15T15:38:56.438Z
QQQ260130P00604000,QQQ260130P00604000,SELL,FILLED,2.0,2.0,@2.86,2.89,DAY,2026-01-15T14:57:38.579Z,2026-01-15T14:57:38.733Z
AAPL260220P00245000,AAPL260220P00245000,SELL,FILLED,5.0,5.0,@2.79,2.79,DAY,2026-01-15T14:57:30.415Z,2026-01-15T14:57:30.450Z
AAPL260220P00245000,AAPL260220P00245000,BUY,FILLED,5.0,5.0,@3.15,3.15,DAY,2026-01-14T20:47:27.455Z,2026-01-14T20:47:27.540Z
QQQ260116P00617000,QQQ260116P00617000,SELL,FILLED,2.0,2.0,@4.16,4.18,DAY,2026-01-14T17:26:11.231Z,2026-01-14T17:26:19.020Z
BIDU260220C00180000,BIDU260220C00180000,SELL,FILLED,6.0,6.0,@2.64,2.64,DAY,2026-01-14T17:06:08.790Z,2026-01-14T17:06:16.959Z
QQQ260130P00604000,QQQ260130P00604000,BUY,FILLED,2.0,2.0,@6.31,6.3,DAY,2026-01-14T16:56:22.283Z,2026-01-14T16:56:22.428Z
BABA260220C00170000,BABA260220C00170000,SELL,FILLED,2.0,2.0,@10.4,10.4,DAY,2026-01-14T15:52:17.006Z,2026-01-14T15:52:32.618Z
BABA260320C00170000,BABA260320C00170000,BUY,FILLED,2.0,2.0,@14.2,14.2,DAY,2026-01-14T15:51:54.130Z,2026-01-14T15:51:54.234Z
AVGO260130P00320000,AVGO260130P00320000,BUY,FILLED,2.0,2.0,@5.15,5.15,DAY,2026-01-14T15:22:25.164Z,2026-01-14T15:22:34.533Z
GLD260320C00420000,GLD260320C00420000,SELL,FILLED,1.0,1.0,@18.65,18.65,DAY,2026-01-14T15:09:37.491Z,2026-01-14T15:09:37.575Z
AVGO260130P00320000,AVGO260130P00320000,BUY,FILLED,1.0,1.0,@5.25,5.25,DAY,2026-01-14T15:04:10.394Z,2026-01-14T15:04:17.914Z
ABAT260116C00007000,ABAT260116C00007000,SELL,CANCELLED,0.0,10.0,@0.15,,DAY,2026-01-14T15:02:20.467Z,
QQQ260116P00617000,QQQ260116P00617000,SELL,FILLED,1.0,1.0,@4.04,4.04,DAY,2026-01-14T15:02:02.976Z,2026-01-14T15:02:04.289Z
QQQ260114P00612000,QQQ260114P00612000,BUY,FILLED,10.0,10.0,@0.6,0.59,DAY,2026-01-14T15:01:39.180Z,2026-01-14T15:01:52.762Z
GLD260320C00420000,GLD260320C00420000,BUY,FILLED,1.0,1.0,@19.5,19.5,DAY,2026-01-14T14:49:08.099Z,2026-01-14T14:49:08.140Z
GLD260320C00420000,GLD260320C00420000,BUY,FILLED,1.0,1.0,@19.6,19.5,DAY,2026-01-14T14:48:45.763Z,2026-01-14T14:48:45.933Z
QQQ260116P00617000,QQQ260116P00617000,BUY,FILLED,3.0,3.0,@1.92,1.92,DAY,2026-01-13T20:35:34.785Z,2026-01-13T20:35:37.091Z
GLD260320C00420000,GLD260320C00420000,SELL,FILLED,2.0,2.0,@17.65,17.65,DAY,2026-01-13T20:35:02.043Z,2026-01-13T20:35:04.688Z
QQQ260113P00622000,QQQ260113P00622000,SELL,FILLED,10.0,10.0,@0.14,0.15,DAY,2026-01-13T18:54:48.566Z,2026-01-13T18:54:48.703Z
BIDU260220C00130000,BIDU260220C00130000,BUY,FILLED,1.0,1.0,@21.55,21.55,DAY,2026-01-13T15:56:53.663Z,2026-01-13T15:56:53.727Z
QQQ260113P00622000,QQQ260113P00622000,BUY,FILLED,10.0,10.0,@0.49,0.49,DAY,2026-01-12T20:28:15.612Z,2026-01-12T20:28:15.768Z
ABAT260116C00007000,ABAT260116C00007000,BUY,FILLED,10.0,10.0,@0.05,0.05,DAY,2026-01-12T20:26:31.538Z,2026-01-12T20:26:31.683Z
ABAT260116C00006000,ABAT260116C00006000,BUY,FILLED,10.0,10.0,@0.15,0.13,DAY,2026-01-12T20:25:51.284Z,2026-01-12T20:25:51.438Z
BABA260116C00167500,BABA260116C00167500,SELL,FILLED,1.0,1.0,@3.35,3.35,DAY,2026-01-12T20:10:49.067Z,2026-01-12T20:10:49.103Z
BABA260220C00170000,BABA260220C00170000,SELL,FILLED,2.0,2.0,@8.25,8.29,DAY,2026-01-12T15:50:52.779Z,2026-01-12T15:50:52.916Z
BABA260116C00167500,BABA260116C00167500,SELL,FILLED,2.0,2.0,@2.16,2.23,DAY,2026-01-12T15:03:54.148Z,2026-01-12T15:03:54.286Z
BABA260116C00167500,BABA260116C00167500,BUY,FILLED,3.0,3.0,@1.07,1.06,DAY,2026-01-12T14:40:22.304Z,2026-01-12T14:40:22.356Z
BIDU260220C00180000,BIDU260220C00180000,BUY,FILLED,6.0,6.0,@2.4,2.4,DAY,2026-01-12T14:34:32.821Z,2026-01-12T14:34:32.866Z
DJT260220C00012000,DJT260220C00012000,SELL,FILLED,3.0,3.0,@2.66,2.66,DAY,2026-01-12T14:31:55.695Z,2026-01-12T14:33:09.541Z
TSM260220C00370000,TSM260220C00370000,SELL,FILLED,5.0,5.0,@3.4,3.4,DAY,2026-01-12T14:31:43.821Z,2026-01-12T14:31:43.991Z
MU260116C00357500,MU260116C00357500,SELL,FILLED,1.0,1.0,@5.4,5.49,DAY,2026-01-09T20:55:08.009Z,2026-01-09T20:55:26.239Z
MU260116C00357500,MU260116C00357500,BUY,FILLED,1.0,1.0,@5.4,5.35,DAY,2026-01-09T19:34:04.576Z,2026-01-09T19:34:04.692Z
COIN260220P00200000,COIN260220P00200000,SELL,FILLED,2.0,2.0,@3.7,3.7,DAY,2026-01-09T19:28:07.126Z,2026-01-09T19:28:07.250Z
MO260220P00055000,MO260220P00055000,SELL,FILLED,10.0,10.0,@0.62,0.64,DAY,2026-01-09T19:27:40.582Z,2026-01-09T19:27:40.820Z
DJT260220C00012000,DJT260220C00012000,BUY,FILLED,3.0,3.0,@2.7,2.7,DAY,2026-01-09T19:04:56.496Z,2026-01-09T19:04:56.534Z
TSM260220C00370000,TSM260220C00370000,BUY,FILLED,5.0,5.0,@3.2,3.2,DAY,2026-01-09T18:54:15.212Z,2026-01-09T18:54:27.863Z
COIN260220P00200000,COIN260220P00200000,SELL,FILLED,2.0,2.0,@3.75,3.75,DAY,2026-01-09T17:07:37.600Z,2026-01-09T17:07:37.761Z
MSFT260220P00445000,MSFT260220P00445000,SELL,FILLED,2.0,2.0,@5.95,5.95,DAY,2026-01-09T17:07:21.965Z,2026-01-09T17:07:28.038Z
GLD260320C00420000,GLD260320C00420000,BUY,FILLED,2.0,2.0,@15.35,15.35,DAY,2026-01-09T16:33:08.570Z,2026-01-09T16:33:08.614Z
AVGO260220P00300000,AVGO260220P00300000,SELL,FILLED,2.0,2.0,@4.6,4.6,DAY,2026-01-09T15:33:08.023Z,2026-01-09T15:33:08.336Z
BIDU260220C00175000,BIDU260220C00175000,SELL,FILLED,4.0,4.0,@1.92,1.92,DAY,2026-01-09T15:16:43.858Z,2026-01-09T15:16:43.902Z
CRCL260109P00078000,CRCL260109P00078000,BUY,FILLED,10.0,10.0,@0.22,0.22,DAY,2026-01-09T15:00:44.386Z,2026-01-09T15:00:58.631Z
COIN260220P00200000,COIN260220P00200000,BUY,FILLED,1.0,1.0,@4.4,4.4,DAY,2026-01-09T14:58:41.788Z,2026-01-09T14:59:18.302Z
MSFT260220P00445000,MSFT260220P00445000,BUY,FILLED,1.0,1.0,@6.4,6.4,DAY,2026-01-08T20:21:39.261Z,2026-01-08T20:21:39.314Z
BABA260220C00175000,BABA260220C00175000,SELL,FILLED,5.0,5.0,@2.7,2.7,DAY,2026-01-08T20:13:59.217Z,2026-01-08T20:13:59.258Z
MO260220P00052500,MO260220P00052500,SELL,FILLED,17.0,17.0,@0.36,0.36,DAY,2026-01-08T16:27:16.756Z,2026-01-08T16:27:16.810Z
BABA260220C00175000,BABA260220C00175000,BUY,FILLED,5.0,5.0,@2.85,2.81,DAY,2026-01-08T15:42:18.841Z,2026-01-08T15:42:18.915Z
BABA260220C00170000,BABA260220C00170000,BUY,FILLED,6.0,6.0,@2.83,2.83,DAY,2026-01-08T15:08:42.330Z,2026-01-08T15:08:56.956Z
BIDU260220C00175000,BIDU260220C00175000,SELL,FILLED,3.0,3.0,@1.99,1.99,DAY,2026-01-08T14:58:20.931Z,2026-01-08T14:58:38.373Z
GDX260220C00100000,GDX260220C00100000,SELL,FILLED,1.0,1.0,@1.73,1.74,DAY,2026-01-08T14:57:58.906Z,2026-01-08T14:57:59.139Z
AVGO260220P00300000,AVGO260220P00300000,BUY,FILLED,2.0,2.0,@7.3,7.3,DAY,2026-01-08T14:57:31.930Z,2026-01-08T14:57:49.338Z
QQQ260116C00628000,QQQ260116C00628000,SELL,FILLED,1.0,1.0,@2.73,2.73,DAY,2026-01-08T14:51:56.494Z,2026-01-08T14:51:56.896Z
BIDU260220C00175000,BIDU260220C00175000,BUY,FILLED,2.0,2.0,@2.78,2.78,DAY,2026-01-07T15:27:42.559Z,2026-01-07T15:27:42.607Z
COIN260220P00200000,COIN260220P00200000,BUY,FILLED,3.0,3.0,@4.2,4.2,DAY,2026-01-07T15:20:55.274Z,2026-01-07T15:21:00.441Z
BIDU260220C00175000,BIDU260220C00175000,BUY,FILLED,5.0,5.0,@2.57,2.57,DAY,2026-01-07T15:15:42.339Z,2026-01-07T15:15:42.671Z
BIDU260220C00175000,BIDU260220C00175000,SELL,FILLED,5.0,5.0,@2.37,2.37,DAY,2026-01-07T15:13:31.394Z,2026-01-07T15:13:31.608Z
GDX260220C00095000,GDX260220C00095000,SELL,FILLED,3.0,3.0,@3.0,3.0,DAY,2026-01-07T15:12:37.919Z,2026-01-07T15:12:50.971Z
BABA260220C00180000,BABA260220C00180000,SELL,FILLED,18.0,18.0,@1.14,1.19,DAY,2026-01-07T15:12:10.834Z,2026-01-07T15:12:10.975Z
SLV260220C00072000,SLV260220C00072000,SELL,FILLED,3.0,3.0,@5.4,5.4,DAY,2026-01-07T15:11:58.510Z,2026-01-07T15:11:58.675Z
QQQ260116C00628000,QQQ260116C00628000,BUY,FILLED,1.0,1.0,@4.66,4.66,DAY,2026-01-06T20:52:05.467Z,2026-01-06T20:52:12.076Z
MSFT260220P00445000,MSFT260220P00445000,SELL,FILLED,1.0,1.0,@6.25,6.28,DAY,2026-01-06T20:45:32.124Z,2026-01-06T20:45:32.268Z
BIDU260220C00175000,BIDU260220C00175000,BUY,FILLED,5.0,5.0,@2.94,2.94,DAY,2026-01-06T20:36:14.109Z,2026-01-06T20:36:14.184Z
GDX260220C00100000,GDX260220C00100000,BUY,FILLED,1.0,1.0,@2.88,2.88,DAY,2026-01-06T17:23:49.322Z,2026-01-06T17:23:49.367Z
GDX260220C00095000,GDX260220C00095000,BUY,FILLED,3.0,3.0,@4.55,4.55,DAY,2026-01-06T17:23:33.543Z,2026-01-06T17:23:33.587Z
QQQ260106P00619000,QQQ260106P00619000,SELL,FILLED,2.0,2.0,@0.72,0.74,DAY,2026-01-06T16:08:51.037Z,2026-01-06T16:08:57.278Z
QQQ260106P00619000,QQQ260106P00619000,SELL,FILLED,6.0,6.0,@0.8,0.85,DAY,2026-01-06T16:07:18.531Z,2026-01-06T16:07:18.673Z
QQQ260106P00619000,QQQ260106P00619000,BUY,FILLED,8.0,8.0,@0.49,0.48,DAY,2026-01-06T15:54:10.618Z,2026-01-06T15:54:10.661Z
MO260220P00052500,MO260220P00052500,BUY,FILLED,17.0,17.0,@0.49,0.48,DAY,2026-01-06T15:35:27.341Z,2026-01-06T15:35:40.971Z
MSFT260220P00445000,MSFT260220P00445000,BUY,FILLED,2.0,2.0,@7.85,7.85,DAY,2026-01-06T15:15:48.106Z,2026-01-06T15:15:48.176Z
MSFT260116P00462500,MSFT260116P00462500,SELL,FILLED,2.0,2.0,@3.05,3.08,DAY,2026-01-05T15:27:27.224Z,2026-01-05T15:27:27.398Z
MO260220P00055000,MO260220P00055000,BUY,FILLED,10.0,10.0,@0.82,0.82,DAY,2026-01-05T14:41:31.076Z,2026-01-05T14:41:47.667Z
TSLA260220P00390000,TSLA260220P00390000,SELL,FILLED,1.0,1.0,@8.3,8.3,DAY,2026-01-05T14:40:31.508Z,2026-01-05T14:40:31.549Z
SLV260220C00072000,SLV260220C00072000,BUY,FILLED,3.0,3.0,@5.0,5.0,DAY,2026-01-05T14:32:49.248Z,2026-01-05T14:32:49.456Z
MSFT260116P00462500,MSFT260116P00462500,SELL,FILLED,1.0,1.0,@3.45,3.45,DAY,2026-01-02T17:36:02.276Z,2026-01-02T17:36:02.355Z
COIN260130P00215000,COIN260130P00215000,SELL,FILLED,2.0,2.0,@4.25,4.47,DAY,2026-01-02T17:35:55.129Z,2026-01-02T17:35:55.440Z
MSFT260116P00462500,MSFT260116P00462500,BUY,FILLED,3.0,3.0,@4.05,4.05,DAY,2026-01-02T16:11:47.902Z,2026-01-02T16:11:48.045Z
QQQ260102P00610000,QQQ260102P00610000,BUY,FILLED,2.0,2.0,@0.95,0.95,DAY,2026-01-02T16:09:03.659Z,2026-01-02T16:09:05.918Z
TSLA260220P00390000,TSLA260220P00390000,BUY,FILLED,1.0,1.0,@10.4,10.4,DAY,2026-01-02T16:04:46.090Z,2026-01-02T16:04:48.400Z
BABA260116C00160000,BABA260116C00160000,SELL,FILLED,2.0,2.0,@2.28,2.29,DAY,2026-01-02T15:30:27.600Z,2026-01-02T15:30:27.740Z
MU260102C00315000,MU260102C00315000,SELL,FILLED,1.0,1.0,@0.29,0.34,DAY,2026-01-02T15:30:20.564Z,2026-01-02T15:30:20.753Z
QQQ260220P00600000,QQQ260220P00600000,BUY,FILLED,2.0,2.0,@4.86,4.83,DAY,2026-01-02T15:30:13.958Z,2026-01-02T15:30:14.095Z
QQQ260220P00575000,QQQ260220P00575000,SELL,FILLED,2.0,2.0,@4.86,4.83,DAY,2026-01-02T15:30:13.958Z,2026-01-02T15:30:14.095Z
QQQ260220P00600000,QQQ260220P00600000,BUY,CANCELLED,0.0,2.0,@4.45,,DAY,2026-01-02T15:16:01.419Z,
QQQ260220P00575000,QQQ260220P00575000,SELL,CANCELLED,0.0,2.0,@4.45,,DAY,2026-01-02T15:16:01.419Z,
QQQ260220P00600000,QQQ260220P00600000,SELL,FILLED,2.0,2.0,@4.02,4.02,DAY,2026-01-02T15:08:33.842Z,2026-01-02T15:08:33.980Z
QQQ260220P00575000,QQQ260220P00575000,BUY,FILLED,2.0,2.0,@4.02,4.02,DAY,2026-01-02T15:08:33.842Z,2026-01-02T15:08:33.980Z
MU260102C00315000,MU260102C00315000,BUY,FILLED,1.0,1.0,@0.8,0.8,DAY,2026-01-02T15:03:58.031Z,2026-01-02T15:03:58.069Z
COIN260130P00215000,COIN260130P00215000,SELL,FILLED,1.0,1.0,@5.65,5.65,DAY,2026-01-02T15:01:22.088Z,2026-01-02T15:01:22.128Z
BABA260220C00180000,BABA260220C00180000,BUY,FILLED,3.0,3.0,@1.68,1.68,DAY,2026-01-02T14:41:55.090Z,2026-01-02T14:41:55.250Z
COIN260130P00215000,COIN260130P00215000,SELL,FILLED,1.0,1.0,@6.7,6.7,DAY,2026-01-02T14:41:00.744Z,2026-01-02T14:41:00.953Z
COIN260220P00200000,COIN260220P00200000,SELL,FILLED,1.0,1.0,@6.95,6.95,DAY,2026-01-02T14:40:27.537Z,2026-01-02T14:40:30.216Z
BABA260220C00180000,BABA260220C00180000,BUY,FILLED,5.0,5.0,@1.7,1.7,DAY,2026-01-02T14:35:04.169Z,2026-01-02T14:35:04.216Z
TSM260116P00260000,TSM260116P00260000,SELL,FILLED,5.0,5.0,@0.15,0.17,DAY,2026-01-02T14:34:23.361Z,2026-01-02T14:34:23.505Z
BABA260320P00140000,BABA260320P00140000,SELL,FILLED,2.0,2.0,@4.65,4.65,DAY,2026-01-02T14:33:40.342Z,2026-01-02T14:33:40.594Z
BABA260220C00180000,BABA260220C00180000,BUY,FILLED,10.0,10.0,@1.7,1.7,DAY,2026-01-02T14:33:16.632Z,2026-01-02T14:33:16.672Z
MP260116P00048000,MP260116P00048000,SELL,FILLED,4.0,4.0,@0.8,0.8,DAY,2026-01-02T14:30:48.593Z,2026-01-02T14:30:56.747Z
TSLA260130P00425000,TSLA260130P00425000,SELL,FILLED,1.0,1.0,@11.25,11.25,DAY,2026-01-02T14:30:35.239Z,2026-01-02T14:30:35.426Z
SPY251231P00683000,SPY251231P00683000,SELL,FILLED,3.0,3.0,@0.22,0.22,DAY,2025-12-31T19:55:26.383Z,2025-12-31T19:55:26.426Z
SPY251231P00683000,SPY251231P00683000,BUY,FILLED,3.0,3.0,@0.45,0.44,DAY,2025-12-31T15:52:06.891Z,2025-12-31T15:52:07.026Z
COIN260220P00200000,COIN260220P00200000,BUY,FILLED,1.0,1.0,@6.65,6.65,DAY,2025-12-31T15:49:05.522Z,2025-12-31T15:49:19.345Z
MP260116P00048000,MP260116P00048000,BUY,FILLED,1.0,1.0,@1.5,1.45,DAY,2025-12-30T14:41:58.248Z,2025-12-30T14:41:58.288Z
MP260116P00048000,MP260116P00048000,BUY,FILLED,3.0,3.0,@1.3,1.3,DAY,2025-12-30T14:41:40.035Z,2025-12-30T14:41:40.112Z
QQQ260102C00626000,QQQ260102C00626000,SELL,FILLED,3.0,3.0,@0.97,0.97,DAY,2025-12-30T14:32:11.235Z,2025-12-30T14:32:13.257Z
TSLA260130P00425000,TSLA260130P00425000,BUY,FILLED,1.0,1.0,@11.95,11.9,DAY,2025-12-29T20:50:51.543Z,2025-12-29T20:51:26.412Z
COIN260130P00215000,COIN260130P00215000,BUY,FILLED,2.0,2.0,@5.9,5.9,DAY,2025-12-29T18:46:39.374Z,2025-12-29T18:46:39.422Z
QQQ260102C00626000,QQQ260102C00626000,BUY,FILLED,3.0,3.0,@1.01,1.01,DAY,2025-12-29T18:30:27.028Z,2025-12-29T18:30:27.164Z
TSLA260130P00425000,TSLA260130P00425000,SELL,FILLED,1.0,1.0,@10.65,10.65,DAY,2025-12-29T18:09:53.186Z,2025-12-29T18:09:53.225Z
PPLT260116P00170000,PPLT260116P00170000,SELL,FILLED,2.0,2.0,@3.0,3.03,DAY,2025-12-29T15:02:29.899Z,2025-12-29T15:02:29.955Z
TSLA260130P00425000,TSLA260130P00425000,BUY,FILLED,1.0,1.0,@11.95,11.95,DAY,2025-12-29T14:58:46.056Z,2025-12-29T14:58:46.118Z
GDX260116C00091000,GDX260116C00091000,SELL,FILLED,3.0,3.0,@1.97,1.97,DAY,2025-12-29T14:39:22.111Z,2025-12-29T14:39:22.154Z
SLV260116C00072500,SLV260116C00072500,SELL,FILLED,1.0,1.0,@1.91,1.91,DAY,2025-12-29T14:37:57.393Z,2025-12-29T14:37:57.438Z
GLD260220C00382000,GLD260220C00382000,SELL,FILLED,2.0,2.0,@27.55,27.79,DAY,2025-12-29T14:37:40.871Z,2025-12-29T14:37:41.159Z
SLV260116C00072500,SLV260116C00072500,SELL,FILLED,2.0,2.0,@4.65,4.7,DAY,2025-12-26T20:41:59.820Z,2025-12-26T20:41:59.978Z
GDX260116C00091000,GDX260116C00091000,SELL,FILLED,2.0,2.0,@3.85,3.9,DAY,2025-12-26T17:31:02.499Z,2025-12-26T17:31:23.246Z
COIN260130P00215000,COIN260130P00215000,BUY,FILLED,1.0,1.0,@5.65,5.65,DAY,2025-12-26T17:29:57.959Z,2025-12-26T17:30:08.895Z
GDX260116C00091000,GDX260116C00091000,SELL,FILLED,5.0,5.0,@4.2,4.2,DAY,2025-12-26T16:35:17.458Z,2025-12-26T16:35:17.524Z
BABA260320P00140000,BABA260320P00140000,BUY,FILLED,2.0,2.0,@5.25,5.25,DAY,2025-12-26T16:22:26.321Z,2025-12-26T16:22:26.360Z
SLV260116C00072500,SLV260116C00072500,BUY,FILLED,3.0,3.0,@3.05,3.05,DAY,2025-12-26T16:12:30.681Z,2025-12-26T16:12:30.713Z
COIN260130P00215000,COIN260130P00215000,SELL,FILLED,1.0,1.0,@5.7,6.06,DAY,2025-12-26T15:42:12.718Z,2025-12-26T15:42:12.993Z
QQQ260220P00600000,QQQ260220P00600000,BUY,FILLED,2.0,2.0,@3.87,3.86,DAY,2025-12-26T15:16:06.747Z,2025-12-26T15:16:06.891Z
QQQ260220P00575000,QQQ260220P00575000,SELL,FILLED,2.0,2.0,@3.87,3.86,DAY,2025-12-26T15:16:06.747Z,2025-12-26T15:16:06.891Z
COIN260130P00215000,COIN260130P00215000,BUY,FILLED,2.0,2.0,@6.7,6.7,DAY,2025-12-26T15:13:16.764Z,2025-12-26T15:13:16.814Z
GLD251224C00411000,GLD251224C00411000,SELL,FILLED,1.0,1.0,@1.16,1.16,DAY,2025-12-24T17:20:57.641Z,2025-12-24T17:20:57.773Z
GLD251224C00411000,GLD251224C00411000,BUY,FILLED,1.0,1.0,@0.62,0.62,DAY,2025-12-24T15:32:06.129Z,2025-12-24T15:32:31.673Z
PPLT260116P00170000,PPLT260116P00170000,SELL,CANCELLED,0.0,2.0,@1.55,,DAY,2025-12-23T18:34:46.886Z,
BABA260116C00160000,BABA260116C00160000,BUY,FILLED,2.0,2.0,@2.19,2.19,DAY,2025-12-23T17:07:32.786Z,2025-12-23T17:07:32.953Z
ASTS260220C00110000,ASTS260220C00110000,SELL,FILLED,1.0,1.0,@7.55,7.68,DAY,2025-12-23T15:04:57.468Z,2025-12-23T15:05:04.241Z
NXT260220C00080000,NXT260220C00080000,SELL,FILLED,1.0,1.0,@15.7,15.7,DAY,2025-12-23T15:04:42.558Z,2025-12-23T15:04:42.597Z
QQQ251223P00616000,QQQ251223P00616000,BUY,FILLED,2.0,2.0,@0.5,0.48,DAY,2025-12-23T15:03:31.560Z,2025-12-23T15:03:50.405Z
QQQ260220P00600000,QQQ260220P00600000,BUY,FILLED,1.0,1.0,@4.39,4.39,DAY,2025-12-23T14:59:51.840Z,2025-12-23T15:00:19.462Z
QQQ260220P00575000,QQQ260220P00575000,SELL,FILLED,1.0,1.0,@4.39,4.39,DAY,2025-12-23T14:59:51.840Z,2025-12-23T15:00:19.462Z
GDX251226C00092000,GDX251226C00092000,SELL,FILLED,8.0,8.0,@0.51,0.51,DAY,2025-12-23T14:41:08.926Z,2025-12-23T14:41:08.964Z
QQQ260220P00600000,QQQ260220P00600000,BUY,FILLED,1.0,1.0,@4.32,4.32,DAY,2025-12-23T14:32:25.756Z,2025-12-23T14:32:25.810Z
QQQ260220P00575000,QQQ260220P00575000,SELL,FILLED,1.0,1.0,@4.32,4.32,DAY,2025-12-23T14:32:25.756Z,2025-12-23T14:32:25.810Z
KRE260116P00051000,KRE260116P00051000,SELL,FILLED,40.0,40.0,@0.01,0.01,DAY,2025-12-23T14:31:30.549Z,2025-12-23T15:31:42.022Z
KRE260116P00050000,KRE260116P00050000,BUY,FILLED,40.0,40.0,@0.04,0.04,DAY,2025-12-23T14:30:54.559Z,2025-12-23T14:31:11.755Z
ASTS260220C00110000,ASTS260220C00110000,SELL,FILLED,1.0,1.0,@5.8,5.9,DAY,2025-12-23T14:30:19.225Z,2025-12-23T14:30:19.335Z
QQQ260220P00600000,QQQ260220P00600000,BUY,FILLED,1.0,1.0,@4.38,4.37,DAY,2025-12-22T20:51:56.513Z,2025-12-22T20:52:23.212Z
QQQ260220P00575000,QQQ260220P00575000,SELL,FILLED,1.0,1.0,@4.38,4.37,DAY,2025-12-22T20:51:56.513Z,2025-12-22T20:52:23.212Z
PPLT260116P00170000,PPLT260116P00170000,BUY,FILLED,2.0,2.0,@2.0,2.0,DAY,2025-12-22T20:25:41.133Z,2025-12-22T20:25:41.172Z
PALL260116C00170000,PALL260116C00170000,SELL,FILLED,2.0,2.0,@4.4,4.72,DAY,2025-12-22T20:22:51.612Z,2025-12-22T20:22:51.753Z
PALL260116C00170000,PALL260116C00170000,SELL,FILLED,1.0,1.0,@4.4,4.4,DAY,2025-12-22T20:22:34.815Z,2025-12-22T20:22:34.850Z
KRE260116P00050000,KRE260116P00050000,BUY,CANCELLED,0.0,40.0,@0.01,,DAY,2025-12-22T17:49:51.745Z,
NXT260220C00080000,NXT260220C00080000,BUY,FILLED,1.0,1.0,@16.9,16.9,DAY,2025-12-22T17:43:55.794Z,2025-12-22T17:44:13.633Z
QQQ251223P00616000,QQQ251223P00616000,BUY,FILLED,3.0,3.0,@0.61,0.61,DAY,2025-12-22T17:25:34.503Z,2025-12-22T17:25:52.380Z
ASTS260220C00110000,ASTS260220C00110000,BUY,FILLED,2.0,2.0,@9.35,9.3,DAY,2025-12-22T17:16:19.174Z,2025-12-22T17:16:19.208Z
QQQ251223P00616000,QQQ251223P00616000,SELL,FILLED,3.0,3.0,@0.54,0.54,DAY,2025-12-22T17:00:46.750Z,2025-12-22T17:00:46.875Z
SLV260116C00062000,SLV260116C00062000,SELL,FILLED,2.0,2.0,@3.2,3.2,DAY,2025-12-22T16:42:46.760Z,2025-12-22T16:42:46.810Z
BABA260220C00145000,BABA260220C00145000,SELL,FILLED,1.0,1.0,@11.85,11.85,DAY,2025-12-22T15:17:59.009Z,2025-12-22T15:17:59.203Z
QQQ251223P00616000,QQQ251223P00616000,BUY,FILLED,3.0,3.0,@0.99,0.98,DAY,2025-12-22T14:48:10.370Z,2025-12-22T14:48:10.502Z
QQQ260102C00630000,QQQ260102C00630000,SELL,FILLED,5.0,5.0,@1.93,1.93,DAY,2025-12-22T14:47:30.732Z,2025-12-22T14:47:30.868Z
GDX251226C00092000,GDX251226C00092000,SELL,FILLED,7.0,7.0,@0.77,0.77,DAY,2025-12-22T14:40:04.597Z,2025-12-22T14:40:04.644Z
TSM260116P00260000,TSM260116P00260000,SELL,FILLED,5.0,5.0,@1.75,1.75,DAY,2025-12-19T20:53:24.867Z,2025-12-19T20:53:24.903Z
BABA260220C00145000,BABA260220C00145000,BUY,FILLED,1.0,1.0,@13.0,13.0,DAY,2025-12-19T17:54:08.605Z,2025-12-19T17:54:08.699Z
PALL260116C00170000,PALL260116C00170000,BUY,FILLED,3.0,3.0,@3.3,3.3,DAY,2025-12-19T17:31:21.412Z,2025-12-19T17:31:34.137Z
GDX251226C00092000,GDX251226C00092000,BUY,FILLED,15.0,15.0,@0.38,0.38,DAY,2025-12-19T17:26:07.689Z,2025-12-19T17:26:07.728Z
IBIT251219P00049000,IBIT251219P00049000,SELL,FILLED,10.0,10.0,@0.04,0.04,DAY,2025-12-19T17:23:07.312Z,2025-12-19T17:23:07.353Z
SPY251219P00676000,SPY251219P00676000,SELL,FILLED,2.0,2.0,@0.13,0.13,DAY,2025-12-19T17:23:01.871Z,2025-12-19T17:31:50.319Z
COIN260116P00240000,COIN260116P00240000,SELL,FILLED,1.0,1.0,@12.05,12.41,DAY,2025-12-19T17:22:54.786Z,2025-12-19T17:22:54.919Z
QQQ260102C00630000,QQQ260102C00630000,BUY,FILLED,5.0,5.0,@1.65,1.63,DAY,2025-12-19T17:18:32.972Z,2025-12-19T17:18:33.109Z
COIN260116P00240000,COIN260116P00240000,SELL,FILLED,1.0,1.0,@12.0,12.0,DAY,2025-12-19T17:17:36.586Z,2025-12-19T17:17:36.626Z
HIMS260116P00034000,HIMS260116P00034000,SELL,FILLED,5.0,5.0,@1.8,1.8,DAY,2025-12-19T16:18:05.599Z,2025-12-19T16:18:05.633Z
GDX260116C00091000,GDX260116C00091000,BUY,FILLED,2.0,2.0,@2.6,2.6,DAY,2025-12-19T16:17:48.357Z,2025-12-19T16:18:29.825Z
COIN260116P00240000,COIN260116P00240000,BUY,FILLED,2.0,2.0,@12.65,12.65,DAY,2025-12-19T15:46:45.112Z,2025-12-19T15:46:45.150Z
CRWV260116P00055000,CRWV260116P00055000,SELL,FILLED,5.0,5.0,@0.72,0.72,DAY,2025-12-19T15:33:05.442Z,2025-12-19T15:33:05.699Z
COIN260116P00240000,COIN260116P00240000,SELL,FILLED,2.0,2.0,@12.35,12.57,DAY,2025-12-19T15:33:00.242Z,2025-12-19T15:33:00.378Z
HIMS260116P00034000,HIMS260116P00034000,BUY,FILLED,5.0,5.0,@2.15,2.15,DAY,2025-12-19T15:30:43.498Z,2025-12-19T15:30:43.531Z
SPY251219P00676000,SPY251219P00676000,BUY,FILLED,2.0,2.0,@0.52,0.52,DAY,2025-12-19T15:13:49.041Z,2025-12-19T15:14:09.861Z
SPY251219C00683000,SPY251219C00683000,SELL,FILLED,8.0,8.0,@0.14,0.14,DAY,2025-12-19T15:13:36.197Z,2025-12-19T15:14:01.757Z
COIN260116P00240000,COIN260116P00240000,SELL,FILLED,1.0,1.0,@12.8,12.8,DAY,2025-12-19T15:10:04.348Z,2025-12-19T15:10:12.371Z
MU260116P00200000,MU260116P00200000,SELL,FILLED,3.0,3.0,@1.16,1.16,DAY,2025-12-19T15:09:43.499Z,2025-12-19T15:09:51.933Z
SPY251219C00683000,SPY251219C00683000,BUY,FILLED,8.0,8.0,@0.25,0.24,DAY,2025-12-19T15:00:42.540Z,2025-12-19T15:00:42.682Z
GDX260116C00091000,GDX260116C00091000,BUY,FILLED,8.0,8.0,@2.37,2.37,DAY,2025-12-19T14:59:25.042Z,2025-12-19T14:59:25.082Z
COIN260116P00240000,COIN260116P00240000,BUY,FILLED,2.0,2.0,@12.7,12.7,DAY,2025-12-19T14:49:34.956Z,2025-12-19T14:49:43.951Z
COIN260116P00240000,COIN260116P00240000,SELL,FILLED,2.0,2.0,@11.7,11.7,DAY,2025-12-19T14:46:09.404Z,2025-12-19T14:46:09.558Z
CRWV260116P00055000,CRWV260116P00055000,SELL,FILLED,5.0,5.0,@1.01,1.01,DAY,2025-12-19T14:44:07.760Z,2025-12-19T14:44:16.103Z
SPY251219P00670000,SPY251219P00670000,SELL,FILLED,5.0,5.0,@0.22,0.22,DAY,2025-12-19T14:37:31.723Z,2025-12-19T14:37:39.979Z
IBIT251219P00049000,IBIT251219P00049000,BUY,FILLED,10.0,10.0,@0.17,0.15,DAY,2025-12-19T14:37:23.198Z,2025-12-19T14:37:23.362Z
SPY251219P00670000,SPY251219P00670000,BUY,FILLED,3.0,3.0,@0.57,0.56,DAY,2025-12-18T20:45:54.567Z,2025-12-18T20:45:54.640Z
SLV260116C00062000,SLV260116C00062000,SELL,FILLED,8.0,8.0,@2.21,2.22,DAY,2025-12-18T20:40:20.553Z,2025-12-18T20:40:20.597Z
SPY251219P00670000,SPY251219P00670000,SELL,FILLED,2.0,2.0,@0.98,0.98,DAY,2025-12-18T19:03:29.437Z,2025-12-18T19:03:29.629Z
SPY251219P00670000,SPY251219P00670000,BUY,FILLED,4.0,4.0,@0.51,0.5,DAY,2025-12-18T18:42:35.161Z,2025-12-18T18:42:35.297Z
SLV260116C00062000,SLV260116C00062000,BUY,FILLED,10.0,10.0,@2.14,2.14,DAY,2025-12-18T17:53:49.210Z,2025-12-18T17:53:49.367Z
QQQ251218P00610000,QQQ251218P00610000,SELL,FILLED,1.0,1.0,@0.92,0.94,DAY,2025-12-18T17:41:45.939Z,2025-12-18T17:41:45.979Z
MU260116P00200000,MU260116P00200000,BUY,FILLED,3.0,3.0,@1.8,1.8,DAY,2025-12-18T17:27:00.357Z,2025-12-18T17:27:00.404Z
QQQ251218P00610000,QQQ251218P00610000,SELL,FILLED,1.0,1.0,@2.06,2.11,DAY,2025-12-18T17:22:19.276Z,2025-12-18T17:22:19.405Z
CRWV260116P00055000,CRWV260116P00055000,BUY,FILLED,5.0,5.0,@1.88,1.88,DAY,2025-12-18T17:11:28.573Z,2025-12-18T17:11:38.557Z
QQQ251218P00610000,QQQ251218P00610000,SELL,FILLED,1.0,1.0,@1.96,1.97,DAY,2025-12-18T17:10:27.787Z,2025-12-18T17:10:27.989Z
GLD260220C00410000,GLD260220C00410000,SELL,FILLED,1.0,1.0,@9.8,9.8,DAY,2025-12-18T17:09:57.077Z,2025-12-18T17:10:01.110Z
QQQ251218P00610000,QQQ251218P00610000,SELL,FILLED,1.0,1.0,@1.39,1.43,DAY,2025-12-18T17:07:50.564Z,2025-12-18T17:07:50.729Z
GLD260220C00410000,GLD260220C00410000,SELL,FILLED,1.0,1.0,@10.8,10.8,DAY,2025-12-18T17:05:42.134Z,2025-12-18T17:05:42.391Z
GLD251219C00407000,GLD251219C00407000,SELL,FILLED,5.0,5.0,@0.21,0.21,DAY,2025-12-18T17:05:23.983Z,2025-12-18T17:05:34.247Z
QQQ251231C00625000,QQQ251231C00625000,SELL,FILLED,2.0,2.0,@2.24,2.24,DAY,2025-12-18T17:04:07.905Z,2025-12-18T17:04:08.043Z
QQQ251218P00610000,QQQ251218P00610000,BUY,FILLED,4.0,4.0,@0.58,0.57,DAY,2025-12-18T17:00:57.334Z,2025-12-18T17:01:08.594Z
GLD251219C00407000,GLD251219C00407000,SELL,CANCELLED,0.0,5.0,@0.4,,DAY,2025-12-18T16:30:36.377Z,
GLD251219C00407000,GLD251219C00407000,BUY,FILLED,5.0,5.0,@0.5,0.47,DAY,2025-12-18T16:14:18.423Z,2025-12-18T16:14:18.561Z
GLD260220C00410000,GLD260220C00410000,BUY,FILLED,2.0,2.0,@10.85,10.85,DAY,2025-12-18T16:11:49.151Z,2025-12-18T16:11:49.195Z
CRWV260116P00055000,CRWV260116P00055000,BUY,FILLED,5.0,5.0,@1.84,1.83,DAY,2025-12-18T16:11:06.993Z,2025-12-18T16:11:07.139Z
TSM260116P00260000,TSM260116P00260000,BUY,FILLED,3.0,3.0,@2.96,2.96,DAY,2025-12-18T16:10:54.624Z,2025-12-18T16:10:54.742Z
COIN260116P00240000,COIN260116P00240000,BUY,FILLED,2.0,2.0,@10.8,10.8,DAY,2025-12-18T16:10:45.933Z,2025-12-18T16:10:45.971Z
QQQ251231C00625000,QQQ251231C00625000,SELL,FILLED,3.0,3.0,@2.46,2.46,DAY,2025-12-18T16:10:38.343Z,2025-12-18T16:10:38.479Z
COIN260116P00240000,COIN260116P00240000,SELL,FILLED,1.0,1.0,@10.1,10.1,DAY,2025-12-18T16:06:58.806Z,2025-12-18T16:07:07.345Z
CRWV260116P00055000,CRWV260116P00055000,SELL,FILLED,10.0,10.0,@1.76,1.78,DAY,2025-12-18T16:06:26.704Z,2025-12-18T16:06:51.743Z
COIN260116P00240000,COIN260116P00240000,SELL,CANCELLED,0.0,1.0,@10.4,,DAY,2025-12-18T15:59:26.628Z,
QQQ251231C00625000,QQQ251231C00625000,BUY,FILLED,5.0,5.0,@2.37,2.29,DAY,2025-12-18T15:59:05.323Z,2025-12-18T15:59:05.468Z
TSM260116P00260000,TSM260116P00260000,SELL,FILLED,3.0,3.0,@2.76,2.76,DAY,2025-12-18T15:39:46.314Z,2025-12-18T15:39:49.074Z
COIN260116P00240000,COIN260116P00240000,SELL,FILLED,1.0,1.0,@10.0,10.0,DAY,2025-12-18T15:39:38.517Z,2025-12-18T15:45:22.176Z
SLV260116C00059500,SLV260116C00059500,SELL,FILLED,5.0,5.0,@2.89,2.89,DAY,2025-12-18T14:42:25.459Z,2025-12-18T14:42:27.371Z
QQQ251218C00614000,QQQ251218C00614000,SELL,FILLED,4.0,4.0,@0.48,0.48,DAY,2025-12-18T14:34:05.719Z,2025-12-18T14:34:05.755Z
AMD251226P00180000,AMD251226P00180000,SELL,FILLED,6.0,6.0,@0.3,0.3,DAY,2025-12-18T14:31:27.614Z,2025-12-18T14:31:27.681Z
GLD251219C00405000,GLD251219C00405000,SELL,FILLED,6.0,6.0,@0.25,0.25,DAY,2025-12-18T14:31:14.266Z,2025-12-18T14:31:14.313Z
SNDK251219P00190000,SNDK251219P00190000,SELL,FILLED,1.0,1.0,@0.2,0.4,DAY,2025-12-18T14:31:09.066Z,2025-12-18T14:31:09.425Z
IREN251226P00035000,IREN251226P00035000,SELL,FILLED,2.0,2.0,@1.45,1.46,DAY,2025-12-18T14:31:01.999Z,2025-12-18T14:31:02.040Z
IREN260116P00037000,IREN260116P00037000,SELL,FILLED,2.0,2.0,@4.2,4.2,DAY,2025-12-18T14:30:56.995Z,2025-12-18T14:30:57.143Z
QQQ251218C00614000,QQQ251218C00614000,BUY,FILLED,4.0,4.0,@0.61,0.59,DAY,2025-12-18T14:30:48.574Z,2025-12-18T14:30:48.764Z
SMH251219P00325000,SMH251219P00325000,SELL,FILLED,1.0,1.0,@0.9,0.9,DAY,2025-12-17T20:36:37.092Z,2025-12-17T20:36:44.192Z
SNDK251219P00190000,SNDK251219P00190000,BUY,FILLED,1.0,1.0,@2.05,2.05,DAY,2025-12-17T20:36:16.728Z,2025-12-17T20:36:23.812Z
GLD251219C00405000,GLD251219C00405000,BUY,FILLED,6.0,6.0,@0.88,0.85,DAY,2025-12-17T20:21:51.721Z,2025-12-17T20:21:51.850Z
SMH251219P00325000,SMH251219P00325000,SELL,FILLED,1.0,1.0,@0.9,0.93,DAY,2025-12-17T20:05:15.443Z,2025-12-17T20:05:15.581Z
SMH251219P00325000,SMH251219P00325000,SELL,FILLED,3.0,3.0,@0.88,0.92,DAY,2025-12-17T20:04:40.356Z,2025-12-17T20:04:40.574Z
AMD251226P00180000,AMD251226P00180000,BUY,FILLED,6.0,6.0,@0.93,0.93,DAY,2025-12-17T20:04:25.091Z,2025-12-17T20:04:59.888Z
ASML260220P00900000,ASML260220P00900000,SELL,FILLED,1.0,1.0,@25.2,25.36,DAY,2025-12-17T19:50:24.164Z,2025-12-17T19:50:24.303Z
TSLA260116P00440000,TSLA260116P00440000,SELL,FILLED,1.0,1.0,@13.45,13.45,DAY,2025-12-17T19:49:42.931Z,2025-12-17T19:49:42.969Z
QQQ251217P00609000,QQQ251217P00609000,SELL,FILLED,1.0,1.0,@3.89,3.89,DAY,2025-12-17T16:06:49.379Z,2025-12-17T16:06:49.518Z
SMH251219P00325000,SMH251219P00325000,BUY,FILLED,5.0,5.0,@0.75,0.75,DAY,2025-12-17T15:56:45.087Z,2025-12-17T15:56:45.127Z
QQQ251217P00609000,QQQ251217P00609000,SELL,CANCELLED,0.0,1.0,,,DAY,2025-12-17T15:55:14.746Z,
QQQ251217P00609000,QQQ251217P00609000,SELL,CANCELLED,0.0,1.0,@100.0,,DAY,2025-12-17T15:55:14.746Z,
ASML260220P00900000,ASML260220P00900000,BUY,FILLED,1.0,1.0,@22.5,22.5,DAY,2025-12-17T15:54:05.794Z,2025-12-17T15:54:05.886Z
CRWV260116P00055000,CRWV260116P00055000,BUY,FILLED,5.0,5.0,@2.2,2.2,DAY,2025-12-17T15:38:57.067Z,2025-12-17T15:38:57.104Z
QQQ251217P00609000,QQQ251217P00609000,SELL,FILLED,1.0,1.0,@1.67,1.67,DAY,2025-12-17T14:42:38.354Z,2025-12-17T14:42:38.680Z
QQQ251217P00609000,QQQ251217P00609000,BUY,FILLED,2.0,2.0,@0.93,0.92,DAY,2025-12-17T14:35:45.539Z,2025-12-17T14:35:45.601Z
TSLA260116P00440000,TSLA260116P00440000,BUY,FILLED,1.0,1.0,@10.75,10.75,DAY,2025-12-16T19:35:54.181Z,2025-12-16T19:35:54.217Z
GLD260116C00407000,GLD260116C00407000,SELL,FILLED,3.0,3.0,@5.5,5.5,DAY,2025-12-16T16:16:11.984Z,2025-12-16T16:16:21.851Z
CRWV260116P00055000,CRWV260116P00055000,BUY,FILLED,5.0,5.0,@1.86,1.86,DAY,2025-12-16T15:44:03.721Z,2025-12-16T15:44:13.301Z
TSM260116P00260000,TSM260116P00260000,BUY,FILLED,5.0,5.0,@3.1,3.06,DAY,2025-12-16T15:22:37.891Z,2025-12-16T15:22:57.568Z
COIN260116P00240000,COIN260116P00240000,BUY,FILLED,1.0,1.0,@10.25,10.25,DAY,2025-12-16T15:22:32.355Z,2025-12-16T15:22:39.059Z
COIN260116P00240000,COIN260116P00240000,BUY,FILLED,1.0,1.0,@10.45,10.45,DAY,2025-12-16T15:15:58.556Z,2025-12-16T15:15:58.607Z
CRSR260220P00005000,CRSR260220P00005000,SELL,FILLED,20.0,20.0,@0.2,0.2,DAY,2025-12-16T15:07:19.538Z,2025-12-16T15:20:56.490Z
COIN260116P00240000,COIN260116P00240000,SELL,FILLED,1.0,1.0,@9.45,9.45,DAY,2025-12-16T14:59:21.872Z,2025-12-16T14:59:22.289Z
IREN260116P00037000,IREN260116P00037000,SELL,FILLED,2.0,2.0,@5.15,5.22,DAY,2025-12-16T14:58:45.623Z,2025-12-16T14:59:08.761Z
IREN251226P00035000,IREN251226P00035000,SELL,FILLED,1.0,1.0,@2.21,2.26,DAY,2025-12-16T14:58:39.523Z,2025-12-16T14:59:02.465Z
ARM260116P00100000,ARM260116P00100000,SELL,FILLED,10.0,10.0,@0.76,0.76,DAY,2025-12-16T14:51:15.416Z,2025-12-16T14:51:46.696Z
ARM260116P00100000,ARM260116P00100000,SELL,FILLED,20.0,20.0,@0.77,0.77,DAY,2025-12-16T14:49:19.635Z,2025-12-16T14:49:19.695Z
TSLA251219P00445000,TSLA251219P00445000,SELL,FILLED,2.0,2.0,@1.68,1.75,DAY,2025-12-16T14:47:47.976Z,2025-12-16T14:47:48.126Z
QQQ251216C00614000,QQQ251216C00614000,SELL,FILLED,5.0,5.0,@0.36,0.36,DAY,2025-12-16T14:46:50.483Z,2025-12-16T14:46:55.738Z
QQQ251216P00604000,QQQ251216P00604000,BUY,FILLED,5.0,5.0,@1.06,1.02,DAY,2025-12-16T14:46:01.046Z,2025-12-16T14:46:08.674Z
KRE260116P00051000,KRE260116P00051000,SELL,CANCELLED,0.0,40.0,,,DAY,2025-12-16T14:44:34.893Z,
KRE260116P00050000,KRE260116P00050000,BUY,CANCELLED,0.0,40.0,,,DAY,2025-12-16T14:44:34.893Z,
COIN260116P00240000,COIN260116P00240000,BUY,FILLED,1.0,1.0,@10.35,10.35,DAY,2025-12-16T14:41:28.192Z,2025-12-16T14:41:28.234Z
COIN251226P00255000,COIN251226P00255000,SELL,FILLED,3.0,3.0,@8.65,8.65,DAY,2025-12-16T14:37:19.998Z,2025-12-16T14:37:20.042Z
TSLA251219P00445000,TSLA251219P00445000,BUY,FILLED,2.0,2.0,@2.6,2.6,DAY,2025-12-16T14:33:34.224Z,2025-12-16T14:33:36.167Z
USO260130C00068000,USO260130C00068000,SELL,FILLED,3.0,3.0,@2.38,2.38,DAY,2025-12-16T14:30:24.659Z,2025-12-16T14:30:24.869Z
QQQ251216P00607000,QQQ251216P00607000,SELL,FILLED,2.0,2.0,@1.17,1.17,DAY,2025-12-15T20:58:39.993Z,2025-12-15T20:58:40.111Z
QQQ251216C00614000,QQQ251216C00614000,BUY,FILLED,1.0,1.0,@0.99,0.98,DAY,2025-12-15T20:58:32.857Z,2025-12-15T20:58:33.055Z
QQQ251226P00607000,QQQ251226P00607000,SELL,FILLED,2.0,2.0,@5.88,5.88,DAY,2025-12-15T20:45:13.569Z,2025-12-15T20:45:20.363Z
ARM260116P00100000,ARM260116P00100000,BUY,FILLED,30.0,30.0,@0.75,0.75,DAY,2025-12-15T20:44:32.425Z,2025-12-15T20:44:32.519Z
QQQ251216P00607000,QQQ251216P00607000,BUY,FILLED,2.0,2.0,@1.06,1.05,DAY,2025-12-15T20:36:18.554Z,2025-12-15T20:36:18.802Z
QQQ251216C00614000,QQQ251216C00614000,BUY,FILLED,4.0,4.0,@1.24,1.21,DAY,2025-12-15T20:36:05.789Z,2025-12-15T20:36:39.201Z
QQQ251215P00608000,QQQ251215P00608000,SELL,FILLED,10.0,10.0,@0.07,0.07,DAY,2025-12-15T19:15:58.743Z,2025-12-15T19:15:58.784Z
QQQ251216C00616000,QQQ251216C00616000,SELL,FILLED,2.0,2.0,@0.91,0.91,DAY,2025-12-15T19:15:44.410Z,2025-12-15T19:15:45.359Z
QQQ251216C00616000,QQQ251216C00616000,BUY,FILLED,2.0,2.0,@1.12,1.11,DAY,2025-12-15T18:59:45.019Z,2025-12-15T18:59:45.057Z
CRSR260220P00005000,CRSR260220P00005000,BUY,FILLED,20.0,20.0,@0.25,0.21,DAY,2025-12-15T17:58:10.933Z,2025-12-15T17:58:30.954Z
COIN260116P00240000,COIN260116P00240000,BUY,FILLED,1.0,1.0,@10.35,10.35,DAY,2025-12-15T17:46:58.110Z,2025-12-15T17:46:58.157Z
QQQ251215P00608000,QQQ251215P00608000,BUY,FILLED,10.0,10.0,@0.2,0.18,DAY,2025-12-15T17:36:09.704Z,2025-12-15T17:36:09.736Z
SLV260116C00060000,SLV260116C00060000,SELL,FILLED,5.0,5.0,@2.27,2.27,DAY,2025-12-15T16:30:34.865Z,2025-12-15T16:30:34.997Z
GLD260116C00407000,GLD260116C00407000,SELL,CANCELLED,0.0,3.0,@5.75,,DAY,2025-12-15T16:21:49.713Z,
GDX251219C00095000,GDX251219C00095000,SELL,FILLED,75.0,75.0,@0.05,0.05,DAY,2025-12-15T16:18:37.638Z,2025-12-15T16:18:37.680Z
QQQ251215P00608000,QQQ251215P00608000,SELL,FILLED,6.0,6.0,@0.2,0.21,DAY,2025-12-15T16:16:31.818Z,2025-12-15T16:16:52.137Z
QQQ251215P00608000,QQQ251215P00608000,BUY,FILLED,6.0,6.0,@0.6,0.58,DAY,2025-12-15T15:53:41.399Z,2025-12-15T15:53:48.797Z
IREN260116P00037000,IREN260116P00037000,SELL,FILLED,1.0,1.0,@4.8,4.8,DAY,2025-12-15T15:33:07.331Z,2025-12-15T15:33:32.039Z
COIN251226P00255000,COIN251226P00255000,SELL,FILLED,1.0,1.0,@9.55,9.55,DAY,2025-12-15T15:32:55.047Z,2025-12-15T15:32:55.278Z
QQQ251215P00606000,QQQ251215P00606000,SELL,FILLED,9.0,9.0,@0.37,0.38,DAY,2025-12-15T15:32:44.293Z,2025-12-15T15:32:44.620Z
QQQ251215P00606000,QQQ251215P00606000,BUY,FILLED,9.0,9.0,@0.62,0.62,DAY,2025-12-15T15:24:54.096Z,2025-12-15T15:25:04.045Z
QQQ251215C00620000,QQQ251215C00620000,SELL,FILLED,5.0,5.0,@0.09,0.09,DAY,2025-12-15T15:21:18.135Z,2025-12-15T15:21:18.167Z
QQQ251215P00612000,QQQ251215P00612000,SELL,FILLED,4.0,4.0,@1.5,1.5,DAY,2025-12-15T15:21:10.223Z,2025-12-15T15:21:13.339Z
IREN251226P00035000,IREN251226P00035000,SELL,FILLED,2.0,2.0,@2.13,2.13,DAY,2025-12-15T15:16:01.772Z,2025-12-15T15:16:01.811Z
SLV260116C00060000,SLV260116C00060000,BUY,FILLED,5.0,5.0,@2.4,2.35,DAY,2025-12-15T15:11:03.597Z,2025-12-15T15:11:03.885Z
QQQ251215P00611000,QQQ251215P00611000,SELL,FILLED,5.0,5.0,@0.74,0.83,DAY,2025-12-15T15:06:08.509Z,2025-12-15T15:06:08.651Z
GDX251219C00095000,GDX251219C00095000,SELL,CANCELLED,0.0,75.0,@0.06,,DAY,2025-12-15T14:53:33.916Z,
GLD251219C00407000,GLD251219C00407000,SELL,FILLED,10.0,10.0,@1.18,1.18,DAY,2025-12-15T14:53:00.403Z,2025-12-15T14:53:00.444Z
QQQ251215P00604000,QQQ251215P00604000,SELL,FILLED,10.0,10.0,@0.08,0.09,DAY,2025-12-15T14:47:23.768Z,2025-12-15T14:47:23.853Z
QQQ251215P00611000,QQQ251215P00611000,BUY,FILLED,5.0,5.0,@0.52,0.52,DAY,2025-12-15T14:47:13.850Z,2025-12-15T14:47:14.995Z
AMD260116P00170000,AMD260116P00170000,SELL,FILLED,1.0,1.0,@1.22,1.22,DAY,2025-12-15T14:36:15.325Z,2025-12-15T14:36:15.588Z
TSM260116P00260000,TSM260116P00260000,BUY,FILLED,2.0,2.0,@2.91,2.91,DAY,2025-12-15T14:36:09.668Z,2025-12-15T14:36:09.707Z
QQQ251215P00612000,QQQ251215P00612000,BUY,FILLED,4.0,4.0,@0.63,0.63,DAY,2025-12-15T14:33:52.625Z,2025-12-15T14:34:18.356Z
TSM260116P00260000,TSM260116P00260000,BUY,FILLED,3.0,3.0,@2.53,2.53,DAY,2025-12-15T14:31:59.783Z,2025-12-15T14:31:59.996Z
QQQ251215C00620000,QQQ251215C00620000,BUY,FILLED,5.0,5.0,@0.61,0.61,DAY,2025-12-12T20:56:15.016Z,2025-12-12T20:56:15.055Z
COIN251226P00255000,COIN251226P00255000,BUY,FILLED,2.0,2.0,@5.8,5.56,DAY,2025-12-12T20:53:30.000Z,2025-12-12T20:53:30.414Z
QQQ251215P00610000,QQQ251215P00610000,SELL,FILLED,3.0,3.0,@1.77,1.78,DAY,2025-12-12T20:42:04.522Z,2025-12-12T20:42:11.609Z
QQQ251215P00604000,QQQ251215P00604000,BUY,FILLED,10.0,10.0,@0.66,0.64,DAY,2025-12-12T20:42:00.173Z,2025-12-12T20:42:00.314Z
QQQ251215P00610000,QQQ251215P00610000,SELL,FILLED,2.0,2.0,@2.06,2.06,DAY,2025-12-12T20:39:27.753Z,2025-12-12T20:39:39.478Z
SLV260116C00059500,SLV260116C00059500,BUY,FILLED,4.0,4.0,@1.92,1.91,DAY,2025-12-12T20:21:32.299Z,2025-12-12T20:21:32.422Z
QQQ251215P00610000,QQQ251215P00610000,BUY,FILLED,5.0,5.0,@1.12,1.06,DAY,2025-12-12T18:44:44.458Z,2025-12-12T18:44:44.593Z
QQQ251212C00617000,QQQ251212C00617000,SELL,FILLED,3.0,3.0,@0.94,0.96,DAY,2025-12-12T18:14:24.039Z,2025-12-12T18:14:24.229Z
GLD251219C00407000,GLD251219C00407000,BUY,FILLED,10.0,10.0,@0.98,0.98,DAY,2025-12-12T17:26:05.542Z,2025-12-12T17:26:05.662Z
GLD251219C00402000,GLD251219C00402000,BUY,CANCELLED,0.0,10.0,@1.09,,DAY,2025-12-12T17:25:10.569Z,
QQQ251212C00617000,QQQ251212C00617000,BUY,FILLED,3.0,3.0,@0.59,0.58,DAY,2025-12-12T17:04:25.440Z,2025-12-12T17:04:25.588Z
TSLA251219P00410000,TSLA251219P00410000,SELL,FILLED,5.0,5.0,@1.54,1.54,DAY,2025-12-12T17:03:40.841Z,2025-12-12T17:03:41.223Z
SLV251226C00070000,SLV251226C00070000,SELL,FILLED,50.0,50.0,@0.08,0.09,DAY,2025-12-12T16:35:19.248Z,2025-12-12T16:35:28.927Z
GDX251219C00095000,GDX251219C00095000,SELL,CANCELLED,0.0,25.0,@0.11,,DAY,2025-12-12T16:28:46.910Z,
QQQ251212P00608000,QQQ251212P00608000,SELL,FILLED,3.0,3.0,@0.58,0.58,DAY,2025-12-12T16:26:38.139Z,2025-12-12T16:26:38.181Z
QQQ251226P00607000,QQQ251226P00607000,SELL,FILLED,3.0,3.0,@6.61,6.61,DAY,2025-12-12T16:26:04.527Z,2025-12-12T16:26:29.281Z
AMD260116P00170000,AMD260116P00170000,BUY,FILLED,1.0,1.0,@1.64,1.61,DAY,2025-12-12T16:15:52.857Z,2025-12-12T16:15:53.010Z
QQQ251212P00608000,QQQ251212P00608000,BUY,FILLED,3.0,3.0,@0.65,0.65,DAY,2025-12-12T16:03:50.684Z,2025-12-12T16:03:50.729Z
TSLA251219P00410000,TSLA251219P00410000,BUY,FILLED,5.0,5.0,@1.5,1.47,DAY,2025-12-12T15:59:22.844Z,2025-12-12T15:59:23.123Z
GLD251219C00397000,GLD251219C00397000,SELL,FILLED,3.0,3.0,@4.05,4.05,DAY,2025-12-12T15:55:09.247Z,2025-12-12T15:55:09.322Z
GLD251219C00396000,GLD251219C00396000,SELL,FILLED,2.0,2.0,@4.45,4.45,DAY,2025-12-12T15:55:03.168Z,2025-12-12T15:55:19.019Z
SLV260116C00059500,SLV260116C00059500,SELL,PARTIAL_FILLED,4.0,5.0,@2.17,2.17,DAY,2025-12-12T15:53:01.819Z,2025-12-12T15:53:13.043Z
SLV251226C00070000,SLV251226C00070000,BUY,FILLED,50.0,50.0,@0.13,0.13,DAY,2025-12-12T15:46:30.956Z,2025-12-12T15:46:42.842Z
GLD251219C00397000,GLD251219C00397000,BUY,FILLED,3.0,3.0,@4.65,4.65,DAY,2025-12-12T15:38:14.006Z,2025-12-12T15:38:14.057Z
COIN251212P00267500,COIN251212P00267500,SELL,FILLED,2.0,2.0,@1.2,1.24,DAY,2025-12-12T15:37:26.793Z,2025-12-12T15:37:26.932Z
GLD251219C00396000,GLD251219C00396000,SELL,FILLED,3.0,3.0,@4.65,4.75,DAY,2025-12-12T15:35:27.399Z,2025-12-12T15:35:27.469Z
GDX260220C00089000,GDX260220C00089000,SELL,FILLED,5.0,5.0,@5.1,5.1,DAY,2025-12-12T15:33:25.706Z,2025-12-12T15:33:35.215Z
QQQ251212P00613000,QQQ251212P00613000,SELL,FILLED,5.0,5.0,@0.76,0.77,DAY,2025-12-12T15:32:28.233Z,2025-12-12T15:32:28.412Z
IREN260116P00037000,IREN260116P00037000,BUY,FILLED,5.0,5.0,@2.69,2.69,DAY,2025-12-12T15:27:20.776Z,2025-12-12T15:27:20.821Z
QQQ251212P00613000,QQQ251212P00613000,BUY,FILLED,5.0,5.0,@0.57,0.57,DAY,2025-12-12T15:25:11.562Z,2025-12-12T15:25:22.257Z
SLV251226C00070000,SLV251226C00070000,SELL,FILLED,50.0,50.0,@0.12,0.12,DAY,2025-12-12T15:24:39.692Z,2025-12-12T15:24:51.041Z
QQQ251212P00613000,QQQ251212P00613000,SELL,FILLED,10.0,10.0,@0.25,0.25,DAY,2025-12-12T15:17:59.054Z,2025-12-12T15:18:13.602Z
QQQ251212P00613000,QQQ251212P00613000,BUY,FILLED,10.0,10.0,@0.32,0.3,DAY,2025-12-12T15:17:29.446Z,2025-12-12T15:17:29.586Z
GLD251212P00391000,GLD251212P00391000,BUY,CANCELLED,0.0,100.0,@0.04,,DAY,2025-12-12T15:16:50.811Z,
QQQ251226P00607000,QQQ251226P00607000,BUY,FILLED,4.0,4.0,@3.58,3.58,DAY,2025-12-12T15:11:28.367Z,2025-12-12T15:11:35.938Z
QQQ251226P00607000,QQQ251226P00607000,SELL,FILLED,4.0,4.0,@2.93,2.99,DAY,2025-12-12T14:55:02.189Z,2025-12-12T14:55:02.461Z
COIN251212P00267500,COIN251212P00267500,BUY,FILLED,2.0,2.0,@0.63,0.63,DAY,2025-12-12T14:50:42.446Z,2025-12-12T14:50:42.487Z
COIN251226P00255000,COIN251226P00255000,BUY,FILLED,1.0,1.0,@4.0,4.0,DAY,2025-12-12T14:50:15.292Z,2025-12-12T14:50:36.184Z
AVGO251212P00367500,AVGO251212P00367500,SELL,FILLED,2.0,2.0,@3.0,3.05,DAY,2025-12-12T14:49:29.893Z,2025-12-12T14:49:29.935Z
IWM251226P00250000,IWM251226P00250000,SELL,FILLED,3.0,3.0,@1.25,1.25,DAY,2025-12-12T14:49:21.748Z,2025-12-12T14:49:21.791Z
QQQ251226P00607000,QQQ251226P00607000,BUY,FILLED,5.0,5.0,@3.27,3.21,DAY,2025-12-12T14:49:09.203Z,2025-12-12T14:49:09.342Z
IWM251226P00250000,IWM251226P00250000,BUY,FILLED,3.0,3.0,@1.3,1.27,DAY,2025-12-12T14:42:58.686Z,2025-12-12T14:42:58.831Z
AVGO251212P00367500,AVGO251212P00367500,BUY,FILLED,2.0,2.0,@1.8,1.8,DAY,2025-12-12T14:36:31.027Z,2025-12-12T14:36:31.131Z
KRE260116P00051000,KRE260116P00051000,SELL,CANCELLED,0.0,40.0,@0.01,,DAY,2025-12-11T20:59:32.797Z,
KRE260116P00050000,KRE260116P00050000,BUY,CANCELLED,0.0,40.0,@0.01,,DAY,2025-12-11T20:59:32.797Z,
GDX251219C00095000,GDX251219C00095000,BUY,FILLED,25.0,25.0,@0.19,0.18,DAY,2025-12-11T20:37:11.376Z,2025-12-11T20:37:11.522Z
GDX251219C00095000,GDX251219C00095000,BUY,FILLED,25.0,25.0,@0.18,0.18,DAY,2025-12-11T20:35:24.618Z,2025-12-11T20:35:37.114Z
GDX251219C00089000,GDX251219C00089000,SELL,FILLED,10.0,10.0,@1.18,1.19,DAY,2025-12-11T20:35:10.079Z,2025-12-11T20:35:10.222Z
GDX251219C00095000,GDX251219C00095000,BUY,FILLED,25.0,25.0,@0.21,0.19,DAY,2025-12-11T20:34:12.779Z,2025-12-11T20:34:12.970Z
USO260130C00068000,USO260130C00068000,BUY,FILLED,3.0,3.0,@3.8,3.8,DAY,2025-12-11T20:23:53.529Z,2025-12-11T20:23:53.566Z
AMD251219P00195000,AMD251219P00195000,SELL,FILLED,1.0,1.0,@0.54,0.54,DAY,2025-12-11T20:19:31.129Z,2025-12-11T20:19:31.167Z
IREN251226P00040000,IREN251226P00040000,SELL,FILLED,4.0,4.0,@1.66,1.66,DAY,2025-12-11T20:19:17.308Z,2025-12-11T20:19:17.351Z
COIN251212P00255000,COIN251212P00255000,SELL,FILLED,5.0,5.0,@0.28,0.36,DAY,2025-12-11T20:04:55.152Z,2025-12-11T20:04:55.321Z
GDX251219C00090000,GDX251219C00090000,SELL,FILLED,5.0,5.0,@0.93,0.93,DAY,2025-12-11T20:02:54.075Z,2025-12-11T20:02:54.310Z
SLV251226C00070000,SLV251226C00070000,BUY,FILLED,50.0,50.0,@0.14,0.14,DAY,2025-12-11T20:02:37.349Z,2025-12-11T20:02:37.469Z
GDX251219C00090000,GDX251219C00090000,BUY,FILLED,5.0,5.0,@0.94,0.93,DAY,2025-12-11T19:49:40.972Z,2025-12-11T19:49:41.106Z
COIN251226P00255000,COIN251226P00255000,SELL,FILLED,1.0,1.0,@5.8,5.98,DAY,2025-12-11T19:31:42.145Z,2025-12-11T19:31:42.314Z
IREN251226P00040000,IREN251226P00040000,SELL,FILLED,4.0,4.0,@1.92,1.95,DAY,2025-12-11T18:18:18.539Z,2025-12-11T18:18:18.681Z
COIN251219P00250000,COIN251219P00250000,SELL,FILLED,2.0,2.0,@3.3,3.54,DAY,2025-12-11T17:39:49.036Z,2025-12-11T17:39:49.174Z
QQQ251211P00616000,QQQ251211P00616000,SELL,FILLED,5.0,5.0,@0.15,0.15,DAY,2025-12-11T17:39:38.833Z,2025-12-11T17:39:39.047Z
QQQ251211P00616000,QQQ251211P00616000,BUY,FILLED,5.0,5.0,@0.44,0.43,DAY,2025-12-11T16:08:21.811Z,2025-12-11T16:08:21.868Z
QQQ251219P00608000,QQQ251219P00608000,BUY,CANCELLED,0.0,2.0,@2.64,,DAY,2025-12-11T16:07:50.822Z,
GDX260220C00089000,GDX260220C00089000,BUY,FILLED,5.0,5.0,@5.1,5.1,DAY,2025-12-11T15:41:20.912Z,2025-12-11T15:41:20.959Z
SLV260116C00059500,SLV260116C00059500,BUY,FILLED,5.0,5.0,@2.14,2.13,DAY,2025-12-11T15:18:27.253Z,2025-12-11T15:18:27.400Z
QQQ251219P00609000,QQQ251219P00609000,SELL,FILLED,3.0,3.0,@2.7,2.7,DAY,2025-12-11T15:12:38.006Z,2025-12-11T15:12:51.592Z
IREN251226P00035000,IREN251226P00035000,BUY,FILLED,5.0,5.0,@0.95,0.95,DAY,2025-12-11T15:03:45.289Z,2025-12-11T15:03:45.351Z
GLD251219C00396000,GLD251219C00396000,BUY,FILLED,5.0,5.0,@2.37,2.37,DAY,2025-12-11T14:38:45.741Z,2025-12-11T14:38:52.563Z
AMD251219P00195000,AMD251219P00195000,SELL,FILLED,4.0,4.0,@1.12,1.14,DAY,2025-12-11T14:36:04.543Z,2025-12-11T14:36:04.686Z
BABA260116C00170000,BABA260116C00170000,SELL,FILLED,2.0,2.0,@2.2,2.2,DAY,2025-12-11T14:35:30.756Z,2025-12-11T14:36:56.821Z
AMD251219P00195000,AMD251219P00195000,BUY,FILLED,5.0,5.0,@1.28,1.27,DAY,2025-12-11T14:35:15.984Z,2025-12-11T14:35:16.028Z
IREN251226P00040000,IREN251226P00040000,BUY,FILLED,8.0,8.0,@2.18,2.18,DAY,2025-12-11T14:31:51.062Z,2025-12-11T14:31:51.128Z
GOOGL251226C00335000,GOOGL251226C00335000,SELL,FILLED,2.0,2.0,@2.46,2.48,DAY,2025-12-11T14:31:15.005Z,2025-12-11T14:31:15.203Z
COIN251226P00255000,COIN251226P00255000,BUY,FILLED,2.0,2.0,@7.85,7.85,DAY,2025-12-11T14:30:27.142Z,2025-12-11T14:30:42.500Z
SLV260116C00060000,SLV260116C00060000,SELL,FILLED,5.0,5.0,@1.86,1.87,DAY,2025-12-10T20:57:24.647Z,2025-12-10T20:57:24.982Z
BABA260116C00170000,BABA260116C00170000,BUY,FILLED,2.0,2.0,@4.05,4.0,DAY,2025-12-10T20:52:14.131Z,2025-12-10T20:52:14.273Z
SLV260116C00060000,SLV260116C00060000,BUY,FILLED,5.0,5.0,@1.86,1.86,DAY,2025-12-10T20:17:48.712Z,2025-12-10T20:17:48.850Z
GOOGL251226C00335000,GOOGL251226C00335000,BUY,FILLED,2.0,2.0,@2.55,2.55,DAY,2025-12-10T20:02:53.612Z,2025-12-10T20:02:53.643Z
COIN251219P00250000,COIN251219P00250000,BUY,FILLED,2.0,2.0,@3.4,3.4,DAY,2025-12-10T19:42:23.707Z,2025-12-10T19:42:38.397Z
SPY251210C00687000,SPY251210C00687000,SELL,FILLED,2.0,2.0,@0.83,0.83,DAY,2025-12-10T19:37:09.949Z,2025-12-10T19:37:11.894Z
COIN251219P00250000,COIN251219P00250000,SELL,FILLED,2.0,2.0,@2.64,2.64,DAY,2025-12-10T19:35:09.192Z,2025-12-10T19:35:09.237Z
AAPL251226P00265000,AAPL251226P00265000,SELL,FILLED,10.0,10.0,@0.75,0.75,DAY,2025-12-10T19:34:32.135Z,2025-12-10T19:34:32.190Z
AAPL251226P00265000,AAPL251226P00265000,BUY,FILLED,10.0,10.0,@0.86,0.85,DAY,2025-12-10T19:29:49.391Z,2025-12-10T19:29:49.715Z
AAPL251226P00265000,AAPL251226P00265000,SELL,FILLED,10.0,10.0,@0.74,0.75,DAY,2025-12-10T19:17:24.085Z,2025-12-10T19:17:24.218Z
COIN251212P00255000,COIN251212P00255000,SELL,FILLED,5.0,5.0,@0.74,0.74,DAY,2025-12-10T19:10:05.729Z,2025-12-10T19:10:05.876Z
COIN251212P00255000,COIN251212P00255000,BUY,FILLED,8.0,8.0,@1.21,1.21,DAY,2025-12-10T19:03:08.363Z,2025-12-10T19:03:10.663Z
COIN251212P00255000,COIN251212P00255000,SELL,FILLED,8.0,8.0,@0.89,0.9,DAY,2025-12-10T19:01:00.929Z,2025-12-10T19:01:00.987Z
COIN251212P00255000,COIN251212P00255000,BUY,FILLED,5.0,5.0,@1.11,1.11,DAY,2025-12-10T18:48:18.982Z,2025-12-10T18:48:19.026Z
COIN251212P00255000,COIN251212P00255000,BUY,FILLED,2.0,2.0,@1.12,1.07,DAY,2025-12-10T18:43:44.967Z,2025-12-10T18:43:45.100Z
SLV260116C00055000,SLV260116C00055000,SELL,FILLED,3.0,3.0,@2.82,2.82,DAY,2025-12-10T18:43:31.745Z,2025-12-10T18:43:31.780Z
COIN251212P00255000,COIN251212P00255000,BUY,FILLED,2.0,2.0,@1.12,1.12,DAY,2025-12-10T18:41:48.268Z,2025-12-10T18:41:48.303Z
COIN251212P00255000,COIN251212P00255000,BUY,FILLED,1.0,1.0,@1.12,1.11,DAY,2025-12-10T18:41:15.801Z,2025-12-10T18:41:15.954Z
QQQ251211C00623000,QQQ251211C00623000,SELL,FILLED,1.0,1.0,@4.03,4.03,DAY,2025-12-10T16:41:03.481Z,2025-12-10T16:41:21.092Z
MSFT260116P00450000,MSFT260116P00450000,SELL,FILLED,3.0,3.0,@4.0,4.04,DAY,2025-12-10T16:22:41.283Z,2025-12-10T16:22:41.434Z
QQQ251211C00623000,QQQ251211C00623000,BUY,FILLED,1.0,1.0,@3.69,3.69,DAY,2025-12-10T16:17:14.597Z,2025-12-10T16:17:14.690Z
MSFT260116P00450000,MSFT260116P00450000,BUY,FILLED,3.0,3.0,@4.45,4.45,DAY,2025-12-10T15:56:13.439Z,2025-12-10T15:56:13.542Z
SLV251219C00055000,SLV251219C00055000,SELL,FILLED,10.0,10.0,@1.45,1.47,DAY,2025-12-10T14:39:28.650Z,2025-12-10T14:39:28.788Z
SPY251210C00687000,SPY251210C00687000,BUY,FILLED,2.0,2.0,@0.81,0.81,DAY,2025-12-09T20:32:20.126Z,2025-12-09T20:32:30.668Z
COIN251219P00250000,COIN251219P00250000,BUY,FILLED,1.0,1.0,@2.47,2.47,DAY,2025-12-09T18:37:53.204Z,2025-12-09T18:37:53.276Z
GDX251219C00089000,GDX251219C00089000,BUY,FILLED,10.0,10.0,@0.34,0.34,DAY,2025-12-09T16:50:36.651Z,2025-12-09T16:51:14.468Z
GLD260116C00407000,GLD260116C00407000,BUY,FILLED,3.0,3.0,@3.65,3.65,DAY,2025-12-09T15:59:39.684Z,2025-12-09T15:59:39.778Z
TSLA251226P00405000,TSLA251226P00405000,SELL,FILLED,2.0,2.0,@3.3,3.31,DAY,2025-12-09T15:54:45.536Z,2025-12-09T15:54:45.582Z
SLV251219C00055000,SLV251219C00055000,BUY,FILLED,5.0,5.0,@1.0,1.0,DAY,2025-12-09T14:31:31.185Z,2025-12-09T14:31:31.229Z
BIDU260220C00120000,BIDU260220C00120000,SELL,FILLED,1.0,1.0,@12.2,12.25,DAY,2025-12-09T14:30:46.948Z,2025-12-09T14:30:46.993Z
SLV251219C00055000,SLV251219C00055000,BUY,FILLED,5.0,5.0,@0.98,0.98,DAY,2025-12-09T14:30:33.230Z,2025-12-09T14:30:33.269Z
SLV260116C00055000,SLV260116C00055000,BUY,FILLED,3.0,3.0,@1.89,1.89,DAY,2025-12-08T20:18:19.023Z,2025-12-08T20:18:19.059Z
BIDU260220C00120000,BIDU260220C00120000,BUY,FILLED,1.0,1.0,@17.8,17.8,DAY,2025-12-08T17:58:04.318Z,2025-12-08T17:58:04.438Z
TLT251219P00087000,TLT251219P00087000,SELL,FILLED,19.0,19.0,@0.55,0.55,DAY,2025-12-08T16:51:59.238Z,2025-12-08T16:51:59.286Z
TSLA251226P00405000,TSLA251226P00405000,BUY,FILLED,2.0,2.0,@5.15,5.15,DAY,2025-12-08T16:50:57.548Z,2025-12-08T16:51:01.322Z
TSLA251226P00405000,TSLA251226P00405000,SELL,FILLED,1.0,1.0,@5.25,5.25,DAY,2025-12-08T16:37:36.016Z,2025-12-08T16:37:36.057Z
TSLA251226P00405000,TSLA251226P00405000,BUY,FILLED,1.0,1.0,@5.4,5.4,DAY,2025-12-08T16:36:27.011Z,2025-12-08T16:36:27.064Z
BIDU260220C00120000,BIDU260220C00120000,SELL,FILLED,1.0,1.0,@15.95,15.95,DAY,2025-12-08T16:02:14.342Z,2025-12-08T16:02:14.480Z
SLV260220C00055000,SLV260220C00055000,SELL,FILLED,10.0,10.0,@2.72,2.73,DAY,2025-12-08T16:01:53.231Z,2025-12-08T16:01:53.453Z
SLV251219C00055000,SLV251219C00055000,SELL,FILLED,2.0,2.0,@0.72,0.72,DAY,2025-12-08T15:04:36.349Z,2025-12-08T15:04:36.435Z
GLD260220C00405000,GLD260220C00405000,SELL,FILLED,3.0,3.0,@7.2,7.2,DAY,2025-12-08T15:03:50.485Z,2025-12-08T15:04:08.336Z
SLV260116C00045500,SLV260116C00045500,SELL,FILLED,2.0,2.0,@7.6,7.6,DAY,2025-12-08T14:38:24.466Z,2025-12-08T14:38:24.515Z
BIDU260116C00140000,BIDU260116C00140000,SELL,FILLED,3.0,3.0,@3.65,3.65,DAY,2025-12-08T14:37:46.318Z,2025-12-08T14:37:46.437Z
AAPL251226P00265000,AAPL251226P00265000,BUY,FILLED,5.0,5.0,@1.11,1.09,DAY,2025-12-08T14:36:28.800Z,2025-12-08T14:36:28.882Z
BABA260116C00180000,BABA260116C00180000,SELL,FILLED,5.0,5.0,@1.83,1.83,DAY,2025-12-08T14:31:32.827Z,2025-12-08T14:36:03.573Z
SLV251219C00055000,SLV251219C00055000,SELL,FILLED,8.0,8.0,@0.84,0.84,DAY,2025-12-08T14:31:18.014Z,2025-12-08T14:31:18.062Z
AAPL251226P00265000,AAPL251226P00265000,BUY,FILLED,5.0,5.0,@1.07,1.03,DAY,2025-12-08T14:30:54.334Z,2025-12-08T14:30:54.483Z
QQQ251219P00609000,QQQ251219P00609000,SELL,FILLED,2.0,2.0,@3.37,3.37,DAY,2025-12-05T20:58:02.511Z,2025-12-05T20:58:03.355Z
QQQ251208P00624000,QQQ251208P00624000,SELL,FILLED,1.0,1.0,@1.76,1.76,DAY,2025-12-05T20:50:21.469Z,2025-12-05T20:50:34.410Z
QQQ251219P00609000,QQQ251219P00609000,BUY,FILLED,1.0,1.0,@3.58,3.58,DAY,2025-12-05T20:49:40.090Z,2025-12-05T20:49:40.228Z
SLV251205P00050000,SLV251205P00050000,SELL,CANCELLED,0.0,30.0,@0.01,,DAY,2025-12-05T20:37:44.342Z,
QQQ251219P00609000,QQQ251219P00609000,BUY,FILLED,2.0,2.0,@3.39,3.39,DAY,2025-12-05T20:37:11.927Z,2025-12-05T20:37:12.602Z
QQQ251219P00609000,QQQ251219P00609000,BUY,FILLED,1.0,1.0,@3.39,3.37,DAY,2025-12-05T20:36:29.852Z,2025-12-05T20:36:29.985Z
BABA251219C00170000,BABA251219C00170000,SELL,FILLED,5.0,5.0,@1.2,1.2,DAY,2025-12-05T20:32:39.821Z,2025-12-05T20:32:46.936Z
QQQ251208P00624000,QQQ251208P00624000,BUY,FILLED,1.0,1.0,@1.57,1.56,DAY,2025-12-05T20:31:26.827Z,2025-12-05T20:31:40.568Z
BABA251219C00170000,BABA251219C00170000,BUY,FILLED,5.0,5.0,@1.36,1.36,DAY,2025-12-05T18:43:27.837Z,2025-12-05T18:43:27.877Z
QQQ251231P00610000,QQQ251231P00610000,SELL,FILLED,2.0,2.0,@6.22,6.24,DAY,2025-12-05T18:16:44.499Z,2025-12-05T18:16:44.645Z
BABA260116C00180000,BABA260116C00180000,BUY,FILLED,5.0,5.0,@2.12,2.1,DAY,2025-12-05T18:14:57.558Z,2025-12-05T18:14:57.888Z
BIDU260220C00120000,BIDU260220C00120000,BUY,FILLED,1.0,1.0,@13.5,13.5,DAY,2025-12-05T18:12:01.494Z,2025-12-05T18:12:01.605Z
BIDU260116C00140000,BIDU260116C00140000,BUY,FILLED,1.0,1.0,@2.77,2.77,DAY,2025-12-05T18:08:04.019Z,2025-12-05T18:08:04.154Z
SLV260116C00045500,SLV260116C00045500,BUY,FILLED,2.0,2.0,@8.1,8.04,DAY,2025-12-05T18:02:53.744Z,2025-12-05T18:03:10.434Z
QQQ251231P00610000,QQQ251231P00610000,BUY,FILLED,2.0,2.0,@6.59,6.58,DAY,2025-12-05T17:46:03.037Z,2025-12-05T17:46:03.078Z
TLT251219P00087000,TLT251219P00087000,BUY,FILLED,19.0,19.0,@0.4,0.39,DAY,2025-12-05T17:07:16.657Z,2025-12-05T17:07:16.696Z
QQQ251219P00609000,QQQ251219P00609000,SELL,FILLED,2.0,2.0,@3.69,3.71,DAY,2025-12-05T17:06:47.193Z,2025-12-05T17:06:47.348Z
QQQ251205P00620000,QQQ251205P00620000,SELL,FILLED,5.0,5.0,@0.14,0.14,DAY,2025-12-05T16:59:44.375Z,2025-12-05T16:59:44.407Z
SLV251219C00055000,SLV251219C00055000,BUY,FILLED,10.0,10.0,@1.1,1.1,DAY,2025-12-05T16:56:19.250Z,2025-12-05T16:56:19.381Z
SLV260116C00045500,SLV260116C00045500,SELL,FILLED,2.0,2.0,@7.6,7.6,DAY,2025-12-05T16:32:01.687Z,2025-12-05T16:32:01.729Z
SLV251219C00055000,SLV251219C00055000,SELL,FILLED,10.0,10.0,@0.97,0.98,DAY,2025-12-05T16:14:35.514Z,2025-12-05T16:14:35.553Z
BIDU260116C00140000,BIDU260116C00140000,SELL,FILLED,3.0,3.0,@2.35,2.35,DAY,2025-12-05T16:06:31.646Z,2025-12-05T16:06:31.697Z
QQQ251205C00630000,QQQ251205C00630000,SELL,FILLED,1.0,1.0,@0.14,0.14,DAY,2025-12-05T16:00:05.046Z,2025-12-05T16:00:05.085Z
QQQ251205P00620000,QQQ251205P00620000,BUY,FILLED,5.0,5.0,@0.24,0.23,DAY,2025-12-05T15:59:36.817Z,2025-12-05T15:59:56.223Z
QQQ251205C00630000,QQQ251205C00630000,BUY,FILLED,1.0,1.0,@0.64,0.64,DAY,2025-12-05T15:12:50.805Z,2025-12-05T15:12:50.867Z
BIDU260116C00140000,BIDU260116C00140000,BUY,FILLED,5.0,5.0,@2.5,2.5,DAY,2025-12-05T15:10:51.300Z,2025-12-05T15:11:00.808Z
SLV251219C00055000,SLV251219C00055000,BUY,FILLED,10.0,10.0,@1.07,1.07,DAY,2025-12-05T14:54:12.217Z,2025-12-05T14:54:12.407Z
TLT260116P00086000,TLT260116P00086000,SELL,FILLED,8.0,8.0,@0.46,0.46,DAY,2025-12-05T14:41:53.382Z,2025-12-05T14:41:53.427Z
MU260116P00185000,MU260116P00185000,SELL,FILLED,3.0,3.0,@4.5,4.5,DAY,2025-12-05T14:32:22.303Z,2025-12-05T14:32:22.350Z
COIN251219P00250000,COIN251219P00250000,BUY,FILLED,1.0,1.0,@6.0,6.0,DAY,2025-12-05T14:31:31.841Z,2025-12-05T14:31:34.805Z
SLV251205P00050000,SLV251205P00050000,BUY,FILLED,30.0,30.0,@0.08,0.08,DAY,2025-12-04T17:13:18.868Z,2025-12-04T17:13:18.909Z
QQQ251219P00609000,QQQ251219P00609000,BUY,FILLED,2.0,2.0,@5.0,4.96,DAY,2025-12-04T16:37:39.216Z,2025-12-04T16:37:39.290Z
IREN251219P00040000,IREN251219P00040000,SELL,FILLED,2.0,2.0,@1.67,1.67,DAY,2025-12-04T16:37:31.624Z,2025-12-04T16:37:31.660Z
MU251219P00200000,MU251219P00200000,SELL,FILLED,1.0,1.0,@5.0,5.0,DAY,2025-12-04T16:37:26.397Z,2025-12-04T16:37:26.452Z
CRWV251219C00095000,CRWV251219C00095000,SELL,FILLED,2.0,2.0,@2.25,2.25,DAY,2025-12-04T16:35:48.147Z,2025-12-04T16:35:48.346Z
CRWV251219C00095000,CRWV251219C00095000,BUY,FILLED,2.0,2.0,@2.27,2.26,DAY,2025-12-04T16:25:16.191Z,2025-12-04T16:25:16.306Z
IREN260116P00047000,IREN260116P00047000,SELL,FILLED,3.0,3.0,@7.35,7.35,DAY,2025-12-04T16:23:49.618Z,2025-12-04T16:23:57.037Z
SNDK251219P00180000,SNDK251219P00180000,SELL,FILLED,1.0,1.0,@5.2,5.2,DAY,2025-12-04T16:21:41.017Z,2025-12-04T16:21:41.053Z
SLV260220C00055000,SLV260220C00055000,BUY,FILLED,5.0,5.0,@2.58,2.56,DAY,2025-12-04T15:15:47.586Z,2025-12-04T15:15:47.809Z
SLV260220C00055000,SLV260220C00055000,BUY,FILLED,5.0,5.0,@2.5,2.5,DAY,2025-12-04T15:12:51.980Z,2025-12-04T15:12:52.019Z
SLV260116C00055000,SLV260116C00055000,SELL,FILLED,11.0,11.0,@1.6,1.6,DAY,2025-12-04T14:59:00.145Z,2025-12-04T14:59:00.182Z
QQQ251219P00609000,QQQ251219P00609000,BUY,FILLED,1.0,1.0,@5.37,5.37,DAY,2025-12-04T14:58:29.731Z,2025-12-04T14:58:32.896Z
QQQ251219C00635000,QQQ251219C00635000,SELL,FILLED,1.0,1.0,@4.46,4.48,DAY,2025-12-04T14:47:04.590Z,2025-12-04T14:47:04.743Z
MU260116P00185000,MU260116P00185000,BUY,FILLED,2.0,2.0,@5.6,5.6,DAY,2025-12-04T14:38:02.043Z,2025-12-04T14:38:12.053Z
HLT260116P00220000,HLT260116P00220000,SELL,FILLED,10.0,10.0,@0.2,0.3,DAY,2025-12-04T14:37:05.912Z,2025-12-04T14:37:06.057Z
MU260116P00185000,MU260116P00185000,BUY,FILLED,1.0,1.0,@5.55,5.41,DAY,2025-12-04T14:33:37.583Z,2025-12-04T14:33:37.827Z
MU251219P00200000,MU251219P00200000,BUY,FILLED,1.0,1.0,@5.0,5.0,DAY,2025-12-04T14:33:25.049Z,2025-12-04T14:33:25.097Z
IREN260116P00047000,IREN260116P00047000,BUY,FILLED,2.0,2.0,@8.5,8.5,DAY,2025-12-03T20:08:00.071Z,2025-12-03T20:08:06.525Z
NVDA260116P00155000,NVDA260116P00155000,SELL,FILLED,3.0,3.0,@2.02,2.03,DAY,2025-12-03T18:31:04.979Z,2025-12-03T18:31:05.027Z
MU251219P00195000,MU251219P00195000,SELL,FILLED,2.0,2.0,@3.3,3.3,DAY,2025-12-03T18:30:57.294Z,2025-12-03T18:30:57.460Z
IREN260116P00047000,IREN260116P00047000,SELL,FILLED,2.0,2.0,@8.1,8.1,DAY,2025-12-03T18:30:10.947Z,2025-12-03T18:30:10.997Z
QQQ251219C00635000,QQQ251219C00635000,BUY,FILLED,1.0,1.0,@4.86,4.86,DAY,2025-12-03T18:11:32.997Z,2025-12-03T18:11:47.348Z
QQQ251204C00624000,QQQ251204C00624000,SELL,FILLED,1.0,1.0,@1.73,1.73,DAY,2025-12-03T18:03:25.155Z,2025-12-03T18:03:25.191Z
QQQ251204C00624000,QQQ251204C00624000,BUY,FILLED,1.0,1.0,@1.64,1.64,DAY,2025-12-03T17:58:44.996Z,2025-12-03T17:58:45.035Z
MU251219P00195000,MU251219P00195000,BUY,FILLED,2.0,2.0,@3.5,3.5,DAY,2025-12-03T17:38:30.445Z,2025-12-03T17:38:30.569Z
SLV251219C00050000,SLV251219C00050000,SELL,FILLED,4.0,4.0,@3.75,3.75,DAY,2025-12-03T17:28:59.384Z,2025-12-03T17:28:59.419Z
TLT260116P00086000,TLT260116P00086000,BUY,FILLED,8.0,8.0,@0.43,0.43,DAY,2025-12-03T17:26:06.458Z,2025-12-03T17:26:06.496Z
NVDA260116P00155000,NVDA260116P00155000,BUY,FILLED,3.0,3.0,@2.11,2.11,DAY,2025-12-03T17:16:16.347Z,2025-12-03T17:16:16.911Z
NVDA260116P00178000,NVDA260116P00178000,SELL,FILLED,1.0,1.0,@8.25,8.26,DAY,2025-12-03T17:15:22.167Z,2025-12-03T17:15:22.299Z
SLV251203P00052000,SLV251203P00052000,SELL,FILLED,15.0,15.0,@0.07,0.07,DAY,2025-12-03T16:57:15.342Z,2025-12-03T16:57:15.379Z
NVDA260116P00178000,NVDA260116P00178000,BUY,FILLED,1.0,1.0,@8.1,8.1,DAY,2025-12-03T16:37:08.881Z,2025-12-03T16:37:08.993Z
QQQ251204C00625000,QQQ251204C00625000,SELL,FILLED,2.0,2.0,@0.87,0.88,DAY,2025-12-03T16:24:07.437Z,2025-12-03T16:24:07.512Z
IREN251219P00040000,IREN251219P00040000,SELL,FILLED,2.0,2.0,@2.57,2.57,DAY,2025-12-03T16:23:54.770Z,2025-12-03T16:23:54.810Z
SNDK260116P00195000,SNDK260116P00195000,SELL,FILLED,1.0,1.0,@25.7,25.7,DAY,2025-12-03T16:06:26.640Z,2025-12-03T16:06:36.583Z
AMD251219P00187500,AMD251219P00187500,SELL,FILLED,3.0,3.0,@1.4,1.4,DAY,2025-12-03T15:51:40.022Z,2025-12-03T15:51:40.076Z
QQQ251204C00625000,QQQ251204C00625000,BUY,FILLED,2.0,2.0,@1.3,1.3,DAY,2025-12-03T15:47:38.981Z,2025-12-03T15:47:52.792Z
MSFT260116P00490000,MSFT260116P00490000,SELL,FILLED,1.0,1.0,@18.05,18.05,DAY,2025-12-03T15:41:46.623Z,2025-12-03T15:41:46.657Z
MSFT260116P00490000,MSFT260116P00490000,BUY,FILLED,1.0,1.0,@22.0,21.85,DAY,2025-12-03T15:10:15.887Z,2025-12-03T15:10:15.925Z
GOOG251205P00305000,GOOG251205P00305000,SELL,FILLED,2.0,2.0,@0.4,0.4,DAY,2025-12-03T15:05:58.316Z,2025-12-03T15:05:58.364Z
TLT251219P00086000,TLT251219P00086000,SELL,FILLED,25.0,25.0,@0.13,0.13,DAY,2025-12-03T15:05:52.948Z,2025-12-03T15:05:53.123Z
AMD251219P00187500,AMD251219P00187500,SELL,FILLED,6.0,6.0,@1.6,1.66,DAY,2025-12-03T15:05:45.102Z,2025-12-03T15:05:45.321Z
SNDK260116P00195000,SNDK260116P00195000,BUY,FILLED,1.0,1.0,@29.5,29.5,DAY,2025-12-03T15:02:07.446Z,2025-12-03T15:02:07.498Z
SLV260116C00055500,SLV260116C00055500,SELL,FILLED,4.0,4.0,@2.38,2.4,DAY,2025-12-03T14:56:28.128Z,2025-12-03T14:56:28.275Z
SLV251219C00050500,SLV251219C00050500,SELL,FILLED,2.0,2.0,@3.4,3.4,DAY,2025-12-03T14:56:14.668Z,2025-12-03T14:56:14.714Z
GTLB251205C00047000,GTLB251205C00047000,SELL,FILLED,3.0,3.0,@0.05,0.05,DAY,2025-12-03T14:30:58.354Z,2025-12-03T14:30:58.494Z
QQQ251203C00626000,QQQ251203C00626000,SELL,FILLED,5.0,5.0,@0.16,0.16,DAY,2025-12-03T14:30:41.641Z,2025-12-03T14:30:41.691Z
GTLB251205C00055000,GTLB251205C00055000,BUY,FILLED,6.0,6.0,@0.35,0.35,DAY,2025-12-02T20:52:52.917Z,2025-12-02T20:52:53.040Z
IREN251219P00040000,IREN251219P00040000,BUY,FILLED,1.0,1.0,@3.2,3.2,DAY,2025-12-02T20:47:44.385Z,2025-12-02T20:47:44.420Z
SLV251203P00052000,SLV251203P00052000,BUY,FILLED,15.0,15.0,@0.17,0.17,DAY,2025-12-02T20:35:23.864Z,2025-12-02T20:35:23.916Z
SLV260116C00055500,SLV260116C00055500,BUY,FILLED,4.0,4.0,@2.56,2.55,DAY,2025-12-02T20:34:47.891Z,2025-12-02T20:34:47.937Z
IREN251219P00040000,IREN251219P00040000,BUY,FILLED,1.0,1.0,@2.85,2.84,DAY,2025-12-02T20:30:40.195Z,2025-12-02T20:30:40.339Z
IREN260116P00047000,IREN260116P00047000,BUY,FILLED,1.0,1.0,@9.0,9.0,DAY,2025-12-02T20:30:13.891Z,2025-12-02T20:30:13.962Z
AMD251219P00187500,AMD251219P00187500,SELL,FILLED,3.0,3.0,@1.82,1.82,DAY,2025-12-02T20:29:37.187Z,2025-12-02T20:29:39.081Z
QQQ251203C00626000,QQQ251203C00626000,BUY,FILLED,5.0,5.0,@0.88,0.88,DAY,2025-12-02T20:27:49.384Z,2025-12-02T20:28:08.062Z
AMD251219P00187500,AMD251219P00187500,BUY,FILLED,3.0,3.0,@1.8,1.78,DAY,2025-12-02T19:16:01.361Z,2025-12-02T19:16:01.557Z
IREN260116P00047000,IREN260116P00047000,BUY,FILLED,2.0,2.0,@8.0,7.96,DAY,2025-12-02T18:10:50.471Z,2025-12-02T18:10:50.789Z
IREN251219P00040000,IREN251219P00040000,BUY,FILLED,2.0,2.0,@2.25,2.21,DAY,2025-12-02T18:10:28.168Z,2025-12-02T18:10:28.267Z
TSLA260116P00380000,TSLA260116P00380000,SELL,FILLED,1.0,1.0,@10.35,10.39,DAY,2025-12-02T18:10:03.453Z,2025-12-02T18:10:03.592Z
TSLA260116P00380000,TSLA260116P00380000,BUY,FILLED,1.0,1.0,@10.55,10.55,DAY,2025-12-02T18:00:38.028Z,2025-12-02T18:00:38.072Z
QQQ251219P00601000,QQQ251219P00601000,SELL,FILLED,2.0,2.0,@4.16,4.18,DAY,2025-12-02T17:38:28.750Z,2025-12-02T17:38:28.880Z
GLD260220C00405000,GLD260220C00405000,BUY,FILLED,1.0,1.0,@8.95,8.95,DAY,2025-12-02T17:27:54.789Z,2025-12-02T17:27:54.827Z
QQQ251219P00601000,QQQ251219P00601000,BUY,FILLED,1.0,1.0,@5.02,5.02,DAY,2025-12-02T16:49:20.002Z,2025-12-02T16:49:20.080Z
AMD251219P00187500,AMD251219P00187500,SELL,FILLED,3.0,3.0,@1.62,1.62,DAY,2025-12-02T16:38:50.733Z,2025-12-02T16:38:50.773Z
QQQ251219P00601000,QQQ251219P00601000,SELL,FILLED,1.0,1.0,@4.91,4.91,DAY,2025-12-02T16:38:36.498Z,2025-12-02T16:38:38.544Z
BABA260220C00200000,BABA260220C00200000,SELL,FILLED,2.0,2.0,@2.53,2.58,DAY,2025-12-02T16:37:02.751Z,2025-12-02T16:37:02.916Z
AMD251219P00187500,AMD251219P00187500,BUY,FILLED,6.0,6.0,@1.72,1.71,DAY,2025-12-02T16:36:46.206Z,2025-12-02T16:36:46.243Z
QQQ251219P00601000,QQQ251219P00601000,BUY,FILLED,2.0,2.0,@5.22,5.22,DAY,2025-12-02T16:30:32.352Z,2025-12-02T16:30:49.215Z
QQQ251202P00617000,QQQ251202P00617000,BUY,FILLED,2.0,2.0,@1.1,1.1,DAY,2025-12-02T16:24:53.231Z,2025-12-02T16:25:06.435Z
GTLB251205C00047000,GTLB251205C00047000,SELL,FILLED,4.0,4.0,@1.25,1.3,DAY,2025-12-02T16:18:00.913Z,2025-12-02T16:18:00.994Z
SNDK251219P00180000,SNDK251219P00180000,BUY,FILLED,1.0,1.0,@11.2,11.1,DAY,2025-12-02T16:01:36.144Z,2025-12-02T16:01:36.255Z
GTLB251205C00047000,GTLB251205C00047000,BUY,FILLED,7.0,7.0,@1.1,1.1,DAY,2025-12-02T14:46:31.016Z,2025-12-02T14:47:10.048Z
MSFT260116P00500000,MSFT260116P00500000,SELL,FILLED,1.0,1.0,@19.4,19.4,DAY,2025-12-02T14:43:20.972Z,2025-12-02T14:43:21.013Z
GTLB251205C00047000,GTLB251205C00047000,SELL,FILLED,7.0,7.0,@0.9,0.95,DAY,2025-12-02T14:42:53.235Z,2025-12-02T14:42:53.285Z
SLV251219C00050000,SLV251219C00050000,SELL,FILLED,4.0,4.0,@3.5,3.52,DAY,2025-12-02T14:42:14.984Z,2025-12-02T14:42:15.212Z
HLT260116P00220000,HLT260116P00220000,SELL,CANCELLED,0.0,10.0,@0.4,,DAY,2025-12-02T14:38:54.831Z,
HL251219C00018000,HL251219C00018000,SELL,FILLED,10.0,10.0,@0.75,0.75,DAY,2025-12-02T14:35:50.554Z,2025-12-02T14:35:50.682Z
COIN251219P00227500,COIN251219P00227500,SELL,FILLED,3.0,3.0,@2.58,2.71,DAY,2025-12-02T14:35:15.203Z,2025-12-02T14:35:15.347Z
GOOG251205P00305000,GOOG251205P00305000,BUY,FILLED,2.0,2.0,@1.19,1.19,DAY,2025-12-01T20:25:04.114Z,2025-12-01T20:25:04.325Z
QQQ251202P00613000,QQQ251202P00613000,BUY,FILLED,2.0,2.0,@1.06,1.06,DAY,2025-12-01T20:23:45.901Z,2025-12-01T20:23:48.376Z
BABA260220C00200000,BABA260220C00200000,BUY,FILLED,2.0,2.0,@3.6,3.59,DAY,2025-12-01T19:22:42.703Z,2025-12-01T19:22:42.838Z
GTLB251205C00047000,GTLB251205C00047000,BUY,FILLED,7.0,7.0,@0.8,0.75,DAY,2025-12-01T17:36:37.701Z,2025-12-01T17:36:51.261Z
QQQ251219P00580000,QQQ251219P00580000,SELL,FILLED,3.0,3.0,@2.66,2.66,DAY,2025-12-01T15:17:58.738Z,2025-12-01T15:18:00.034Z
QQQ251201C00617000,QQQ251201C00617000,SELL,FILLED,2.0,2.0,@1.14,1.14,DAY,2025-12-01T15:15:49.803Z,2025-12-01T15:15:50.863Z
TLT251219P00086000,TLT251219P00086000,BUY,FILLED,25.0,25.0,@0.22,0.21,DAY,2025-12-01T15:15:25.957Z,2025-12-01T15:15:26.102Z
GOOG251219P00305000,GOOG251219P00305000,SELL,FILLED,1.0,1.0,@4.8,4.8,DAY,2025-12-01T15:14:35.409Z,2025-12-01T15:14:37.798Z
HLT260116P00220000,HLT260116P00220000,BUY,FILLED,10.0,10.0,@0.4,0.4,DAY,2025-12-01T15:04:27.284Z,2025-12-01T15:04:27.490Z
QQQ251201C00617000,QQQ251201C00617000,BUY,FILLED,2.0,2.0,@1.15,1.15,DAY,2025-12-01T14:58:58.875Z,2025-12-01T14:59:00.845Z
SLV251219C00050500,SLV251219C00050500,BUY,FILLED,2.0,2.0,@3.35,3.35,DAY,2025-12-01T14:55:24.019Z,2025-12-01T14:55:24.236Z
SLV251219C00050000,SLV251219C00050000,SELL,FILLED,8.0,8.0,@3.3,3.3,DAY,2025-12-01T14:45:22.431Z,2025-12-01T14:45:28.415Z
SLV251219C00050000,SLV251219C00050000,SELL,FILLED,4.0,4.0,@3.45,3.45,DAY,2025-12-01T14:33:35.999Z,2025-12-01T14:33:36.037Z
SLV251219C00050000,SLV251219C00050000,SELL,CANCELLED,0.0,5.0,@3.45,,DAY,2025-12-01T14:33:11.504Z,
COIN251219P00227500,COIN251219P00227500,BUY,FILLED,1.0,1.0,@4.6,4.6,DAY,2025-12-01T14:32:37.148Z,2025-12-01T14:32:37.187Z
COIN251219P00227500,COIN251219P00227500,BUY,FILLED,2.0,2.0,@4.0,4.0,DAY,2025-12-01T14:30:59.200Z,2025-12-01T14:30:59.246Z
QQQ251219P00580000,QQQ251219P00580000,BUY,FILLED,3.0,3.0,@2.97,2.97,DAY,2025-12-01T14:30:19.008Z,2025-12-01T14:30:20.020Z
GLD251128C00386000,GLD251128C00386000,SELL,FILLED,2.0,2.0,@1.01,1.01,DAY,2025-11-28T17:13:04.817Z,2025-11-28T17:13:04.853Z
SLV251219C00050500,SLV251219C00050500,SELL,FILLED,5.0,5.0,@2.24,2.24,DAY,2025-11-28T16:38:37.958Z,2025-11-28T16:38:38.939Z
SLV251219C00050500,SLV251219C00050500,BUY,FILLED,5.0,5.0,@2.23,2.23,DAY,2025-11-28T16:01:14.904Z,2025-11-28T16:01:14.944Z
AMD251219P00187500,AMD251219P00187500,BUY,FILLED,2.0,2.0,@2.49,2.49,DAY,2025-11-28T14:41:58.130Z,2025-11-28T14:41:58.204Z
CAT260220C00620000,CAT260220C00620000,SELL,FILLED,1.0,1.0,@19.95,19.95,DAY,2025-11-28T14:41:47.613Z,2025-11-28T14:41:47.661Z
QQQ251128P00611000,QQQ251128P00611000,BUY,FILLED,1.0,1.0,@0.76,0.76,DAY,2025-11-26T19:22:43.105Z,2025-11-26T19:22:43.197Z
QQQ251128P00611000,QQQ251128P00611000,BUY,FILLED,2.0,2.0,@0.98,0.97,DAY,2025-11-26T19:08:33.758Z,2025-11-26T19:08:33.949Z
HL251219C00018000,HL251219C00018000,BUY,FILLED,10.0,10.0,@0.5,0.48,DAY,2025-11-26T18:43:04.325Z,2025-11-26T18:43:04.605Z
GLD260220C00405000,GLD260220C00405000,BUY,FILLED,2.0,2.0,@8.85,8.85,DAY,2025-11-26T18:02:16.607Z,2025-11-26T18:02:16.645Z
GLD260220C00382000,GLD260220C00382000,SELL,FILLED,1.0,1.0,@17.35,17.35,DAY,2025-11-26T18:01:50.384Z,2025-11-26T18:01:50.421Z
GLD251128C00386000,GLD251128C00386000,BUY,FILLED,2.0,2.0,@0.91,0.9,DAY,2025-11-26T17:59:48.618Z,2025-11-26T17:59:48.714Z
SLV260116C00055000,SLV260116C00055000,BUY,FILLED,1.0,1.0,@0.99,0.99,DAY,2025-11-26T17:58:45.730Z,2025-11-26T17:58:45.864Z
CAT260220C00620000,CAT260220C00620000,BUY,FILLED,1.0,1.0,@19.8,19.8,DAY,2025-11-26T17:50:11.548Z,2025-11-26T17:50:11.588Z
SNDK260116P00185000,SNDK260116P00185000,SELL,FILLED,1.0,1.0,@17.1,17.29,DAY,2025-11-26T16:23:39.931Z,2025-11-26T16:23:46.233Z
GOOG251219P00305000,GOOG251219P00305000,SELL,FILLED,1.0,1.0,@5.8,5.8,DAY,2025-11-26T15:52:26.468Z,2025-11-26T15:52:26.628Z
ASML251219P00945000,ASML251219P00945000,SELL,FILLED,1.0,1.0,@8.5,8.5,DAY,2025-11-26T15:50:46.719Z,2025-11-26T15:50:53.844Z
SNDK260116P00185000,SNDK260116P00185000,SELL,CANCELLED,0.0,1.0,@18.9,,DAY,2025-11-26T15:49:35.631Z,
SNDK260116P00185000,SNDK260116P00185000,BUY,FILLED,1.0,1.0,@18.7,18.49,DAY,2025-11-26T15:43:26.403Z,2025-11-26T15:43:26.543Z
QQQ251126P00609000,QQQ251126P00609000,SELL,FILLED,5.0,5.0,@0.44,0.44,DAY,2025-11-26T15:36:10.430Z,2025-11-26T15:36:10.466Z
BYND251128C00001500,BYND251128C00001500,BUY,FILLED,100.0,100.0,@0.02,0.02,DAY,2025-11-26T15:28:32.492Z,2025-11-26T15:28:32.635Z
GOOG251219P00305000,GOOG251219P00305000,BUY,FILLED,1.0,1.0,@5.85,5.8,DAY,2025-11-26T15:13:50.314Z,2025-11-26T15:13:50.349Z
QQQ251126P00609000,QQQ251126P00609000,BUY,FILLED,2.0,2.0,@1.29,1.29,DAY,2025-11-26T15:00:38.888Z,2025-11-26T15:00:39.094Z
CAT260220C00620000,CAT260220C00620000,SELL,FILLED,1.0,1.0,@18.4,18.4,DAY,2025-11-26T14:59:48.644Z,2025-11-26T14:59:59.847Z
QQQ251126P00609000,QQQ251126P00609000,BUY,FILLED,3.0,3.0,@0.92,0.9,DAY,2025-11-26T14:56:46.983Z,2025-11-26T14:56:47.126Z
RR260320C00007000,RR260320C00007000,SELL,FILLED,20.0,20.0,@0.36,0.36,DAY,2025-11-26T14:56:21.493Z,2025-11-26T14:56:21.620Z
RR260320C00007000,RR260320C00007000,SELL,FILLED,10.0,10.0,@0.37,0.37,DAY,2025-11-26T14:36:58.559Z,2025-11-26T14:36:58.604Z
SLV260116C00055000,SLV260116C00055000,BUY,FILLED,10.0,10.0,@0.83,0.83,DAY,2025-11-26T14:36:24.285Z,2025-11-26T14:36:24.327Z
CAT260220C00620000,CAT260220C00620000,BUY,FILLED,1.0,1.0,@19.0,19.0,DAY,2025-11-26T14:31:36.263Z,2025-11-26T14:31:39.139Z
QQQ251126P00603000,QQQ251126P00603000,SELL,FILLED,5.0,5.0,@0.79,0.79,DAY,2025-11-25T20:28:17.363Z,2025-11-25T20:28:21.055Z
QQQ251126P00603000,QQQ251126P00603000,BUY,FILLED,5.0,5.0,@1.12,1.11,DAY,2025-11-25T19:13:24.817Z,2025-11-25T19:13:25.499Z
RR260320C00007000,RR260320C00007000,BUY,FILLED,30.0,30.0,@0.35,0.35,DAY,2025-11-25T19:02:08.231Z,2025-11-25T19:02:08.374Z
TSLA251219P00380000,TSLA251219P00380000,SELL,FILLED,1.0,1.0,@7.55,7.55,DAY,2025-11-25T18:48:05.640Z,2025-11-25T18:48:05.695Z
MU251128P00202500,MU251128P00202500,SELL,FILLED,3.0,3.0,@0.55,0.55,DAY,2025-11-25T17:09:22.310Z,2025-11-25T17:09:22.351Z
QQQ251125P00600000,QQQ251125P00600000,SELL,FILLED,2.0,2.0,@0.98,0.99,DAY,2025-11-25T15:58:04.607Z,2025-11-25T15:58:04.882Z
QQQ251125P00600000,QQQ251125P00600000,BUY,FILLED,2.0,2.0,@1.44,1.44,DAY,2025-11-25T15:51:38.925Z,2025-11-25T15:51:39.325Z
QQQ251125C00603000,QQQ251125C00603000,SELL,FILLED,4.0,4.0,@1.25,1.3,DAY,2025-11-25T15:50:32.180Z,2025-11-25T15:50:47.978Z
GOOG251219P00305000,GOOG251219P00305000,BUY,FILLED,1.0,1.0,@5.85,5.8,DAY,2025-11-25T15:49:18.161Z,2025-11-25T15:49:18.204Z
QQQ251125C00603000,QQQ251125C00603000,BUY,FILLED,1.0,1.0,@2.11,2.11,DAY,2025-11-25T15:46:18.011Z,2025-11-25T15:46:18.173Z
AMD251219P00195000,AMD251219P00195000,SELL,FILLED,1.0,1.0,@11.55,11.59,DAY,2025-11-25T15:29:47.334Z,2025-11-25T15:29:47.529Z
TSLA251219P00380000,TSLA251219P00380000,SELL,FILLED,1.0,1.0,@10.75,10.75,DAY,2025-11-25T15:29:25.787Z,2025-11-25T15:29:29.802Z
TSLA251219P00380000,TSLA251219P00380000,BUY,FILLED,1.0,1.0,@11.25,11.25,DAY,2025-11-25T15:28:30.033Z,2025-11-25T15:28:30.076Z
TSLA251219P00380000,TSLA251219P00380000,BUY,FILLED,1.0,1.0,@11.35,11.29,DAY,2025-11-25T15:27:57.341Z,2025-11-25T15:27:57.572Z
GRAL260116C00090000,GRAL260116C00090000,SELL,FILLED,1.0,1.0,@28.5,28.5,DAY,2025-11-25T14:57:19.370Z,2025-11-25T14:57:31.360Z
QQQ251125C00603000,QQQ251125C00603000,BUY,FILLED,3.0,3.0,@1.48,1.47,DAY,2025-11-25T14:55:20.255Z,2025-11-25T14:55:20.392Z
QQQ251125P00605000,QQQ251125P00605000,SELL,FILLED,1.0,1.0,@4.81,4.85,DAY,2025-11-25T14:54:24.434Z,2025-11-25T14:54:24.544Z
MU251128P00202500,MU251128P00202500,BUY,FILLED,3.0,3.0,@1.78,1.68,DAY,2025-11-25T14:50:22.486Z,2025-11-25T14:50:22.690Z
QQQ251125P00605000,QQQ251125P00605000,SELL,FILLED,1.0,1.0,@6.43,6.43,DAY,2025-11-25T14:48:06.562Z,2025-11-25T14:48:06.699Z
AMD251219P00187500,AMD251219P00187500,BUY,FILLED,1.0,1.0,@7.95,7.95,DAY,2025-11-25T14:41:44.708Z,2025-11-25T14:41:44.749Z
ASML251219P00945000,ASML251219P00945000,BUY,FILLED,1.0,1.0,@20.2,19.77,DAY,2025-11-25T14:38:52.317Z,2025-11-25T14:38:52.455Z
AMD251219P00187500,AMD251219P00187500,BUY,FILLED,3.0,3.0,@7.2,7.2,DAY,2025-11-25T14:32:58.677Z,2025-11-25T14:32:58.743Z
IBIT260116C00047000,IBIT260116C00047000,SELL,FILLED,2.0,2.0,@5.4,5.4,DAY,2025-11-25T14:31:05.491Z,2025-11-25T14:31:05.540Z
QQQ251125P00605000,QQQ251125P00605000,BUY,FILLED,2.0,2.0,@2.57,2.54,DAY,2025-11-24T20:50:12.817Z,2025-11-24T20:50:12.878Z
QQQ251125P00594000,QQQ251125P00594000,SELL,FILLED,1.0,1.0,@0.39,0.39,DAY,2025-11-24T20:48:57.208Z,2025-11-24T20:48:57.281Z
SLV251219C00050000,SLV251219C00050000,BUY,FILLED,10.0,10.0,@0.7,0.7,DAY,2025-11-24T20:15:34.009Z,2025-11-24T20:15:34.047Z
SLV260116C00045500,SLV260116C00045500,SELL,FILLED,2.0,2.0,@2.55,2.58,DAY,2025-11-24T16:20:12.540Z,2025-11-24T16:20:12.783Z
SLV251219C00050000,SLV251219C00050000,BUY,FILLED,10.0,10.0,@0.55,0.55,DAY,2025-11-24T16:12:02.343Z,2025-11-24T16:12:02.470Z
MSFT260116P00500000,MSFT260116P00500000,SELL,FILLED,1.0,1.0,@30.0,30.0,DAY,2025-11-24T16:10:41.309Z,2025-11-24T16:10:43.077Z
MSFT251219P00445000,MSFT251219P00445000,SELL,FILLED,2.0,2.0,@3.7,3.7,DAY,2025-11-24T15:40:21.639Z,2025-11-24T15:40:27.039Z
QQQ251125P00594000,QQQ251125P00594000,SELL,FILLED,2.0,2.0,@2.19,2.2,DAY,2025-11-24T15:26:39.437Z,2025-11-24T15:26:39.495Z
IBIT260116C00047000,IBIT260116C00047000,BUY,FILLED,2.0,2.0,@5.2,5.2,DAY,2025-11-24T15:24:41.421Z,2025-11-24T15:24:41.456Z
QQQ251125P00594000,QQQ251125P00594000,BUY,FILLED,3.0,3.0,@2.07,2.07,DAY,2025-11-24T15:18:24.847Z,2025-11-24T15:18:24.885Z
KRE251219P00056000,KRE251219P00056000,SELL,FILLED,9.0,9.0,@0.46,0.48,DAY,2025-11-24T15:03:46.380Z,2025-11-24T15:03:46.528Z
IBIT260116C00047000,IBIT260116C00047000,SELL,FILLED,4.0,4.0,@4.95,4.95,DAY,2025-11-24T14:52:48.505Z,2025-11-24T14:52:48.582Z
QQQ251125C00601000,QQQ251125C00601000,SELL,FILLED,1.0,1.0,@2.83,2.83,DAY,2025-11-24T14:51:18.251Z,2025-11-24T14:51:28.499Z
GOOG260116C00355000,GOOG260116C00355000,SELL,FILLED,2.0,2.0,@5.7,5.73,DAY,2025-11-24T14:51:09.612Z,2025-11-24T14:51:09.800Z
MSFT251219P00445000,MSFT251219P00445000,BUY,FILLED,2.0,2.0,@5.5,5.5,DAY,2025-11-24T14:50:50.729Z,2025-11-24T14:50:50.776Z
QQQ251125C00601000,QQQ251125C00601000,BUY,FILLED,1.0,1.0,@3.52,3.52,DAY,2025-11-24T14:38:27.982Z,2025-11-24T14:38:33.975Z
QQQ251124C00591000,QQQ251124C00591000,SELL,FILLED,1.0,1.0,@8.62,8.62,DAY,2025-11-24T14:38:05.673Z,2025-11-24T14:38:05.761Z
QQQ251124C00591000,QQQ251124C00591000,SELL,CANCELLED,0.0,1.0,@4.44,,DAY,2025-11-24T14:36:14.060Z,
QQQ251124C00596000,QQQ251124C00596000,BUY,CANCELLED,0.0,1.0,@4.44,,DAY,2025-11-24T14:36:14.060Z,
GOOG260116C00355000,GOOG260116C00355000,BUY,FILLED,2.0,2.0,@5.7,5.7,DAY,2025-11-24T14:35:00.029Z,2025-11-24T14:35:41.635Z
MSFT260116P00500000,MSFT260116P00500000,SELL,FILLED,1.0,1.0,@30.8,30.8,DAY,2025-11-24T14:33:36.536Z,2025-11-24T14:33:36.584Z
AMD251219P00195000,AMD251219P00195000,SELL,FILLED,1.0,1.0,@7.1,7.1,DAY,2025-11-24T14:33:17.396Z,2025-11-24T14:33:18.897Z
SLV260116C00045500,SLV260116C00045500,BUY,FILLED,4.0,4.0,@2.5,2.5,DAY,2025-11-24T14:33:00.225Z,2025-11-24T14:33:00.465Z
QQQ251124C00591000,QQQ251124C00591000,BUY,FILLED,1.0,1.0,@4.35,4.27,DAY,2025-11-21T20:54:05.062Z,2025-11-21T20:54:05.112Z
GRAL260116C00110000,GRAL260116C00110000,BUY,CANCELLED,0.0,1.0,@7.7,,DAY,2025-11-21T20:46:17.512Z,
QQQ251124P00589000,QQQ251124P00589000,SELL,FILLED,1.0,1.0,@3.06,3.1,DAY,2025-11-21T20:38:07.055Z,2025-11-21T20:38:07.149Z
QQQ251121P00593000,QQQ251121P00593000,SELL,FILLED,1.0,1.0,@2.16,2.16,DAY,2025-11-21T20:32:17.571Z,2025-11-21T20:32:17.614Z
QQQ251121P00593000,QQQ251121P00593000,SELL,FILLED,1.0,1.0,@1.21,1.21,DAY,2025-11-21T19:58:43.836Z,2025-11-21T19:58:49.050Z
QQQ251124P00589000,QQQ251124P00589000,BUY,FILLED,1.0,1.0,@3.01,3.01,DAY,2025-11-21T19:58:24.294Z,2025-11-21T19:58:35.694Z
QQQ251121P00593000,QQQ251121P00593000,BUY,FILLED,2.0,2.0,@1.3,1.3,DAY,2025-11-21T19:58:12.275Z,2025-11-21T19:58:22.112Z
TSLA251219P00370000,TSLA251219P00370000,SELL,FILLED,1.0,1.0,@11.9,11.9,DAY,2025-11-21T17:40:39.823Z,2025-11-21T17:40:39.890Z
QQQ251121C00603000,QQQ251121C00603000,SELL,FILLED,7.0,7.0,@0.05,0.05,DAY,2025-11-21T17:38:31.651Z,2025-11-21T17:38:31.691Z
QQQ251121C00585000,QQQ251121C00585000,SELL,FILLED,1.0,1.0,@6.58,6.76,DAY,2025-11-21T17:17:40.161Z,2025-11-21T17:17:40.251Z
GRAL260116C00090000,GRAL260116C00090000,BUY,FILLED,1.0,1.0,@15.3,15.3,DAY,2025-11-21T17:13:17.864Z,2025-11-21T17:13:17.905Z
IBIT260116C00047000,IBIT260116C00047000,BUY,FILLED,2.0,2.0,@4.7,4.68,DAY,2025-11-21T16:38:53.644Z,2025-11-21T16:38:53.867Z
MU251219P00200000,MU251219P00200000,SELL,FILLED,1.0,1.0,@17.55,17.55,DAY,2025-11-21T16:35:36.904Z,2025-11-21T16:35:37.051Z
HOOD260220P00110000,HOOD260220P00110000,SELL,FILLED,1.0,1.0,@16.95,17.0,DAY,2025-11-21T16:35:30.502Z,2025-11-21T16:35:42.536Z
MU251219P00200000,MU251219P00200000,SELL,CANCELLED,0.0,1.0,@18.65,,DAY,2025-11-21T16:23:17.674Z,
IBIT260116C00047000,IBIT260116C00047000,BUY,FILLED,2.0,2.0,@4.5,4.48,DAY,2025-11-21T16:22:00.069Z,2025-11-21T16:22:00.231Z
BE251121P00075000,BE251121P00075000,BUY,FILLED,1.0,1.0,@0.85,0.85,DAY,2025-11-21T16:06:42.838Z,2025-11-21T16:06:49.361Z
BE251121P00075000,BE251121P00075000,BUY,FILLED,2.0,2.0,@1.15,0.89,DAY,2025-11-21T16:06:32.901Z,2025-11-21T16:06:32.987Z
BE251121P00075000,BE251121P00075000,SELL,FILLED,3.0,3.0,@0.9,0.9,DAY,2025-11-21T15:50:23.389Z,2025-11-21T15:50:23.477Z
AMD251219P00195000,AMD251219P00195000,SELL,FILLED,1.0,1.0,@12.8,12.8,DAY,2025-11-21T15:49:24.998Z,2025-11-21T15:49:25.065Z
AMD251219P00195000,AMD251219P00195000,BUY,FILLED,1.0,1.0,@12.9,12.7,DAY,2025-11-21T15:49:04.414Z,2025-11-21T15:49:04.452Z
BE251121P00075000,BE251121P00075000,BUY,FILLED,3.0,3.0,@0.9,0.9,DAY,2025-11-21T15:33:21.659Z,2025-11-21T15:33:35.269Z
AMD251121P00200000,AMD251121P00200000,SELL,FILLED,1.0,1.0,,2.91,DAY,2025-11-21T15:24:44.610Z,2025-11-21T15:47:52.564Z
AMD251121P00200000,AMD251121P00200000,SELL,FILLED,1.0,1.0,@3.2,3.2,DAY,2025-11-21T15:24:33.465Z,2025-11-21T15:24:33.544Z
QQQ251121C00585000,QQQ251121C00585000,BUY,FILLED,1.0,1.0,@3.61,3.53,DAY,2025-11-21T15:20:20.463Z,2025-11-21T15:20:20.605Z
TSLA251219P00370000,TSLA251219P00370000,BUY,FILLED,1.0,1.0,@14.85,14.8,DAY,2025-11-21T15:14:08.343Z,2025-11-21T15:14:08.505Z
AMD251219P00195000,AMD251219P00195000,BUY,FILLED,1.0,1.0,@11.5,11.4,DAY,2025-11-21T15:08:45.801Z,2025-11-21T15:08:45.954Z
MSFT260116P00500000,MSFT260116P00500000,SELL,CANCELLED,0.0,1.0,,,DAY,2025-11-21T14:55:13.988Z,
KRE251219P00056000,KRE251219P00056000,SELL,FILLED,9.0,9.0,@0.72,0.72,DAY,2025-11-21T14:53:45.749Z,2025-11-21T14:53:53.187Z
HOOD260220P00110000,HOOD260220P00110000,SELL,FILLED,1.0,1.0,@15.95,16.1,DAY,2025-11-21T14:50:11.041Z,2025-11-21T14:50:23.624Z
MU251219P00200000,MU251219P00200000,SELL,FILLED,1.0,1.0,@16.6,16.6,DAY,2025-11-21T14:49:53.941Z,2025-11-21T14:49:53.989Z
TSLA251219P00350000,TSLA251219P00350000,SELL,FILLED,1.0,1.0,@8.6,8.6,DAY,2025-11-21T14:49:38.837Z,2025-11-21T14:49:39.001Z
HOOD260220P00110000,HOOD260220P00110000,SELL,FILLED,1.0,1.0,@16.6,16.6,DAY,2025-11-21T14:46:57.622Z,2025-11-21T14:46:57.775Z
ARM251219P00110000,ARM251219P00110000,SELL,FILLED,2.0,2.0,@1.8,2.1,DAY,2025-11-21T14:46:25.791Z,2025-11-21T14:46:25.980Z
AMD251219P00195000,AMD251219P00195000,BUY,FILLED,1.0,1.0,@11.45,11.4,DAY,2025-11-21T14:46:09.454Z,2025-11-21T14:46:09.630Z
MU251121P00187500,MU251121P00187500,SELL,FILLED,6.0,6.0,@0.02,0.13,DAY,2025-11-21T14:41:31.030Z,2025-11-21T14:41:31.189Z
AMD251121P00200000,AMD251121P00200000,BUY,FILLED,2.0,2.0,@1.69,1.69,DAY,2025-11-21T14:40:41.474Z,2025-11-21T14:40:41.542Z
MU251219P00200000,MU251219P00200000,BUY,FILLED,1.0,1.0,@16.5,16.5,DAY,2025-11-21T14:39:16.486Z,2025-11-21T14:39:16.530Z
TSLA251219P00350000,TSLA251219P00350000,BUY,FILLED,1.0,1.0,@8.2,8.02,DAY,2025-11-21T14:34:22.864Z,2025-11-21T14:34:23.110Z
MU251219P00200000,MU251219P00200000,SELL,FILLED,1.0,1.0,@15.6,15.6,DAY,2025-11-21T14:32:51.892Z,2025-11-21T14:32:51.939Z
ARM251219P00110000,ARM251219P00110000,SELL,FILLED,3.0,3.0,@1.88,1.93,DAY,2025-11-20T20:56:40.349Z,2025-11-20T20:56:40.494Z
MU251121P00187500,MU251121P00187500,BUY,FILLED,3.0,3.0,@0.87,0.87,DAY,2025-11-20T20:50:58.645Z,2025-11-20T20:50:58.689Z
QQQ251121C00603000,QQQ251121C00603000,BUY,FILLED,1.0,1.0,@0.74,0.74,DAY,2025-11-20T20:35:48.607Z,2025-11-20T20:35:48.768Z
QQQ251121C00603000,QQQ251121C00603000,BUY,FILLED,2.0,2.0,@0.76,0.75,DAY,2025-11-20T20:35:36.469Z,2025-11-20T20:35:36.663Z
KRE251219P00056000,KRE251219P00056000,BUY,FILLED,7.0,7.0,@0.84,0.84,DAY,2025-11-20T20:06:55.861Z,2025-11-20T20:06:55.906Z
QQQ251121C00603000,QQQ251121C00603000,BUY,FILLED,4.0,4.0,@0.98,0.96,DAY,2025-11-20T20:06:11.991Z,2025-11-20T20:06:12.035Z
ARM251219P00110000,ARM251219P00110000,BUY,FILLED,5.0,5.0,@1.85,1.85,DAY,2025-11-20T19:14:46.996Z,2025-11-20T19:14:47.119Z
ILMN260116C00120000,ILMN260116C00120000,SELL,FILLED,1.0,1.0,@8.1,8.1,DAY,2025-11-20T19:14:02.496Z,2025-11-20T19:14:15.163Z
BABA260116C00165000,BABA260116C00165000,SELL,FILLED,1.0,1.0,@7.3,7.3,DAY,2025-11-20T19:13:52.726Z,2025-11-20T19:13:52.811Z
EOSE260220P00013000,EOSE260220P00013000,SELL,FILLED,4.0,4.0,@2.9,2.91,DAY,2025-11-20T19:13:40.808Z,2025-11-20T19:14:24.698Z
HOOD260220P00110000,HOOD260220P00110000,BUY,FILLED,1.0,1.0,@16.25,16.25,DAY,2025-11-20T18:00:00.777Z,2025-11-20T18:00:13.717Z
GRAL260116C00090000,GRAL260116C00090000,SELL,FILLED,1.0,1.0,@11.2,11.2,DAY,2025-11-20T17:52:27.973Z,2025-11-20T17:52:28.021Z
MU251121P00187500,MU251121P00187500,BUY,FILLED,3.0,3.0,@1.08,1.01,DAY,2025-11-20T17:37:01.772Z,2025-11-20T17:37:01.916Z
ILMN251219C00125000,ILMN251219C00125000,SELL,FILLED,1.0,1.0,@3.5,3.5,DAY,2025-11-20T16:50:25.909Z,2025-11-20T16:50:25.966Z
GRAL260116C00090000,GRAL260116C00090000,SELL,FILLED,1.0,1.0,@13.0,13.0,DAY,2025-11-20T16:50:14.349Z,2025-11-20T16:50:35.673Z
ILMN251219C00125000,ILMN251219C00125000,SELL,CANCELLED,0.0,1.0,@3.7,,DAY,2025-11-20T16:34:20.343Z,
NVDA251121P00190000,NVDA251121P00190000,SELL,FILLED,1.0,1.0,@3.1,3.1,DAY,2025-11-20T16:30:06.005Z,2025-11-20T16:30:06.103Z
HOOD260220P00110000,HOOD260220P00110000,BUY,FILLED,1.0,1.0,@13.5,13.5,DAY,2025-11-20T16:29:59.798Z,2025-11-20T16:29:59.846Z
HOOD260220P00110000,HOOD260220P00110000,BUY,FILLED,1.0,1.0,@13.15,13.15,DAY,2025-11-20T16:25:26.219Z,2025-11-20T16:25:35.009Z
EOSE260220P00013000,EOSE260220P00013000,BUY,FILLED,2.0,2.0,@2.97,2.97,DAY,2025-11-20T16:24:01.356Z,2025-11-20T16:24:01.464Z
NVDA251121P00190000,NVDA251121P00190000,BUY,FILLED,1.0,1.0,@1.56,1.55,DAY,2025-11-20T15:53:53.404Z,2025-11-20T15:53:53.542Z
QQQ251120C00613000,QQQ251120C00613000,SELL,FILLED,2.0,2.0,@1.29,1.29,DAY,2025-11-20T15:53:17.277Z,2025-11-20T15:53:19.681Z
GLD260220C00382000,GLD260220C00382000,BUY,FILLED,3.0,3.0,@3.78,3.78,DAY,2025-11-20T15:47:26.630Z,2025-11-20T15:48:45.529Z
GLD260116C00382000,GLD260116C00382000,SELL,FILLED,3.0,3.0,@3.78,3.78,DAY,2025-11-20T15:47:26.630Z,2025-11-20T15:48:45.529Z
EOSE260220P00013000,EOSE260220P00013000,SELL,FILLED,3.0,3.0,@2.45,2.46,DAY,2025-11-20T14:59:39.387Z,2025-11-20T14:59:51.155Z
ILMN251219C00125000,ILMN251219C00125000,BUY,FILLED,1.0,1.0,@5.4,5.4,DAY,2025-11-20T14:50:21.551Z,2025-11-20T14:50:21.655Z
MU251219P00200000,MU251219P00200000,BUY,FILLED,1.0,1.0,@10.1,10.0,DAY,2025-11-20T14:40:02.288Z,2025-11-20T14:40:02.334Z
GRAL260116C00090000,GRAL260116C00090000,BUY,FILLED,1.0,1.0,@16.4,16.4,DAY,2025-11-20T14:36:51.527Z,2025-11-20T14:36:58.773Z
EOSE260220P00013000,EOSE260220P00013000,BUY,FILLED,5.0,5.0,@2.9,2.9,DAY,2025-11-20T14:35:19.535Z,2025-11-20T14:35:19.605Z
ILMN260116C00120000,ILMN260116C00120000,BUY,FILLED,1.0,1.0,@10.6,10.6,DAY,2025-11-20T14:34:11.230Z,2025-11-20T14:35:24.989Z
GRAL260116C00090000,GRAL260116C00090000,BUY,FILLED,1.0,1.0,@15.7,15.7,DAY,2025-11-20T14:33:34.158Z,2025-11-20T14:33:44.945Z
QQQ251120C00613000,QQQ251120C00613000,SELL,FILLED,1.0,1.0,@1.54,1.56,DAY,2025-11-20T14:32:46.146Z,2025-11-20T14:32:46.342Z
NVDA251121P00187500,NVDA251121P00187500,SELL,FILLED,1.0,1.0,@0.73,0.74,DAY,2025-11-20T14:30:57.581Z,2025-11-20T14:30:57.738Z
NVDA251121P00180000,NVDA251121P00180000,BUY,FILLED,1.0,1.0,@0.73,0.74,DAY,2025-11-20T14:30:57.581Z,2025-11-20T14:30:57.738Z
MU251219P00200000,MU251219P00200000,SELL,FILLED,1.0,1.0,@8.2,8.2,DAY,2025-11-20T14:30:27.050Z,2025-11-20T14:30:27.108Z
KRE251219P00056000,KRE251219P00056000,SELL,CANCELLED,0.0,11.0,@0.74,,DAY,2025-11-20T14:30:18.889Z,
QQQ251120C00613000,QQQ251120C00613000,BUY,FILLED,2.0,2.0,@1.44,1.44,DAY,2025-11-19T20:20:45.833Z,2025-11-19T20:20:47.978Z
COST260320P00800000,COST260320P00800000,SELL,FILLED,1.0,1.0,@19.1,19.1,DAY,2025-11-19T19:26:32.983Z,2025-11-19T19:26:33.036Z
COIN260116P00240000,COIN260116P00240000,SELL,FILLED,1.0,1.0,@20.95,20.95,DAY,2025-11-19T19:26:19.823Z,2025-11-19T19:26:19.865Z
CRM260320P00230000,CRM260320P00230000,SELL,FILLED,1.0,1.0,@21.65,21.75,DAY,2025-11-19T19:09:01.747Z,2025-11-19T19:09:01.953Z
UVXY251121C00014500,UVXY251121C00014500,BUY,FILLED,10.0,10.0,@0.27,0.27,DAY,2025-11-19T17:50:09.959Z,2025-11-19T17:50:10.003Z
KRE251219P00056000,KRE251219P00056000,BUY,FILLED,1.0,1.0,@0.91,0.91,DAY,2025-11-19T17:43:55.759Z,2025-11-19T17:43:55.919Z
KRE251219P00056000,KRE251219P00056000,BUY,FILLED,10.0,10.0,@0.91,0.91,DAY,2025-11-19T17:43:47.163Z,2025-11-19T17:43:47.207Z
MU251219P00200000,MU251219P00200000,BUY,FILLED,1.0,1.0,@11.25,11.05,DAY,2025-11-19T17:22:00.114Z,2025-11-19T17:22:00.176Z
CRM260320P00230000,CRM260320P00230000,SELL,FILLED,1.0,1.0,@21.8,21.8,DAY,2025-11-19T17:20:30.308Z,2025-11-19T17:20:30.346Z
MU251219P00200000,MU251219P00200000,SELL,FILLED,1.0,1.0,@10.85,10.85,DAY,2025-11-19T17:20:19.695Z,2025-11-19T17:20:19.781Z
COIN260116P00240000,COIN260116P00240000,BUY,FILLED,1.0,1.0,@21.5,21.5,DAY,2025-11-19T17:20:07.296Z,2025-11-19T17:20:07.347Z
QQQ251119P00590000,QQQ251119P00590000,BUY,FILLED,1.0,1.0,@0.74,0.74,DAY,2025-11-19T17:10:56.035Z,2025-11-19T17:10:56.132Z
MU251219P00200000,MU251219P00200000,BUY,FILLED,2.0,2.0,@10.4,10.22,DAY,2025-11-19T17:01:30.786Z,2025-11-19T17:01:30.982Z
GOOG251219C00305000,GOOG251219C00305000,SELL,FILLED,1.0,1.0,@8.9,8.95,DAY,2025-11-19T17:00:35.955Z,2025-11-19T17:00:36.020Z
CRM260320P00230000,CRM260320P00230000,BUY,FILLED,2.0,2.0,@22.05,21.73,DAY,2025-11-19T16:08:55.211Z,2025-11-19T16:08:55.476Z
QQQ251120C00613000,QQQ251120C00613000,BUY,FILLED,1.0,1.0,@1.97,1.97,DAY,2025-11-19T15:35:40.371Z,2025-11-19T15:35:48.839Z
QQQ251119C00607000,QQQ251119C00607000,SELL,FILLED,1.0,1.0,@1.66,1.68,DAY,2025-11-19T15:35:24.129Z,2025-11-19T15:35:24.286Z
MSTR251219C00230000,MSTR251219C00230000,SELL,FILLED,1.0,1.0,@6.35,6.35,DAY,2025-11-19T15:35:03.006Z,2025-11-19T15:35:03.168Z
SNDK251219P00195000,SNDK251219P00195000,SELL,FILLED,1.0,1.0,@9.0,9.0,DAY,2025-11-19T15:14:27.689Z,2025-11-19T15:14:27.730Z
TSLA260116P00375000,TSLA260116P00375000,SELL,FILLED,1.0,1.0,@19.8,19.8,DAY,2025-11-19T14:53:20.991Z,2025-11-19T14:53:34.217Z
COST260320P00800000,COST260320P00800000,BUY,FILLED,1.0,1.0,@20.25,20.25,DAY,2025-11-19T14:50:48.013Z,2025-11-19T14:50:48.056Z
GOOG251219C00305000,GOOG251219C00305000,BUY,FILLED,1.0,1.0,@10.65,10.65,DAY,2025-11-19T14:44:09.177Z,2025-11-19T14:44:09.234Z
TSLA260116P00375000,TSLA260116P00375000,BUY,FILLED,1.0,1.0,@21.4,21.35,DAY,2025-11-18T20:58:25.197Z,2025-11-18T20:58:25.239Z
QQQ251119P00590000,QQQ251119P00590000,BUY,FILLED,1.0,1.0,@2.11,2.11,DAY,2025-11-18T20:57:51.605Z,2025-11-18T20:57:56.178Z
SNDK251219P00195000,SNDK251219P00195000,SELL,FILLED,1.0,1.0,@10.5,10.5,DAY,2025-11-18T20:01:25.947Z,2025-11-18T20:01:26.144Z
TSLA260116P00370000,TSLA260116P00370000,SELL,FILLED,1.0,1.0,@18.25,18.32,DAY,2025-11-18T20:01:17.517Z,2025-11-18T20:01:17.661Z
TLT251219P00088000,TLT251219P00088000,SELL,FILLED,5.0,5.0,@1.01,1.01,DAY,2025-11-18T19:29:06.323Z,2025-11-18T19:29:06.598Z
WMT251219P00095000,WMT251219P00095000,SELL,FILLED,5.0,5.0,@1.06,1.06,DAY,2025-11-18T19:29:01.290Z,2025-11-18T19:29:12.490Z
TSLA260116P00370000,TSLA260116P00370000,BUY,FILLED,1.0,1.0,@19.65,19.12,DAY,2025-11-18T19:28:41.856Z,2025-11-18T19:28:42.072Z
WMT251219P00095000,WMT251219P00095000,SELL,FILLED,5.0,5.0,@1.06,1.06,DAY,2025-11-18T19:25:12.870Z,2025-11-18T19:25:12.912Z
SNDK251219P00195000,SNDK251219P00195000,BUY,FILLED,1.0,1.0,@11.6,11.5,DAY,2025-11-18T19:24:08.452Z,2025-11-18T19:24:08.564Z
WMT251219P00095000,WMT251219P00095000,BUY,FILLED,10.0,10.0,@1.11,1.11,DAY,2025-11-18T19:07:49.078Z,2025-11-18T19:07:49.217Z
IREN251219C00070000,IREN251219C00070000,SELL,FILLED,5.0,5.0,@1.85,1.85,DAY,2025-11-18T19:00:47.981Z,2025-11-18T19:00:57.322Z
QQQ251119C00607000,QQQ251119C00607000,BUY,FILLED,1.0,1.0,@2.3,2.3,DAY,2025-11-18T18:41:56.157Z,2025-11-18T18:41:56.203Z
SNDK251219P00195000,SNDK251219P00195000,BUY,FILLED,1.0,1.0,@11.2,11.2,DAY,2025-11-18T18:30:40.939Z,2025-11-18T18:30:47.788Z
QQQ251118C00604000,QQQ251118C00604000,SELL,FILLED,10.0,10.0,@0.48,0.5,DAY,2025-11-18T18:17:41.357Z,2025-11-18T18:17:41.513Z
IREN251219C00070000,IREN251219C00070000,BUY,FILLED,5.0,5.0,@2.1,2.1,DAY,2025-11-18T18:15:51.877Z,2025-11-18T18:15:51.918Z
TLT251219P00088000,TLT251219P00088000,BUY,FILLED,5.0,5.0,@1.1,1.1,DAY,2025-11-18T18:06:31.555Z,2025-11-18T18:06:31.634Z
TSLA260116P00405000,TSLA260116P00405000,SELL,FILLED,1.0,1.0,@32.25,32.25,DAY,2025-11-18T17:49:05.412Z,2025-11-18T17:49:05.475Z
TSLA251219P00370000,TSLA251219P00370000,SELL,FILLED,1.0,1.0,@10.95,10.95,DAY,2025-11-18T17:45:31.172Z,2025-11-18T17:45:31.234Z
QQQ251118C00604000,QQQ251118C00604000,SELL,FILLED,10.0,10.0,@0.56,0.57,DAY,2025-11-18T17:43:15.643Z,2025-11-18T17:43:15.829Z
QQQ251118C00604000,QQQ251118C00604000,BUY,FILLED,20.0,20.0,@0.51,0.48,DAY,2025-11-18T17:42:51.473Z,2025-11-18T17:42:59.528Z
QQQ251119P00593000,QQQ251119P00593000,SELL,FILLED,1.0,1.0,@3.54,3.56,DAY,2025-11-18T17:39:29.937Z,2025-11-18T17:39:30.076Z
QQQ251119P00593000,QQQ251119P00593000,BUY,FILLED,1.0,1.0,@3.66,3.66,DAY,2025-11-18T17:17:03.171Z,2025-11-18T17:17:05.551Z
QQQ251119P00582000,QQQ251119P00582000,SELL,FILLED,2.0,2.0,@1.11,1.11,DAY,2025-11-18T17:16:50.437Z,2025-11-18T17:16:51.586Z
QQQ251119C00601000,QQQ251119C00601000,SELL,FILLED,1.0,1.0,@3.44,3.44,DAY,2025-11-18T17:09:45.242Z,2025-11-18T17:09:45.290Z
QQQ251119P00582000,QQQ251119P00582000,BUY,FILLED,2.0,2.0,@1.2,1.2,DAY,2025-11-18T17:06:37.136Z,2025-11-18T17:06:58.809Z
QQQ251119C00601000,QQQ251119C00601000,SELL,FILLED,1.0,1.0,@3.57,3.62,DAY,2025-11-18T16:50:24.485Z,2025-11-18T16:50:24.623Z
BABA260116C00165000,BABA260116C00165000,BUY,FILLED,1.0,1.0,@10.1,10.1,DAY,2025-11-18T16:45:47.580Z,2025-11-18T16:45:47.618Z
NVDA251121P00187500,NVDA251121P00187500,SELL,FILLED,1.0,1.0,@3.95,3.95,DAY,2025-11-18T16:33:25.290Z,2025-11-18T16:33:25.337Z
NVDA251121P00180000,NVDA251121P00180000,BUY,FILLED,1.0,1.0,@3.95,3.95,DAY,2025-11-18T16:33:25.290Z,2025-11-18T16:33:25.337Z
APLD260116P00016000,APLD260116P00016000,SELL,FILLED,5.0,5.0,@0.9,0.92,DAY,2025-11-18T16:33:15.926Z,2025-11-18T16:33:16.068Z
APLD260116P00011000,APLD260116P00011000,BUY,FILLED,5.0,5.0,@0.9,0.92,DAY,2025-11-18T16:33:15.926Z,2025-11-18T16:33:16.068Z
GLD260116C00382000,GLD260116C00382000,BUY,FILLED,1.0,1.0,@9.9,9.82,DAY,2025-11-18T16:14:31.759Z,2025-11-18T16:14:38.707Z
MU251219P00185000,MU251219P00185000,SELL,FILLED,3.0,3.0,@5.35,5.35,DAY,2025-11-18T16:12:13.011Z,2025-11-18T16:12:13.077Z
INTC251219P00030000,INTC251219P00030000,SELL,FILLED,15.0,15.0,@0.63,0.63,DAY,2025-11-18T16:12:05.752Z,2025-11-18T16:12:05.884Z
SNDK251121P00210000,SNDK251121P00210000,SELL,FILLED,1.0,1.0,@4.0,4.0,DAY,2025-11-18T16:09:52.807Z,2025-11-18T16:09:52.870Z
QQQ251118P00595000,QQQ251118P00595000,SELL,FILLED,1.0,1.0,@3.33,3.33,DAY,2025-11-18T16:09:16.388Z,2025-11-18T16:09:19.200Z
QQQ251119C00601000,QQQ251119C00601000,BUY,FILLED,2.0,2.0,@2.65,2.65,DAY,2025-11-18T16:08:53.971Z,2025-11-18T16:09:01.112Z
SNDK251121P00210000,SNDK251121P00210000,BUY,FILLED,1.0,1.0,@4.7,4.7,DAY,2025-11-18T15:54:47.319Z,2025-11-18T15:54:54.227Z
QQQ251118P00595000,QQQ251118P00595000,SELL,CANCELLED,0.0,1.0,,,DAY,2025-11-18T15:54:00.373Z,
QQQ251118P00594000,QQQ251118P00594000,SELL,FILLED,2.0,2.0,@2.97,3.02,DAY,2025-11-18T15:53:41.149Z,2025-11-18T15:53:41.344Z
MSTR251219C00230000,MSTR251219C00230000,BUY,FILLED,1.0,1.0,@10.7,10.7,DAY,2025-11-18T15:47:54.015Z,2025-11-18T15:47:54.103Z
QQQ251118P00594000,QQQ251118P00594000,BUY,FILLED,2.0,2.0,@2.31,2.31,DAY,2025-11-18T15:29:27.105Z,2025-11-18T15:29:27.433Z
TSLA251121P00395000,TSLA251121P00395000,SELL,FILLED,1.0,1.0,,9.0,DAY,2025-11-18T15:05:33.524Z,2025-11-18T15:07:10.063Z
QQQ251118P00595000,QQQ251118P00595000,SELL,FILLED,1.0,1.0,,3.5,DAY,2025-11-18T15:05:18.847Z,2025-11-18T15:06:06.777Z
QQQ251118P00594000,QQQ251118P00594000,SELL,FILLED,2.0,2.0,,3.36,DAY,2025-11-18T15:05:01.648Z,2025-11-18T15:05:49.712Z
MU251219P00185000,MU251219P00185000,BUY,FILLED,3.0,3.0,@5.1,5.05,DAY,2025-11-18T14:52:08.959Z,2025-11-18T14:52:09.015Z
QQQ251118P00594000,QQQ251118P00594000,BUY,FILLED,2.0,2.0,@1.66,1.66,DAY,2025-11-18T14:44:53.678Z,2025-11-18T14:45:00.133Z
BABA260116C00165000,BABA260116C00165000,SELL,FILLED,1.0,1.0,@10.1,10.1,DAY,2025-11-18T14:39:25.211Z,2025-11-18T14:39:25.272Z
NVDA251121P00187500,NVDA251121P00187500,SELL,CANCELLED,0.0,1.0,@3.88,,DAY,2025-11-18T14:38:53.036Z,
NVDA251121P00180000,NVDA251121P00180000,BUY,CANCELLED,0.0,1.0,@3.88,,DAY,2025-11-18T14:38:53.036Z,
KRE251219P00056000,KRE251219P00056000,SELL,FILLED,5.0,5.0,@1.12,1.13,DAY,2025-11-18T14:38:35.403Z,2025-11-18T14:38:42.523Z
INTC251219P00030000,INTC251219P00030000,SELL,FILLED,15.0,15.0,@0.57,0.57,DAY,2025-11-18T14:38:23.008Z,2025-11-18T14:38:23.086Z
TSLA251219P00370000,TSLA251219P00370000,SELL,FILLED,1.0,1.0,@10.7,10.8,DAY,2025-11-18T14:38:04.320Z,2025-11-18T14:38:04.365Z
VST260116P00165000,VST260116P00165000,SELL,FILLED,1.0,1.0,@9.3,9.35,DAY,2025-11-18T14:37:21.392Z,2025-11-18T14:37:33.012Z
QQQ251118P00595000,QQQ251118P00595000,BUY,FILLED,2.0,2.0,@1.28,1.28,DAY,2025-11-18T14:37:02.515Z,2025-11-18T14:37:05.927Z
QQQ251118P00595000,QQQ251118P00595000,SELL,FILLED,2.0,2.0,@1.18,1.23,DAY,2025-11-18T14:32:54.789Z,2025-11-18T14:32:54.846Z
KRE251219P00056000,KRE251219P00056000,BUY,FILLED,5.0,5.0,@1.44,1.34,DAY,2025-11-18T14:31:50.488Z,2025-11-18T14:31:57.896Z
INTC251219P00030000,INTC251219P00030000,BUY,FILLED,30.0,30.0,@0.6,0.59,DAY,2025-11-17T20:33:06.216Z,2025-11-17T20:33:06.520Z
QQQ251118P00595000,QQQ251118P00595000,BUY,FILLED,2.0,2.0,@2.16,2.15,DAY,2025-11-17T20:15:43.096Z,2025-11-17T20:15:57.285Z
GLD260116C00382000,GLD260116C00382000,SELL,FILLED,1.0,1.0,@8.3,8.44,DAY,2025-11-17T20:04:18.583Z,2025-11-17T20:04:18.824Z
TSLA251219P00370000,TSLA251219P00370000,BUY,FILLED,1.0,1.0,@10.7,10.7,DAY,2025-11-17T19:35:22.074Z,2025-11-17T19:35:22.154Z
TSLA251219P00370000,TSLA251219P00370000,BUY,FILLED,1.0,1.0,@10.5,10.5,DAY,2025-11-17T19:29:17.924Z,2025-11-17T19:29:17.968Z
TSLA251121P00395000,TSLA251121P00395000,BUY,FILLED,1.0,1.0,@5.5,5.4,DAY,2025-11-17T19:29:09.380Z,2025-11-17T19:29:09.489Z
MSTR251219C00225000,MSTR251219C00225000,SELL,FILLED,1.0,1.0,@7.15,7.15,DAY,2025-11-17T19:27:07.906Z,2025-11-17T19:27:07.975Z
IREN260116P00047000,IREN260116P00047000,SELL,FILLED,2.0,2.0,@8.15,8.15,DAY,2025-11-17T16:54:55.565Z,2025-11-17T16:54:55.623Z
APLD260116P00016000,APLD260116P00016000,SELL,FILLED,5.0,5.0,@0.82,0.82,DAY,2025-11-17T16:24:51.918Z,2025-11-17T17:06:01.202Z
APLD260116P00011000,APLD260116P00011000,BUY,FILLED,5.0,5.0,@0.82,0.82,DAY,2025-11-17T16:24:51.918Z,2025-11-17T17:06:01.202Z
IREN260116P00047000,IREN260116P00047000,SELL,CANCELLED,0.0,2.0,@8.2,,DAY,2025-11-17T14:51:57.136Z,
BABA260116C00165000,BABA260116C00165000,SELL,FILLED,1.0,1.0,@9.65,10.4,DAY,2025-11-17T14:46:17.303Z,2025-11-17T14:46:17.436Z
BABA260116C00165000,BABA260116C00165000,BUY,FILLED,2.0,2.0,@11.05,10.95,DAY,2025-11-17T14:41:36.280Z,2025-11-17T14:41:36.327Z
QQQ251117P00603000,QQQ251117P00603000,SELL,FILLED,2.0,2.0,@1.34,1.36,DAY,2025-11-17T14:34:04.172Z,2025-11-17T14:34:04.281Z
QQQ251117P00603000,QQQ251117P00603000,BUY,FILLED,2.0,2.0,@1.95,1.92,DAY,2025-11-14T20:48:22.741Z,2025-11-14T20:48:22.794Z
KRE260116P00058000,KRE260116P00058000,BUY,CANCELLED,0.0,4.0,@1.04,,DAY,2025-11-14T18:44:00.205Z,
KRE260116P00053000,KRE260116P00053000,SELL,CANCELLED,0.0,4.0,@1.04,,DAY,2025-11-14T18:44:00.205Z,
KRE260116P00051000,KRE260116P00051000,BUY,FILLED,40.0,40.0,@0.1,0.1,DAY,2025-11-14T18:41:28.255Z,2025-11-14T18:41:28.314Z
KRE260116P00050000,KRE260116P00050000,SELL,FILLED,40.0,40.0,@0.1,0.1,DAY,2025-11-14T18:41:28.255Z,2025-11-14T18:41:28.314Z
APLD260116P00016000,APLD260116P00016000,BUY,FILLED,1.0,1.0,@0.82,0.82,DAY,2025-11-14T18:36:34.344Z,2025-11-14T18:36:34.391Z
APLD260116P00011000,APLD260116P00011000,SELL,FILLED,1.0,1.0,@0.82,0.82,DAY,2025-11-14T18:36:34.344Z,2025-11-14T18:36:34.391Z
APLD260116P00016000,APLD260116P00016000,BUY,FILLED,6.0,6.0,@0.82,0.82,DAY,2025-11-14T18:36:26.173Z,2025-11-14T18:36:26.312Z
APLD260116P00011000,APLD260116P00011000,SELL,FILLED,6.0,6.0,@0.82,0.82,DAY,2025-11-14T18:36:26.173Z,2025-11-14T18:36:26.312Z
QQQ251117P00605000,QQQ251117P00605000,SELL,FILLED,2.0,2.0,@2.32,2.34,DAY,2025-11-14T18:34:09.913Z,2025-11-14T18:34:09.980Z
APLD260116P00024000,APLD260116P00024000,BUY,CANCELLED,0.0,3.0,@4.0,,DAY,2025-11-14T18:30:29.016Z,
APLD260116P00016000,APLD260116P00016000,BUY,FILLED,3.0,3.0,@0.82,0.8,DAY,2025-11-14T18:30:02.655Z,2025-11-14T18:30:02.800Z
APLD260116P00011000,APLD260116P00011000,SELL,FILLED,3.0,3.0,@0.82,0.8,DAY,2025-11-14T18:30:02.655Z,2025-11-14T18:30:02.800Z
NVDA251121P00187500,NVDA251121P00187500,BUY,FILLED,2.0,2.0,@2.88,2.88,DAY,2025-11-14T18:00:56.439Z,2025-11-14T18:01:06.262Z
NVDA251121P00180000,NVDA251121P00180000,SELL,FILLED,2.0,2.0,@2.88,2.88,DAY,2025-11-14T18:00:56.439Z,2025-11-14T18:01:06.262Z
IREN260116P00047000,IREN260116P00047000,BUY,FILLED,2.0,2.0,@8.7,8.57,DAY,2025-11-14T17:58:39.394Z,2025-11-14T17:58:39.560Z
MSFT260116P00500000,MSFT260116P00500000,BUY,FILLED,1.0,1.0,@14.15,14.1,DAY,2025-11-14T17:57:30.859Z,2025-11-14T17:57:30.994Z
QQQ251117P00605000,QQQ251117P00605000,BUY,FILLED,2.0,2.0,@2.12,2.11,DAY,2025-11-14T17:56:51.094Z,2025-11-14T17:56:51.232Z
QQQ251114C00616000,QQQ251114C00616000,SELL,FILLED,5.0,5.0,@0.34,0.34,DAY,2025-11-14T16:46:04.743Z,2025-11-14T16:46:09.850Z
QQQ251114C00606000,QQQ251114C00606000,SELL,FILLED,2.0,2.0,,4.46,DAY,2025-11-14T15:51:44.739Z,2025-11-14T15:55:47.676Z
QQQ251114C00611000,QQQ251114C00611000,SELL,FILLED,5.0,5.0,,1.75,DAY,2025-11-14T15:50:33.655Z,2025-11-14T15:53:29.268Z
QQQ251114C00611000,QQQ251114C00611000,BUY,FILLED,5.0,5.0,@2.03,2.01,DAY,2025-11-14T15:49:53.816Z,2025-11-14T15:49:53.976Z
QQQ251128P00588000,QQQ251128P00588000,SELL,FILLED,1.0,1.0,@4.89,4.89,DAY,2025-11-14T15:40:20.974Z,2025-11-14T15:40:21.143Z
COIN260116P00250000,COIN260116P00250000,SELL,FILLED,1.0,1.0,@14.95,14.95,DAY,2025-11-14T15:39:59.804Z,2025-11-14T15:39:59.900Z
KRE251219P00060000,KRE251219P00060000,SELL,FILLED,3.0,3.0,@2.02,2.02,DAY,2025-11-14T15:28:12.111Z,2025-11-14T16:09:05.290Z
KRE251219P00060000,KRE251219P00060000,BUY,FILLED,3.0,3.0,@2.19,2.19,DAY,2025-11-14T15:22:00.197Z,2025-11-14T15:22:00.242Z
VST260116P00165000,VST260116P00165000,BUY,FILLED,1.0,1.0,@10.65,10.65,DAY,2025-11-14T15:19:25.149Z,2025-11-14T15:19:25.213Z
QQQ251128P00588000,QQQ251128P00588000,SELL,FILLED,1.0,1.0,@5.96,6.01,DAY,2025-11-14T15:17:11.382Z,2025-11-14T15:17:11.614Z
QQQ251128P00588000,QQQ251128P00588000,BUY,FILLED,2.0,2.0,@6.76,6.7,DAY,2025-11-14T15:13:02.881Z,2025-11-14T15:13:03.015Z
QQQ251128C00616000,QQQ251128C00616000,SELL,FILLED,2.0,2.0,@6.66,6.66,DAY,2025-11-14T15:11:35.745Z,2025-11-14T15:11:35.823Z
QQQ251128C00616000,QQQ251128C00616000,BUY,FILLED,2.0,2.0,@6.86,6.83,DAY,2025-11-14T15:11:08.869Z,2025-11-14T15:11:09.020Z
MSTR251219C00225000,MSTR251219C00225000,BUY,FILLED,1.0,1.0,@10.25,10.25,DAY,2025-11-14T15:10:32.306Z,2025-11-14T15:10:32.556Z
QQQ251126P00600000,QQQ251126P00600000,SELL,FILLED,1.0,1.0,@9.09,9.16,DAY,2025-11-14T14:54:21.368Z,2025-11-14T14:54:21.612Z
INTC251121P00033000,INTC251121P00033000,SELL,FILLED,12.0,12.0,@0.35,0.36,DAY,2025-11-14T14:48:18.360Z,2025-11-14T14:48:27.886Z
QQQ251114C00616000,QQQ251114C00616000,SELL,FILLED,15.0,15.0,@0.1,0.1,DAY,2025-11-14T14:47:54.060Z,2025-11-14T14:48:08.954Z
QQQ251114C00606000,QQQ251114C00606000,BUY,FILLED,2.0,2.0,@1.98,1.91,DAY,2025-11-14T14:47:43.290Z,2025-11-14T14:48:02.324Z
TSLA260116P00345000,TSLA260116P00345000,SELL,FILLED,1.0,1.0,@14.7,14.77,DAY,2025-11-14T14:38:46.714Z,2025-11-14T14:39:05.286Z
IREN251219P00045000,IREN251219P00045000,SELL,FILLED,4.0,4.0,@5.95,5.95,DAY,2025-11-14T14:38:27.462Z,2025-11-14T14:38:27.501Z
COIN260116P00250000,COIN260116P00250000,SELL,FILLED,1.0,1.0,@16.9,16.9,DAY,2025-11-14T14:38:19.638Z,2025-11-14T14:38:19.687Z
QQQ251126P00600000,QQQ251126P00600000,SELL,FILLED,1.0,1.0,@11.21,11.23,DAY,2025-11-14T14:37:08.654Z,2025-11-14T14:37:08.744Z
QQQ251114P00591000,QQQ251114P00591000,SELL,FILLED,2.0,2.0,@0.62,0.62,DAY,2025-11-14T14:37:00.643Z,2025-11-14T14:37:20.070Z
COIN251121P00272500,COIN251121P00272500,SELL,FILLED,1.0,1.0,@10.5,10.5,DAY,2025-11-14T14:36:39.754Z,2025-11-14T14:36:39.797Z
OKLO251121P00096000,OKLO251121P00096000,SELL,FILLED,1.0,1.0,@5.65,5.65,DAY,2025-11-14T14:36:09.055Z,2025-11-14T14:36:25.334Z
INTC251121P00033000,INTC251121P00033000,SELL,FILLED,13.0,13.0,@0.4,0.4,DAY,2025-11-14T14:36:01.965Z,2025-11-14T14:36:02.008Z
QQQ251114P00591000,QQQ251114P00591000,BUY,FILLED,2.0,2.0,@1.3,1.28,DAY,2025-11-14T14:32:32.821Z,2025-11-14T14:32:32.961Z
QQQ251114C00616000,QQQ251114C00616000,BUY,FILLED,15.0,15.0,@0.08,0.08,DAY,2025-11-14T14:31:06.191Z,2025-11-14T14:31:06.412Z
QQQ251114C00616000,QQQ251114C00616000,BUY,FILLED,5.0,5.0,@1.16,1.15,DAY,2025-11-13T20:42:36.862Z,2025-11-13T20:42:37.007Z
QQQ251114P00603000,QQQ251114P00603000,SELL,FILLED,2.0,2.0,@1.85,1.85,DAY,2025-11-13T19:37:24.918Z,2025-11-13T19:37:25.653Z
QQQ251114P00603000,QQQ251114P00603000,BUY,FILLED,2.0,2.0,@2.55,2.55,DAY,2025-11-13T18:31:43.880Z,2025-11-13T18:31:44.189Z
COIN251121P00272500,COIN251121P00272500,BUY,FILLED,1.0,1.0,@5.05,5.05,DAY,2025-11-13T17:30:48.629Z,2025-11-13T17:30:55.069Z
TSLA251121P00410000,TSLA251121P00410000,SELL,FILLED,1.0,1.0,@16.45,16.45,DAY,2025-11-13T17:27:26.659Z,2025-11-13T17:27:27.468Z
SNDK251114P00252500,SNDK251114P00252500,SELL,FILLED,1.0,1.0,@8.8,9.35,DAY,2025-11-13T17:26:55.807Z,2025-11-13T17:27:10.544Z
OKLO251121P00096000,OKLO251121P00096000,BUY,FILLED,1.0,1.0,@4.1,4.1,DAY,2025-11-13T17:25:53.952Z,2025-11-13T17:25:54.005Z
TSLA260116P00345000,TSLA260116P00345000,SELL,CANCELLED,0.0,1.0,@12.05,,DAY,2025-11-13T16:40:56.220Z,
SNDK251114P00252500,SNDK251114P00252500,SELL,CANCELLED,0.0,1.0,,,DAY,2025-11-13T16:40:29.991Z,
TSLA260116P00345000,TSLA260116P00345000,SELL,FILLED,1.0,1.0,@11.6,11.65,DAY,2025-11-13T16:36:52.226Z,2025-11-13T16:36:52.431Z
TSLA260116P00405000,TSLA260116P00405000,BUY,FILLED,1.0,1.0,@34.1,34.1,DAY,2025-11-13T16:36:45.778Z,2025-11-13T16:36:45.855Z
TSLA251121P00410000,TSLA251121P00410000,SELL,FILLED,1.0,1.0,@14.7,14.81,DAY,2025-11-13T16:36:16.698Z,2025-11-13T16:36:16.862Z
BABA260116C00160000,BABA260116C00160000,SELL,FILLED,1.0,1.0,@12.45,12.45,DAY,2025-11-13T16:28:45.528Z,2025-11-13T16:28:45.573Z
INTC251121P00033000,INTC251121P00033000,BUY,FILLED,25.0,25.0,@0.21,0.21,DAY,2025-11-13T16:21:42.868Z,2025-11-13T16:21:42.905Z
COIN260116P00250000,COIN260116P00250000,BUY,FILLED,2.0,2.0,@10.8,10.8,DAY,2025-11-13T15:45:16.328Z,2025-11-13T15:45:16.469Z
AMD260116P00210000,AMD260116P00210000,SELL,FILLED,2.0,2.0,@5.55,5.6,DAY,2025-11-13T15:45:01.671Z,2025-11-13T15:45:01.733Z
AMD260116P00210000,AMD260116P00210000,SELL,FILLED,2.0,2.0,@5.65,5.65,DAY,2025-11-13T15:35:02.827Z,2025-11-13T15:35:02.968Z
TSLA260116P00345000,TSLA260116P00345000,BUY,FILLED,1.0,1.0,@11.0,11.0,DAY,2025-11-13T15:34:52.288Z,2025-11-13T15:34:52.329Z
TSLA260116P00345000,TSLA260116P00345000,BUY,FILLED,1.0,1.0,@10.65,10.55,DAY,2025-11-13T15:29:55.214Z,2025-11-13T15:29:55.260Z
HL260116C00016000,HL260116C00016000,SELL,FILLED,10.0,10.0,@1.42,1.42,DAY,2025-11-13T15:28:46.916Z,2025-11-13T15:28:56.624Z
MU251219P00185000,MU251219P00185000,SELL,FILLED,6.0,6.0,@3.1,3.1,DAY,2025-11-13T15:28:24.333Z,2025-11-13T15:28:24.879Z
IREN251219P00045000,IREN251219P00045000,BUY,FILLED,1.0,1.0,@4.7,4.7,DAY,2025-11-13T15:28:18.723Z,2025-11-13T15:28:18.762Z
IREN251219P00045000,IREN251219P00045000,BUY,FILLED,3.0,3.0,@4.7,4.7,DAY,2025-11-13T15:28:03.100Z,2025-11-13T15:28:03.152Z
QQQ251126P00600000,QQQ251126P00600000,BUY,FILLED,2.0,2.0,@5.12,5.05,DAY,2025-11-13T15:03:34.522Z,2025-11-13T15:03:34.720Z
GLD260116C00384000,GLD260116C00384000,SELL,FILLED,1.0,1.0,@16.95,16.95,DAY,2025-11-13T14:57:38.591Z,2025-11-13T14:57:45.904Z
QQQ251113P00616000,QQQ251113P00616000,SELL,FILLED,1.0,1.0,@3.48,3.49,DAY,2025-11-13T14:48:53.575Z,2025-11-13T14:48:53.715Z
MSFT260116P00500000,MSFT260116P00500000,BUY,FILLED,1.0,1.0,@14.25,14.25,DAY,2025-11-13T14:41:00.853Z,2025-11-13T14:41:00.944Z
SNDK251114P00252500,SNDK251114P00252500,BUY,FILLED,1.0,1.0,@4.3,4.3,DAY,2025-11-13T14:33:21.088Z,2025-11-13T14:33:21.216Z
EOSE260116C00025000,EOSE260116C00025000,SELL,FILLED,5.0,5.0,@1.08,1.12,DAY,2025-11-12T17:18:49.966Z,2025-11-12T17:18:50.228Z
QQQ251113P00616000,QQQ251113P00616000,BUY,FILLED,1.0,1.0,@2.16,2.15,DAY,2025-11-12T16:22:08.421Z,2025-11-12T16:22:08.478Z
GLD260116C00384000,GLD260116C00384000,BUY,FILLED,1.0,1.0,@15.7,15.65,DAY,2025-11-12T15:37:08.338Z,2025-11-12T15:37:08.384Z
MSFT260116P00500000,MSFT260116P00500000,BUY,FILLED,1.0,1.0,@14.7,14.7,DAY,2025-11-12T15:16:19.083Z,2025-11-12T15:16:19.178Z
BABA260116C00160000,BABA260116C00160000,BUY,FILLED,1.0,1.0,@11.1,10.98,DAY,2025-11-12T15:00:22.870Z,2025-11-12T15:00:23.011Z
GLD260116C00382000,GLD260116C00382000,BUY,FILLED,1.0,1.0,@13.95,13.87,DAY,2025-11-12T14:44:37.173Z,2025-11-12T14:44:37.355Z
MSFT260116P00500000,MSFT260116P00500000,SELL,FILLED,1.0,1.0,@13.55,13.69,DAY,2025-11-12T14:44:17.023Z,2025-11-12T14:44:17.226Z
ASTS251121P00055000,ASTS251121P00055000,SELL,FILLED,10.0,10.0,@0.41,0.42,DAY,2025-11-12T14:44:06.889Z,2025-11-12T14:44:07.130Z
QQQ251112C00622000,QQQ251112C00622000,SELL,FILLED,2.0,2.0,@1.56,1.56,DAY,2025-11-11T17:24:15.823Z,2025-11-11T17:24:15.871Z
QQQ251112C00622000,QQQ251112C00622000,BUY,FILLED,2.0,2.0,@1.53,1.51,DAY,2025-11-11T17:21:30.135Z,2025-11-11T17:21:30.187Z
QQQ251112C00621000,QQQ251112C00621000,SELL,FILLED,2.0,2.0,@1.4,1.4,DAY,2025-11-11T16:58:43.211Z,2025-11-11T16:58:43.291Z
QQQ251112C00621000,QQQ251112C00621000,BUY,FILLED,2.0,2.0,@1.51,1.51,DAY,2025-11-11T16:51:14.209Z,2025-11-11T16:51:14.605Z
QQQ251112P00614000,QQQ251112P00614000,SELL,FILLED,2.0,2.0,@1.2,1.21,DAY,2025-11-11T16:38:54.702Z,2025-11-11T16:39:03.139Z
QQQ251112P00614000,QQQ251112P00614000,BUY,FILLED,2.0,2.0,@1.27,1.26,DAY,2025-11-11T16:30:00.460Z,2025-11-11T16:30:00.660Z
CRWV251121P00085000,CRWV251121P00085000,SELL,FILLED,1.0,1.0,@2.91,2.91,DAY,2025-11-11T15:51:35.821Z,2025-11-11T15:51:35.935Z
MSFT260116P00500000,MSFT260116P00500000,BUY,FILLED,1.0,1.0,@15.5,15.47,DAY,2025-11-11T15:51:24.445Z,2025-11-11T15:51:24.742Z
PLUG251114C00003000,PLUG251114C00003000,SELL,FILLED,10.0,10.0,@0.02,0.02,DAY,2025-11-11T15:50:34.399Z,2025-11-11T15:50:34.433Z
BIDU260116C00135000,BIDU260116C00135000,SELL,FILLED,1.0,1.0,@10.55,10.55,DAY,2025-11-11T15:50:28.946Z,2025-11-11T15:50:53.384Z
QQQ251111P00600000,QQQ251111P00600000,BUY,FILLED,10.0,10.0,@0.07,0.07,DAY,2025-11-10T20:57:53.273Z,2025-11-10T20:57:53.323Z
CRWV251121P00085000,CRWV251121P00085000,BUY,FILLED,1.0,1.0,@2.22,2.22,DAY,2025-11-10T20:22:57.399Z,2025-11-10T20:22:57.589Z
EOSE260116C00025000,EOSE260116C00025000,BUY,FILLED,5.0,5.0,@2.5,2.48,DAY,2025-11-10T20:13:37.496Z,2025-11-10T20:13:37.531Z
XYZ251219P00070000,XYZ251219P00070000,SELL,FILLED,2.0,2.0,@5.85,5.93,DAY,2025-11-10T20:11:37.229Z,2025-11-10T20:11:37.507Z
PLUG251114C00003000,PLUG251114C00003000,BUY,FILLED,10.0,10.0,@0.11,0.11,DAY,2025-11-10T20:04:04.940Z,2025-11-10T20:04:05.033Z
BIDU260116C00135000,BIDU260116C00135000,SELL,FILLED,1.0,1.0,@10.65,10.65,DAY,2025-11-10T19:34:35.240Z,2025-11-10T19:34:36.774Z
BIDU260116C00135000,BIDU260116C00135000,BUY,FILLED,2.0,2.0,@10.85,10.85,DAY,2025-11-10T19:27:00.638Z,2025-11-10T19:27:00.673Z
QQQ251111P00600000,QQQ251111P00600000,BUY,FILLED,10.0,10.0,@0.24,0.23,DAY,2025-11-10T16:02:33.111Z,2025-11-10T16:02:44.481Z
QQQ251111P00600000,QQQ251111P00600000,BUY,FILLED,10.0,10.0,@0.13,0.13,DAY,2025-11-10T15:40:56.456Z,2025-11-10T15:40:56.502Z
QQQ251110C00612000,QQQ251110C00612000,SELL,FILLED,1.0,1.0,@9.64,9.64,DAY,2025-11-10T15:31:11.972Z,2025-11-10T15:31:12.065Z
GLD260116C00382000,GLD260116C00382000,BUY,FILLED,2.0,2.0,@11.55,11.55,DAY,2025-11-10T15:09:44.925Z,2025-11-10T15:09:45.077Z
HL260116C00016000,HL260116C00016000,BUY,FILLED,10.0,10.0,@1.5,1.47,DAY,2025-11-10T15:09:26.496Z,2025-11-10T15:09:26.686Z
QQQ251110C00612000,QQQ251110C00612000,SELL,FILLED,1.0,1.0,@9.28,9.28,DAY,2025-11-10T14:49:17.920Z,2025-11-10T14:49:18.068Z
QQQ251110C00612000,QQQ251110C00612000,SELL,FILLED,1.0,1.0,@8.05,8.05,DAY,2025-11-10T14:31:28.611Z,2025-11-10T14:31:30.053Z
MU251219P00185000,MU251219P00185000,BUY,FILLED,3.0,3.0,@4.9,4.9,DAY,2025-11-07T20:58:26.325Z,2025-11-07T20:58:26.363Z
QQQ251110C00612000,QQQ251110C00612000,BUY,FILLED,3.0,3.0,@1.89,1.88,DAY,2025-11-07T19:42:25.301Z,2025-11-07T19:42:25.451Z
QQQ251110C00609000,QQQ251110C00609000,SELL,FILLED,3.0,3.0,@1.87,1.87,DAY,2025-11-07T19:14:21.000Z,2025-11-07T19:14:36.863Z
QQQ251110C00609000,QQQ251110C00609000,BUY,FILLED,3.0,3.0,@1.88,1.88,DAY,2025-11-07T19:03:42.773Z,2025-11-07T19:03:42.816Z
QQQ251107P00601000,QQQ251107P00601000,SELL,FILLED,1.0,1.0,@2.11,2.11,DAY,2025-11-07T16:45:53.860Z,2025-11-07T16:45:56.941Z
MU251107P00222500,MU251107P00222500,BUY,FILLED,3.0,3.0,@0.74,0.74,DAY,2025-11-07T16:15:56.190Z,2025-11-07T16:15:56.235Z
GTLB251107C00055000,GTLB251107C00055000,SELL,CANCELLED,0.0,40.0,@0.05,,DAY,2025-11-07T16:01:05.559Z,
QQQ251107P00601000,QQQ251107P00601000,SELL,FILLED,2.0,2.0,@1.77,1.82,DAY,2025-11-07T16:00:52.731Z,2025-11-07T16:00:52.769Z
MU251219P00185000,MU251219P00185000,BUY,FILLED,1.0,1.0,@5.75,5.75,DAY,2025-11-07T16:00:23.044Z,2025-11-07T16:00:23.087Z
QQQ251107P00601000,QQQ251107P00601000,BUY,FILLED,3.0,3.0,@2.06,2.02,DAY,2025-11-07T15:59:22.320Z,2025-11-07T15:59:22.593Z
QQQ251107P00601000,QQQ251107P00601000,SELL,FILLED,3.0,3.0,@1.6,1.62,DAY,2025-11-07T15:51:28.874Z,2025-11-07T15:51:28.916Z
MU251219P00185000,MU251219P00185000,BUY,FILLED,2.0,2.0,@5.45,5.45,DAY,2025-11-07T15:35:22.917Z,2025-11-07T15:35:22.962Z
QQQ251107P00601000,QQQ251107P00601000,BUY,FILLED,3.0,3.0,@1.39,1.38,DAY,2025-11-07T15:34:51.073Z,2025-11-07T15:35:03.170Z
XYZ251121P00071000,XYZ251121P00071000,SELL,FILLED,2.0,2.0,@8.5,8.5,DAY,2025-11-07T14:49:56.968Z,2025-11-07T14:49:57.013Z
TSLA251121P00410000,TSLA251121P00410000,SELL,FILLED,1.0,1.0,@12.5,12.52,DAY,2025-11-07T14:46:53.540Z,2025-11-07T14:46:53.787Z
XYZ251121P00071000,XYZ251121P00071000,SELL,FILLED,2.0,2.0,@8.5,8.5,DAY,2025-11-07T14:37:46.239Z,2025-11-07T14:37:55.933Z
AMD260116P00210000,AMD260116P00210000,BUY,FILLED,4.0,4.0,@12.8,12.8,DAY,2025-11-07T14:37:16.545Z,2025-11-07T14:37:18.389Z
XYZ251114P00067000,XYZ251114P00067000,SELL,FILLED,1.0,1.0,@4.6,4.6,DAY,2025-11-07T14:30:56.443Z,2025-11-07T14:30:58.951Z
XYZ251121P00071000,XYZ251121P00071000,BUY,FILLED,4.0,4.0,@4.9,4.75,DAY,2025-11-06T20:50:18.993Z,2025-11-06T20:50:19.122Z
XYZ251121P00068000,XYZ251121P00068000,SELL,FILLED,3.0,3.0,@3.3,3.3,DAY,2025-11-06T20:49:54.884Z,2025-11-06T20:49:54.929Z
XYZ251121P00068000,XYZ251121P00068000,BUY,FILLED,3.0,3.0,@3.5,3.33,DAY,2025-11-06T20:49:05.854Z,2025-11-06T20:49:06.033Z
XYZ251219P00070000,XYZ251219P00070000,BUY,FILLED,2.0,2.0,@5.5,5.5,DAY,2025-11-06T20:44:33.385Z,2025-11-06T20:44:33.425Z
XYZ251114P00067000,XYZ251114P00067000,BUY,FILLED,1.0,1.0,@2.67,2.67,DAY,2025-11-06T20:33:02.699Z,2025-11-06T20:33:02.739Z
UVXY251107C00013000,UVXY251107C00013000,BUY,FILLED,50.0,50.0,@0.09,0.09,DAY,2025-11-06T17:27:36.032Z,2025-11-06T17:27:36.069Z
TSLA251121P00410000,TSLA251121P00410000,BUY,FILLED,1.0,1.0,@12.1,12.1,DAY,2025-11-06T16:40:43.467Z,2025-11-06T16:40:44.146Z
QQQ251106P00608000,QQQ251106P00608000,BUY,FILLED,1.0,1.0,@0.85,0.84,DAY,2025-11-06T16:39:31.154Z,2025-11-06T16:39:31.385Z
TSLA251121P00410000,TSLA251121P00410000,BUY,FILLED,2.0,2.0,@11.4,11.4,DAY,2025-11-06T16:26:04.457Z,2025-11-06T16:26:04.493Z
ASTS251121P00055000,ASTS251121P00055000,BUY,FILLED,10.0,10.0,@1.9,1.9,DAY,2025-11-06T16:18:36.802Z,2025-11-06T16:18:36.957Z
QQQ251106P00612000,QQQ251106P00612000,SELL,FILLED,2.0,2.0,@1.25,1.28,DAY,2025-11-06T16:06:49.358Z,2025-11-06T16:06:49.574Z
QQQ251106P00612000,QQQ251106P00612000,SELL,FILLED,3.0,3.0,@1.72,1.75,DAY,2025-11-06T16:00:16.069Z,2025-11-06T16:00:16.204Z
GTLB251121C00055000,GTLB251121C00055000,SELL,FILLED,15.0,15.0,@0.15,0.15,DAY,2025-11-06T15:58:50.966Z,2025-11-06T15:58:51.002Z
DASH251107P00192500,DASH251107P00192500,SELL,FILLED,2.0,2.0,@1.27,1.27,DAY,2025-11-06T15:09:06.094Z,2025-11-06T15:09:06.208Z
TE251219C00005000,TE251219C00005000,SELL,FILLED,10.0,10.0,@0.4,0.45,DAY,2025-11-06T15:08:23.413Z,2025-11-06T15:09:15.933Z
EOSE251219C00019000,EOSE251219C00019000,SELL,FILLED,10.0,10.0,@1.2,1.2,DAY,2025-11-06T15:08:16.838Z,2025-11-06T15:08:46.501Z
XPEV251219C00024000,XPEV251219C00024000,SELL,FILLED,2.0,2.0,@1.93,1.93,DAY,2025-11-06T15:03:48.472Z,2025-11-06T15:03:57.104Z
QQQ251106P00612000,QQQ251106P00612000,BUY,FILLED,5.0,5.0,@0.92,0.92,DAY,2025-11-06T15:03:41.529Z,2025-11-06T15:03:41.727Z
DASH251107P00192500,DASH251107P00192500,BUY,FILLED,2.0,2.0,@1.45,1.45,DAY,2025-11-06T14:54:34.236Z,2025-11-06T14:54:42.686Z
QQQ251106P00621000,QQQ251106P00621000,SELL,FILLED,4.0,4.0,@1.91,1.96,DAY,2025-11-06T14:49:35.904Z,2025-11-06T14:49:35.944Z
EOSE251219C00019000,EOSE251219C00019000,SELL,CANCELLED,0.0,5.0,@1.28,,DAY,2025-11-06T14:43:16.613Z,
XPEV251219C00024000,XPEV251219C00024000,BUY,FILLED,2.0,2.0,@2.4,2.4,DAY,2025-11-06T14:39:17.339Z,2025-11-06T14:39:17.390Z
GTLB251107C00055000,GTLB251107C00055000,BUY,FILLED,30.0,30.0,@0.1,0.1,DAY,2025-11-06T14:31:05.328Z,2025-11-06T14:31:26.517Z
QQQ251106P00621000,QQQ251106P00621000,BUY,FILLED,4.0,4.0,@1.6,1.6,DAY,2025-11-05T20:58:19.640Z,2025-11-05T20:58:27.667Z
FSLR251219C00310000,FSLR251219C00310000,SELL,FILLED,2.0,2.0,@9.45,9.76,DAY,2025-11-05T20:58:05.855Z,2025-11-05T20:58:45.403Z
EOSE251219C00019000,EOSE251219C00019000,BUY,FILLED,10.0,10.0,@1.5,1.35,DAY,2025-11-05T20:32:47.313Z,2025-11-05T20:32:47.483Z
TE251219C00005000,TE251219C00005000,BUY,FILLED,10.0,10.0,@0.7,0.7,DAY,2025-11-05T20:27:01.308Z,2025-11-05T20:27:01.345Z
NXPI251219P00200000,NXPI251219P00200000,SELL,FILLED,1.0,1.0,@6.3,6.4,DAY,2025-11-05T19:26:22.394Z,2025-11-05T19:26:30.639Z
FSLR251219C00310000,FSLR251219C00310000,BUY,FILLED,2.0,2.0,@11.55,11.55,DAY,2025-11-05T19:26:10.187Z,2025-11-05T19:26:10.265Z
QQQ251106P00622000,QQQ251106P00622000,SELL,FILLED,2.0,2.0,@1.02,1.02,DAY,2025-11-05T19:20:58.104Z,2025-11-05T19:21:02.294Z
QQQ251106P00622000,QQQ251106P00622000,BUY,FILLED,2.0,2.0,@1.15,1.15,DAY,2025-11-05T19:03:45.834Z,2025-11-05T19:03:46.000Z
FSLR251121C00300000,FSLR251121C00300000,SELL,FILLED,1.0,1.0,@5.6,5.6,DAY,2025-11-05T19:03:17.087Z,2025-11-05T19:03:25.428Z
QQQ251105C00625000,QQQ251105C00625000,SELL,FILLED,10.0,10.0,@0.6,0.6,DAY,2025-11-05T19:02:58.914Z,2025-11-05T19:02:59.079Z
QQQ251105C00626000,QQQ251105C00626000,BUY,FILLED,10.0,10.0,@0.6,0.6,DAY,2025-11-05T19:02:58.914Z,2025-11-05T19:02:59.079Z
FSLR251121C00300000,FSLR251121C00300000,BUY,FILLED,1.0,1.0,@6.05,5.69,DAY,2025-11-05T19:00:08.169Z,2025-11-05T19:00:08.325Z
QQQ251105C00625000,QQQ251105C00625000,SELL,FILLED,10.0,10.0,@0.46,0.46,DAY,2025-11-05T18:01:20.495Z,2025-11-05T18:01:25.126Z
QQQ251105C00626000,QQQ251105C00626000,BUY,FILLED,10.0,10.0,@0.46,0.46,DAY,2025-11-05T18:01:20.495Z,2025-11-05T18:01:25.126Z
PLTR251121P00172500,PLTR251121P00172500,SELL,FILLED,2.0,2.0,@3.55,3.55,DAY,2025-11-05T17:18:56.527Z,2025-11-05T17:18:56.573Z
PLTR251121P00172500,PLTR251121P00172500,BUY,FILLED,2.0,2.0,@4.05,3.96,DAY,2025-11-05T16:54:43.900Z,2025-11-05T16:54:44.216Z
RBLX251121P00105000,RBLX251121P00105000,SELL,FILLED,2.0,2.0,@3.9,3.9,DAY,2025-11-05T16:32:58.643Z,2025-11-05T16:33:15.791Z
RBLX251121P00095000,RBLX251121P00095000,BUY,FILLED,2.0,2.0,@3.9,3.9,DAY,2025-11-05T16:32:58.643Z,2025-11-05T16:33:15.791Z
JKS251121C00030000,JKS251121C00030000,SELL,FILLED,5.0,5.0,@1.0,1.0,DAY,2025-11-05T16:20:21.365Z,2025-11-05T16:20:38.310Z
NXPI251219P00200000,NXPI251219P00200000,SELL,FILLED,1.0,1.0,@8.3,8.3,DAY,2025-11-05T15:34:08.799Z,2025-11-05T15:34:08.925Z
JKS251121C00030000,JKS251121C00030000,BUY,FILLED,5.0,5.0,@0.95,0.95,DAY,2025-11-05T15:32:16.677Z,2025-11-05T15:32:26.637Z
PLTR251219P00165000,PLTR251219P00165000,SELL,FILLED,2.0,2.0,@6.35,6.35,DAY,2025-11-05T15:15:55.984Z,2025-11-05T15:16:10.699Z
PLTR251121P00170000,PLTR251121P00170000,SELL,FILLED,2.0,2.0,@3.7,3.7,DAY,2025-11-05T15:15:51.190Z,2025-11-05T15:15:51.392Z
NXPI251219P00200000,NXPI251219P00200000,BUY,FILLED,2.0,2.0,@8.1,8.1,DAY,2025-11-05T15:11:22.183Z,2025-11-05T15:11:22.238Z
NXPI251219P00200000,NXPI251219P00200000,SELL,FILLED,3.0,3.0,@8.0,8.05,DAY,2025-11-05T15:10:51.255Z,2025-11-05T15:10:51.475Z
MSTR251219P00240000,MSTR251219P00240000,SELL,FILLED,1.0,1.0,@19.2,19.2,DAY,2025-11-05T15:10:13.340Z,2025-11-05T15:10:17.758Z
CVNA251121P00260000,CVNA251121P00260000,SELL,FILLED,2.0,2.0,@2.47,2.48,DAY,2025-11-05T15:10:00.341Z,2025-11-05T15:10:00.384Z
CVNA251121P00260000,CVNA251121P00260000,SELL,FILLED,2.0,2.0,@2.47,2.47,DAY,2025-11-05T15:09:56.039Z,2025-11-05T15:09:56.092Z
NXPI251219P00200000,NXPI251219P00200000,SELL,CANCELLED,0.0,2.0,@8.1,,DAY,2025-11-05T15:09:49.251Z,
PLTR251121P00170000,PLTR251121P00170000,BUY,FILLED,2.0,2.0,@4.25,4.2,DAY,2025-11-05T15:00:19.552Z,2025-11-05T15:00:27.245Z
MP251205P00055000,MP251205P00055000,SELL,FILLED,2.0,2.0,@4.7,4.7,DAY,2025-11-05T14:57:09.385Z,2025-11-05T14:57:15.944Z
MU251107C00225000,MU251107C00225000,SELL,FILLED,4.0,4.0,@1.68,1.68,DAY,2025-11-05T14:54:45.940Z,2025-11-05T14:56:28.621Z
MU251107C00227500,MU251107C00227500,BUY,FILLED,4.0,4.0,@1.68,1.68,DAY,2025-11-05T14:54:45.940Z,2025-11-05T14:56:28.621Z
MU251121P00202500,MU251121P00202500,SELL,FILLED,4.0,4.0,@2.89,2.89,DAY,2025-11-05T14:54:00.257Z,2025-11-05T14:54:00.316Z
MSTR251219P00240000,MSTR251219P00240000,SELL,FILLED,1.0,1.0,@19.2,19.2,DAY,2025-11-05T14:31:05.047Z,2025-11-05T14:31:06.167Z
MU251121P00202500,MU251121P00202500,BUY,CANCELLED,0.0,1.0,@6.05,,DAY,2025-11-04T20:59:59.902Z,
CVNA251121P00260000,CVNA251121P00260000,BUY,FILLED,2.0,2.0,@3.7,3.7,DAY,2025-11-04T20:57:47.041Z,2025-11-04T20:57:47.077Z
QQQ251105C00625000,QQQ251105C00625000,BUY,FILLED,20.0,20.0,@0.21,0.21,DAY,2025-11-04T20:56:58.287Z,2025-11-04T20:57:16.324Z
QQQ251105C00626000,QQQ251105C00626000,SELL,FILLED,20.0,20.0,@0.21,0.21,DAY,2025-11-04T20:56:58.287Z,2025-11-04T20:57:16.324Z
NXPI251219P00200000,NXPI251219P00200000,BUY,FILLED,2.0,2.0,@9.2,9.1,DAY,2025-11-04T20:56:02.409Z,2025-11-04T20:56:02.695Z
MU251107C00225000,MU251107C00225000,BUY,FILLED,4.0,4.0,@0.82,0.82,DAY,2025-11-04T20:29:22.037Z,2025-11-04T20:29:34.058Z
MU251107C00227500,MU251107C00227500,SELL,FILLED,4.0,4.0,@0.82,0.82,DAY,2025-11-04T20:29:22.037Z,2025-11-04T20:29:34.058Z
MU251121P00202500,MU251121P00202500,BUY,CANCELLED,0.0,1.0,@5.6,,DAY,2025-11-04T20:28:23.926Z,
NXPI251219P00200000,NXPI251219P00200000,SELL,FILLED,1.0,1.0,@8.5,8.53,DAY,2025-11-04T20:27:55.382Z,2025-11-04T20:27:55.527Z
BMNR251219P00040000,BMNR251219P00040000,SELL,FILLED,1.0,1.0,@5.95,6.01,DAY,2025-11-04T20:26:27.431Z,2025-11-04T20:26:27.625Z
PLTR251121P00177500,PLTR251121P00177500,SELL,FILLED,2.0,2.0,@5.0,5.09,DAY,2025-11-04T20:26:17.136Z,2025-11-04T20:26:17.354Z
CVNA251121P00260000,CVNA251121P00260000,SELL,FILLED,2.0,2.0,@3.0,3.3,DAY,2025-11-04T20:26:09.315Z,2025-11-04T20:26:09.448Z
MU251121P00202500,MU251121P00202500,BUY,FILLED,4.0,4.0,@5.85,5.8,DAY,2025-11-04T20:25:54.671Z,2025-11-04T20:25:54.730Z
BMNR251219P00040000,BMNR251219P00040000,BUY,FILLED,1.0,1.0,@5.95,5.94,DAY,2025-11-04T20:16:49.610Z,2025-11-04T20:16:49.747Z
PLTR251121P00177500,PLTR251121P00177500,BUY,FILLED,2.0,2.0,@5.25,5.25,DAY,2025-11-04T19:51:33.671Z,2025-11-04T19:51:33.726Z
RBLX251121P00105000,RBLX251121P00105000,SELL,FILLED,3.0,3.0,@3.27,3.27,DAY,2025-11-04T16:42:44.313Z,2025-11-04T16:42:44.385Z
RBLX251121P00095000,RBLX251121P00095000,BUY,FILLED,3.0,3.0,@3.27,3.27,DAY,2025-11-04T16:42:44.313Z,2025-11-04T16:42:44.385Z
RBLX251121P00105000,RBLX251121P00105000,SELL,FILLED,5.0,5.0,@3.54,3.59,DAY,2025-11-04T16:16:48.780Z,2025-11-04T16:16:55.667Z
RBLX251121P00095000,RBLX251121P00095000,BUY,FILLED,5.0,5.0,@3.54,3.59,DAY,2025-11-04T16:16:48.780Z,2025-11-04T16:16:55.667Z
PLTR251219P00165000,PLTR251219P00165000,SELL,FILLED,3.0,3.0,@4.9,4.9,DAY,2025-11-04T15:07:36.547Z,2025-11-04T15:07:36.965Z
PLTR251219P00165000,PLTR251219P00165000,BUY,FILLED,5.0,5.0,@4.9,4.9,DAY,2025-11-04T15:07:11.882Z,2025-11-04T15:07:13.180Z
INTC251121P00035500,INTC251121P00035500,SELL,FILLED,20.0,20.0,@0.75,0.75,DAY,2025-11-04T14:56:25.646Z,2025-11-04T14:56:33.906Z
NXPI251219P00200000,NXPI251219P00200000,BUY,FILLED,1.0,1.0,@8.3,8.3,DAY,2025-11-04T14:45:21.367Z,2025-11-04T14:45:29.486Z
NXPI251219P00200000,NXPI251219P00200000,BUY,FILLED,1.0,1.0,@8.2,8.2,DAY,2025-11-04T14:44:13.407Z,2025-11-04T14:45:09.756Z
GLD260220C00369000,GLD260220C00369000,SELL,FILLED,1.0,1.0,@13.85,13.85,DAY,2025-11-04T14:43:44.678Z,2025-11-04T14:44:05.885Z
PLTR251219P00155000,PLTR251219P00155000,SELL,FILLED,1.0,1.0,@3.6,3.6,DAY,2025-11-04T14:43:34.230Z,2025-11-04T14:43:37.615Z
INTC251121P00035500,INTC251121P00035500,BUY,FILLED,10.0,10.0,@0.95,0.95,DAY,2025-11-04T14:39:06.593Z,2025-11-04T14:39:06.654Z
PLTR251219P00155000,PLTR251219P00155000,BUY,FILLED,1.0,1.0,@4.2,4.1,DAY,2025-11-04T14:36:56.100Z,2025-11-04T14:36:56.220Z
CVNA251121P00260000,CVNA251121P00260000,BUY,FILLED,2.0,2.0,@2.76,2.76,DAY,2025-11-04T14:33:36.379Z,2025-11-04T14:33:36.438Z
QQQ251104P00618000,QQQ251104P00618000,BUY,FILLED,1.0,1.0,@1.08,1.08,DAY,2025-11-04T14:33:15.037Z,2025-11-04T14:33:15.086Z
INTC251121P00035500,INTC251121P00035500,BUY,FILLED,10.0,10.0,@0.88,0.84,DAY,2025-11-04T14:32:27.805Z,2025-11-04T14:32:27.949Z
MSTR251219P00240000,MSTR251219P00240000,BUY,FILLED,1.0,1.0,@17.4,17.4,DAY,2025-11-04T14:30:33.505Z,2025-11-04T14:30:33.559Z
GTLB251107C00055000,GTLB251107C00055000,BUY,FILLED,5.0,5.0,@1.05,1.03,DAY,2025-11-03T20:55:45.818Z,2025-11-03T20:55:54.974Z
RIOT251121P00019500,RIOT251121P00019500,SELL,FILLED,3.0,3.0,,1.2,DAY,2025-11-03T20:46:09.700Z,2025-11-03T20:46:09.788Z
GTLB251107C00055000,GTLB251107C00055000,BUY,FILLED,1.0,1.0,@1.3,1.3,DAY,2025-11-03T20:42:15.768Z,2025-11-03T20:42:16.632Z
RIOT251121P00019500,RIOT251121P00019500,SELL,CANCELLED,0.0,3.0,@1.2,,DAY,2025-11-03T20:40:14.176Z,
GTLB251121C00055000,GTLB251121C00055000,BUY,FILLED,10.0,10.0,@2.05,2.04,DAY,2025-11-03T20:40:00.170Z,2025-11-03T20:40:00.380Z
GTLB251121C00055000,GTLB251121C00055000,BUY,FILLED,5.0,5.0,@2.1,2.05,DAY,2025-11-03T20:39:45.235Z,2025-11-03T20:39:45.290Z
GTLB251107C00055000,GTLB251107C00055000,BUY,FILLED,4.0,4.0,@1.25,1.25,DAY,2025-11-03T20:39:33.222Z,2025-11-03T20:39:33.324Z
RIOT251121P00019500,RIOT251121P00019500,BUY,FILLED,3.0,3.0,@1.18,1.18,DAY,2025-11-03T19:58:56.956Z,2025-11-03T19:58:57.010Z
DASH251121P00240000,DASH251121P00240000,SELL,FILLED,1.0,1.0,@12.7,12.7,DAY,2025-11-03T19:57:49.616Z,2025-11-03T19:57:57.154Z
MP251205P00055000,MP251205P00055000,BUY,FILLED,2.0,2.0,@3.7,3.7,DAY,2025-11-03T19:21:27.431Z,2025-11-03T19:21:37.977Z
DASH251121P00240000,DASH251121P00240000,BUY,FILLED,1.0,1.0,@12.2,12.2,DAY,2025-11-03T16:27:40.073Z,2025-11-03T16:27:48.404Z
GME251121P00020000,GME251121P00020000,SELL,FILLED,10.0,10.0,@0.21,0.21,DAY,2025-11-03T16:27:18.709Z,2025-11-03T16:28:03.334Z
TSLA251121C00495000,TSLA251121C00495000,SELL,FILLED,1.0,1.0,@15.45,15.45,DAY,2025-11-03T15:54:41.471Z,2025-11-03T15:54:44.302Z
GME251121P00020000,GME251121P00020000,BUY,FILLED,10.0,10.0,@0.27,0.27,DAY,2025-11-03T15:26:12.007Z,2025-11-03T15:26:12.057Z
TSLA251121C00495000,TSLA251121C00495000,BUY,FILLED,1.0,1.0,@14.75,14.63,DAY,2025-11-03T14:48:11.839Z,2025-11-03T14:48:12.098Z
RBLX251121P00105000,RBLX251121P00105000,BUY,FILLED,10.0,10.0,@1.89,1.77,DAY,2025-10-31T18:28:47.465Z,2025-10-31T18:28:47.618Z
RBLX251121P00095000,RBLX251121P00095000,SELL,FILLED,10.0,10.0,@1.89,1.77,DAY,2025-10-31T18:28:47.465Z,2025-10-31T18:28:47.618Z
GOOG251219P00275000,GOOG251219P00275000,SELL,FILLED,2.0,2.0,@10.25,10.25,DAY,2025-10-31T18:01:15.647Z,2025-10-31T18:01:22.353Z
GOOG251219P00275000,GOOG251219P00275000,BUY,FILLED,2.0,2.0,@10.25,10.18,DAY,2025-10-31T17:54:31.771Z,2025-10-31T17:54:31.913Z
CVNA251121P00260000,CVNA251121P00260000,BUY,FILLED,1.0,1.0,@5.8,5.8,DAY,2025-10-31T17:10:30.186Z,2025-10-31T17:10:39.796Z
AMZN251121P00215000,AMZN251121P00215000,SELL,FILLED,2.0,2.0,@0.44,0.45,DAY,2025-10-31T13:30:31.879Z,2025-10-31T13:30:43.038Z
MSTR251121P00235000,MSTR251121P00235000,SELL,FILLED,1.0,1.0,@6.45,7.0,DAY,2025-10-31T13:30:18.747Z,2025-10-31T13:30:18.878Z
MSTR251121P00235000,MSTR251121P00235000,BUY,FILLED,1.0,1.0,@10.85,10.8,DAY,2025-10-30T19:58:03.430Z,2025-10-30T19:58:03.618Z
IREN251121P00054000,IREN251121P00054000,SELL,FILLED,2.0,2.0,@5.3,5.3,DAY,2025-10-30T19:22:27.006Z,2025-10-30T19:22:27.124Z
AMZN251121P00215000,AMZN251121P00215000,BUY,FILLED,1.0,1.0,@5.7,5.7,DAY,2025-10-30T19:19:23.114Z,2025-10-30T19:19:23.160Z
IREN251121P00054000,IREN251121P00054000,BUY,FILLED,2.0,2.0,@5.5,5.5,DAY,2025-10-30T18:59:30.657Z,2025-10-30T18:59:30.700Z
AMZN251121P00215000,AMZN251121P00215000,BUY,FILLED,1.0,1.0,@5.6,5.6,DAY,2025-10-30T16:36:21.748Z,2025-10-30T16:36:21.868Z
CVNA251121P00260000,CVNA251121P00260000,SELL,FILLED,1.0,1.0,@3.9,3.98,DAY,2025-10-30T16:22:19.123Z,2025-10-30T16:22:27.341Z
BABA260116C00180000,BABA260116C00180000,SELL,FILLED,1.0,1.0,@13.75,13.75,DAY,2025-10-30T16:22:07.001Z,2025-10-30T16:22:07.058Z
COIN251121P00317500,COIN251121P00317500,SELL,FILLED,1.0,1.0,@12.3,12.3,DAY,2025-10-30T16:21:57.166Z,2025-10-30T16:22:33.403Z
COIN251121P00317500,COIN251121P00317500,BUY,FILLED,1.0,1.0,@13.0,13.0,DAY,2025-10-30T14:53:38.612Z,2025-10-30T14:53:38.656Z
BABA260116C00180000,BABA260116C00180000,SELL,FILLED,1.0,1.0,@13.6,13.6,DAY,2025-10-30T14:40:31.740Z,2025-10-30T14:40:39.217Z
MSTR251219P00240000,MSTR251219P00240000,SELL,FILLED,1.0,1.0,@13.9,13.9,DAY,2025-10-30T14:40:16.685Z,2025-10-30T14:40:24.560Z
STLA251121C00012000,STLA251121C00012000,SELL,FILLED,20.0,20.0,@0.05,0.06,DAY,2025-10-30T14:09:12.575Z,2025-10-30T14:09:22.363Z
BABA260116C00180000,BABA260116C00180000,BUY,FILLED,2.0,2.0,@14.5,14.5,DAY,2025-10-30T13:56:17.979Z,2025-10-30T13:56:27.386Z
MSTR251219P00240000,MSTR251219P00240000,BUY,FILLED,1.0,1.0,@15.2,15.2,DAY,2025-10-30T13:43:22.429Z,2025-10-30T13:43:22.474Z
BABA260116C00180000,BABA260116C00180000,SELL,FILLED,2.0,2.0,@13.55,13.55,DAY,2025-10-30T13:42:04.139Z,2025-10-30T13:42:04.182Z
QQQ251031P00617000,QQQ251031P00617000,BUY,FILLED,3.0,3.0,@1.25,1.25,DAY,2025-10-30T13:38:08.833Z,2025-10-30T13:38:08.990Z
META251031P00637500,META251031P00637500,SELL,FILLED,1.0,1.0,@2.36,2.36,DAY,2025-10-30T13:37:08.600Z,2025-10-30T13:37:08.644Z
CVNA251121P00260000,CVNA251121P00260000,BUY,FILLED,1.0,1.0,@6.4,6.4,DAY,2025-10-30T13:37:00.223Z,2025-10-30T13:37:00.298Z
BABA251121C00195000,BABA251121C00195000,SELL,FILLED,2.0,2.0,@3.4,3.4,DAY,2025-10-30T13:35:46.432Z,2025-10-30T13:35:46.479Z
META251031P00637500,META251031P00637500,BUY,FILLED,1.0,1.0,@4.45,4.45,DAY,2025-10-30T13:32:08.409Z,2025-10-30T13:32:11.937Z
INTC251219C00040000,INTC251219C00040000,SELL,FILLED,5.0,5.0,@4.15,4.15,DAY,2025-10-30T13:31:06.172Z,2025-10-30T13:31:34.944Z
INTC251121C00045000,INTC251121C00045000,SELL,FILLED,3.0,3.0,@1.32,1.37,DAY,2025-10-30T13:30:54.602Z,2025-10-30T13:30:54.754Z
STX251219C00280000,STX251219C00280000,SELL,FILLED,1.0,1.0,@15.7,15.7,DAY,2025-10-30T13:30:41.556Z,2025-10-30T13:30:41.603Z
STLA251219C00013000,STLA251219C00013000,SELL,FILLED,10.0,10.0,@0.05,0.07,DAY,2025-10-30T13:30:27.627Z,2025-10-30T13:30:28.005Z
SCCO251219C00135000,SCCO251219C00135000,SELL,FILLED,2.0,2.0,@10.0,10.0,DAY,2025-10-30T13:30:22.311Z,2025-10-30T13:30:22.354Z
STLA251219C00011000,STLA251219C00011000,SELL,FILLED,25.0,25.0,@0.35,0.35,DAY,2025-10-30T13:30:15.024Z,2025-10-30T13:30:15.249Z
CVNA251121P00260000,CVNA251121P00260000,BUY,FILLED,1.0,1.0,@4.3,4.3,DAY,2025-10-29T19:48:57.883Z,2025-10-29T19:48:57.925Z
NVDA251031C00217500,NVDA251031C00217500,SELL,FILLED,1.0,1.0,@1.25,1.25,DAY,2025-10-29T18:43:11.822Z,2025-10-29T18:43:11.993Z
QQQ251031P00617000,QQQ251031P00617000,BUY,FILLED,1.0,1.0,@1.83,1.75,DAY,2025-10-29T18:42:58.444Z,2025-10-29T18:42:58.499Z
AVGO251121C00405000,AVGO251121C00405000,SELL,FILLED,1.0,1.0,@9.2,9.2,DAY,2025-10-29T18:40:15.536Z,2025-10-29T18:40:15.581Z
TSLA251121C00515000,TSLA251121C00515000,SELL,FILLED,1.0,1.0,@9.0,9.0,DAY,2025-10-29T18:24:02.700Z,2025-10-29T18:24:02.742Z
BABA251031C00195000,BABA251031C00195000,BUY,FILLED,8.0,8.0,@0.35,0.35,DAY,2025-10-29T18:02:54.779Z,2025-10-29T18:02:54.827Z
CVNA251114P00342500,CVNA251114P00342500,BUY,CANCELLED,0.0,8.0,@0.35,,DAY,2025-10-29T16:57:33.477Z,
CVNA251114P00340000,CVNA251114P00340000,SELL,CANCELLED,0.0,8.0,@0.35,,DAY,2025-10-29T16:57:33.477Z,
GLD260220C00369000,GLD260220C00369000,SELL,FILLED,1.0,1.0,@18.0,18.0,DAY,2025-10-29T16:09:50.447Z,2025-10-29T16:09:50.498Z
STX251114C00240000,STX251114C00240000,SELL,FILLED,1.0,1.0,@26.1,26.1,DAY,2025-10-29T14:25:27.245Z,2025-10-29T14:25:37.548Z
STX251219C00280000,STX251219C00280000,BUY,FILLED,1.0,1.0,@15.2,15.2,DAY,2025-10-29T14:25:16.311Z,2025-10-29T14:25:18.684Z
GLD260220C00369000,GLD260220C00369000,BUY,FILLED,1.0,1.0,@19.15,19.15,DAY,2025-10-29T14:11:54.189Z,2025-10-29T14:12:03.669Z
BABA260116C00180000,BABA260116C00180000,BUY,FILLED,2.0,2.0,@17.15,17.15,DAY,2025-10-29T13:48:52.725Z,2025-10-29T13:48:52.776Z
MU251121C00260000,MU251121C00260000,SELL,FILLED,2.0,2.0,@5.2,5.33,DAY,2025-10-29T13:40:24.035Z,2025-10-29T13:40:24.091Z
TLT251121C00093000,TLT251121C00093000,SELL,FILLED,10.0,10.0,@0.52,0.53,DAY,2025-10-29T13:38:02.637Z,2025-10-29T13:38:21.091Z
BABA251121C00195000,BABA251121C00195000,BUY,FILLED,2.0,2.0,@5.95,5.95,DAY,2025-10-29T13:37:49.650Z,2025-10-29T13:38:09.702Z
NVDA251031C00217500,NVDA251031C00217500,BUY,FILLED,1.0,1.0,@2.46,2.4,DAY,2025-10-29T13:35:31.125Z,2025-10-29T13:35:31.267Z
GLD260220C00369000,GLD260220C00369000,BUY,FILLED,1.0,1.0,@18.75,18.75,DAY,2025-10-29T13:33:25.378Z,2025-10-29T13:33:25.433Z
MU251121C00260000,MU251121C00260000,BUY,FILLED,2.0,2.0,@6.65,6.5,DAY,2025-10-29T13:31:24.211Z,2025-10-29T13:31:31.864Z
STLA251219C00013000,STLA251219C00013000,BUY,FILLED,10.0,10.0,@0.25,0.23,DAY,2025-10-28T19:52:01.797Z,2025-10-28T19:52:24.998Z
TSLA251121C00515000,TSLA251121C00515000,SELL,FILLED,1.0,1.0,@9.25,9.25,DAY,2025-10-28T19:49:37.236Z,2025-10-28T19:49:37.297Z
MSTR251219P00240000,MSTR251219P00240000,BUY,FILLED,1.0,1.0,@10.3,10.25,DAY,2025-10-28T19:33:08.459Z,2025-10-28T19:33:08.574Z
STX251114C00240000,STX251114C00240000,SELL,FILLED,1.0,1.0,@8.3,8.3,DAY,2025-10-28T19:05:49.261Z,2025-10-28T19:05:49.378Z
WMT251219P00095000,WMT251219P00095000,SELL,FILLED,4.0,4.0,@1.24,1.25,DAY,2025-10-28T19:04:30.817Z,2025-10-28T19:04:31.053Z
SCCO251219C00135000,SCCO251219C00135000,BUY,FILLED,2.0,2.0,@9.3,9.3,DAY,2025-10-28T19:03:55.362Z,2025-10-28T19:03:55.462Z
TSLA251121C00515000,TSLA251121C00515000,SELL,CANCELLED,0.0,1.0,@9.95,,DAY,2025-10-28T18:04:06.547Z,
KRE251121P00059000,KRE251121P00059000,SELL,FILLED,5.0,5.0,@0.93,0.93,DAY,2025-10-28T14:31:44.579Z,2025-10-28T14:31:51.356Z
INTC251121C00045000,INTC251121C00045000,BUY,FILLED,3.0,3.0,@1.68,1.68,DAY,2025-10-28T14:31:30.790Z,2025-10-28T14:31:30.904Z
TSLA251121C00515000,TSLA251121C00515000,BUY,FILLED,2.0,2.0,@10.55,10.55,DAY,2025-10-28T14:28:22.152Z,2025-10-28T14:28:22.741Z
ASTS251121C00079000,ASTS251121C00079000,SELL,FILLED,1.0,1.0,@9.4,9.87,DAY,2025-10-28T14:15:59.864Z,2025-10-28T14:16:00.056Z
INTC251219C00040000,INTC251219C00040000,BUY,FILLED,5.0,5.0,@4.35,4.34,DAY,2025-10-28T14:15:36.139Z,2025-10-28T14:15:43.916Z
GOOG251121C00272500,GOOG251121C00272500,SELL,FILLED,1.0,1.0,@9.9,9.9,DAY,2025-10-28T14:02:21.946Z,2025-10-28T14:02:29.115Z
STX251114C00240000,STX251114C00240000,BUY,FILLED,1.0,1.0,@8.0,8.0,DAY,2025-10-28T13:56:12.674Z,2025-10-28T14:57:44.045Z
HL251121P00011000,HL251121P00011000,SELL,FILLED,8.0,8.0,@0.39,0.39,DAY,2025-10-28T13:48:40.893Z,2025-10-28T13:48:41.003Z
KRE251121P00059000,KRE251121P00059000,BUY,FILLED,5.0,5.0,@1.11,1.11,DAY,2025-10-28T13:48:28.282Z,2025-10-28T13:48:58.085Z
TLT251121C00093000,TLT251121C00093000,BUY,FILLED,10.0,10.0,@0.52,0.52,DAY,2025-10-28T13:44:06.102Z,2025-10-28T13:44:06.148Z
AVGO251121C00405000,AVGO251121C00405000,BUY,FILLED,1.0,1.0,@5.6,5.6,DAY,2025-10-28T13:33:13.943Z,2025-10-28T13:33:18.931Z
ASTS251121C00079000,ASTS251121C00079000,BUY,FILLED,1.0,1.0,@10.45,10.45,DAY,2025-10-27T19:56:15.813Z,2025-10-27T19:56:15.912Z
TSLA251121C00530000,TSLA251121C00530000,SELL,FILLED,1.0,1.0,@6.1,6.1,DAY,2025-10-27T19:09:05.432Z,2025-10-27T19:09:05.479Z
INTC251121C00041500,INTC251121C00041500,SELL,FILLED,3.0,3.0,@1.81,1.81,DAY,2025-10-27T19:08:56.867Z,2025-10-27T19:08:58.423Z
GOOG251121C00272500,GOOG251121C00272500,BUY,FILLED,1.0,1.0,@10.45,10.45,DAY,2025-10-27T17:52:43.654Z,2025-10-27T17:52:43.720Z
BULL251121C00013000,BULL251121C00013000,SELL,FILLED,6.0,6.0,@0.7,0.7,DAY,2025-10-27T15:21:17.795Z,2025-10-27T15:21:28.221Z
TSLA251121C00530000,TSLA251121C00530000,BUY,FILLED,1.0,1.0,@5.9,5.85,DAY,2025-10-27T15:16:59.420Z,2025-10-27T15:16:59.462Z
BULL251121C00013000,BULL251121C00013000,SELL,CANCELLED,0.0,6.0,@0.72,,DAY,2025-10-27T15:16:36.038Z,
STLA251219C00011000,STLA251219C00011000,BUY,FILLED,25.0,25.0,@0.85,0.85,DAY,2025-10-27T15:13:35.644Z,2025-10-27T15:13:35.681Z
QCOM251031C00245000,QCOM251031C00245000,SELL,FILLED,1.0,1.0,@0.71,0.72,DAY,2025-10-27T14:50:39.513Z,2025-10-27T14:50:39.664Z
STLA251121C00012000,STLA251121C00012000,BUY,FILLED,20.0,20.0,@0.3,0.3,DAY,2025-10-27T14:31:56.716Z,2025-10-27T14:32:08.159Z
QCOM251031C00245000,QCOM251031C00245000,BUY,FILLED,1.0,1.0,@1.92,1.92,DAY,2025-10-27T14:20:17.143Z,2025-10-27T14:20:17.254Z
HL251121P00011000,HL251121P00011000,BUY,FILLED,8.0,8.0,@0.58,0.54,DAY,2025-10-27T14:16:48.603Z,2025-10-27T14:16:48.778Z
BULL251121C00013000,BULL251121C00013000,BUY,FILLED,6.0,6.0,@0.85,0.82,DAY,2025-10-27T13:57:46.655Z,2025-10-27T13:57:46.851Z
GOOG251121C00272500,GOOG251121C00272500,SELL,FILLED,2.0,2.0,@9.1,9.15,DAY,2025-10-27T13:46:34.350Z,2025-10-27T13:46:34.396Z
INTC251121C00041500,INTC251121C00041500,BUY,FILLED,3.0,3.0,@1.78,1.78,DAY,2025-10-27T13:35:04.151Z,2025-10-27T13:35:04.257Z
WMT251219P00095000,WMT251219P00095000,BUY,FILLED,4.0,4.0,@1.08,1.08,DAY,2025-10-27T13:33:03.397Z,2025-10-27T13:33:03.538Z
TM251121P00195000,TM251121P00195000,SELL,FILLED,2.0,2.0,@1.05,1.05,DAY,2025-10-27T13:32:46.091Z,2025-10-27T13:33:10.418Z
UUUU251031C00030000,UUUU251031C00030000,SELL,FILLED,3.0,3.0,@0.85,0.97,DAY,2025-10-27T13:30:07.109Z,2025-10-27T13:30:07.368Z
AMD251114C00265000,AMD251114C00265000,SELL,FILLED,1.0,1.0,@11.45,11.45,DAY,2025-10-24T19:41:59.518Z,2025-10-24T19:41:59.566Z
AMD251114C00265000,AMD251114C00265000,SELL,CANCELLED,0.0,1.0,@11.6,,DAY,2025-10-24T19:41:41.188Z,
MU251114C00230000,MU251114C00230000,SELL,FILLED,1.0,1.0,@9.3,9.3,DAY,2025-10-24T19:41:20.439Z,2025-10-24T19:41:20.505Z
UUUU251031C00030000,UUUU251031C00030000,BUY,FILLED,3.0,3.0,@2.15,2.13,DAY,2025-10-24T19:40:33.202Z,2025-10-24T19:40:34.007Z
AMD251024C00255000,AMD251024C00255000,SELL,FILLED,1.0,1.0,@0.86,0.86,DAY,2025-10-24T14:47:36.011Z,2025-10-24T14:47:38.875Z
AMD251024C00255000,AMD251024C00255000,BUY,FILLED,1.0,1.0,@0.95,0.94,DAY,2025-10-24T14:37:23.984Z,2025-10-24T14:37:24.025Z
INTC251024C00041500,INTC251024C00041500,SELL,FILLED,8.0,8.0,@0.02,0.02,DAY,2025-10-24T14:35:57.051Z,2025-10-24T14:35:57.106Z
GOOG251121C00272500,GOOG251121C00272500,BUY,FILLED,2.0,2.0,@7.45,7.45,DAY,2025-10-24T14:27:08.054Z,2025-10-24T14:27:08.202Z
GLD251219C00381000,GLD251219C00381000,SELL,FILLED,1.0,1.0,@12.55,12.55,DAY,2025-10-24T13:46:24.814Z,2025-10-24T13:46:26.192Z
UUUU251121C00030000,UUUU251121C00030000,SELL,FILLED,4.0,4.0,@2.3,2.3,DAY,2025-10-24T13:40:42.422Z,2025-10-24T13:40:42.476Z
INTC251024C00041500,INTC251024C00041500,BUY,FILLED,8.0,8.0,@0.39,0.35,DAY,2025-10-24T13:37:05.337Z,2025-10-24T13:37:05.439Z
AMD251114C00265000,AMD251114C00265000,BUY,FILLED,1.0,1.0,@10.05,10.05,DAY,2025-10-24T13:33:44.073Z,2025-10-24T13:33:44.219Z
CVNA251219P00260000,CVNA251219P00260000,SELL,FILLED,1.0,1.0,@11.05,12.4,DAY,2025-10-24T13:32:15.754Z,2025-10-24T13:32:15.903Z
STX251114C00240000,STX251114C00240000,BUY,FILLED,1.0,1.0,@15.7,15.4,DAY,2025-10-24T13:30:23.257Z,2025-10-24T13:30:23.320Z
NEM251114C00091000,NEM251114C00091000,SELL,FILLED,1.0,1.0,@4.3,4.3,DAY,2025-10-23T19:31:13.688Z,2025-10-23T19:31:25.649Z
TM251121P00195000,TM251121P00195000,BUY,FILLED,2.0,2.0,@2.85,2.85,DAY,2025-10-23T19:30:53.607Z,2025-10-23T19:30:53.657Z
MU251114C00230000,MU251114C00230000,BUY,FILLED,1.0,1.0,@4.65,4.62,DAY,2025-10-23T19:12:11.671Z,2025-10-23T19:12:26.234Z
NEM251114C00091000,NEM251114C00091000,BUY,FILLED,1.0,1.0,@4.55,4.4,DAY,2025-10-23T19:11:49.346Z,2025-10-23T19:11:49.394Z
TLT251231C00090000,TLT251231C00090000,SELL,FILLED,10.0,10.0,@2.59,2.59,DAY,2025-10-23T16:48:27.658Z,2025-10-23T16:48:27.700Z
TLT251231C00090000,TLT251231C00090000,SELL,FILLED,10.0,10.0,@2.67,2.67,DAY,2025-10-23T15:11:56.975Z,2025-10-23T15:11:57.020Z
KRE251219P00060000,KRE251219P00060000,SELL,FILLED,6.0,6.0,@2.6,2.6,DAY,2025-10-23T15:09:43.217Z,2025-10-23T15:09:49.490Z
CVNA251219P00260000,CVNA251219P00260000,SELL,FILLED,1.0,1.0,@16.55,16.55,DAY,2025-10-23T15:09:32.442Z,2025-10-23T15:09:32.577Z
XOM251219C00115000,XOM251219C00115000,SELL,FILLED,4.0,4.0,@4.25,4.3,DAY,2025-10-23T15:09:01.228Z,2025-10-23T15:09:01.319Z
IONQ251219P00070000,IONQ251219P00070000,SELL,FILLED,1.0,1.0,@15.75,15.75,DAY,2025-10-23T15:08:54.023Z,2025-10-23T15:08:54.167Z
CVNA251121P00290000,CVNA251121P00290000,SELL,FILLED,1.0,1.0,@19.8,19.8,DAY,2025-10-23T15:08:44.498Z,2025-10-23T15:08:44.543Z
TSLA251024P00420000,TSLA251024P00420000,SELL,FILLED,1.0,1.0,@5.3,5.3,DAY,2025-10-23T14:46:01.982Z,2025-10-23T14:46:09.162Z
TSLA251024P00420000,TSLA251024P00420000,BUY,FILLED,1.0,1.0,@5.95,5.95,DAY,2025-10-23T14:44:13.071Z,2025-10-23T14:44:21.668Z
IONQ251219P00049000,IONQ251219P00049000,SELL,FILLED,3.0,3.0,@4.7,4.87,DAY,2025-10-23T14:42:53.077Z,2025-10-23T14:43:00.760Z
TSLA251024P00420000,TSLA251024P00420000,SELL,FILLED,1.0,1.0,@5.35,5.35,DAY,2025-10-23T14:42:00.814Z,2025-10-23T14:42:00.979Z
UVXY251024C00012500,UVXY251024C00012500,SELL,FILLED,10.0,10.0,@0.05,0.07,DAY,2025-10-23T14:40:45.291Z,2025-10-23T14:40:53.302Z
TSLA251024P00420000,TSLA251024P00420000,BUY,FILLED,1.0,1.0,@5.4,5.4,DAY,2025-10-23T14:21:03.689Z,2025-10-23T14:21:12.122Z
SMCI251024P00049500,SMCI251024P00049500,SELL,FILLED,5.0,5.0,@1.32,1.32,DAY,2025-10-23T14:20:31.780Z,2025-10-23T14:20:31.967Z
UUUU251121C00030000,UUUU251121C00030000,SELL,FILLED,1.0,1.0,@3.3,3.3,DAY,2025-10-23T14:18:04.890Z,2025-10-23T14:18:04.967Z
GLD251219C00381000,GLD251219C00381000,BUY,FILLED,1.0,1.0,@15.15,15.15,DAY,2025-10-23T14:14:55.025Z,2025-10-23T14:14:55.074Z
SMCI251024P00049500,SMCI251024P00049500,BUY,FILLED,5.0,5.0,@1.21,1.21,DAY,2025-10-23T14:08:17.234Z,2025-10-23T14:08:17.371Z
STX251121P00180000,STX251121P00180000,SELL,FILLED,1.0,1.0,@2.1,2.1,DAY,2025-10-23T13:59:25.890Z,2025-10-23T13:59:25.932Z
UUUU251121C00030000,UUUU251121C00030000,SELL,FILLED,5.0,5.0,@3.7,3.7,DAY,2025-10-23T13:59:00.755Z,2025-10-23T13:59:00.840Z
STX251219P00190000,STX251219P00190000,SELL,FILLED,1.0,1.0,@6.8,7.3,DAY,2025-10-23T13:49:59.597Z,2025-10-23T13:49:59.774Z
SMCI251024P00049500,SMCI251024P00049500,SELL,FILLED,10.0,10.0,@0.59,0.61,DAY,2025-10-23T13:47:11.249Z,2025-10-23T13:47:11.305Z
SMCI251024P00049500,SMCI251024P00049500,BUY,FILLED,10.0,10.0,@1.03,0.97,DAY,2025-10-23T13:40:21.870Z,2025-10-23T13:40:21.915Z
TSLA251024P00415000,TSLA251024P00415000,SELL,CANCELLED,0.0,2.0,@1.1,,DAY,2025-10-23T13:38:00.284Z,
TSLA251024P00412500,TSLA251024P00412500,BUY,CANCELLED,0.0,2.0,@1.1,,DAY,2025-10-23T13:38:00.284Z,
TSLA251024P00402500,TSLA251024P00402500,SELL,FILLED,4.0,4.0,@2.5,2.6,DAY,2025-10-23T13:37:49.862Z,2025-10-23T13:37:50.024Z
STX251219P00190000,STX251219P00190000,SELL,FILLED,1.0,1.0,@7.6,7.6,DAY,2025-10-23T13:35:11.261Z,2025-10-23T13:37:26.564Z
XOM251219C00115000,XOM251219C00115000,BUY,FILLED,4.0,4.0,@4.8,4.8,DAY,2025-10-23T13:33:03.458Z,2025-10-23T13:33:03.546Z
TSLA251024P00402500,TSLA251024P00402500,BUY,FILLED,4.0,4.0,@2.24,2.07,DAY,2025-10-23T13:30:44.845Z,2025-10-23T13:30:44.997Z
COIN251219P00290000,COIN251219P00290000,SELL,FILLED,1.0,1.0,@19.8,19.8,DAY,2025-10-22T19:32:31.036Z,2025-10-22T19:32:38.163Z
COIN251219P00290000,COIN251219P00290000,SELL,CANCELLED,0.0,1.0,@19.8,,DAY,2025-10-22T19:22:24.591Z,
TSLA251024P00415000,TSLA251024P00415000,BUY,FILLED,2.0,2.0,@0.8,0.74,DAY,2025-10-22T19:06:20.811Z,2025-10-22T19:06:20.954Z
TSLA251024P00412500,TSLA251024P00412500,SELL,FILLED,2.0,2.0,@0.8,0.74,DAY,2025-10-22T19:06:20.811Z,2025-10-22T19:06:20.954Z
BYND251024P00002000,BYND251024P00002000,SELL,FILLED,15.0,15.0,@0.09,0.09,DAY,2025-10-22T19:05:30.178Z,2025-10-22T19:05:39.701Z
CVNA251121P00290000,CVNA251121P00290000,BUY,FILLED,1.0,1.0,@22.15,22.15,DAY,2025-10-22T19:04:13.314Z,2025-10-22T19:04:13.453Z
UUUU251024C00024000,UUUU251024C00024000,BUY,FILLED,4.0,4.0,@1.15,1.15,DAY,2025-10-22T18:59:52.810Z,2025-10-22T19:12:24.842Z
CVNA251121P00330000,CVNA251121P00330000,SELL,FILLED,1.0,1.0,@39.15,39.15,DAY,2025-10-22T18:58:59.100Z,2025-10-22T18:59:06.840Z
BYND251024P00002000,BYND251024P00002000,BUY,FILLED,15.0,15.0,@0.15,0.15,DAY,2025-10-22T17:17:37.008Z,2025-10-22T17:17:37.163Z
QQQ251022P00598000,QQQ251022P00598000,SELL,FILLED,4.0,4.0,@0.18,0.18,DAY,2025-10-22T16:55:32.144Z,2025-10-22T16:55:32.206Z
QQQ251022P00598000,QQQ251022P00598000,BUY,FILLED,4.0,4.0,@0.71,0.71,DAY,2025-10-22T16:34:23.188Z,2025-10-22T16:34:25.017Z
UUUU251121C00030000,UUUU251121C00030000,BUY,FILLED,5.0,5.0,@1.7,1.7,DAY,2025-10-22T15:49:20.625Z,2025-10-22T15:49:20.668Z
UUUU251121C00030000,UUUU251121C00030000,BUY,FILLED,5.0,5.0,@1.7,1.7,DAY,2025-10-22T15:48:34.097Z,2025-10-22T15:48:34.153Z
UVXY251024C00012500,UVXY251024C00012500,BUY,FILLED,10.0,10.0,@0.19,0.17,DAY,2025-10-22T15:31:12.582Z,2025-10-22T15:31:12.869Z
STX251121P00180000,STX251121P00180000,BUY,FILLED,1.0,1.0,@4.6,4.6,DAY,2025-10-22T15:25:38.500Z,2025-10-22T15:25:38.542Z
STX251219P00190000,STX251219P00190000,BUY,FILLED,2.0,2.0,@10.2,10.2,DAY,2025-10-22T15:19:18.631Z,2025-10-22T15:19:28.604Z
AMD251121P00207500,AMD251121P00207500,SELL,FILLED,2.0,2.0,@7.35,7.35,DAY,2025-10-22T15:18:57.878Z,2025-10-22T15:18:58.455Z
BYND251024C00006000,BYND251024C00006000,SELL,FILLED,1.0,1.0,@1.69,1.77,DAY,2025-10-22T15:05:07.308Z,2025-10-22T15:09:32.337Z
QQQ251022P00603000,QQQ251022P00603000,SELL,FILLED,3.0,3.0,@0.41,0.42,DAY,2025-10-22T14:54:27.706Z,2025-10-22T14:54:44.331Z
QQQ251022P00603000,QQQ251022P00603000,BUY,FILLED,3.0,3.0,@0.74,0.72,DAY,2025-10-22T14:42:57.274Z,2025-10-22T14:42:57.330Z
QUBT251219P00012000,QUBT251219P00012000,SELL,FILLED,8.0,8.0,@1.25,1.27,DAY,2025-10-22T14:42:18.177Z,2025-10-22T14:42:18.864Z
CVNA251219P00260000,CVNA251219P00260000,BUY,FILLED,2.0,2.0,@15.35,15.35,DAY,2025-10-22T14:41:27.756Z,2025-10-22T14:41:36.552Z
QUBT251219P00012000,QUBT251219P00012000,BUY,FILLED,8.0,8.0,@1.35,1.31,DAY,2025-10-22T14:39:42.332Z,2025-10-22T14:39:55.539Z
BYND251024C00006000,BYND251024C00006000,SELL,FILLED,1.0,1.0,@2.65,2.66,DAY,2025-10-22T14:34:28.925Z,2025-10-22T14:34:36.692Z
QQQ251022P00606000,QQQ251022P00606000,SELL,FILLED,3.0,3.0,@1.17,1.18,DAY,2025-10-22T14:34:17.655Z,2025-10-22T14:34:17.711Z
AMD251121P00207500,AMD251121P00207500,BUY,FILLED,2.0,2.0,@6.65,6.65,DAY,2025-10-22T14:28:25.022Z,2025-10-22T14:28:25.073Z
QQQ251022P00606000,QQQ251022P00606000,BUY,FILLED,3.0,3.0,@0.72,0.72,DAY,2025-10-22T14:26:52.039Z,2025-10-22T14:26:54.387Z
QQQ251022P00606000,QQQ251022P00606000,SELL,FILLED,4.0,4.0,@0.56,0.56,DAY,2025-10-22T14:25:28.399Z,2025-10-22T14:25:28.486Z
COIN251219P00290000,COIN251219P00290000,BUY,FILLED,1.0,1.0,@18.1,17.9,DAY,2025-10-22T14:24:54.480Z,2025-10-22T14:24:54.736Z
QQQ251022P00606000,QQQ251022P00606000,BUY,FILLED,4.0,4.0,@0.62,0.61,DAY,2025-10-22T14:23:57.624Z,2025-10-22T14:23:57.731Z
GTLB251121C00052500,GTLB251121C00052500,SELL,FILLED,2.0,2.0,@1.95,1.95,DAY,2025-10-22T14:02:30.780Z,2025-10-22T14:02:30.849Z
DNUT251024C00006000,DNUT251024C00006000,BUY,FILLED,3.0,3.0,@0.7,0.7,DAY,2025-10-22T14:00:13.218Z,2025-10-22T14:00:13.257Z
QQQ251022P00607000,QQQ251022P00607000,SELL,FILLED,2.0,2.0,@0.61,0.61,DAY,2025-10-22T13:46:55.445Z,2025-10-22T13:46:55.591Z
GTLB251121C00052500,GTLB251121C00052500,SELL,CANCELLED,0.0,2.0,@2.3,,DAY,2025-10-22T13:43:54.078Z,
IONQ251219P00049000,IONQ251219P00049000,BUY,FILLED,1.0,1.0,@5.25,5.25,DAY,2025-10-22T13:38:59.017Z,2025-10-22T13:38:59.074Z
BYND251024C00006000,BYND251024C00006000,BUY,FILLED,2.0,2.0,@1.5,1.5,DAY,2025-10-22T13:34:18.912Z,2025-10-22T13:39:19.641Z
STLA251121C00012500,STLA251121C00012500,SELL,FILLED,20.0,20.0,@0.1,0.12,DAY,2025-10-22T13:31:51.482Z,2025-10-22T13:32:15.702Z
QQQ251022P00607000,QQQ251022P00607000,BUY,FILLED,2.0,2.0,@1.05,0.98,DAY,2025-10-22T13:31:19.935Z,2025-10-22T13:31:20.135Z
GTLB260116C00050000,GTLB260116C00050000,SELL,FILLED,2.0,2.0,@5.7,5.7,DAY,2025-10-22T13:30:43.801Z,2025-10-22T13:30:43.901Z
STLA251219C00011000,STLA251219C00011000,SELL,FILLED,15.0,15.0,@0.75,0.75,DAY,2025-10-22T13:30:32.654Z,2025-10-22T13:30:32.862Z
ZION251121P00045000,ZION251121P00045000,SELL,FILLED,3.0,3.0,@0.35,0.35,DAY,2025-10-21T16:02:35.298Z,2025-10-21T16:02:51.518Z
CVNA251121P00330000,CVNA251121P00330000,SELL,FILLED,1.0,1.0,@22.95,23.26,DAY,2025-10-21T15:49:44.986Z,2025-10-21T15:50:03.369Z
USAR251219P00028000,USAR251219P00028000,SELL,FILLED,2.0,2.0,@7.0,7.0,DAY,2025-10-21T15:41:18.347Z,2025-10-21T15:41:26.410Z
ORCL251219P00280000,ORCL251219P00280000,SELL,FILLED,1.0,1.0,@23.75,23.75,DAY,2025-10-21T15:40:58.258Z,2025-10-21T15:40:58.303Z
STLA251121C00012500,STLA251121C00012500,BUY,FILLED,20.0,20.0,@0.25,0.22,DAY,2025-10-21T15:36:42.071Z,2025-10-21T15:36:42.117Z
STLA251219C00011000,STLA251219C00011000,BUY,FILLED,15.0,15.0,@1.0,0.95,DAY,2025-10-21T15:36:32.077Z,2025-10-21T15:36:32.139Z
GTLB251121C00052500,GTLB251121C00052500,BUY,FILLED,2.0,2.0,@2.8,2.74,DAY,2025-10-21T15:17:47.479Z,2025-10-21T15:17:47.621Z
GTLB260116C00050000,GTLB260116C00050000,BUY,FILLED,2.0,2.0,@6.8,6.8,DAY,2025-10-21T15:13:26.979Z,2025-10-21T15:13:52.490Z
QQQ251021P00608000,QQQ251021P00608000,SELL,FILLED,3.0,3.0,@0.33,0.33,DAY,2025-10-21T15:01:10.520Z,2025-10-21T15:01:10.576Z
USAR251219P00028000,USAR251219P00028000,BUY,FILLED,2.0,2.0,@7.1,7.1,DAY,2025-10-21T14:38:13.571Z,2025-10-21T14:38:21.244Z
QQQ251021P00608000,QQQ251021P00608000,BUY,FILLED,3.0,3.0,@0.72,0.7,DAY,2025-10-21T14:27:07.826Z,2025-10-21T14:27:07.882Z
AMD251219C00270000,AMD251219C00270000,SELL,FILLED,1.0,1.0,@11.75,11.75,DAY,2025-10-21T14:05:05.579Z,2025-10-21T14:05:08.615Z
CVNA251121P00330000,CVNA251121P00330000,BUY,FILLED,1.0,1.0,@25.85,25.85,DAY,2025-10-21T13:58:21.742Z,2025-10-21T13:58:32.392Z
AMD251219C00270000,AMD251219C00270000,SELL,FILLED,1.0,1.0,@12.6,12.6,DAY,2025-10-21T13:53:29.971Z,2025-10-21T13:53:36.188Z
GLXY251219C00040000,GLXY251219C00040000,SELL,FILLED,1.0,1.0,@8.3,8.3,DAY,2025-10-21T13:44:40.543Z,2025-10-21T13:44:40.580Z
GLD251219C00407000,GLD251219C00407000,SELL,FILLED,2.0,2.0,@8.8,8.8,DAY,2025-10-21T13:30:20.081Z,2025-10-21T13:30:20.332Z
SLV251219C00046000,SLV251219C00046000,SELL,FILLED,3.0,3.0,@2.16,2.3,DAY,2025-10-21T13:30:13.478Z,2025-10-21T13:30:13.664Z
GLD251219C00407000,GLD251219C00407000,BUY,FILLED,2.0,2.0,@15.7,15.7,DAY,2025-10-20T19:34:37.361Z,2025-10-20T19:34:37.404Z
CVNA251121P00330000,CVNA251121P00330000,SELL,FILLED,1.0,1.0,@28.95,28.95,DAY,2025-10-20T19:21:35.315Z,2025-10-20T19:21:43.935Z
ZION251121P00045000,ZION251121P00045000,BUY,FILLED,3.0,3.0,@0.9,0.89,DAY,2025-10-20T19:03:16.784Z,2025-10-20T19:03:16.821Z
ORCL251219P00280000,ORCL251219P00280000,BUY,FILLED,1.0,1.0,@26.15,26.15,DAY,2025-10-20T18:59:07.487Z,2025-10-20T18:59:07.637Z
MSTR251219P00300000,MSTR251219P00300000,SELL,FILLED,1.0,1.0,@31.45,31.45,DAY,2025-10-20T18:54:14.223Z,2025-10-20T18:54:14.283Z
GLXY251219C00040000,GLXY251219C00040000,BUY,FILLED,1.0,1.0,@7.5,7.5,DAY,2025-10-20T17:36:04.313Z,2025-10-20T17:36:04.444Z
JEF251219P00055000,JEF251219P00055000,SELL,FILLED,2.0,2.0,@4.3,4.3,DAY,2025-10-20T16:38:37.673Z,2025-10-20T16:38:37.725Z
MSTR251219P00300000,MSTR251219P00300000,BUY,FILLED,1.0,1.0,@31.65,31.65,DAY,2025-10-20T16:20:21.341Z,2025-10-20T16:20:21.396Z
AMD251219C00270000,AMD251219C00270000,BUY,FILLED,1.0,1.0,@13.2,13.05,DAY,2025-10-20T14:02:35.108Z,2025-10-20T14:02:35.171Z
KRE251121P00058000,KRE251121P00058000,SELL,FILLED,3.0,3.0,@1.72,1.72,DAY,2025-10-20T13:43:32.508Z,2025-10-20T13:43:32.568Z
KRE251121P00053000,KRE251121P00053000,SELL,FILLED,10.0,10.0,@0.66,0.66,DAY,2025-10-20T13:43:20.890Z,2025-10-20T13:46:41.169Z
MSTR251219P00305000,MSTR251219P00305000,SELL,FILLED,1.0,1.0,@33.95,33.95,DAY,2025-10-20T13:42:42.816Z,2025-10-20T13:42:42.906Z
QQQ251020C00611000,QQQ251020C00611000,SELL,FILLED,10.0,10.0,@0.72,0.74,DAY,2025-10-20T13:33:26.999Z,2025-10-20T13:33:27.141Z
AMD251219C00270000,AMD251219C00270000,BUY,FILLED,1.0,1.0,@12.25,12.25,DAY,2025-10-20T13:32:10.578Z,2025-10-20T13:32:20.123Z
ORCL251219P00280000,ORCL251219P00280000,SELL,FILLED,1.0,1.0,@20.5,20.5,DAY,2025-10-17T19:53:52.840Z,2025-10-17T19:53:52.988Z
QQQ251020C00611000,QQQ251020C00611000,BUY,FILLED,10.0,10.0,@0.52,0.52,DAY,2025-10-17T19:47:46.097Z,2025-10-17T19:47:46.321Z
UUUU251121P00024000,UUUU251121P00024000,SELL,FILLED,3.0,3.0,@5.9,5.9,DAY,2025-10-17T17:22:02.260Z,2025-10-17T17:22:09.942Z
SLV251219C00046000,SLV251219C00046000,SELL,FILLED,3.0,3.0,@3.4,3.4,DAY,2025-10-17T17:21:12.088Z,2025-10-17T17:21:12.123Z
SLV251219C00046000,SLV251219C00046000,BUY,FILLED,6.0,6.0,@3.55,3.55,DAY,2025-10-17T17:16:54.683Z,2025-10-17T17:16:54.742Z
CRWV251017P00126000,CRWV251017P00126000,SELL,FILLED,3.0,3.0,@0.06,0.06,DAY,2025-10-17T16:49:49.572Z,2025-10-17T16:49:49.650Z
CRWV251121P00110000,CRWV251121P00110000,SELL,FILLED,3.0,3.0,@5.25,5.5,DAY,2025-10-17T16:49:43.233Z,2025-10-17T16:49:43.283Z
QQQ251017P00594000,QQQ251017P00594000,SELL,FILLED,10.0,10.0,@0.29,0.29,DAY,2025-10-17T16:27:54.619Z,2025-10-17T16:27:55.470Z
QQQ251017P00594000,QQQ251017P00594000,BUY,FILLED,10.0,10.0,@0.36,0.35,DAY,2025-10-17T16:16:36.322Z,2025-10-17T16:16:36.719Z
ORCL251219P00280000,ORCL251219P00280000,BUY,FILLED,1.0,1.0,@21.35,21.35,DAY,2025-10-17T16:13:26.099Z,2025-10-17T16:13:26.133Z
QQQ251017P00594000,QQQ251017P00594000,SELL,FILLED,5.0,5.0,@0.9,0.91,DAY,2025-10-17T15:40:58.370Z,2025-10-17T15:40:58.500Z
INTC251121C00040000,INTC251121C00040000,SELL,FILLED,4.0,4.0,@2.44,2.44,DAY,2025-10-17T15:31:43.957Z,2025-10-17T15:31:44.034Z
ALAB251017P00150000,ALAB251017P00150000,SELL,FILLED,2.0,2.0,@0.95,0.95,DAY,2025-10-17T15:20:46.484Z,2025-10-17T15:20:55.138Z
CRWV251017P00126000,CRWV251017P00126000,BUY,FILLED,3.0,3.0,@0.77,0.77,DAY,2025-10-17T15:20:39.889Z,2025-10-17T15:21:03.557Z
ALAB251017P00150000,ALAB251017P00150000,BUY,FILLED,2.0,2.0,@1.0,1.0,DAY,2025-10-17T15:12:51.502Z,2025-10-17T15:13:01.702Z
QQQ251017P00594000,QQQ251017P00594000,BUY,FILLED,5.0,5.0,@1.1,1.09,DAY,2025-10-17T15:12:09.215Z,2025-10-17T15:12:24.951Z
KRE251121P00053000,KRE251121P00053000,BUY,FILLED,10.0,10.0,@1.17,1.16,DAY,2025-10-17T15:10:20.634Z,2025-10-17T15:10:20.679Z
CRWV251121P00110000,CRWV251121P00110000,BUY,FILLED,1.0,1.0,@6.05,5.98,DAY,2025-10-17T15:04:49.067Z,2025-10-17T15:04:49.199Z
CRWV251121P00110000,CRWV251121P00110000,BUY,FILLED,2.0,2.0,@6.1,5.9,DAY,2025-10-17T15:04:35.512Z,2025-10-17T15:04:35.553Z
CRWV251031P00130000,CRWV251031P00130000,BUY,CANCELLED,0.0,2.0,@8.1,,DAY,2025-10-17T15:04:04.316Z,
ALAB251017P00150000,ALAB251017P00150000,SELL,FILLED,2.0,2.0,@0.5,0.59,DAY,2025-10-17T14:16:28.004Z,2025-10-17T14:16:40.687Z
CRWV251031P00130000,CRWV251031P00130000,SELL,FILLED,2.0,2.0,@6.8,6.8,DAY,2025-10-17T14:15:49.634Z,2025-10-17T14:15:49.692Z
INTC251121C00040000,INTC251121C00040000,BUY,FILLED,4.0,4.0,@3.0,3.0,DAY,2025-10-17T14:15:43.839Z,2025-10-17T14:15:44.401Z
SLV251017P00046500,SLV251017P00046500,SELL,FILLED,10.0,10.0,@0.18,0.19,DAY,2025-10-17T14:12:05.949Z,2025-10-17T14:12:18.499Z
SLV251017P00046500,SLV251017P00046500,BUY,FILLED,10.0,10.0,@0.24,0.23,DAY,2025-10-17T14:04:53.236Z,2025-10-17T14:04:53.270Z
SLV251219C00047500,SLV251219C00047500,SELL,FILLED,10.0,10.0,@3.25,3.25,DAY,2025-10-17T14:02:42.279Z,2025-10-17T14:02:42.333Z
KRE251121P00058000,KRE251121P00058000,SELL,FILLED,4.0,4.0,@2.52,2.52,DAY,2025-10-17T13:48:03.108Z,2025-10-17T13:48:03.581Z
TLT251231C00090000,TLT251231C00090000,BUY,FILLED,2.0,2.0,@2.67,2.66,DAY,2025-10-17T13:47:02.707Z,2025-10-17T13:47:02.868Z
TLT251231C00090000,TLT251231C00090000,BUY,FILLED,3.0,3.0,@2.66,2.65,DAY,2025-10-17T13:46:36.664Z,2025-10-17T13:46:36.800Z
BMNR251121P00050000,BMNR251121P00050000,SELL,FILLED,1.0,1.0,@7.0,7.0,DAY,2025-10-17T13:39:00.455Z,2025-10-17T13:39:00.494Z
JEF251219P00055000,JEF251219P00055000,SELL,FILLED,1.0,1.0,@7.1,7.1,DAY,2025-10-17T13:36:02.729Z,2025-10-17T13:36:11.563Z
KYIV251121C00020000,KYIV251121C00020000,SELL,FILLED,10.0,10.0,@0.25,0.3,DAY,2025-10-17T13:35:21.973Z,2025-10-17T13:35:46.819Z
SKYT251024P00016000,SKYT251024P00016000,SELL,FILLED,4.0,4.0,@0.9,0.95,DAY,2025-10-17T13:34:57.051Z,2025-10-17T13:35:06.010Z
UVXY251017C00016000,UVXY251017C00016000,SELL,FILLED,25.0,25.0,@0.04,0.04,DAY,2025-10-17T13:34:37.763Z,2025-10-17T13:34:45.577Z
SLV251219C00047500,SLV251219C00047500,SELL,FILLED,5.0,5.0,@3.65,3.65,DAY,2025-10-17T13:33:11.329Z,2025-10-17T13:33:11.362Z
ALAB251017P00150000,ALAB251017P00150000,BUY,FILLED,2.0,2.0,@0.95,0.95,DAY,2025-10-17T13:31:54.044Z,2025-10-17T13:31:54.113Z
KRE251024P00053000,KRE251024P00053000,BUY,FILLED,5.0,5.0,@0.94,0.93,DAY,2025-10-16T19:59:13.971Z,2025-10-16T19:59:14.019Z
SKYT251024P00016000,SKYT251024P00016000,BUY,FILLED,4.0,4.0,@0.95,0.95,DAY,2025-10-16T19:56:52.855Z,2025-10-16T19:56:52.897Z
QQQ251017P00598000,QQQ251017P00598000,SELL,FILLED,1.0,1.0,@2.82,2.82,DAY,2025-10-16T19:54:43.010Z,2025-10-16T19:54:43.353Z
BMNR251121P00050000,BMNR251121P00050000,BUY,FILLED,1.0,1.0,@6.5,6.5,DAY,2025-10-16T19:43:26.767Z,2025-10-16T19:43:26.812Z
JEF251219P00055000,JEF251219P00055000,SELL,FILLED,1.0,1.0,@8.3,8.3,DAY,2025-10-16T19:34:31.131Z,2025-10-16T19:34:31.162Z
MSTR251219P00305000,MSTR251219P00305000,SELL,CANCELLED,0.0,1.0,@24.3,,DAY,2025-10-16T19:33:54.535Z,
MSTR251219P00255000,MSTR251219P00255000,BUY,CANCELLED,0.0,1.0,@24.3,,DAY,2025-10-16T19:33:54.535Z,
KRE251121P00058000,KRE251121P00058000,SELL,FILLED,3.0,3.0,@3.1,3.15,DAY,2025-10-16T19:19:20.324Z,2025-10-16T19:19:20.397Z
KRE251017P00054000,KRE251017P00054000,SELL,FILLED,10.0,10.0,@0.2,0.21,DAY,2025-10-16T19:19:07.876Z,2025-10-16T19:19:07.946Z
KRE251017P00054000,KRE251017P00054000,BUY,FILLED,10.0,10.0,@0.29,0.27,DAY,2025-10-16T19:18:36.011Z,2025-10-16T19:18:36.247Z
HL251121C00015000,HL251121C00015000,SELL,FILLED,9.0,9.0,@1.78,1.8,DAY,2025-10-16T19:16:48.568Z,2025-10-16T19:16:48.784Z
KRE251219P00060000,KRE251219P00060000,BUY,FILLED,3.0,3.0,@4.7,4.62,DAY,2025-10-16T19:16:26.838Z,2025-10-16T19:16:26.977Z
TLT251231C00090000,TLT251231C00090000,BUY,FILLED,5.0,5.0,@2.8,2.8,DAY,2025-10-16T18:22:53.465Z,2025-10-16T18:22:53.608Z
QQQ251017P00598000,QQQ251017P00598000,SELL,FILLED,1.0,1.0,@4.77,4.82,DAY,2025-10-16T18:12:34.113Z,2025-10-16T18:12:34.325Z
UVXY251017C00016000,UVXY251017C00016000,BUY,FILLED,25.0,25.0,@0.22,0.21,DAY,2025-10-16T16:31:18.327Z,2025-10-16T16:31:18.416Z
KYIV251121C00020000,KYIV251121C00020000,BUY,FILLED,10.0,10.0,@0.6,0.6,DAY,2025-10-16T16:29:20.904Z,2025-10-16T16:29:21.005Z
CRWV251031P00130000,CRWV251031P00130000,BUY,FILLED,2.0,2.0,@5.95,5.95,DAY,2025-10-16T16:26:56.429Z,2025-10-16T16:27:01.914Z
ALAB251219P00150000,ALAB251219P00150000,SELL,FILLED,1.0,1.0,@18.0,18.0,DAY,2025-10-16T16:25:10.831Z,2025-10-16T16:25:10.884Z
ALAB251219P00150000,ALAB251219P00150000,BUY,FILLED,1.0,1.0,@18.6,18.6,DAY,2025-10-16T15:58:31.443Z,2025-10-16T15:58:59.171Z
AMD251219P00230000,AMD251219P00230000,SELL,FILLED,1.0,1.0,@19.8,19.8,DAY,2025-10-16T15:57:56.561Z,2025-10-16T15:57:56.591Z
AMD251219P00230000,AMD251219P00230000,BUY,FILLED,1.0,1.0,@20.05,20.0,DAY,2025-10-16T15:57:11.340Z,2025-10-16T15:57:11.390Z
QQQ251017P00598000,QQQ251017P00598000,BUY,FILLED,2.0,2.0,@2.18,2.18,DAY,2025-10-16T15:55:36.547Z,2025-10-16T15:55:37.029Z
MU251219C00230000,MU251219C00230000,SELL,FILLED,2.0,2.0,@14.25,14.25,DAY,2025-10-16T15:54:59.127Z,2025-10-16T15:54:59.188Z
MU251017C00212500,MU251017C00212500,SELL,FILLED,2.0,2.0,@1.1,1.12,DAY,2025-10-16T15:42:00.667Z,2025-10-16T15:42:00.821Z
KRE251219P00060000,KRE251219P00060000,BUY,FILLED,3.0,3.0,@3.2,3.17,DAY,2025-10-16T15:34:32.818Z,2025-10-16T15:34:32.862Z
ZION251121P00047500,ZION251121P00047500,BUY,CANCELLED,0.0,5.0,@1.75,,DAY,2025-10-16T15:32:46.410Z,
QQQ251016P00602000,QQQ251016P00602000,SELL,FILLED,2.0,2.0,@0.69,0.69,DAY,2025-10-16T15:04:32.051Z,2025-10-16T15:04:32.120Z
MU251017C00212500,MU251017C00212500,BUY,FILLED,2.0,2.0,@1.18,1.18,DAY,2025-10-16T14:23:24.274Z,2025-10-16T14:23:24.312Z
UUUU251121P00024000,UUUU251121P00024000,SELL,FILLED,2.0,2.0,@4.2,4.2,DAY,2025-10-16T14:13:27.328Z,2025-10-16T14:13:46.755Z
QQQ251016P00602000,QQQ251016P00602000,BUY,FILLED,2.0,2.0,@1.14,1.14,DAY,2025-10-16T14:05:11.804Z,2025-10-16T14:05:20.326Z
IONQ251219P00049000,IONQ251219P00049000,BUY,FILLED,2.0,2.0,@3.9,3.77,DAY,2025-10-16T14:01:43.604Z,2025-10-16T14:01:43.808Z
JEF251219P00055000,JEF251219P00055000,BUY,FILLED,4.0,4.0,@4.6,4.6,DAY,2025-10-16T13:32:21.397Z,2025-10-16T13:32:25.480Z
OWL251121P00014000,OWL251121P00014000,SELL,FILLED,18.0,18.0,@0.15,0.15,DAY,2025-10-16T13:31:56.471Z,2025-10-16T13:32:44.021Z
ASML251219P00880000,ASML251219P00880000,SELL,FILLED,1.0,1.0,@13.2,13.4,DAY,2025-10-16T13:31:43.656Z,2025-10-16T13:31:43.897Z
MU251219C00230000,MU251219C00230000,BUY,FILLED,2.0,2.0,@11.55,11.55,DAY,2025-10-16T13:31:23.763Z,2025-10-16T13:31:27.979Z
MU251017C00205000,MU251017C00205000,SELL,FILLED,10.0,10.0,@1.44,1.83,DAY,2025-10-16T13:31:01.988Z,2025-10-16T13:31:02.627Z
MU251017C00205000,MU251017C00205000,BUY,FILLED,10.0,10.0,@1.57,1.57,DAY,2025-10-16T13:30:47.657Z,2025-10-16T13:30:47.691Z
HIMS251219C00055000,HIMS251219C00055000,SELL,FILLED,1.0,1.0,@14.95,14.95,DAY,2025-10-16T13:30:21.360Z,2025-10-16T13:30:23.534Z
QQQ251015P00589000,QQQ251015P00589000,SELL,FILLED,15.0,15.0,@0.01,0.01,DAY,2025-10-15T19:50:45.146Z,2025-10-15T19:50:45.623Z
HL251121C00015000,HL251121C00015000,BUY,FILLED,9.0,9.0,@1.19,1.19,DAY,2025-10-15T19:35:40.520Z,2025-10-15T19:35:40.562Z
HIMS251219C00055000,HIMS251219C00055000,BUY,FILLED,1.0,1.0,@16.0,16.0,DAY,2025-10-15T19:08:38.477Z,2025-10-15T19:08:38.600Z
CRDO260116P00135000,CRDO260116P00135000,SELL,FILLED,1.0,1.0,@24.3,24.3,DAY,2025-10-15T19:03:47.215Z,2025-10-15T19:03:47.268Z
KRE251121P00058000,KRE251121P00058000,BUY,FILLED,10.0,10.0,@1.01,0.97,DAY,2025-10-15T17:52:24.679Z,2025-10-15T17:52:24.761Z
TLT251231C00090000,TLT251231C00090000,SELL,FILLED,10.0,10.0,@2.29,2.29,DAY,2025-10-15T17:30:55.932Z,2025-10-15T17:30:56.144Z
CVNA251121P00330000,CVNA251121P00330000,BUY,FILLED,1.0,1.0,@23.85,23.85,DAY,2025-10-15T17:22:52.181Z,2025-10-15T17:22:52.225Z
QQQ251015P00589000,QQQ251015P00589000,SELL,FILLED,15.0,15.0,@0.45,0.45,DAY,2025-10-15T17:16:53.169Z,2025-10-15T17:17:02.462Z
ASML251219P00880000,ASML251219P00880000,BUY,FILLED,1.0,1.0,@20.8,20.7,DAY,2025-10-15T17:16:26.814Z,2025-10-15T17:16:26.857Z
MSTR251219P00305000,MSTR251219P00305000,BUY,FILLED,1.0,1.0,@35.55,35.5,DAY,2025-10-15T16:16:12.422Z,2025-10-15T16:16:12.505Z
INTC251219C00036000,INTC251219C00036000,SELL,FILLED,2.0,2.0,@4.15,4.15,DAY,2025-10-15T16:14:42.529Z,2025-10-15T16:14:42.571Z
GOOG251219C00265000,GOOG251219C00265000,SELL,FILLED,1.0,1.0,@10.4,10.4,DAY,2025-10-15T16:14:32.148Z,2025-10-15T16:14:32.200Z
UUUU251121P00024000,UUUU251121P00024000,BUY,FILLED,2.0,2.0,@4.4,4.38,DAY,2025-10-15T16:14:24.079Z,2025-10-15T16:14:24.329Z
IONQ251219P00070000,IONQ251219P00070000,BUY,FILLED,1.0,1.0,@11.6,11.6,DAY,2025-10-15T15:30:15.183Z,2025-10-15T15:30:44.620Z
QQQ251015P00589000,QQQ251015P00589000,BUY,FILLED,20.0,20.0,@0.06,0.06,DAY,2025-10-15T15:27:41.507Z,2025-10-15T15:27:41.621Z
QQQ251015P00589000,QQQ251015P00589000,BUY,FILLED,5.0,5.0,@0.08,0.07,DAY,2025-10-15T15:07:24.215Z,2025-10-15T15:07:24.332Z
GOOG251219C00265000,GOOG251219C00265000,SELL,FILLED,1.0,1.0,@10.15,10.18,DAY,2025-10-15T15:03:50.852Z,2025-10-15T15:03:50.994Z
INTC251219C00036000,INTC251219C00036000,SELL,FILLED,3.0,3.0,@4.35,4.35,DAY,2025-10-15T14:58:03.321Z,2025-10-15T14:58:03.437Z
CRDO260116P00135000,CRDO260116P00135000,BUY,FILLED,1.0,1.0,@24.0,23.69,DAY,2025-10-15T14:56:35.539Z,2025-10-15T14:56:35.836Z
UUUU251121P00024000,UUUU251121P00024000,BUY,FILLED,1.0,1.0,@4.2,4.2,DAY,2025-10-15T14:35:52.963Z,2025-10-15T14:35:53.083Z
INTC251219C00036000,INTC251219C00036000,BUY,FILLED,5.0,5.0,@4.3,4.3,DAY,2025-10-15T14:31:48.692Z,2025-10-15T14:31:56.864Z
GOOG251219C00265000,GOOG251219C00265000,BUY,FILLED,2.0,2.0,@11.0,10.86,DAY,2025-10-15T14:23:44.499Z,2025-10-15T14:23:44.638Z
ASML251017P00865000,ASML251017P00865000,SELL,FILLED,1.0,1.0,@0.15,0.15,DAY,2025-10-15T13:49:45.626Z,2025-10-15T13:49:45.713Z
UUUU251121P00024000,UUUU251121P00024000,BUY,FILLED,2.0,2.0,@3.9,3.9,DAY,2025-10-15T13:40:09.521Z,2025-10-15T13:40:09.573Z
ASML251121P00870000,ASML251121P00870000,SELL,FILLED,1.0,1.0,@7.7,7.7,DAY,2025-10-15T13:38:27.158Z,2025-10-15T13:38:34.186Z
QTUM251121P00111000,QTUM251121P00111000,SELL,FILLED,3.0,3.0,@2.9,3.56,DAY,2025-10-15T13:37:37.577Z,2025-10-15T13:37:37.715Z
CVNA251219P00310000,CVNA251219P00310000,SELL,FILLED,1.0,1.0,@21.75,21.75,DAY,2025-10-15T13:36:59.490Z,2025-10-15T13:38:13.846Z
NVDA251017P00175000,NVDA251017P00175000,SELL,FILLED,2.0,2.0,@0.65,0.66,DAY,2025-10-15T13:33:14.781Z,2025-10-15T13:33:42.127Z
ASML251121P00870000,ASML251121P00870000,SELL,FILLED,1.0,1.0,@7.7,7.7,DAY,2025-10-15T13:32:57.839Z,2025-10-15T13:32:57.882Z
QTUM251121P00111000,QTUM251121P00111000,SELL,FILLED,2.0,2.0,@2.9,2.9,DAY,2025-10-15T13:32:18.509Z,2025-10-15T13:37:25.046Z
MSTR251031P00285000,MSTR251031P00285000,SELL,FILLED,2.0,2.0,@11.2,11.2,DAY,2025-10-15T13:31:24.827Z,2025-10-15T13:31:26.558Z
ASML251219P00880000,ASML251219P00880000,SELL,FILLED,2.0,2.0,@14.8,14.8,DAY,2025-10-15T13:30:46.122Z,2025-10-15T13:30:46.170Z
ASML251121P00870000,ASML251121P00870000,SELL,CANCELLED,0.0,1.0,@7.9,,DAY,2025-10-15T13:30:23.326Z,
QQQ251015P00589000,QQQ251015P00589000,BUY,FILLED,5.0,5.0,@1.11,1.1,DAY,2025-10-14T19:49:56.855Z,2025-10-14T19:49:57.027Z
QQQ251015P00596000,QQQ251015P00596000,SELL,FILLED,1.0,1.0,@2.36,2.38,DAY,2025-10-14T19:46:56.493Z,2025-10-14T19:46:56.542Z
UUUU260116C00022000,UUUU260116C00022000,SELL,FILLED,1.0,1.0,@9.3,9.3,DAY,2025-10-14T19:46:36.294Z,2025-10-14T19:46:36.358Z
ASML251219P00880000,ASML251219P00880000,BUY,FILLED,1.0,1.0,@27.2,27.2,DAY,2025-10-14T19:46:12.386Z,2025-10-14T19:46:17.273Z
AMD251219P00210000,AMD251219P00210000,SELL,FILLED,1.0,1.0,@16.4,16.4,DAY,2025-10-14T19:46:04.433Z,2025-10-14T19:46:28.369Z
QQQ251015P00596000,QQQ251015P00596000,SELL,FILLED,1.0,1.0,@1.67,1.74,DAY,2025-10-14T19:39:54.009Z,2025-10-14T19:39:54.143Z
QQQ251015P00596000,QQQ251015P00596000,BUY,FILLED,2.0,2.0,@1.16,1.16,DAY,2025-10-14T19:34:25.136Z,2025-10-14T19:34:25.183Z
ASML251219P00880000,ASML251219P00880000,BUY,FILLED,1.0,1.0,@25.5,25.5,DAY,2025-10-14T19:33:34.831Z,2025-10-14T19:33:34.901Z
AMD251219P00210000,AMD251219P00210000,SELL,FILLED,1.0,1.0,@15.1,15.1,DAY,2025-10-14T19:33:06.648Z,2025-10-14T19:33:07.069Z
NVDA251017P00175000,NVDA251017P00175000,BUY,FILLED,2.0,2.0,@1.05,1.05,DAY,2025-10-14T17:40:00.077Z,2025-10-14T17:40:00.125Z
QQQ251014P00598000,QQQ251014P00598000,SELL,FILLED,4.0,4.0,@0.36,0.36,DAY,2025-10-14T17:05:34.597Z,2025-10-14T17:05:43.447Z
QQQ251014P00598000,QQQ251014P00598000,BUY,FILLED,4.0,4.0,@0.57,0.57,DAY,2025-10-14T17:01:49.836Z,2025-10-14T17:01:49.979Z
CVNA251219P00310000,CVNA251219P00310000,BUY,FILLED,1.0,1.0,@26.3,26.3,DAY,2025-10-14T16:26:17.362Z,2025-10-14T16:26:17.399Z
QQQ251014P00597000,QQQ251014P00597000,SELL,FILLED,2.0,2.0,@0.86,0.86,DAY,2025-10-14T16:12:02.436Z,2025-10-14T16:12:03.113Z
QQQ251014P00597000,QQQ251014P00597000,BUY,FILLED,2.0,2.0,@1.08,1.05,DAY,2025-10-14T16:07:47.046Z,2025-10-14T16:07:47.357Z
QQQ251014C00598000,QQQ251014C00598000,SELL,FILLED,1.0,1.0,@2.19,2.2,DAY,2025-10-14T16:04:24.932Z,2025-10-14T16:04:25.064Z
TLT251231C00090000,TLT251231C00090000,BUY,FILLED,10.0,10.0,@2.47,2.45,DAY,2025-10-14T16:04:08.466Z,2025-10-14T16:04:17.157Z
QQQ251014C00598000,QQQ251014C00598000,SELL,FILLED,1.0,1.0,@2.44,2.44,DAY,2025-10-14T15:58:22.847Z,2025-10-14T15:58:27.567Z
QQQ251014C00598000,QQQ251014C00598000,SELL,FILLED,1.0,1.0,@2.45,2.51,DAY,2025-10-14T15:57:34.021Z,2025-10-14T15:57:34.165Z
QQQ251014C00598000,QQQ251014C00598000,BUY,FILLED,1.0,1.0,@2.34,2.34,DAY,2025-10-14T15:47:18.642Z,2025-10-14T15:47:19.593Z
CVNA251121P00330000,CVNA251121P00330000,SELL,FILLED,1.0,1.0,@29.35,29.4,DAY,2025-10-14T15:45:21.133Z,2025-10-14T15:45:21.207Z
CVNA251219P00280000,CVNA251219P00280000,SELL,FILLED,1.0,1.0,@17.25,17.25,DAY,2025-10-14T15:45:10.408Z,2025-10-14T15:45:10.480Z
SLV251121C00047000,SLV251121C00047000,SELL,FILLED,6.0,6.0,@2.38,2.38,DAY,2025-10-14T15:03:33.811Z,2025-10-14T15:03:34.383Z
GLD251219C00375000,GLD251219C00375000,SELL,FILLED,2.0,2.0,@17.25,17.25,DAY,2025-10-14T15:03:00.319Z,2025-10-14T15:03:00.436Z
QQQ251014C00598000,QQQ251014C00598000,BUY,FILLED,2.0,2.0,@1.83,1.77,DAY,2025-10-14T14:46:21.816Z,2025-10-14T14:46:21.957Z
QQQ251014C00598000,QQQ251014C00598000,SELL,FILLED,2.0,2.0,@1.56,1.56,DAY,2025-10-14T14:35:26.917Z,2025-10-14T14:35:35.581Z
QQQ251014C00598000,QQQ251014C00598000,BUY,FILLED,2.0,2.0,@1.08,1.08,DAY,2025-10-14T14:20:36.965Z,2025-10-14T14:20:49.051Z
ADBE251017P00322500,ADBE251017P00322500,SELL,FILLED,2.0,2.0,@0.9,0.9,DAY,2025-10-14T14:01:29.624Z,2025-10-14T14:01:29.682Z
SLV251219C00047500,SLV251219C00047500,BUY,FILLED,5.0,5.0,@2.64,2.64,DAY,2025-10-14T13:59:09.643Z,2025-10-14T13:59:09.841Z
ADBE251017P00322500,ADBE251017P00322500,BUY,FILLED,2.0,2.0,@1.82,1.77,DAY,2025-10-14T13:51:49.817Z,2025-10-14T13:51:49.869Z
QQQ251014P00589000,QQQ251014P00589000,SELL,FILLED,2.0,2.0,,2.01,DAY,2025-10-14T13:45:32.181Z,2025-10-14T13:45:44.201Z
CVNA251219P00280000,CVNA251219P00280000,BUY,FILLED,1.0,1.0,@20.75,20.75,DAY,2025-10-14T13:36:49.995Z,2025-10-14T13:36:58.526Z
ACHR260116C00011000,ACHR260116C00011000,SELL,FILLED,3.0,3.0,@2.7,2.7,DAY,2025-10-14T13:31:41.610Z,2025-10-14T13:32:08.499Z
SNAP260918C00007000,SNAP260918C00007000,SELL,FILLED,5.0,5.0,@2.61,2.66,DAY,2025-10-14T13:31:35.128Z,2025-10-14T13:31:35.299Z
QQQ251014P00589000,QQQ251014P00589000,BUY,FILLED,2.0,2.0,@1.13,1.13,DAY,2025-10-14T13:31:21.607Z,2025-10-14T13:31:22.056Z
TLT251231C00090000,TLT251231C00090000,BUY,FILLED,10.0,10.0,@2.48,2.48,DAY,2025-10-14T13:31:10.375Z,2025-10-14T13:31:10.468Z
ACHR260116C00011000,ACHR260116C00011000,BUY,FILLED,3.0,3.0,@3.25,3.24,DAY,2025-10-13T19:54:26.277Z,2025-10-13T19:54:26.613Z
UUUU260116C00022000,UUUU260116C00022000,SELL,FILLED,1.0,1.0,@7.1,7.1,DAY,2025-10-13T15:42:42.662Z,2025-10-13T15:42:42.730Z
TLT251219C00090000,TLT251219C00090000,SELL,FILLED,15.0,15.0,@2.08,2.08,DAY,2025-10-13T15:37:43.138Z,2025-10-13T15:37:43.219Z
ASML251121P00870000,ASML251121P00870000,BUY,FILLED,1.0,1.0,@19.1,19.1,DAY,2025-10-13T14:52:47.146Z,2025-10-13T14:52:47.192Z
ARM260116P00170000,ARM260116P00170000,SELL,FILLED,1.0,1.0,@23.05,23.1,DAY,2025-10-13T14:52:37.938Z,2025-10-13T14:52:38.070Z
QCOM251017P00150000,QCOM251017P00150000,SELL,FILLED,5.0,5.0,@0.55,0.56,DAY,2025-10-13T14:34:27.746Z,2025-10-13T14:34:27.998Z
GLD251219C00375000,GLD251219C00375000,BUY,FILLED,2.0,2.0,@15.2,15.1,DAY,2025-10-13T14:31:12.446Z,2025-10-13T14:31:12.599Z
AVGO251017C00380000,AVGO251017C00380000,SELL,FILLED,1.0,1.0,@1.85,1.85,DAY,2025-10-13T14:23:49.396Z,2025-10-13T14:24:03.714Z
SLV251013C00046000,SLV251013C00046000,SELL,FILLED,5.0,5.0,@1.09,1.09,DAY,2025-10-13T14:23:32.478Z,2025-10-13T14:23:32.663Z
QQQ251013P00582000,QQQ251013P00582000,BUY,FILLED,6.0,6.0,@0.17,0.17,DAY,2025-10-13T14:22:43.555Z,2025-10-13T14:22:44.773Z
SLV251219C00047500,SLV251219C00047500,BUY,FILLED,10.0,10.0,@0.13,0.13,DAY,2025-10-13T14:10:38.507Z,2025-10-13T14:10:38.592Z
SLV251121C00046500,SLV251121C00046500,SELL,FILLED,10.0,10.0,@0.13,0.13,DAY,2025-10-13T14:10:38.507Z,2025-10-13T14:10:38.592Z
AVGO251017C00380000,AVGO251017C00380000,BUY,FILLED,1.0,1.0,@2.62,2.62,DAY,2025-10-13T14:07:07.605Z,2025-10-13T14:07:07.649Z
TLT251219C00090000,TLT251219C00090000,BUY,FILLED,15.0,15.0,@0.49,0.49,DAY,2025-10-13T13:57:06.304Z,2025-10-13T13:57:06.552Z
TLT251121C00090000,TLT251121C00090000,SELL,FILLED,15.0,15.0,@0.49,0.49,DAY,2025-10-13T13:57:06.304Z,2025-10-13T13:57:06.552Z
SLV251013C00046000,SLV251013C00046000,SELL,FILLED,5.0,5.0,,0.85,DAY,2025-10-13T13:51:39.023Z,2025-10-13T15:24:18.889Z
QCOM251017P00150000,QCOM251017P00150000,SELL,CANCELLED,0.0,5.0,@1.06,,DAY,2025-10-13T13:45:02.246Z,
ASML251017P00865000,ASML251017P00865000,BUY,FILLED,1.0,1.0,@6.2,6.2,DAY,2025-10-13T13:36:42.310Z,2025-10-13T13:36:50.764Z
AMD251219P00210000,AMD251219P00210000,BUY,FILLED,2.0,2.0,@3.12,3.12,DAY,2025-10-13T13:35:34.514Z,2025-10-13T13:35:34.571Z
AMD251121P00210000,AMD251121P00210000,SELL,FILLED,2.0,2.0,@3.12,3.12,DAY,2025-10-13T13:35:34.514Z,2025-10-13T13:35:34.571Z
ASML251121P00870000,ASML251121P00870000,BUY,FILLED,1.0,1.0,@20.1,20.1,DAY,2025-10-13T13:34:31.474Z,2025-10-13T13:35:43.565Z
UUUU260116C00022000,UUUU260116C00022000,SELL,FILLED,2.0,2.0,@6.6,6.6,DAY,2025-10-13T13:32:46.225Z,2025-10-13T13:32:46.264Z
AMD251121P00180000,AMD251121P00180000,SELL,FILLED,6.0,6.0,@4.2,4.2,DAY,2025-10-13T13:32:01.176Z,2025-10-13T13:32:05.917Z
SLV251013C00046000,SLV251013C00046000,SELL,FILLED,5.0,5.0,@0.91,0.92,DAY,2025-10-13T13:30:58.502Z,2025-10-13T13:30:58.635Z
QQQ251013P00582000,QQQ251013P00582000,BUY,FILLED,6.0,6.0,@1.62,1.62,DAY,2025-10-10T19:33:52.924Z,2025-10-10T19:33:55.401Z
QCOM251017P00150000,QCOM251017P00150000,BUY,FILLED,5.0,5.0,@1.04,1.04,DAY,2025-10-10T16:21:17.796Z,2025-10-10T16:21:17.953Z
QQQ251013P00603000,QQQ251013P00603000,SELL,FILLED,1.0,1.0,,6.64,DAY,2025-10-10T15:43:05.595Z,2025-10-10T15:43:05.726Z
QCOM251010P00160000,QCOM251010P00160000,SELL,FILLED,5.0,5.0,@1.6,1.6,DAY,2025-10-10T15:28:51.444Z,2025-10-10T15:28:51.490Z
QQQ251010P00601000,QQQ251010P00601000,SELL,FILLED,3.0,3.0,@3.46,3.68,DAY,2025-10-10T15:26:18.664Z,2025-10-10T15:26:19.216Z
QQQ251013P00603000,QQQ251013P00603000,SELL,FILLED,1.0,1.0,@5.45,5.45,DAY,2025-10-10T15:21:45.637Z,2025-10-10T15:21:49.829Z
QCOM251010P00160000,QCOM251010P00160000,SELL,FILLED,5.0,5.0,@1.56,1.56,DAY,2025-10-10T15:21:06.043Z,2025-10-10T15:21:13.645Z
UUUU260116C00022000,UUUU260116C00022000,BUY,FILLED,4.0,4.0,@5.4,5.4,DAY,2025-10-10T15:13:35.875Z,2025-10-10T15:13:36.079Z
QQQ251010P00601000,QQQ251010P00601000,BUY,FILLED,3.0,3.0,@1.44,1.37,DAY,2025-10-10T15:08:21.226Z,2025-10-10T15:08:21.260Z
MSTR251031P00285000,MSTR251031P00285000,BUY,FILLED,2.0,2.0,@8.6,8.6,DAY,2025-10-10T15:04:58.523Z,2025-10-10T15:05:07.204Z
AMD251121P00180000,AMD251121P00180000,BUY,FILLED,6.0,6.0,@4.25,4.08,DAY,2025-10-10T15:02:40.292Z,2025-10-10T15:02:40.425Z
ORCL251219C00340000,ORCL251219C00340000,SELL,FILLED,1.0,1.0,@16.7,16.7,DAY,2025-10-10T15:01:33.568Z,2025-10-10T15:01:41.585Z
TLT251121C00090000,TLT251121C00090000,BUY,FILLED,15.0,15.0,@1.72,1.72,DAY,2025-10-10T15:00:23.314Z,2025-10-10T15:00:27.114Z
ORCL251219C00340000,ORCL251219C00340000,BUY,FILLED,1.0,1.0,@19.05,19.05,DAY,2025-10-10T14:48:51.905Z,2025-10-10T14:48:52.010Z
ARM260116P00170000,ARM260116P00170000,BUY,FILLED,1.0,1.0,@21.9,21.9,DAY,2025-10-10T14:44:18.639Z,2025-10-10T14:44:18.770Z
QCOM251010P00160000,QCOM251010P00160000,BUY,FILLED,10.0,10.0,@0.3,0.28,DAY,2025-10-10T13:34:14.242Z,2025-10-10T13:34:14.324Z
MSTR251121P00305000,MSTR251121P00305000,SELL,FILLED,1.0,1.0,@19.7,19.7,DAY,2025-10-09T19:53:07.166Z,2025-10-09T19:53:08.331Z
SLV251121C00047000,SLV251121C00047000,BUY,FILLED,6.0,6.0,@1.51,1.47,DAY,2025-10-09T19:52:42.934Z,2025-10-09T19:52:43.187Z
SLV251121C00046500,SLV251121C00046500,SELL,FILLED,10.0,10.0,@1.34,1.34,DAY,2025-10-09T19:08:04.606Z,2025-10-09T19:08:04.635Z
CRWV251010P00108000,CRWV251010P00108000,SELL,FILLED,9.0,9.0,@0.08,0.08,DAY,2025-10-09T18:22:42.762Z,2025-10-09T18:23:06.064Z
QQQ251013P00603000,QQQ251013P00603000,SELL,FILLED,2.0,2.0,@1.29,1.29,DAY,2025-10-09T18:22:12.456Z,2025-10-09T18:22:14.654Z
SLV251013C00046000,SLV251013C00046000,BUY,FILLED,15.0,15.0,@0.29,0.29,DAY,2025-10-09T18:20:08.025Z,2025-10-09T18:20:08.105Z
QQQ251013P00603000,QQQ251013P00603000,BUY,FILLED,4.0,4.0,@1.39,1.39,DAY,2025-10-09T17:49:22.089Z,2025-10-09T17:49:22.253Z
SLV251121C00046500,SLV251121C00046500,BUY,FILLED,20.0,20.0,@1.16,1.16,DAY,2025-10-09T17:47:58.506Z,2025-10-09T17:47:58.545Z
MSTR251121P00305000,MSTR251121P00305000,BUY,FILLED,1.0,1.0,@20.0,19.95,DAY,2025-10-09T17:34:59.210Z,2025-10-09T17:34:59.244Z
UUUU251121C00020000,UUUU251121C00020000,SELL,FILLED,3.0,3.0,@2.85,2.85,DAY,2025-10-09T17:33:11.136Z,2025-10-09T17:33:11.210Z
OWL251121P00014000,OWL251121P00014000,BUY,FILLED,18.0,18.0,@0.3,0.29,DAY,2025-10-09T16:46:19.403Z,2025-10-09T16:46:19.643Z
BILI251121C00031000,BILI251121C00031000,SELL,FILLED,4.0,4.0,@2.09,2.1,DAY,2025-10-09T16:41:44.759Z,2025-10-09T16:41:45.053Z
BILI260116C00028000,BILI260116C00028000,SELL,FILLED,4.0,4.0,@4.55,4.55,DAY,2025-10-09T16:41:35.958Z,2025-10-09T16:41:54.058Z
HL251121C00012000,HL251121C00012000,SELL,FILLED,20.0,20.0,@1.61,1.61,DAY,2025-10-09T16:41:17.107Z,2025-10-09T16:41:17.193Z
MT251219C00040000,MT251219C00040000,SELL,FILLED,4.0,4.0,@2.6,2.6,DAY,2025-10-09T16:20:57.100Z,2025-10-09T16:20:57.142Z
HL251121C00012000,HL251121C00012000,BUY,FILLED,5.0,5.0,@1.83,1.83,DAY,2025-10-09T16:02:33.744Z,2025-10-09T16:02:33.921Z
AMD251121P00210000,AMD251121P00210000,BUY,FILLED,2.0,2.0,@10.15,10.15,DAY,2025-10-09T16:02:08.197Z,2025-10-09T16:02:08.228Z
MT251219C00040000,MT251219C00040000,SELL,FILLED,4.0,4.0,@2.6,2.6,DAY,2025-10-09T14:36:26.209Z,2025-10-09T14:36:26.249Z
SNAP251121C00008000,SNAP251121C00008000,SELL,FILLED,14.0,14.0,@1.21,1.21,DAY,2025-10-09T14:00:39.772Z,2025-10-09T14:00:39.877Z
UUUU251010C00020500,UUUU251010C00020500,SELL,FILLED,7.0,7.0,@0.5,0.5,DAY,2025-10-09T13:51:31.982Z,2025-10-09T13:51:47.373Z
INTC251024C00039500,INTC251024C00039500,SELL,FILLED,4.0,4.0,@1.7,1.7,DAY,2025-10-09T13:48:41.457Z,2025-10-09T13:48:51.634Z
UUUU251010C00020500,UUUU251010C00020500,BUY,FILLED,7.0,7.0,@0.7,0.6,DAY,2025-10-09T13:40:45.550Z,2025-10-09T13:40:45.684Z
MU251010P00175000,MU251010P00175000,SELL,FILLED,5.0,5.0,@0.16,0.19,DAY,2025-10-09T13:31:59.043Z,2025-10-09T13:31:59.224Z
BILI251121C00031000,BILI251121C00031000,BUY,FILLED,4.0,4.0,@2.7,2.7,DAY,2025-10-09T13:31:15.622Z,2025-10-09T13:31:33.581Z
INTC251024C00039500,INTC251024C00039500,BUY,FILLED,4.0,4.0,@1.49,1.49,DAY,2025-10-08T19:58:22.787Z,2025-10-08T19:58:22.859Z
UUUU251121C00020000,UUUU251121C00020000,BUY,FILLED,3.0,3.0,@2.2,2.2,DAY,2025-10-08T17:08:17.169Z,2025-10-08T17:08:17.211Z
HL251121C00012000,HL251121C00012000,SELL,FILLED,7.0,7.0,@1.6,1.61,DAY,2025-10-08T15:08:39.302Z,2025-10-08T15:08:39.353Z
BILI260116C00028000,BILI260116C00028000,SELL,FILLED,4.0,4.0,@3.8,3.8,DAY,2025-10-08T15:03:35.546Z,2025-10-08T15:03:35.585Z
HL251121C00012000,HL251121C00012000,BUY,FILLED,11.0,11.0,@1.64,1.63,DAY,2025-10-08T15:03:21.843Z,2025-10-08T15:03:21.979Z
HL251121C00012000,HL251121C00012000,BUY,FILLED,3.0,3.0,@1.61,1.61,DAY,2025-10-08T15:01:21.883Z,2025-10-08T15:01:21.923Z
META251121P00710000,META251121P00710000,SELL,FILLED,1.0,1.0,@38.15,38.15,DAY,2025-10-08T14:06:04.295Z,2025-10-08T14:06:10.355Z
HL251121C00012000,HL251121C00012000,BUY,FILLED,8.0,8.0,@1.52,1.49,DAY,2025-10-08T14:05:46.218Z,2025-10-08T14:05:46.254Z
CRDO251121P00125000,CRDO251121P00125000,SELL,FILLED,2.0,2.0,@9.3,9.37,DAY,2025-10-08T13:56:23.852Z,2025-10-08T13:56:24.178Z
BILI260116C00028000,BILI260116C00028000,BUY,FILLED,8.0,8.0,@3.8,3.8,DAY,2025-10-08T13:55:57.637Z,2025-10-08T13:55:57.674Z
MT251219C00040000,MT251219C00040000,BUY,FILLED,8.0,8.0,@3.2,3.16,DAY,2025-10-08T13:31:19.304Z,2025-10-08T13:31:27.974Z
BIDU251017P00134000,BIDU251017P00134000,SELL,FILLED,2.0,2.0,@2.31,2.31,DAY,2025-10-08T13:30:48.341Z,2025-10-08T13:30:48.382Z
MU251010P00175000,MU251010P00175000,BUY,FILLED,2.0,2.0,@1.1,1.1,DAY,2025-10-07T19:53:40.798Z,2025-10-07T19:53:52.180Z
MU251010P00175000,MU251010P00175000,BUY,FILLED,3.0,3.0,@1.09,1.09,DAY,2025-10-07T19:53:27.183Z,2025-10-07T19:53:27.326Z
QTUM251121P00111000,QTUM251121P00111000,BUY,FILLED,5.0,5.0,@4.4,4.4,DAY,2025-10-07T18:31:03.239Z,2025-10-07T18:31:14.313Z
ORCL251017P00255000,ORCL251017P00255000,SELL,FILLED,1.0,1.0,@4.3,4.3,DAY,2025-10-07T16:46:53.617Z,2025-10-07T16:46:53.718Z
ORCL251017P00255000,ORCL251017P00255000,BUY,FILLED,1.0,1.0,@5.6,5.6,DAY,2025-10-07T15:40:13.791Z,2025-10-07T15:40:13.971Z
BIDU251017P00134000,BIDU251017P00134000,BUY,FILLED,2.0,2.0,@2.28,2.22,DAY,2025-10-07T15:37:18.052Z,2025-10-07T15:37:18.383Z
CVNA251121P00330000,CVNA251121P00330000,BUY,FILLED,1.0,1.0,@21.4,21.4,DAY,2025-10-07T15:33:24.796Z,2025-10-07T15:33:38.822Z
CRDO251121P00125000,CRDO251121P00125000,BUY,FILLED,1.0,1.0,@9.9,9.9,DAY,2025-10-07T15:15:05.258Z,2025-10-07T15:15:05.298Z
UAMY251010C00007500,UAMY251010C00007500,SELL,FILLED,2.0,2.0,@1.15,1.15,DAY,2025-10-07T15:10:16.302Z,2025-10-07T15:10:16.399Z
SNAP251121C00008000,SNAP251121C00008000,SELL,FILLED,14.0,14.0,@1.16,1.17,DAY,2025-10-07T15:10:02.121Z,2025-10-07T15:10:02.577Z
BILI251121C00027000,BILI251121C00027000,SELL,FILLED,8.0,8.0,@3.05,3.05,DAY,2025-10-07T14:51:44.245Z,2025-10-07T14:51:44.338Z
CRDO251121P00125000,CRDO251121P00125000,BUY,FILLED,1.0,1.0,@9.3,9.3,DAY,2025-10-07T14:50:50.715Z,2025-10-07T14:50:50.802Z
UUUU251121C00017000,UUUU251121C00017000,SELL,FILLED,5.0,5.0,@3.1,3.1,DAY,2025-10-07T14:50:06.556Z,2025-10-07T14:50:06.639Z
MT251219C00037000,MT251219C00037000,SELL,FILLED,5.0,5.0,@3.6,3.6,DAY,2025-10-07T14:45:12.004Z,2025-10-07T14:45:12.089Z
BILI251121C00027000,BILI251121C00027000,SELL,FILLED,8.0,8.0,@3.1,3.1,DAY,2025-10-07T14:33:38.512Z,2025-10-07T14:33:38.590Z
UAMY251010C00007500,UAMY251010C00007500,SELL,FILLED,1.0,1.0,@1.4,1.4,DAY,2025-10-07T14:20:26.207Z,2025-10-07T14:20:26.349Z
HL251121C00015000,HL251121C00015000,SELL,FILLED,15.0,15.0,@0.4,0.4,DAY,2025-10-07T14:20:02.093Z,2025-10-07T14:20:02.138Z
HL251121C00011000,HL251121C00011000,SELL,FILLED,10.0,10.0,@1.79,1.79,DAY,2025-10-07T14:19:53.925Z,2025-10-07T14:19:54.020Z
META251121P00710000,META251121P00710000,BUY,FILLED,1.0,1.0,@41.3,41.3,DAY,2025-10-07T14:19:41.718Z,2025-10-07T14:19:41.798Z
UAMY251010C00007500,UAMY251010C00007500,SELL,FILLED,3.0,3.0,@1.55,1.58,DAY,2025-10-07T14:07:49.039Z,2025-10-07T14:07:49.278Z
GDX251017C00084000,GDX251017C00084000,SELL,FILLED,10.0,10.0,@0.22,0.23,DAY,2025-10-07T13:41:59.259Z,2025-10-07T13:41:59.309Z
GDX251121C00078000,GDX251121C00078000,SELL,FILLED,4.0,4.0,@4.15,4.15,DAY,2025-10-07T13:41:53.506Z,2025-10-07T13:41:53.573Z
FIG251121C00085000,FIG251121C00085000,SELL,FILLED,4.0,4.0,@1.87,1.87,DAY,2025-10-06T19:30:12.090Z,2025-10-06T19:30:12.122Z
FIG251121C00085000,FIG251121C00085000,BUY,FILLED,4.0,4.0,@2.8,2.68,DAY,2025-10-06T18:01:02.531Z,2025-10-06T18:01:02.597Z
META251121P00715000,META251121P00715000,SELL,FILLED,1.0,1.0,@43.2,43.2,DAY,2025-10-06T17:53:48.029Z,2025-10-06T17:53:48.178Z
GDX251017C00084000,GDX251017C00084000,BUY,FILLED,10.0,10.0,@0.58,0.56,DAY,2025-10-06T17:53:01.722Z,2025-10-06T17:53:01.850Z
MBLY251121C00015000,MBLY251121C00015000,SELL,FILLED,6.0,6.0,@1.6,1.6,DAY,2025-10-06T17:48:15.082Z,2025-10-06T17:48:15.181Z
SNAP251121C00008000,SNAP251121C00008000,BUY,FILLED,8.0,8.0,@1.59,1.59,DAY,2025-10-06T17:47:51.028Z,2025-10-06T17:47:51.193Z
SNAP251121C00008000,SNAP251121C00008000,BUY,FILLED,5.0,5.0,@1.61,1.6,DAY,2025-10-06T17:37:41.563Z,2025-10-06T17:37:41.700Z
HIMS251017P00050000,HIMS251017P00050000,SELL,FILLED,2.0,2.0,@1.85,1.85,DAY,2025-10-06T17:36:43.745Z,2025-10-06T17:36:43.843Z
SNAP251121C00008000,SNAP251121C00008000,BUY,FILLED,15.0,15.0,@1.62,1.62,DAY,2025-10-06T17:36:19.211Z,2025-10-06T17:36:19.255Z
ADSK260116C00330000,ADSK260116C00330000,BUY,CANCELLED,0.0,1.0,@19.8,,DAY,2025-10-06T17:33:42.653Z,
MBLY251121C00015000,MBLY251121C00015000,BUY,FILLED,6.0,6.0,@1.68,1.67,DAY,2025-10-06T17:08:27.414Z,2025-10-06T17:08:27.636Z
CVNA251121P00330000,CVNA251121P00330000,BUY,FILLED,1.0,1.0,@19.0,19.0,DAY,2025-10-06T16:23:55.351Z,2025-10-06T16:23:55.385Z
TSLA251121P00370000,TSLA251121P00370000,SELL,FILLED,1.0,1.0,@10.0,10.0,DAY,2025-10-06T16:23:22.551Z,2025-10-06T16:23:22.800Z
PLTR251121P00175000,PLTR251121P00175000,SELL,FILLED,1.0,1.0,@13.05,13.05,DAY,2025-10-06T16:23:13.098Z,2025-10-06T16:23:13.140Z
HL251121C00015000,HL251121C00015000,BUY,FILLED,15.0,15.0,@0.52,0.52,DAY,2025-10-06T15:52:29.225Z,2025-10-06T15:52:29.313Z
QQQ251008P00596000,QQQ251008P00596000,SELL,FILLED,4.0,4.0,@0.53,0.54,DAY,2025-10-06T13:48:23.278Z,2025-10-06T13:48:23.539Z
MT251219C00037000,MT251219C00037000,BUY,FILLED,5.0,5.0,@3.9,3.82,DAY,2025-10-06T13:43:16.082Z,2025-10-06T13:43:39.511Z
UAMY251010C00007500,UAMY251010C00007500,SELL,CANCELLED,0.0,6.0,@0.8,,DAY,2025-10-06T13:40:17.471Z,
UAMY251010C00007500,UAMY251010C00007500,BUY,FILLED,6.0,6.0,@0.75,0.75,DAY,2025-10-06T13:40:00.036Z,2025-10-06T13:40:00.078Z
GDX251121C00078000,GDX251121C00078000,BUY,FILLED,4.0,4.0,@4.9,4.85,DAY,2025-10-06T13:34:51.575Z,2025-10-06T13:34:51.659Z
UUUU251121C00017000,UUUU251121C00017000,BUY,FILLED,5.0,5.0,@3.1,3.1,DAY,2025-10-06T13:31:01.266Z,2025-10-06T13:31:01.303Z
PLTR251121P00175000,PLTR251121P00175000,SELL,FILLED,1.0,1.0,@13.45,13.65,DAY,2025-10-06T13:30:21.195Z,2025-10-06T13:30:23.802Z
QQQ251008P00596000,QQQ251008P00596000,BUY,FILLED,4.0,4.0,@1.28,1.28,DAY,2025-10-03T19:58:36.390Z,2025-10-03T19:58:43.733Z
JD251121C00035000,JD251121C00035000,SELL,FILLED,3.0,3.0,@2.93,2.95,DAY,2025-10-03T18:56:17.560Z,2025-10-03T18:56:17.834Z
PLTR251121P00175000,PLTR251121P00175000,BUY,FILLED,2.0,2.0,@16.6,16.55,DAY,2025-10-03T18:55:44.114Z,2025-10-03T18:55:44.324Z
HIMS251017P00050000,HIMS251017P00050000,BUY,FILLED,2.0,2.0,@2.28,2.28,DAY,2025-10-03T18:36:28.496Z,2025-10-03T18:36:28.698Z
JD251121C00035000,JD251121C00035000,SELL,FILLED,2.0,2.0,@2.93,2.93,DAY,2025-10-03T18:30:04.105Z,2025-10-03T18:30:04.137Z
COIN251121C00420000,COIN251121C00420000,SELL,FILLED,1.0,1.0,@23.25,23.4,DAY,2025-10-03T18:22:17.649Z,2025-10-03T18:22:17.835Z
TSLA251121P00370000,TSLA251121P00370000,BUY,FILLED,1.0,1.0,@14.9,14.9,DAY,2025-10-03T18:02:05.161Z,2025-10-03T18:02:05.206Z
SNAP260918C00007000,SNAP260918C00007000,SELL,FILLED,15.0,15.0,@3.05,3.05,DAY,2025-10-03T18:01:15.140Z,2025-10-03T18:01:15.273Z
MU251121C00165000,MU251121C00165000,SELL,FILLED,1.0,1.0,@27.75,27.75,DAY,2025-10-03T17:57:17.534Z,2025-10-03T17:57:17.873Z
META251121P00715000,META251121P00715000,BUY,FILLED,1.0,1.0,@40.95,40.9,DAY,2025-10-03T17:51:23.118Z,2025-10-03T17:51:23.527Z
ABTC251017C00010000,ABTC251017C00010000,SELL,FILLED,20.0,20.0,@0.15,0.15,DAY,2025-10-03T17:50:56.166Z,2025-10-03T17:50:56.372Z
BILI251121C00035000,BILI251121C00035000,SELL,FILLED,10.0,10.0,@0.94,0.95,DAY,2025-10-03T17:50:51.034Z,2025-10-03T17:50:51.064Z
COIN251121C00420000,COIN251121C00420000,SELL,FILLED,1.0,1.0,@22.15,22.2,DAY,2025-10-03T17:50:25.551Z,2025-10-03T17:50:25.602Z
TSLA251003P00415000,TSLA251003P00415000,SELL,FILLED,3.0,3.0,@0.71,0.71,DAY,2025-10-03T17:50:13.795Z,2025-10-03T17:50:16.670Z
HUT251121C00039000,HUT251121C00039000,SELL,FILLED,3.0,3.0,@6.2,6.2,DAY,2025-10-03T17:50:06.674Z,2025-10-03T17:50:06.715Z
MU251121C00165000,MU251121C00165000,SELL,FILLED,2.0,2.0,@27.6,27.85,DAY,2025-10-03T17:49:55.915Z,2025-10-03T17:49:56.401Z
UUUU260116C00022000,UUUU260116C00022000,SELL,FILLED,3.0,3.0,@2.3,2.36,DAY,2025-10-03T17:21:30.141Z,2025-10-03T17:21:30.487Z
COIN251121C00420000,COIN251121C00420000,BUY,FILLED,1.0,1.0,@23.85,23.85,DAY,2025-10-03T17:21:03.487Z,2025-10-03T17:21:03.521Z
USAR251121C00022000,USAR251121C00022000,SELL,FILLED,1.0,1.0,@7.0,7.09,DAY,2025-10-03T17:06:17.945Z,2025-10-03T17:06:18.125Z
TSLA251003P00415000,TSLA251003P00415000,BUY,FILLED,3.0,3.0,@1.04,0.96,DAY,2025-10-03T17:04:17.561Z,2025-10-03T17:04:27.383Z
QS251003C00016000,QS251003C00016000,SELL,FILLED,5.0,5.0,@0.45,0.47,DAY,2025-10-03T16:51:11.525Z,2025-10-03T16:51:11.645Z
QS251003C00016000,QS251003C00016000,SELL,FILLED,10.0,10.0,,0.46,DAY,2025-10-03T16:37:20.813Z,2025-10-03T16:48:18.171Z
QS251003C00016000,QS251003C00016000,SELL,FILLED,15.0,15.0,@0.25,0.25,DAY,2025-10-03T15:17:08.140Z,2025-10-03T15:17:08.223Z
HL251121C00011000,HL251121C00011000,BUY,FILLED,10.0,10.0,@1.53,1.52,DAY,2025-10-03T15:16:03.180Z,2025-10-03T15:16:03.284Z
QS251003C00015500,QS251003C00015500,SELL,FILLED,10.0,10.0,@0.52,0.54,DAY,2025-10-03T15:07:46.081Z,2025-10-03T15:07:46.122Z
QS251003C00016000,QS251003C00016000,BUY,FILLED,30.0,30.0,@0.17,0.16,DAY,2025-10-03T14:18:31.129Z,2025-10-03T14:18:31.373Z
HUT251003C00040000,HUT251003C00040000,SELL,FILLED,3.0,3.0,@0.47,0.52,DAY,2025-10-03T14:02:24.740Z,2025-10-03T14:02:24.821Z
COIN251121C00420000,COIN251121C00420000,SELL,FILLED,1.0,1.0,@21.1,21.25,DAY,2025-10-03T14:01:41.902Z,2025-10-03T14:01:41.953Z
INTC251121C00033000,INTC251121C00033000,SELL,FILLED,2.0,2.0,@5.75,5.75,DAY,2025-10-03T14:01:33.063Z,2025-10-03T14:01:33.107Z
ENVX251017C00013000,ENVX251017C00013000,SELL,FILLED,10.0,10.0,@0.37,0.38,DAY,2025-10-03T14:01:24.541Z,2025-10-03T14:01:24.708Z
INTC251003C00036500,INTC251003C00036500,SELL,FILLED,2.0,2.0,@0.58,0.59,DAY,2025-10-03T14:01:13.749Z,2025-10-03T14:01:13.795Z
SNAP251003C00008500,SNAP251003C00008500,SELL,FILLED,12.0,12.0,@0.12,0.12,DAY,2025-10-03T14:01:01.242Z,2025-10-03T14:01:01.411Z
TDOC251003C00009500,TDOC251003C00009500,SELL,FILLED,20.0,20.0,@0.11,0.11,DAY,2025-10-03T13:59:12.796Z,2025-10-03T13:59:12.889Z
INTC251003C00036500,INTC251003C00036500,SELL,FILLED,3.0,3.0,@0.98,1.01,DAY,2025-10-03T13:53:46.767Z,2025-10-03T13:53:46.968Z
SNAP251003C00008500,SNAP251003C00008500,SELL,FILLED,8.0,8.0,@0.13,0.14,DAY,2025-10-03T13:53:27.180Z,2025-10-03T13:53:27.285Z
TDOC251003C00009500,TDOC251003C00009500,BUY,FILLED,20.0,20.0,@0.07,0.06,DAY,2025-10-03T13:46:13.523Z,2025-10-03T13:46:13.765Z
QS251003C00015500,QS251003C00015500,BUY,FILLED,10.0,10.0,@0.12,0.12,DAY,2025-10-03T13:41:53.894Z,2025-10-03T13:41:54.039Z
HUT251003C00040000,HUT251003C00040000,SELL,FILLED,3.0,3.0,@1.45,1.61,DAY,2025-10-03T13:36:34.045Z,2025-10-03T13:36:34.415Z
USAR251003C00026500,USAR251003C00026500,BUY,CANCELLED,0.0,2.0,@0.75,,DAY,2025-10-03T13:33:12.687Z,
SNAP251003C00008500,SNAP251003C00008500,BUY,FILLED,20.0,20.0,@0.07,0.05,DAY,2025-10-03T13:32:49.133Z,2025-10-03T13:32:49.334Z
HUT251121C00039000,HUT251121C00039000,BUY,FILLED,3.0,3.0,@6.15,6.1,DAY,2025-10-02T19:30:09.635Z,2025-10-02T19:30:09.790Z
HUT251003C00040000,HUT251003C00040000,BUY,FILLED,6.0,6.0,@0.77,0.77,DAY,2025-10-02T19:29:51.101Z,2025-10-02T19:29:51.137Z
ABTC251017C00010000,ABTC251017C00010000,BUY,FILLED,20.0,20.0,@0.25,0.24,DAY,2025-10-02T19:14:04.838Z,2025-10-02T19:14:05.019Z
BILI251121C00035000,BILI251121C00035000,BUY,FILLED,10.0,10.0,@1.17,1.16,DAY,2025-10-02T19:02:07.765Z,2025-10-02T19:02:07.954Z
INTC251121C00033000,INTC251121C00033000,SELL,FILLED,4.0,4.0,@5.95,5.97,DAY,2025-10-02T18:59:50.556Z,2025-10-02T18:59:50.697Z
CRWV251010P00108000,CRWV251010P00108000,BUY,FILLED,9.0,9.0,@0.79,0.79,DAY,2025-10-02T18:40:00.080Z,2025-10-02T18:40:00.143Z
COIN251121C00420000,COIN251121C00420000,BUY,FILLED,1.0,1.0,@22.4,22.26,DAY,2025-10-02T18:32:19.056Z,2025-10-02T18:32:19.186Z
USAR251121C00022000,USAR251121C00022000,SELL,FILLED,4.0,4.0,@4.7,4.8,DAY,2025-10-02T18:31:50.010Z,2025-10-02T18:31:50.154Z
ENVX251017C00013000,ENVX251017C00013000,BUY,FILLED,10.0,10.0,@0.52,0.5,DAY,2025-10-02T18:10:55.241Z,2025-10-02T18:10:55.378Z
COIN251121C00420000,COIN251121C00420000,SELL,FILLED,1.0,1.0,@20.1,20.15,DAY,2025-10-02T17:40:11.170Z,2025-10-02T17:40:11.305Z
USAR251121C00022000,USAR251121C00022000,BUY,FILLED,1.0,1.0,@4.4,4.4,DAY,2025-10-02T17:39:06.861Z,2025-10-02T17:39:07.177Z
USAR251121C00022000,USAR251121C00022000,BUY,FILLED,1.0,1.0,@4.4,4.4,DAY,2025-10-02T17:39:03.550Z,2025-10-02T17:39:03.688Z
JD251121C00035000,JD251121C00035000,SELL,FILLED,2.0,2.0,@3.6,3.6,DAY,2025-10-02T16:13:32.903Z,2025-10-02T16:13:33.005Z
UUUU260116C00022000,UUUU260116C00022000,SELL,FILLED,2.0,2.0,@1.8,1.8,DAY,2025-10-02T16:13:24.943Z,2025-10-02T16:13:24.977Z
BILI251121C00035000,BILI251121C00035000,SELL,FILLED,5.0,5.0,@1.15,1.17,DAY,2025-10-02T16:13:02.629Z,2025-10-02T16:13:43.061Z
INTC251121C00039000,INTC251121C00039000,SELL,FILLED,5.0,5.0,@2.91,2.93,DAY,2025-10-02T16:12:47.554Z,2025-10-02T16:12:47.690Z
COIN251121C00420000,COIN251121C00420000,BUY,FILLED,1.0,1.0,@21.05,20.95,DAY,2025-10-02T16:12:20.474Z,2025-10-02T16:12:20.583Z
COIN251121C00420000,COIN251121C00420000,BUY,FILLED,1.0,1.0,@18.25,18.25,DAY,2025-10-02T15:48:40.899Z,2025-10-02T15:48:40.936Z
BIDU251017C00150000,BIDU251017C00150000,SELL,FILLED,2.0,2.0,@3.2,3.26,DAY,2025-10-02T14:43:48.560Z,2025-10-02T14:43:48.700Z
BIDU251017C00150000,BIDU251017C00150000,BUY,FILLED,1.0,1.0,@4.5,4.5,DAY,2025-10-02T13:34:01.283Z,2025-10-02T13:34:01.326Z
BIDU251017C00150000,BIDU251017C00150000,BUY,FILLED,1.0,1.0,@4.3,4.3,DAY,2025-10-02T13:31:26.632Z,2025-10-02T13:31:26.711Z
UUUU260116C00022000,UUUU260116C00022000,BUY,FILLED,5.0,5.0,@2.0,2.0,DAY,2025-10-02T13:30:52.617Z,2025-10-02T13:30:52.829Z
SMCI251121C00048000,SMCI251121C00048000,SELL,FILLED,1.0,1.0,@7.6,7.6,DAY,2025-10-01T19:33:38.269Z,2025-10-01T19:33:38.311Z
COIN251121C00400000,COIN251121C00400000,SELL,FILLED,1.0,1.0,@16.85,16.85,DAY,2025-10-01T19:33:30.483Z,2025-10-01T19:33:30.528Z
USAR251121C00022000,USAR251121C00022000,BUY,FILLED,3.0,3.0,@1.85,1.79,DAY,2025-10-01T18:58:39.583Z,2025-10-01T18:58:39.787Z
HIVE251121C00004000,HIVE251121C00004000,SELL,FILLED,20.0,20.0,@0.75,0.75,DAY,2025-10-01T18:53:12.823Z,2025-10-01T18:53:27.386Z
SNAP260918C00007000,SNAP260918C00007000,BUY,FILLED,10.0,10.0,@2.61,2.61,DAY,2025-10-01T18:27:31.240Z,2025-10-01T18:27:31.274Z
INTC251003C00036500,INTC251003C00036500,BUY,FILLED,5.0,5.0,@0.63,0.62,DAY,2025-10-01T18:19:38.201Z,2025-10-01T18:19:38.246Z
MU251003C00180000,MU251003C00180000,SELL,FILLED,1.0,1.0,@3.3,3.3,DAY,2025-10-01T18:19:21.219Z,2025-10-01T18:19:21.358Z
SMCI251121C00048000,SMCI251121C00048000,SELL,FILLED,1.0,1.0,@7.0,7.0,DAY,2025-10-01T18:08:05.997Z,2025-10-01T18:08:06.080Z
INTC251121C00039000,INTC251121C00039000,BUY,FILLED,5.0,5.0,@2.54,2.53,DAY,2025-10-01T18:07:19.577Z,2025-10-01T18:07:19.686Z
JD251121C00035000,JD251121C00035000,BUY,FILLED,2.0,2.0,@3.4,3.4,DAY,2025-10-01T17:48:53.208Z,2025-10-01T17:48:53.249Z
SNAP260918C00007000,SNAP260918C00007000,BUY,FILLED,10.0,10.0,@2.64,2.63,DAY,2025-10-01T17:18:33.878Z,2025-10-01T17:18:34.190Z
MU251003C00180000,MU251003C00180000,SELL,FILLED,1.0,1.0,@3.5,3.5,DAY,2025-10-01T17:14:14.872Z,2025-10-01T17:14:15.073Z
COIN251121C00400000,COIN251121C00400000,SELL,FILLED,1.0,1.0,@16.95,17.04,DAY,2025-10-01T17:13:29.751Z,2025-10-01T17:13:37.949Z
INTC251121C00033000,INTC251121C00033000,BUY,FILLED,3.0,3.0,@3.9,3.9,DAY,2025-10-01T14:54:02.223Z,2025-10-01T14:54:02.260Z
MU251003C00180000,MU251003C00180000,BUY,FILLED,2.0,2.0,@1.23,1.23,DAY,2025-10-01T14:29:02.562Z,2025-10-01T14:29:02.620Z
SMCI251121C00048000,SMCI251121C00048000,SELL,FILLED,2.0,2.0,@6.25,6.25,DAY,2025-10-01T14:20:07.519Z,2025-10-01T14:20:08.043Z
MU251121C00165000,MU251121C00165000,BUY,FILLED,1.0,1.0,@16.55,16.55,DAY,2025-10-01T14:16:54.074Z,2025-10-01T14:16:54.114Z
MTCH251121P00037500,MTCH251121P00037500,SELL,FILLED,2.0,2.0,@1.88,1.88,DAY,2025-10-01T14:04:51.346Z,2025-10-01T14:04:51.399Z
COIN251121C00400000,COIN251121C00400000,BUY,FILLED,1.0,1.0,@17.3,17.3,DAY,2025-10-01T14:04:33.061Z,2025-10-01T14:04:33.188Z
QQQ251002P00592000,QQQ251002P00592000,SELL,FILLED,1.0,1.0,@0.65,0.65,DAY,2025-10-01T14:00:21.089Z,2025-10-01T14:04:44.890Z
QQQ251002P00592000,QQQ251002P00592000,BUY,FILLED,1.0,1.0,@1.16,1.11,DAY,2025-10-01T13:50:13.350Z,2025-10-01T13:50:13.493Z
AAPL251121C00255000,AAPL251121C00255000,SELL,FILLED,1.0,1.0,@11.8,11.8,DAY,2025-10-01T13:44:39.633Z,2025-10-01T13:44:39.793Z
MU251121C00165000,MU251121C00165000,BUY,FILLED,1.0,1.0,@14.6,14.45,DAY,2025-10-01T13:42:13.622Z,2025-10-01T13:42:13.671Z
SMCI251121C00048000,SMCI251121C00048000,BUY,FILLED,4.0,4.0,@5.7,5.7,DAY,2025-10-01T13:39:17.619Z,2025-10-01T13:39:17.674Z
INTC251121C00033000,INTC251121C00033000,BUY,FILLED,3.0,3.0,@3.7,3.68,DAY,2025-10-01T13:38:22.985Z,2025-10-01T13:38:23.247Z
HL251121C00012000,HL251121C00012000,SELL,FILLED,8.0,8.0,@1.11,1.29,DAY,2025-10-01T13:37:20.225Z,2025-10-01T13:37:20.474Z
AAPL251121C00255000,AAPL251121C00255000,BUY,FILLED,1.0,1.0,@12.55,12.55,DAY,2025-10-01T13:36:51.440Z,2025-10-01T13:36:51.903Z
SNAP251121C00007000,SNAP251121C00007000,SELL,FILLED,5.0,5.0,@1.18,1.26,DAY,2025-10-01T13:31:06.288Z,2025-10-01T13:31:06.431Z
COIN251121C00400000,COIN251121C00400000,BUY,FILLED,1.0,1.0,@15.7,15.7,DAY,2025-10-01T13:30:46.619Z,2025-10-01T13:30:46.666Z
HIVE251121C00004000,HIVE251121C00004000,BUY,FILLED,5.0,5.0,@0.8,0.8,DAY,2025-09-30T19:51:26.958Z,2025-09-30T19:51:27.129Z
HIVE251121C00004000,HIVE251121C00004000,BUY,FILLED,15.0,15.0,@0.8,0.79,DAY,2025-09-30T19:50:52.322Z,2025-09-30T19:51:06.648Z
GLD251121C00358000,GLD251121C00358000,SELL,FILLED,1.0,1.0,@8.8,8.8,DAY,2025-09-30T18:49:28.005Z,2025-09-30T18:49:28.040Z
MTCH251121P00037500,MTCH251121P00037500,BUY,FILLED,2.0,2.0,@3.4,3.4,DAY,2025-09-30T18:44:52.008Z,2025-09-30T18:44:52.072Z
BILI251121C00035000,BILI251121C00035000,BUY,FILLED,5.0,5.0,@1.05,1.05,DAY,2025-09-30T17:54:02.925Z,2025-09-30T17:54:02.962Z
SKYT251219C00019000,SKYT251219C00019000,SELL,FILLED,2.0,2.0,@3.0,3.0,DAY,2025-09-30T17:08:08.244Z,2025-09-30T17:08:08.358Z
MU251121C00165000,MU251121C00165000,SELL,FILLED,1.0,1.0,@12.8,12.9,DAY,2025-09-30T16:58:55.043Z,2025-09-30T16:58:55.102Z
HL251003C00012500,HL251003C00012500,SELL,FILLED,10.0,10.0,@0.13,0.13,DAY,2025-09-30T16:58:41.729Z,2025-09-30T16:58:41.871Z
NIO251121C00007000,NIO251121C00007000,SELL,FILLED,10.0,10.0,@1.11,1.11,DAY,2025-09-30T16:58:29.949Z,2025-09-30T16:58:30.115Z
SNAP251121C00007000,SNAP251121C00007000,BUY,FILLED,5.0,5.0,@1.44,1.43,DAY,2025-09-30T16:47:31.569Z,2025-09-30T16:47:31.950Z
SNAP251219C00008000,SNAP251219C00008000,SELL,FILLED,8.0,8.0,@1.12,1.12,DAY,2025-09-30T14:36:56.961Z,2025-09-30T14:36:57.004Z
HIVE251121C00003000,HIVE251121C00003000,BUY,CANCELLED,0.0,10.0,@1.2,,DAY,2025-09-30T14:25:29.400Z,
SKYT251219C00019000,SKYT251219C00019000,SELL,FILLED,3.0,3.0,@3.6,3.6,DAY,2025-09-30T14:15:52.770Z,2025-09-30T14:15:52.827Z
NIO251003C00007500,NIO251003C00007500,SELL,FILLED,5.0,5.0,@0.24,0.24,DAY,2025-09-30T14:09:43.720Z,2025-09-30T14:09:43.982Z
SNAP251219C00008000,SNAP251219C00008000,SELL,FILLED,6.0,6.0,@1.17,1.19,DAY,2025-09-30T14:09:35.022Z,2025-09-30T14:09:35.209Z
HL251121C00012000,HL251121C00012000,SELL,FILLED,7.0,7.0,@1.22,1.22,DAY,2025-09-30T14:09:14.494Z,2025-09-30T14:09:24.375Z
QQQ250930P00585000,QQQ250930P00585000,SELL,FILLED,3.0,3.0,@0.03,0.03,DAY,2025-09-30T14:05:09.043Z,2025-09-30T14:05:09.173Z
MU251121C00165000,MU251121C00165000,BUY,FILLED,1.0,1.0,@13.75,13.7,DAY,2025-09-30T14:00:41.770Z,2025-09-30T14:00:41.822Z
SKYT251219C00019000,SKYT251219C00019000,BUY,FILLED,5.0,5.0,@4.1,4.1,DAY,2025-09-30T13:44:39.414Z,2025-09-30T13:44:39.448Z
CRWV251003C00145000,CRWV251003C00145000,SELL,FILLED,1.0,1.0,@3.7,3.7,DAY,2025-09-30T13:42:43.296Z,2025-09-30T13:42:49.056Z
JD251121C00035000,JD251121C00035000,BUY,FILLED,5.0,5.0,@3.35,3.35,DAY,2025-09-30T13:39:53.415Z,2025-09-30T13:40:21.115Z
NIO251003C00007500,NIO251003C00007500,BUY,FILLED,5.0,5.0,@0.38,0.38,DAY,2025-09-30T13:39:36.657Z,2025-09-30T13:40:53.189Z
NIO251121C00007000,NIO251121C00007000,BUY,FILLED,10.0,10.0,@1.2,1.2,DAY,2025-09-30T13:39:26.406Z,2025-09-30T13:39:26.594Z
NIO251003C00007500,NIO251003C00007500,SELL,FILLED,30.0,30.0,,0.29,DAY,2025-09-30T13:39:12.050Z,2025-09-30T13:39:12.204Z
NIO251003C00007500,NIO251003C00007500,BUY,FILLED,30.0,30.0,@0.32,0.3,DAY,2025-09-30T13:38:51.919Z,2025-09-30T13:38:52.123Z
CRWV251003C00145000,CRWV251003C00145000,BUY,FILLED,1.0,1.0,@3.7,3.6,DAY,2025-09-30T13:33:47.850Z,2025-09-30T13:33:47.956Z
GDX251017C00076500,GDX251017C00076500,SELL,FILLED,4.0,4.0,@2.06,2.06,DAY,2025-09-30T13:33:30.055Z,2025-09-30T13:33:30.225Z
MU251121C00165000,MU251121C00165000,BUY,FILLED,1.0,1.0,@12.65,12.65,DAY,2025-09-30T13:31:58.481Z,2025-09-30T13:31:58.590Z
GLD251121C00358000,GLD251121C00358000,SELL,FILLED,1.0,1.0,@7.25,7.27,DAY,2025-09-30T13:31:31.466Z,2025-09-30T13:31:31.615Z
GDX251017C00079000,GDX251017C00079000,SELL,FILLED,1.0,1.0,@1.08,1.08,DAY,2025-09-30T13:31:22.778Z,2025-09-30T13:31:22.844Z
GDX251017C00076500,GDX251017C00076500,SELL,FILLED,2.0,2.0,@1.88,1.88,DAY,2025-09-30T13:31:12.312Z,2025-09-30T13:31:12.613Z
INTC251121C00036000,INTC251121C00036000,SELL,FILLED,8.0,8.0,,2.75,DAY,2025-09-30T13:30:41.278Z,2025-09-30T13:30:41.499Z
SNAP251219C00008000,SNAP251219C00008000,BUY,FILLED,2.0,2.0,@1.48,1.48,DAY,2025-09-29T17:43:27.406Z,2025-09-29T17:43:27.540Z
OPEN251121P00006000,OPEN251121P00006000,SELL,FILLED,5.0,5.0,@0.62,0.62,DAY,2025-09-29T17:42:52.840Z,2025-09-29T17:42:52.879Z
SNAP251219C00008000,SNAP251219C00008000,BUY,FILLED,12.0,12.0,@1.49,1.48,DAY,2025-09-29T17:42:37.131Z,2025-09-29T17:42:37.276Z
HL251121C00015000,HL251121C00015000,SELL,FILLED,35.0,35.0,@0.38,0.39,DAY,2025-09-29T17:16:11.397Z,2025-09-29T17:16:11.607Z
BILI251121C00027000,BILI251121C00027000,BUY,FILLED,8.0,8.0,@2.7,2.7,DAY,2025-09-29T17:04:40.799Z,2025-09-29T17:05:10.382Z
BABA251121C00220000,BABA251121C00220000,SELL,FILLED,4.0,4.0,@4.0,4.0,DAY,2025-09-29T17:04:26.017Z,2025-09-29T17:04:26.053Z
MSTR251121P00270000,MSTR251121P00270000,SELL,FILLED,1.0,1.0,@10.15,10.15,DAY,2025-09-29T17:03:31.629Z,2025-09-29T17:03:31.671Z
VNET251121C00014000,VNET251121C00014000,SELL,FILLED,10.0,10.0,@0.9,0.9,DAY,2025-09-29T15:56:33.809Z,2025-09-29T15:56:33.943Z
BILI251121C00027000,BILI251121C00027000,BUY,FILLED,8.0,8.0,@2.75,2.75,DAY,2025-09-29T15:55:47.457Z,2025-09-29T15:55:50.687Z
ILMN251121P00085000,ILMN251121P00085000,SELL,FILLED,4.0,4.0,@3.5,3.58,DAY,2025-09-29T14:05:15.006Z,2025-09-29T14:05:15.235Z
HL251121C00015000,HL251121C00015000,BUY,FILLED,35.0,35.0,@0.46,0.44,DAY,2025-09-29T13:41:43.455Z,2025-09-29T13:41:43.571Z
HL251003C00012500,HL251003C00012500,BUY,FILLED,10.0,10.0,@0.22,0.21,DAY,2025-09-29T13:35:13.287Z,2025-09-29T13:35:13.435Z
MSTR251121P00270000,MSTR251121P00270000,SELL,FILLED,1.0,1.0,@12.5,12.5,DAY,2025-09-29T13:33:59.956Z,2025-09-29T13:34:00.197Z
BABA251121C00220000,BABA251121C00220000,BUY,FILLED,1.0,1.0,@3.85,3.85,DAY,2025-09-29T13:32:34.189Z,2025-09-29T13:32:39.375Z
BABA251121C00220000,BABA251121C00220000,BUY,FILLED,3.0,3.0,@4.0,4.0,DAY,2025-09-29T13:32:21.405Z,2025-09-29T13:32:21.539Z
XYZ251121P00065000,XYZ251121P00065000,SELL,FILLED,5.0,5.0,@1.94,1.97,DAY,2025-09-29T13:31:04.340Z,2025-09-29T13:31:04.640Z
OKLO251121P00080000,OKLO251121P00080000,SELL,FILLED,2.0,2.0,@3.4,3.4,DAY,2025-09-29T13:30:58.834Z,2025-09-29T13:30:58.880Z
HL251121C00012000,HL251121C00012000,BUY,FILLED,15.0,15.0,@1.25,1.17,DAY,2025-09-29T13:30:29.073Z,2025-09-29T13:30:29.510Z
XYZ251121P00065000,XYZ251121P00065000,BUY,FILLED,2.0,2.0,@2.41,2.41,DAY,2025-09-26T19:48:45.977Z,2025-09-26T19:48:46.026Z
INTC250926C00036000,INTC250926C00036000,SELL,FILLED,6.0,6.0,@0.33,0.33,DAY,2025-09-26T16:56:55.879Z,2025-09-26T16:56:55.920Z
JD251121C00041000,JD251121C00041000,SELL,FILLED,4.0,4.0,@1.29,1.3,DAY,2025-09-26T15:18:23.178Z,2025-09-26T15:18:23.448Z
COIN251017P00230000,COIN251017P00230000,SELL,FILLED,5.0,5.0,@0.73,0.8,DAY,2025-09-26T15:11:12.221Z,2025-09-26T15:11:12.439Z
OKLO251121P00080000,OKLO251121P00080000,BUY,FILLED,2.0,2.0,@5.35,5.35,DAY,2025-09-26T15:10:46.318Z,2025-09-26T15:10:46.441Z
GDX251017C00079000,GDX251017C00079000,BUY,FILLED,1.0,1.0,@1.04,1.04,DAY,2025-09-26T14:12:40.610Z,2025-09-26T14:12:40.664Z
GDX251017C00076500,GDX251017C00076500,BUY,FILLED,6.0,6.0,@1.64,1.63,DAY,2025-09-26T14:01:30.344Z,2025-09-26T14:01:30.379Z
XYZ251121P00065000,XYZ251121P00065000,BUY,FILLED,3.0,3.0,@2.99,2.95,DAY,2025-09-26T13:37:01.811Z,2025-09-26T13:37:02.245Z
MSTR250926P00295000,MSTR250926P00295000,SELL,FILLED,1.0,1.0,@1.63,1.73,DAY,2025-09-26T13:36:20.231Z,2025-09-26T13:36:20.390Z
JD251121C00041000,JD251121C00041000,SELL,FILLED,4.0,4.0,@1.03,1.21,DAY,2025-09-26T13:35:54.184Z,2025-09-26T13:35:54.335Z
MU251121P00120000,MU251121P00120000,SELL,FILLED,8.0,8.0,@1.1,1.19,DAY,2025-09-26T13:32:07.989Z,2025-09-26T13:32:08.130Z
MP251121C00095000,MP251121C00095000,SELL,FILLED,2.0,2.0,@4.3,4.3,DAY,2025-09-26T13:31:57.638Z,2025-09-26T13:31:57.683Z
NIO251121C00010000,NIO251121C00010000,SELL,FILLED,3.0,3.0,,0.27,DAY,2025-09-26T13:31:14.354Z,2025-09-26T13:31:14.532Z
INTC250926C00036000,INTC250926C00036000,BUY,FILLED,10.0,10.0,@0.29,0.29,DAY,2025-09-25T19:51:31.192Z,2025-09-25T19:51:31.316Z
MP251121C00095000,MP251121C00095000,BUY,FILLED,2.0,2.0,@5.4,5.37,DAY,2025-09-25T19:20:51.020Z,2025-09-25T19:20:51.257Z
GLD251121C00358000,GLD251121C00358000,BUY,FILLED,2.0,2.0,@5.8,5.73,DAY,2025-09-25T18:56:42.294Z,2025-09-25T18:56:42.522Z
QQQ250930P00585000,QQQ250930P00585000,SELL,FILLED,3.0,3.0,,2.87,DAY,2025-09-25T18:04:55.566Z,2025-09-25T18:06:01.126Z
COIN251017P00230000,COIN251017P00230000,BUY,FILLED,5.0,5.0,@1.0,1.0,DAY,2025-09-25T17:42:07.133Z,2025-09-25T17:42:07.174Z
JD251121C00041000,JD251121C00041000,SELL,FILLED,7.0,7.0,@1.41,1.42,DAY,2025-09-25T17:39:33.575Z,2025-09-25T17:39:33.702Z
NIO251121C00010000,NIO251121C00010000,SELL,PARTIAL_FILLED,27.0,30.0,@0.31,0.31,DAY,2025-09-25T17:39:04.245Z,2025-09-25T17:39:04.489Z
CRWV251121C00175000,CRWV251121C00175000,SELL,FILLED,3.0,3.0,@6.75,6.75,DAY,2025-09-25T17:38:57.218Z,2025-09-25T17:38:57.325Z
CRWV250926C00142000,CRWV250926C00142000,SELL,FILLED,1.0,1.0,@0.92,0.92,DAY,2025-09-25T16:14:01.850Z,2025-09-25T16:14:02.029Z
QQQ250930P00585000,QQQ250930P00585000,BUY,FILLED,6.0,6.0,@1.47,1.45,DAY,2025-09-25T16:08:31.469Z,2025-09-25T16:08:43.662Z
CRWV250926C00142000,CRWV250926C00142000,BUY,FILLED,1.0,1.0,@2.04,2.04,DAY,2025-09-25T15:52:05.688Z,2025-09-25T15:52:05.843Z
INTC250926C00034500,INTC250926C00034500,SELL,FILLED,10.0,10.0,@0.24,0.24,DAY,2025-09-25T15:26:20.478Z,2025-09-25T15:26:20.678Z
INTC250926C00034500,INTC250926C00034500,BUY,FILLED,10.0,10.0,@0.4,0.4,DAY,2025-09-25T15:15:04.354Z,2025-09-25T15:15:04.392Z
MSTR250926P00295000,MSTR250926P00295000,BUY,FILLED,1.0,1.0,@2.05,2.05,DAY,2025-09-25T15:05:19.755Z,2025-09-25T15:05:20.116Z
INTC251121C00036000,INTC251121C00036000,BUY,FILLED,3.0,3.0,@2.39,2.37,DAY,2025-09-25T14:57:36.592Z,2025-09-25T14:57:36.736Z
UAL251121P00090000,UAL251121P00090000,SELL,FILLED,4.0,4.0,,3.52,DAY,2025-09-25T14:42:17.371Z,2025-09-25T14:42:17.516Z
CRWV251121C00175000,CRWV251121C00175000,BUY,FILLED,1.0,1.0,@9.25,9.25,DAY,2025-09-25T14:34:21.041Z,2025-09-25T14:34:21.076Z
INTC250926C00034000,INTC250926C00034000,SELL,FILLED,10.0,10.0,@0.6,0.64,DAY,2025-09-25T14:12:58.013Z,2025-09-25T14:12:58.158Z
NIO251121C00010000,NIO251121C00010000,BUY,FILLED,30.0,30.0,@0.38,0.36,DAY,2025-09-25T14:12:10.611Z,2025-09-25T14:12:10.779Z
VNET251121C00014000,VNET251121C00014000,BUY,FILLED,8.0,8.0,@1.2,1.17,DAY,2025-09-25T14:11:14.777Z,2025-09-25T14:11:14.992Z
MSTR250926P00292500,MSTR250926P00292500,SELL,FILLED,1.0,1.0,@0.88,0.88,DAY,2025-09-25T14:07:47.103Z,2025-09-25T14:07:47.200Z
MU251121P00120000,MU251121P00120000,SELL,FILLED,7.0,7.0,@1.14,1.16,DAY,2025-09-25T14:07:40.070Z,2025-09-25T14:07:40.309Z
INTC250926C00034000,INTC250926C00034000,BUY,FILLED,10.0,10.0,@0.49,0.49,DAY,2025-09-25T14:06:51.771Z,2025-09-25T14:06:56.101Z
INTC251121C00036000,INTC251121C00036000,BUY,FILLED,1.0,1.0,@2.31,2.31,DAY,2025-09-25T14:05:14.028Z,2025-09-25T14:05:14.176Z
INTC251121C00036000,INTC251121C00036000,BUY,FILLED,4.0,4.0,@2.22,2.16,DAY,2025-09-25T14:03:13.867Z,2025-09-25T14:03:14.002Z
JD251121C00041000,JD251121C00041000,BUY,FILLED,15.0,15.0,@1.61,1.6,DAY,2025-09-25T14:02:14.735Z,2025-09-25T14:02:29.738Z
QQQ250925P00586000,QQQ250925P00586000,SELL,FILLED,2.0,2.0,@0.59,0.59,DAY,2025-09-25T13:47:27.934Z,2025-09-25T13:47:56.009Z
MU251121P00120000,MU251121P00120000,SELL,FILLED,5.0,5.0,@1.25,1.25,DAY,2025-09-25T13:47:18.609Z,2025-09-25T13:47:18.664Z
CRWV251121C00175000,CRWV251121C00175000,BUY,FILLED,1.0,1.0,@8.9,8.58,DAY,2025-09-25T13:47:05.770Z,2025-09-25T13:47:06.335Z
INTC251121C00034000,INTC251121C00034000,SELL,FILLED,3.0,3.0,@2.22,2.23,DAY,2025-09-25T13:44:32.855Z,2025-09-25T13:44:32.999Z
MSTR250926P00292500,MSTR250926P00292500,BUY,FILLED,1.0,1.0,@1.91,1.84,DAY,2025-09-25T13:42:59.904Z,2025-09-25T13:43:00.271Z
JD251121C00040000,JD251121C00040000,SELL,FILLED,4.0,4.0,@1.28,1.29,DAY,2025-09-25T13:40:23.776Z,2025-09-25T13:40:49.000Z
ILMN251121P00085000,ILMN251121P00085000,BUY,FILLED,4.0,4.0,@3.7,3.7,DAY,2025-09-25T13:39:56.112Z,2025-09-25T13:39:56.251Z
QQQ250925P00586000,QQQ250925P00586000,SELL,FILLED,8.0,8.0,@0.61,0.61,DAY,2025-09-25T13:39:09.190Z,2025-09-25T13:39:10.557Z
MU251121P00120000,MU251121P00120000,BUY,FILLED,10.0,10.0,@1.31,1.31,DAY,2025-09-25T13:38:54.681Z,2025-09-25T13:38:54.722Z
VNET251121C00014000,VNET251121C00014000,SELL,FILLED,8.0,8.0,@0.85,0.85,DAY,2025-09-25T13:37:31.895Z,2025-09-25T13:37:31.950Z
JD251121C00040000,JD251121C00040000,SELL,FILLED,10.0,10.0,,1.52,DAY,2025-09-25T13:35:01.416Z,2025-09-25T13:35:01.554Z
MSTR251121P00270000,MSTR251121P00270000,BUY,FILLED,1.0,1.0,@13.3,13.3,DAY,2025-09-25T13:34:22.292Z,2025-09-25T13:34:22.343Z
INTC251121C00034000,INTC251121C00034000,SELL,FILLED,10.0,10.0,@2.3,2.3,DAY,2025-09-25T13:33:06.851Z,2025-09-25T13:33:06.965Z
UAL251121P00090000,UAL251121P00090000,BUY,FILLED,1.0,1.0,@4.1,4.05,DAY,2025-09-25T13:32:07.552Z,2025-09-25T13:32:07.604Z
MU251121P00120000,MU251121P00120000,BUY,FILLED,10.0,10.0,@1.3,1.3,DAY,2025-09-25T13:31:52.297Z,2025-09-25T13:31:52.492Z
QQQ250925P00586000,QQQ250925P00586000,BUY,FILLED,10.0,10.0,@0.41,0.4,DAY,2025-09-25T13:31:38.167Z,2025-09-25T13:31:38.345Z
MSTR251121P00270000,MSTR251121P00270000,BUY,FILLED,1.0,1.0,@12.9,12.8,DAY,2025-09-25T13:30:49.968Z,2025-09-25T13:30:50.173Z
CRWV251121C00175000,CRWV251121C00175000,SELL,FILLED,3.0,3.0,@6.6,6.6,DAY,2025-09-25T13:30:19.553Z,2025-09-25T13:31:00.499Z
JD251121C00040000,JD251121C00040000,BUY,FILLED,3.0,3.0,@1.51,1.51,DAY,2025-09-24T19:52:29.258Z,2025-09-24T19:52:29.292Z
JD251121C00040000,JD251121C00040000,BUY,FILLED,3.0,3.0,@1.51,1.51,DAY,2025-09-24T19:51:40.813Z,2025-09-24T19:51:40.947Z
JD251121C00040000,JD251121C00040000,BUY,FILLED,8.0,8.0,@1.51,1.51,DAY,2025-09-24T19:51:09.973Z,2025-09-24T19:51:10.132Z
CRWV251121C00175000,CRWV251121C00175000,BUY,FILLED,1.0,1.0,@8.0,7.95,DAY,2025-09-24T18:56:17.103Z,2025-09-24T18:56:17.287Z
COIN251121P00250000,COIN251121P00250000,SELL,FILLED,2.0,2.0,@5.85,5.9,DAY,2025-09-24T18:14:30.359Z,2025-09-24T18:14:30.524Z
MU251017P00140000,MU251017P00140000,SELL,FILLED,3.0,3.0,@1.34,1.34,DAY,2025-09-24T18:06:49.169Z,2025-09-24T18:06:49.322Z
CRWV251121C00175000,CRWV251121C00175000,BUY,FILLED,3.0,3.0,@7.5,7.5,DAY,2025-09-24T18:06:42.216Z,2025-09-24T18:06:42.262Z
QQQ250925P00591000,QQQ250925P00591000,SELL,FILLED,1.0,1.0,@1.16,1.17,DAY,2025-09-24T16:20:37.439Z,2025-09-24T16:20:37.580Z
FSLR251121C00270000,FSLR251121C00270000,SELL,FILLED,1.0,1.0,@7.0,7.14,DAY,2025-09-24T16:08:40.604Z,2025-09-24T16:08:40.738Z
UAL251121P00090000,UAL251121P00090000,BUY,FILLED,3.0,3.0,@3.35,3.29,DAY,2025-09-24T16:07:51.691Z,2025-09-24T16:07:51.794Z
MU251017P00140000,MU251017P00140000,BUY,FILLED,3.0,3.0,@1.58,1.55,DAY,2025-09-24T16:06:29.081Z,2025-09-24T16:06:29.299Z
COHR260116C00165000,COHR260116C00165000,SELL,FILLED,4.0,4.0,@1.65,1.74,DAY,2025-09-24T16:05:20.735Z,2025-09-24T16:05:20.972Z
QQQ250925P00591000,QQQ250925P00591000,SELL,FILLED,2.0,2.0,@1.17,1.17,DAY,2025-09-24T16:05:02.327Z,2025-09-24T16:05:04.028Z
AMKR260320C00036000,AMKR260320C00036000,SELL,FILLED,5.0,5.0,@1.9,1.95,DAY,2025-09-24T15:58:08.678Z,2025-09-24T15:58:08.802Z
NVDA251121C00195000,NVDA251121C00195000,SELL,FILLED,1.0,1.0,@5.6,5.6,DAY,2025-09-24T15:48:29.119Z,2025-09-24T15:48:29.170Z
QQQ250925P00591000,QQQ250925P00591000,BUY,FILLED,3.0,3.0,@0.81,0.78,DAY,2025-09-24T15:47:07.204Z,2025-09-24T15:47:07.289Z
VNET251121C00014000,VNET251121C00014000,BUY,FILLED,10.0,10.0,@1.05,1.05,DAY,2025-09-24T15:00:55.475Z,2025-09-24T15:00:55.575Z
NVDA251121C00195000,NVDA251121C00195000,SELL,FILLED,1.0,1.0,@6.05,6.05,DAY,2025-09-24T14:23:55.150Z,2025-09-24T14:23:55.259Z
FSLR251121C00270000,FSLR251121C00270000,SELL,FILLED,2.0,2.0,@6.45,6.65,DAY,2025-09-24T14:15:00.140Z,2025-09-24T14:15:00.277Z
SOUN251121C00020000,SOUN251121C00020000,SELL,FILLED,5.0,5.0,@2.3,2.31,DAY,2025-09-24T14:11:53.926Z,2025-09-24T14:11:53.966Z
FSLR251121C00270000,FSLR251121C00270000,BUY,FILLED,2.0,2.0,@7.8,7.4,DAY,2025-09-24T14:04:06.113Z,2025-09-24T14:04:15.880Z
FSLR251121C00270000,FSLR251121C00270000,BUY,FILLED,1.0,1.0,@7.3,7.3,DAY,2025-09-24T14:03:34.714Z,2025-09-24T14:03:51.799Z
SOUN251121C00020000,SOUN251121C00020000,BUY,FILLED,5.0,5.0,@2.59,2.56,DAY,2025-09-24T14:03:00.531Z,2025-09-24T14:03:00.569Z
COIN251121P00250000,COIN251121P00250000,BUY,FILLED,2.0,2.0,@6.35,6.35,DAY,2025-09-24T13:57:52.778Z,2025-09-24T13:57:52.879Z
SOUN251121C00020000,SOUN251121C00020000,SELL,FILLED,6.0,6.0,@2.3,2.3,DAY,2025-09-24T13:53:17.438Z,2025-09-24T13:53:17.558Z
NVDA251121C00195000,NVDA251121C00195000,SELL,FILLED,2.0,2.0,@5.9,5.9,DAY,2025-09-24T13:51:57.647Z,2025-09-24T13:51:57.686Z
CRWV251121C00175000,CRWV251121C00175000,SELL,FILLED,1.0,1.0,@5.5,5.68,DAY,2025-09-24T13:51:12.365Z,2025-09-24T13:51:12.900Z
GLD251121C00348000,GLD251121C00348000,SELL,FILLED,2.0,2.0,@9.35,9.45,DAY,2025-09-24T13:48:01.885Z,2025-09-24T13:48:02.022Z
INTC251121C00034000,INTC251121C00034000,BUY,FILLED,3.0,3.0,@1.9,1.87,DAY,2025-09-24T13:43:08.171Z,2025-09-24T13:43:08.259Z
FSLR251121C00270000,FSLR251121C00270000,SELL,FILLED,1.0,1.0,@4.15,4.15,DAY,2025-09-24T13:35:56.156Z,2025-09-24T13:35:56.213Z
COIN251121P00250000,COIN251121P00250000,SELL,FILLED,2.0,2.0,@5.9,5.95,DAY,2025-09-24T13:33:56.770Z,2025-09-24T13:33:56.901Z
INTC251121C00034000,INTC251121C00034000,BUY,FILLED,10.0,10.0,@1.53,1.46,DAY,2025-09-24T13:33:32.237Z,2025-09-24T13:33:32.377Z
MU250926C00185000,MU250926C00185000,SELL,FILLED,1.0,1.0,@0.07,0.07,DAY,2025-09-24T13:32:23.556Z,2025-09-24T13:32:23.652Z
TSLA251121P00360000,TSLA251121P00360000,SELL,FILLED,1.0,1.0,@12.1,12.13,DAY,2025-09-24T13:31:52.702Z,2025-09-24T13:31:53.006Z
CRWV251121C00175000,CRWV251121C00175000,BUY,FILLED,1.0,1.0,@6.9,6.9,DAY,2025-09-24T13:31:40.670Z,2025-09-24T13:32:12.367Z
NVDA251121C00195000,NVDA251121C00195000,BUY,FILLED,4.0,4.0,@6.5,6.5,DAY,2025-09-24T13:30:39.795Z,2025-09-24T13:30:51.169Z
COHR260116C00165000,COHR260116C00165000,SELL,FILLED,4.0,4.0,@1.65,1.79,DAY,2025-09-23T18:29:12.457Z,2025-09-23T18:29:12.665Z
FSLR251121C00270000,FSLR251121C00270000,SELL,FILLED,2.0,2.0,@5.5,5.67,DAY,2025-09-23T18:28:51.892Z,2025-09-23T18:28:52.132Z
COIN251121P00250000,COIN251121P00250000,BUY,FILLED,2.0,2.0,@6.85,6.8,DAY,2025-09-23T18:22:59.405Z,2025-09-23T18:22:59.558Z
TSLA251121P00360000,TSLA251121P00360000,BUY,FILLED,1.0,1.0,@13.7,13.55,DAY,2025-09-23T17:45:11.997Z,2025-09-23T17:45:12.038Z
TSLA251121P00360000,TSLA251121P00360000,BUY,CANCELLED,0.0,1.0,@13.65,,DAY,2025-09-23T17:44:34.252Z,
INTC251121C00035000,INTC251121C00035000,SELL,FILLED,16.0,16.0,@1.23,1.24,DAY,2025-09-23T17:43:11.343Z,2025-09-23T17:43:11.532Z
ASTS250926C00052000,ASTS250926C00052000,SELL,FILLED,1.0,1.0,,3.53,DAY,2025-09-23T17:41:37.437Z,2025-09-23T17:41:37.581Z
GLD250930C00353000,GLD250930C00353000,SELL,FILLED,8.0,8.0,@1.16,1.19,DAY,2025-09-23T17:40:38.544Z,2025-09-23T17:40:38.913Z
GDX251121C00075000,GDX251121C00075000,SELL,FILLED,6.0,6.0,@4.45,4.45,DAY,2025-09-23T17:40:23.283Z,2025-09-23T17:40:23.321Z
FSLR251121C00270000,FSLR251121C00270000,SELL,FILLED,2.0,2.0,@5.4,5.4,DAY,2025-09-23T17:38:32.859Z,2025-09-23T17:38:32.902Z
SNAP251121C00011000,SNAP251121C00011000,SELL,FILLED,20.0,20.0,@0.52,0.52,DAY,2025-09-23T17:38:09.136Z,2025-09-23T17:38:09.250Z
HNGE251017C00070000,HNGE251017C00070000,SELL,FILLED,5.0,5.0,@1.3,1.3,DAY,2025-09-23T17:37:38.230Z,2025-09-23T17:37:38.426Z
BABA251121C00185000,BABA251121C00185000,SELL,FILLED,1.0,1.0,@6.3,6.3,DAY,2025-09-23T17:37:33.316Z,2025-09-23T17:37:33.372Z
FSLR250926C00225000,FSLR250926C00225000,SELL,FILLED,2.0,2.0,@1.8,1.81,DAY,2025-09-23T17:37:08.522Z,2025-09-23T17:37:08.592Z
MU251121C00180000,MU251121C00180000,SELL,FILLED,1.0,1.0,@10.4,10.4,DAY,2025-09-23T17:33:35.417Z,2025-09-23T17:33:35.493Z
ASTS250926C00052000,ASTS250926C00052000,SELL,FILLED,1.0,1.0,@3.95,3.99,DAY,2025-09-23T15:33:45.454Z,2025-09-23T15:33:45.612Z
INTC250926C00031000,INTC250926C00031000,SELL,FILLED,10.0,10.0,@0.33,0.33,DAY,2025-09-23T15:29:04.145Z,2025-09-23T15:29:04.191Z
SNAP251121C00011000,SNAP251121C00011000,BUY,FILLED,20.0,20.0,@0.5,0.5,DAY,2025-09-23T15:28:47.747Z,2025-09-23T15:28:57.919Z
FSLR251121C00270000,FSLR251121C00270000,SELL,FILLED,1.0,1.0,@5.0,5.33,DAY,2025-09-23T15:19:40.202Z,2025-09-23T15:19:40.390Z
INTC250926C00031000,INTC250926C00031000,BUY,FILLED,10.0,10.0,@0.44,0.44,DAY,2025-09-23T14:50:22.416Z,2025-09-23T14:50:22.547Z
BABA251121C00185000,BABA251121C00185000,SELL,FILLED,1.0,1.0,@7.05,7.05,DAY,2025-09-23T14:06:52.958Z,2025-09-23T14:06:53.004Z
ENVX251121C00012000,ENVX251121C00012000,SELL,FILLED,4.0,4.0,@1.16,1.17,DAY,2025-09-23T14:06:27.901Z,2025-09-23T14:06:28.005Z
SOUN251121C00020000,SOUN251121C00020000,BUY,FILLED,1.0,1.0,@2.75,2.74,DAY,2025-09-23T13:59:08.101Z,2025-09-23T13:59:08.299Z
BABA251121C00185000,BABA251121C00185000,BUY,FILLED,2.0,2.0,@7.65,7.65,DAY,2025-09-23T13:57:53.447Z,2025-09-23T13:57:53.486Z
ASTS250926C00052000,ASTS250926C00052000,SELL,CANCELLED,0.0,1.0,,,DAY,2025-09-23T13:57:31.792Z,
INTC250926C00030500,INTC250926C00030500,SELL,FILLED,10.0,10.0,@0.57,0.57,DAY,2025-09-23T13:53:43.243Z,2025-09-23T13:53:43.617Z
INTC250926C00030500,INTC250926C00030500,BUY,FILLED,10.0,10.0,@0.59,0.58,DAY,2025-09-23T13:53:10.265Z,2025-09-23T13:53:19.831Z
ENVX251121C00012000,ENVX251121C00012000,BUY,FILLED,4.0,4.0,@1.28,1.27,DAY,2025-09-23T13:50:13.019Z,2025-09-23T13:50:13.076Z
FSLR251121C00270000,FSLR251121C00270000,BUY,FILLED,1.0,1.0,@6.55,6.55,DAY,2025-09-23T13:48:38.627Z,2025-09-23T13:48:38.696Z
HNGE251017C00070000,HNGE251017C00070000,BUY,FILLED,1.0,1.0,@1.8,1.8,DAY,2025-09-23T13:47:09.596Z,2025-09-23T13:47:09.656Z
HNGE251017C00070000,HNGE251017C00070000,BUY,FILLED,4.0,4.0,@1.7,1.7,DAY,2025-09-23T13:46:36.095Z,2025-09-23T13:46:36.333Z
ORCL251121C00380000,ORCL251121C00380000,SELL,FILLED,4.0,4.0,@7.3,7.35,DAY,2025-09-23T13:45:42.373Z,2025-09-23T13:45:42.573Z
INTC251121C00035000,INTC251121C00035000,BUY,FILLED,8.0,8.0,@1.45,1.44,DAY,2025-09-23T13:44:15.635Z,2025-09-23T13:44:15.786Z
INTC251121C00035000,INTC251121C00035000,BUY,FILLED,4.0,4.0,@1.28,1.28,DAY,2025-09-23T13:38:33.141Z,2025-09-23T13:38:39.703Z
SNAP251017C00010000,SNAP251017C00010000,SELL,FILLED,50.0,50.0,@0.16,0.16,DAY,2025-09-23T13:37:40.613Z,2025-09-23T13:37:40.840Z
INTC251121C00035000,INTC251121C00035000,BUY,FILLED,4.0,4.0,@1.25,1.25,DAY,2025-09-23T13:36:17.285Z,2025-09-23T13:36:17.425Z
OPEN251121P00006000,OPEN251121P00006000,BUY,FILLED,5.0,5.0,@1.0,0.98,DAY,2025-09-23T13:34:51.445Z,2025-09-23T13:34:51.673Z
ORCL250926C00350000,ORCL250926C00350000,SELL,FILLED,2.0,2.0,@1.2,1.23,DAY,2025-09-23T13:33:17.432Z,2025-09-23T13:33:17.474Z
GLD250930C00353000,GLD250930C00353000,BUY,FILLED,3.0,3.0,@1.5,1.5,DAY,2025-09-23T13:30:50.645Z,2025-09-23T13:30:50.695Z
GLD250930C00353000,GLD250930C00353000,BUY,FILLED,5.0,5.0,@1.48,1.48,DAY,2025-09-23T13:30:19.603Z,2025-09-23T13:30:40.453Z
ASTS250926C00052000,ASTS250926C00052000,BUY,FILLED,2.0,2.0,@1.08,1.08,DAY,2025-09-22T19:34:57.072Z,2025-09-22T19:34:57.107Z
ORCL250926C00350000,ORCL250926C00350000,BUY,FILLED,2.0,2.0,@2.4,2.4,DAY,2025-09-22T19:33:16.298Z,2025-09-22T19:33:16.335Z
NVDL250926C00094000,NVDL250926C00094000,SELL,FILLED,2.0,2.0,@2.07,2.09,DAY,2025-09-22T19:32:59.741Z,2025-09-22T19:32:59.772Z
NVDL250926C00094000,NVDL250926C00094000,BUY,FILLED,2.0,2.0,@2.13,2.13,DAY,2025-09-22T19:32:30.848Z,2025-09-22T19:32:30.887Z
GME251121C00028000,GME251121C00028000,SELL,FILLED,5.0,5.0,@2.14,2.14,DAY,2025-09-22T19:32:06.970Z,2025-09-22T19:32:07.004Z
COHR260116C00165000,COHR260116C00165000,BUY,FILLED,8.0,8.0,@2.6,2.6,DAY,2025-09-22T16:15:25.338Z,2025-09-22T16:15:25.377Z
TSLA251121C00515000,TSLA251121C00515000,SELL,FILLED,1.0,1.0,@20.25,20.3,DAY,2025-09-22T16:14:41.101Z,2025-09-22T16:14:51.903Z
AMKR260320C00036000,AMKR260320C00036000,BUY,FILLED,5.0,5.0,@2.6,2.6,DAY,2025-09-22T16:11:16.728Z,2025-09-22T16:11:16.768Z
TSLA251121C00515000,TSLA251121C00515000,BUY,FILLED,1.0,1.0,@21.6,21.45,DAY,2025-09-22T15:40:09.583Z,2025-09-22T15:40:09.747Z
INTC251017C00028000,INTC251017C00028000,SELL,FILLED,5.0,5.0,@2.09,2.09,DAY,2025-09-22T15:39:51.118Z,2025-09-22T15:39:51.264Z
SNAP251017C00010000,SNAP251017C00010000,BUY,FILLED,25.0,25.0,@0.29,0.29,DAY,2025-09-22T15:22:12.755Z,2025-09-22T15:22:13.609Z
FSLR250926C00225000,FSLR250926C00225000,BUY,FILLED,1.0,1.0,@2.4,2.38,DAY,2025-09-22T15:04:01.560Z,2025-09-22T15:04:01.696Z
GDX250926C00075000,GDX250926C00075000,SELL,FILLED,3.0,3.0,@0.56,0.56,DAY,2025-09-22T15:03:48.217Z,2025-09-22T15:03:50.784Z
FSLR250926C00225000,FSLR250926C00225000,BUY,FILLED,1.0,1.0,@2.48,2.41,DAY,2025-09-22T15:03:36.345Z,2025-09-22T15:03:36.491Z
ORCL251121C00380000,ORCL251121C00380000,BUY,FILLED,1.0,1.0,@8.9,8.8,DAY,2025-09-22T14:45:12.728Z,2025-09-22T14:45:12.978Z
SNAP251017C00010000,SNAP251017C00010000,SELL,FILLED,75.0,75.0,@0.26,0.26,DAY,2025-09-22T14:17:30.076Z,2025-09-22T14:17:30.152Z
GME251121C00028000,GME251121C00028000,BUY,FILLED,5.0,5.0,@2.14,2.13,DAY,2025-09-22T14:07:39.388Z,2025-09-22T14:07:39.582Z
COIN251121C00450000,COIN251121C00450000,SELL,FILLED,1.0,1.0,@7.6,7.7,DAY,2025-09-22T13:47:16.141Z,2025-09-22T13:47:16.307Z
CTSH260116P00055000,CTSH260116P00055000,BUY,CANCELLED,0.0,8.0,@1.3,,DAY,2025-09-22T13:36:53.055Z,
COIN251121C00450000,COIN251121C00450000,SELL,FILLED,1.0,1.0,@7.35,7.7,DAY,2025-09-22T13:36:09.976Z,2025-09-22T13:36:10.176Z
NIO251121C00008000,NIO251121C00008000,SELL,FILLED,20.0,20.0,@0.68,0.68,DAY,2025-09-22T13:34:35.004Z,2025-09-22T13:34:35.149Z
ORCL251121C00380000,ORCL251121C00380000,BUY,FILLED,3.0,3.0,@6.65,6.1,DAY,2025-09-22T13:33:02.602Z,2025-09-22T13:33:02.748Z
GLD251121C00348000,GLD251121C00348000,BUY,FILLED,2.0,2.0,@7.8,7.73,DAY,2025-09-22T13:32:31.487Z,2025-09-22T13:32:31.631Z
COIN251121C00450000,COIN251121C00450000,SELL,FILLED,1.0,1.0,@7.3,7.3,DAY,2025-09-22T13:31:49.577Z,2025-09-22T13:31:49.620Z
MU250926C00185000,MU250926C00185000,BUY,FILLED,1.0,1.0,@2.55,2.49,DAY,2025-09-22T13:31:22.654Z,2025-09-22T13:31:22.970Z
GDX250926C00075000,GDX250926C00075000,BUY,FILLED,3.0,3.0,@0.86,0.78,DAY,2025-09-22T13:31:11.064Z,2025-09-22T13:31:11.226Z
GDX251121C00075000,GDX251121C00075000,BUY,FILLED,2.0,2.0,@3.35,3.35,DAY,2025-09-19T19:59:34.091Z,2025-09-19T19:59:34.155Z
SNAP251017C00010000,SNAP251017C00010000,SELL,FILLED,100.0,100.0,@0.1,0.1,DAY,2025-09-19T19:24:56.543Z,2025-09-19T19:24:56.598Z
NIO251121C00008000,NIO251121C00008000,SELL,FILLED,20.0,20.0,@0.73,0.73,DAY,2025-09-19T19:17:36.081Z,2025-09-19T19:17:36.185Z
NIO251121C00008000,NIO251121C00008000,SELL,FILLED,20.0,20.0,@0.73,0.73,DAY,2025-09-19T19:14:36.621Z,2025-09-19T19:14:36.757Z
MP251121C00095000,MP251121C00095000,SELL,FILLED,2.0,2.0,@3.5,3.55,DAY,2025-09-19T19:13:17.616Z,2025-09-19T19:13:17.770Z
SNAP251017C00010000,SNAP251017C00010000,BUY,FILLED,200.0,200.0,@0.11,0.11,DAY,2025-09-19T19:13:02.914Z,2025-09-19T19:13:03.049Z
MP251121C00095000,MP251121C00095000,BUY,FILLED,2.0,2.0,@3.9,3.9,DAY,2025-09-19T17:27:10.744Z,2025-09-19T17:27:10.790Z
AVAV251017C00310000,AVAV251017C00310000,SELL,FILLED,1.0,1.0,@6.4,6.6,DAY,2025-09-19T15:39:38.399Z,2025-09-19T15:39:38.536Z
FSLR251121C00270000,FSLR251121C00270000,BUY,FILLED,1.0,1.0,@4.75,4.55,DAY,2025-09-19T15:39:11.054Z,2025-09-19T15:39:11.240Z
NXT251121C00080000,NXT251121C00080000,SELL,FILLED,3.0,3.0,@3.7,3.7,DAY,2025-09-19T15:39:03.784Z,2025-09-19T15:39:03.923Z
MU251121C00180000,MU251121C00180000,BUY,FILLED,1.0,1.0,@7.9,7.9,DAY,2025-09-19T15:38:51.572Z,2025-09-19T15:38:51.710Z
GDX251121C00075000,GDX251121C00075000,BUY,FILLED,4.0,4.0,@2.96,2.96,DAY,2025-09-19T15:33:29.144Z,2025-09-19T15:33:29.215Z
AVAV251017C00310000,AVAV251017C00310000,SELL,FILLED,1.0,1.0,@6.7,6.7,DAY,2025-09-19T15:31:20.333Z,2025-09-19T15:31:20.488Z
NIO251121C00008000,NIO251121C00008000,SELL,FILLED,20.0,20.0,@0.77,0.77,DAY,2025-09-19T15:27:13.624Z,2025-09-19T15:27:13.774Z
NVDA251121C00195000,NVDA251121C00195000,SELL,FILLED,4.0,4.0,@5.1,5.15,DAY,2025-09-19T15:26:58.811Z,2025-09-19T15:26:59.049Z
AAPL250919C00242500,AAPL250919C00242500,SELL,FILLED,3.0,3.0,,0.76,DAY,2025-09-19T15:06:48.582Z,2025-09-19T15:06:48.700Z
BILI251121C00029000,BILI251121C00029000,SELL,FILLED,3.0,3.0,@2.17,2.19,DAY,2025-09-19T14:55:36.456Z,2025-09-19T14:55:36.592Z
CLSK250926C00015500,CLSK250926C00015500,SELL,FILLED,8.0,8.0,@0.34,0.34,DAY,2025-09-19T14:55:20.239Z,2025-09-19T14:55:20.383Z
FSLR251121C00270000,FSLR251121C00270000,BUY,FILLED,4.0,4.0,@4.5,4.36,DAY,2025-09-19T14:55:07.488Z,2025-09-19T14:55:07.688Z
AAPL250919C00242500,AAPL250919C00242500,BUY,FILLED,3.0,3.0,@0.85,0.84,DAY,2025-09-19T14:51:33.624Z,2025-09-19T14:51:33.847Z
NVDA251121C00195000,NVDA251121C00195000,BUY,FILLED,4.0,4.0,@5.4,5.38,DAY,2025-09-19T14:06:39.852Z,2025-09-19T14:06:40.122Z
OKLO250919C00115000,OKLO250919C00115000,SELL,FILLED,1.0,1.0,@5.25,5.5,DAY,2025-09-19T13:52:30.940Z,2025-09-19T13:52:31.073Z
INTC251017C00028000,INTC251017C00028000,SELL,FILLED,10.0,10.0,@2.67,2.71,DAY,2025-09-19T13:43:25.182Z,2025-09-19T13:43:25.315Z
OKLO250919C00115000,OKLO250919C00115000,BUY,FILLED,1.0,1.0,@2.46,2.29,DAY,2025-09-19T13:37:13.590Z,2025-09-19T13:37:13.701Z
NXT251121C00080000,NXT251121C00080000,BUY,FILLED,1.0,1.0,@3.7,3.7,DAY,2025-09-18T19:23:57.234Z,2025-09-18T19:23:57.270Z
NXT251121C00080000,NXT251121C00080000,BUY,FILLED,2.0,2.0,@3.6,3.45,DAY,2025-09-18T19:19:15.356Z,2025-09-18T19:19:15.589Z
CLSK250926C00015500,CLSK250926C00015500,BUY,FILLED,8.0,8.0,@0.33,0.32,DAY,2025-09-18T19:13:52.028Z,2025-09-18T19:13:52.170Z
COIN250919C00360000,COIN250919C00360000,BUY,FILLED,2.0,2.0,@1.88,1.88,DAY,2025-09-18T18:48:26.532Z,2025-09-18T18:48:26.571Z
OPEN251121P00006000,OPEN251121P00006000,SELL,FILLED,8.0,8.0,@0.3,0.3,DAY,2025-09-18T18:40:01.103Z,2025-09-18T19:03:12.566Z
OPEN251121P00005000,OPEN251121P00005000,BUY,FILLED,8.0,8.0,@0.3,0.3,DAY,2025-09-18T18:40:01.103Z,2025-09-18T19:03:12.566Z
COIN251121C00450000,COIN251121C00450000,BUY,FILLED,1.0,1.0,@12.2,12.2,DAY,2025-09-18T18:23:02.621Z,2025-09-18T18:23:02.651Z
XMTR250919C00060000,XMTR250919C00060000,BUY,FILLED,10.0,10.0,@0.05,0.05,DAY,2025-09-18T17:45:21.409Z,2025-09-18T17:45:25.409Z
INTC250919C00034000,INTC250919C00034000,SELL,FILLED,5.0,5.0,@0.56,0.56,DAY,2025-09-18T16:02:53.893Z,2025-09-18T16:02:53.932Z
SOUN251121C00020000,SOUN251121C00020000,BUY,FILLED,5.0,5.0,@1.72,1.72,DAY,2025-09-18T16:02:05.732Z,2025-09-18T16:02:05.987Z
INTC250919C00034000,INTC250919C00034000,BUY,FILLED,5.0,5.0,@0.42,0.42,DAY,2025-09-18T15:19:49.122Z,2025-09-18T15:19:49.276Z
COIN251121C00450000,COIN251121C00450000,BUY,FILLED,1.0,1.0,@9.9,9.75,DAY,2025-09-18T15:06:15.863Z,2025-09-18T15:06:16.266Z
COIN251121C00450000,COIN251121C00450000,BUY,FILLED,1.0,1.0,@7.7,7.7,DAY,2025-09-18T14:19:55.939Z,2025-09-18T14:19:55.973Z
SOUN251121C00020000,SOUN251121C00020000,SELL,FILLED,6.0,6.0,@1.03,1.03,DAY,2025-09-18T13:46:35.496Z,2025-09-18T13:46:35.544Z
SOUN251121C00020000,SOUN251121C00020000,BUY,FILLED,6.0,6.0,@1.29,1.29,DAY,2025-09-18T13:33:21.554Z,2025-09-18T13:33:21.696Z
BILI251121C00029000,BILI251121C00029000,BUY,FILLED,3.0,3.0,@2.62,2.18,DAY,2025-09-18T13:32:30.773Z,2025-09-18T13:32:30.891Z
INTC251017C00028000,INTC251017C00028000,SELL,FILLED,5.0,5.0,@3.8,4.05,DAY,2025-09-18T13:31:45.377Z,2025-09-18T13:31:45.464Z
NVDA251121P00140000,NVDA251121P00140000,SELL,FILLED,4.0,4.0,@1.62,1.62,DAY,2025-09-18T13:31:14.309Z,2025-09-18T13:31:14.399Z
INTC251017C00028000,INTC251017C00028000,SELL,FILLED,10.0,10.0,@3.8,3.8,DAY,2025-09-18T13:30:43.429Z,2025-09-18T13:30:43.466Z
TSLA251121C00550000,TSLA251121C00550000,SELL,FILLED,1.0,1.0,,12.95,DAY,2025-09-17T19:51:28.970Z,2025-09-17T19:51:29.034Z
AVAV251017C00310000,AVAV251017C00310000,BUY,FILLED,1.0,1.0,@4.7,4.7,DAY,2025-09-17T19:41:51.914Z,2025-09-17T19:41:52.006Z
QQQ250918C00594000,QQQ250918C00594000,SELL,FILLED,1.0,1.0,@1.2,1.21,DAY,2025-09-17T19:31:49.439Z,2025-09-17T19:31:49.616Z
NIO251121C00008000,NIO251121C00008000,BUY,FILLED,40.0,40.0,@0.75,0.75,DAY,2025-09-17T19:25:26.420Z,2025-09-17T19:25:35.414Z
QQQ250918C00594000,QQQ250918C00594000,BUY,FILLED,1.0,1.0,@1.36,1.36,DAY,2025-09-17T19:25:12.350Z,2025-09-17T19:25:12.663Z
INTC251017C00028000,INTC251017C00028000,BUY,FILLED,30.0,30.0,@0.45,0.44,DAY,2025-09-17T19:24:19.828Z,2025-09-17T19:24:19.940Z
TSLA251121C00550000,TSLA251121C00550000,BUY,FILLED,1.0,1.0,@12.2,12.15,DAY,2025-09-17T19:22:31.295Z,2025-09-17T19:22:31.339Z
AVAV251017C00310000,AVAV251017C00310000,BUY,FILLED,1.0,1.0,@4.2,4.17,DAY,2025-09-17T19:10:40.067Z,2025-09-17T19:10:54.427Z
NIO251031C00008000,NIO251031C00008000,SELL,FILLED,15.0,15.0,@0.49,0.5,DAY,2025-09-17T18:55:13.162Z,2025-09-17T18:55:15.700Z
NIO251121C00008000,NIO251121C00008000,SELL,FILLED,40.0,40.0,@0.65,0.67,DAY,2025-09-17T18:55:08.706Z,2025-09-17T18:55:09.031Z
GLD250919C00344000,GLD250919C00344000,SELL,FILLED,4.0,4.0,@0.16,0.17,DAY,2025-09-17T18:54:21.924Z,2025-09-17T18:54:22.211Z
GLD251121C00335000,GLD251121C00335000,SELL,FILLED,1.0,1.0,@10.25,10.3,DAY,2025-09-17T18:53:56.583Z,2025-09-17T18:53:56.629Z
GLD251121C00335000,GLD251121C00335000,SELL,FILLED,2.0,2.0,@10.55,10.7,DAY,2025-09-17T18:51:30.834Z,2025-09-17T18:51:30.980Z
NVDA251121P00140000,NVDA251121P00140000,BUY,FILLED,1.0,1.0,@2.23,2.23,DAY,2025-09-17T18:48:54.049Z,2025-09-17T18:48:54.085Z
NVDA251121P00140000,NVDA251121P00140000,BUY,FILLED,3.0,3.0,@2.28,2.24,DAY,2025-09-17T18:48:32.421Z,2025-09-17T18:48:32.605Z
BILI251121C00030000,BILI251121C00030000,SELL,FILLED,3.0,3.0,@2.14,2.14,DAY,2025-09-17T18:46:58.202Z,2025-09-17T18:46:58.254Z
INTC251003C00025000,INTC251003C00025000,SELL,FILLED,5.0,5.0,@0.76,0.77,DAY,2025-09-17T18:46:48.335Z,2025-09-17T18:46:48.462Z
GME251121C00028000,GME251121C00028000,SELL,FILLED,5.0,5.0,@1.55,1.63,DAY,2025-09-17T18:46:39.735Z,2025-09-17T18:46:40.508Z
INTC251017C00027000,INTC251017C00027000,SELL,FILLED,20.0,20.0,@0.53,0.53,DAY,2025-09-17T18:45:47.848Z,2025-09-17T18:45:47.923Z
QQQ250917C00590000,QQQ250917C00590000,SELL,FILLED,2.0,2.0,@0.52,0.53,DAY,2025-09-17T18:42:31.251Z,2025-09-17T18:42:31.605Z
QQQ250917C00590000,QQQ250917C00590000,BUY,FILLED,2.0,2.0,@1.15,1.15,DAY,2025-09-17T18:17:40.403Z,2025-09-17T18:17:44.876Z
INTC250919C00026500,INTC250919C00026500,SELL,FILLED,20.0,20.0,@0.07,0.07,DAY,2025-09-17T18:14:06.760Z,2025-09-17T18:14:06.827Z
GLD250919C00344000,GLD250919C00344000,SELL,FILLED,4.0,4.0,@0.84,0.89,DAY,2025-09-17T18:13:46.611Z,2025-09-17T18:13:46.904Z
GLD250917C00344000,GLD250917C00344000,SELL,FILLED,8.0,8.0,@0.09,0.12,DAY,2025-09-17T18:13:39.668Z,2025-09-17T18:13:39.804Z
QQQ250917C00593000,QQQ250917C00593000,SELL,FILLED,2.0,2.0,@0.64,0.64,DAY,2025-09-17T18:06:48.929Z,2025-09-17T18:07:00.624Z
QQQ250917C00593000,QQQ250917C00593000,BUY,FILLED,2.0,2.0,@1.17,1.17,DAY,2025-09-17T18:03:10.525Z,2025-09-17T18:03:21.195Z
QQQ250919P00583000,QQQ250919P00583000,SELL,FILLED,30.0,30.0,@0.12,0.18,DAY,2025-09-17T18:00:39.253Z,2025-09-17T18:00:39.399Z
QQQ250919P00582000,QQQ250919P00582000,BUY,FILLED,30.0,30.0,@0.12,0.18,DAY,2025-09-17T18:00:39.253Z,2025-09-17T18:00:39.399Z
GLD250919C00344000,GLD250919C00344000,BUY,FILLED,4.0,4.0,@1.1,1.1,DAY,2025-09-17T18:00:12.085Z,2025-09-17T18:00:14.899Z
QQQ250919P00583000,QQQ250919P00583000,SELL,FILLED,15.0,15.0,@0.22,0.22,DAY,2025-09-17T17:52:29.033Z,2025-09-17T17:52:29.126Z
QQQ250919P00582000,QQQ250919P00582000,BUY,FILLED,15.0,15.0,@0.22,0.22,DAY,2025-09-17T17:52:29.033Z,2025-09-17T17:52:29.126Z
GLD250919C00344000,GLD250919C00344000,BUY,FILLED,4.0,4.0,@0.9,0.87,DAY,2025-09-17T17:38:58.988Z,2025-09-17T17:38:59.203Z
GLD251017C00342000,GLD251017C00342000,SELL,FILLED,4.0,4.0,@5.55,5.6,DAY,2025-09-17T14:26:52.159Z,2025-09-17T14:26:52.371Z
BILI251121C00030000,BILI251121C00030000,BUY,FILLED,3.0,3.0,@2.3,2.3,DAY,2025-09-17T13:33:16.809Z,2025-09-17T13:33:16.850Z
OPEN251121P00006000,OPEN251121P00006000,BUY,FILLED,8.0,8.0,@0.4,0.4,DAY,2025-09-16T18:19:47.937Z,2025-09-16T18:20:25.990Z
OPEN251121P00005000,OPEN251121P00005000,SELL,FILLED,8.0,8.0,@0.4,0.4,DAY,2025-09-16T18:19:47.937Z,2025-09-16T18:20:25.990Z
NIO251031C00008000,NIO251031C00008000,BUY,FILLED,15.0,15.0,@0.5,0.49,DAY,2025-09-16T18:11:58.684Z,2025-09-16T18:11:58.923Z
COIN251121P00250000,COIN251121P00250000,SELL,FILLED,1.0,1.0,@6.4,6.5,DAY,2025-09-16T15:35:08.779Z,2025-09-16T15:35:08.919Z
SLV251121C00039500,SLV251121C00039500,SELL,FILLED,8.0,8.0,@1.29,1.29,DAY,2025-09-16T15:35:01.565Z,2025-09-16T15:35:01.713Z
COIN251121P00250000,COIN251121P00250000,BUY,FILLED,1.0,1.0,@6.85,6.85,DAY,2025-09-16T15:08:34.285Z,2025-09-16T15:08:34.353Z
AAPL251121C00260000,AAPL251121C00260000,SELL,FILLED,2.0,2.0,@3.7,3.72,DAY,2025-09-16T14:04:25.615Z,2025-09-16T14:04:25.830Z
AAPL251121C00260000,AAPL251121C00260000,BUY,FILLED,2.0,2.0,@3.75,3.75,DAY,2025-09-16T14:04:12.837Z,2025-09-16T14:04:14.320Z
VNET260515C00010000,VNET260515C00010000,SELL,FILLED,8.0,8.0,@2.3,2.3,DAY,2025-09-16T14:00:50.225Z,2025-09-16T14:01:02.310Z
BABA250919C00167500,BABA250919C00167500,SELL,FILLED,1.0,1.0,@0.77,0.79,DAY,2025-09-16T13:41:22.008Z,2025-09-16T13:41:22.116Z
QQQ250919P00583000,QQQ250919P00583000,BUY,FILLED,45.0,45.0,@0.16,0.16,DAY,2025-09-16T13:37:09.670Z,2025-09-16T13:37:09.911Z
QQQ250919P00582000,QQQ250919P00582000,SELL,FILLED,45.0,45.0,@0.16,0.16,DAY,2025-09-16T13:37:09.670Z,2025-09-16T13:37:09.911Z
BABA250919C00167500,BABA250919C00167500,BUY,FILLED,1.0,1.0,@1.02,0.99,DAY,2025-09-16T13:35:05.628Z,2025-09-16T13:35:05.815Z
KC251121C00020000,KC251121C00020000,SELL,FILLED,5.0,5.0,@1.3,1.37,DAY,2025-09-15T18:15:17.432Z,2025-09-15T18:15:17.647Z
GME251121C00028000,GME251121C00028000,BUY,FILLED,5.0,5.0,@1.55,1.55,DAY,2025-09-15T18:15:03.775Z,2025-09-15T18:15:39.563Z
GLD251017C00342000,GLD251017C00342000,BUY,FILLED,2.0,2.0,@6.0,6.0,DAY,2025-09-15T16:31:13.996Z,2025-09-15T16:31:14.041Z
GLD250917C00344000,GLD250917C00344000,BUY,FILLED,8.0,8.0,@0.47,0.47,DAY,2025-09-15T16:06:55.676Z,2025-09-15T16:06:55.847Z
GLD251017C00342000,GLD251017C00342000,BUY,FILLED,2.0,2.0,@5.25,5.22,DAY,2025-09-15T15:50:32.454Z,2025-09-15T15:50:32.652Z
INTC250919C00026500,INTC250919C00026500,BUY,FILLED,20.0,20.0,@0.2,0.2,DAY,2025-09-15T13:57:56.518Z,2025-09-15T13:58:10.451Z
INTC251017C00027000,INTC251017C00027000,BUY,FILLED,5.0,5.0,@0.74,0.74,DAY,2025-09-15T13:54:44.899Z,2025-09-15T13:54:44.938Z
TSLA251121C00435000,TSLA251121C00435000,SELL,FILLED,1.0,1.0,@38.5,39.04,DAY,2025-09-15T13:38:56.372Z,2025-09-15T13:38:56.552Z
INTC251017C00027000,INTC251017C00027000,BUY,FILLED,15.0,15.0,@0.6,0.57,DAY,2025-09-15T13:31:27.734Z,2025-09-15T13:31:27.924Z
INTC251121C00027000,INTC251121C00027000,SELL,FILLED,15.0,15.0,@1.08,1.08,DAY,2025-09-12T18:16:19.406Z,2025-09-12T18:16:19.597Z
INTC251121C00027000,INTC251121C00027000,BUY,FILLED,15.0,15.0,@1.11,1.11,DAY,2025-09-12T17:14:06.614Z,2025-09-12T17:14:06.665Z
NIO251121C00008000,NIO251121C00008000,BUY,FILLED,40.0,40.0,@0.37,0.36,DAY,2025-09-12T17:13:34.637Z,2025-09-12T17:13:34.728Z
SLV251121C00039500,SLV251121C00039500,BUY,FILLED,3.0,3.0,@1.35,1.35,DAY,2025-09-12T15:18:00.794Z,2025-09-12T15:18:00.832Z
SLV251121C00039500,SLV251121C00039500,BUY,FILLED,5.0,5.0,@1.35,1.35,DAY,2025-09-12T15:17:55.065Z,2025-09-12T15:17:55.136Z
INTC251121C00027000,INTC251121C00027000,SELL,FILLED,15.0,15.0,@1.12,1.12,DAY,2025-09-12T14:59:11.140Z,2025-09-12T14:59:11.199Z
GLD251121C00335000,GLD251121C00335000,BUY,FILLED,1.0,1.0,@11.05,10.97,DAY,2025-09-12T14:28:31.934Z,2025-09-12T14:28:32.119Z
INTC250912C00025500,INTC250912C00025500,BUY,FILLED,25.0,25.0,@0.05,0.05,DAY,2025-09-11T19:57:10.930Z,2025-09-11T19:57:10.974Z
TSLA251121C00435000,TSLA251121C00435000,BUY,FILLED,1.0,1.0,@15.25,15.2,DAY,2025-09-11T17:48:06.938Z,2025-09-11T17:48:07.052Z
NIO251121C00008000,NIO251121C00008000,BUY,FILLED,40.0,40.0,@0.35,0.34,DAY,2025-09-11T16:00:31.644Z,2025-09-11T16:00:41.300Z
VNET260515C00010000,VNET260515C00010000,BUY,FILLED,4.0,4.0,@2.5,2.5,DAY,2025-09-11T14:07:48.415Z,2025-09-11T14:07:48.508Z
HNGE251121C00060000,HNGE251121C00060000,BUY,CANCELLED,0.0,1.0,@6.3,,DAY,2025-09-11T13:56:14.978Z,
AAPL251121P00225000,AAPL251121P00225000,SELL,FILLED,3.0,3.0,@7.65,7.65,DAY,2025-09-11T13:55:26.922Z,2025-09-11T13:55:27.007Z
VNET260515C00010000,VNET260515C00010000,BUY,FILLED,4.0,4.0,@2.5,2.5,DAY,2025-09-11T13:49:18.380Z,2025-09-11T13:49:18.426Z
KC251121C00020000,KC251121C00020000,BUY,FILLED,5.0,5.0,@1.65,1.64,DAY,2025-09-11T13:33:21.924Z,2025-09-11T13:33:22.160Z
AAPL251121P00225000,AAPL251121P00225000,BUY,FILLED,2.0,2.0,@8.6,8.6,DAY,2025-09-10T19:54:50.082Z,2025-09-10T19:55:00.129Z
INTC251121C00027000,INTC251121C00027000,BUY,FILLED,5.0,5.0,@1.37,1.37,DAY,2025-09-10T19:54:01.507Z,2025-09-10T19:54:18.625Z
AAPL251121P00225000,AAPL251121P00225000,SELL,FILLED,2.0,2.0,@8.6,8.61,DAY,2025-09-10T19:53:46.323Z,2025-09-10T19:53:46.588Z
INTC251121C00027000,INTC251121C00027000,BUY,FILLED,5.0,5.0,@1.33,1.33,DAY,2025-09-10T19:44:14.280Z,2025-09-10T19:44:29.553Z
INTC251121C00027000,INTC251121C00027000,BUY,FILLED,5.0,5.0,@1.31,1.29,DAY,2025-09-10T18:15:49.140Z,2025-09-10T18:15:49.333Z
AAPL251121P00225000,AAPL251121P00225000,BUY,FILLED,3.0,3.0,@8.65,8.62,DAY,2025-09-10T17:53:24.617Z,2025-09-10T17:53:35.565Z
AAPL251121P00225000,AAPL251121P00225000,SELL,FILLED,3.0,3.0,@8.05,8.05,DAY,2025-09-10T16:25:44.818Z,2025-09-10T16:25:47.120Z
AAPL251121P00200000,AAPL251121P00200000,SELL,FILLED,4.0,4.0,@2.2,2.2,DAY,2025-09-10T16:25:40.956Z,2025-09-10T16:25:40.986Z
AAPL250912P00227500,AAPL250912P00227500,SELL,FILLED,1.0,1.0,@2.14,2.15,DAY,2025-09-10T15:56:03.892Z,2025-09-10T15:56:04.087Z
HNGE251121C00060000,HNGE251121C00060000,SELL,FILLED,1.0,1.0,,5.3,DAY,2025-09-10T15:53:04.042Z,2025-09-10T15:53:04.075Z
INTC251003C00025000,INTC251003C00025000,BUY,FILLED,5.0,5.0,@0.9,0.89,DAY,2025-09-10T15:52:23.193Z,2025-09-10T15:52:23.302Z
AAPL251121P00200000,AAPL251121P00200000,BUY,FILLED,4.0,4.0,@2.4,2.38,DAY,2025-09-10T15:31:24.758Z,2025-09-10T15:31:24.903Z
HTZ251121C00007000,HTZ251121C00007000,SELL,FILLED,8.0,8.0,@0.45,0.45,DAY,2025-09-10T15:06:13.470Z,2025-09-10T15:06:26.770Z
GME251017C00028000,GME251017C00028000,SELL,FILLED,8.0,8.0,@0.64,0.64,DAY,2025-09-10T14:53:43.297Z,2025-09-10T14:53:43.449Z
GME251017C00028000,GME251017C00028000,BUY,FILLED,8.0,8.0,@0.8,0.79,DAY,2025-09-10T14:21:30.694Z,2025-09-10T14:21:30.741Z
COIN251121C00410000,COIN251121C00410000,SELL,FILLED,1.0,1.0,,10.0,DAY,2025-09-10T14:16:52.160Z,2025-09-10T14:16:52.387Z
AAPL250912P00227500,AAPL250912P00227500,SELL,FILLED,1.0,1.0,@1.04,1.08,DAY,2025-09-10T13:53:48.614Z,2025-09-10T13:53:48.753Z
TSLA251121P00290000,TSLA251121P00290000,SELL,FILLED,1.0,1.0,@9.15,9.15,DAY,2025-09-10T13:44:17.225Z,2025-09-10T13:44:31.970Z
COIN251121C00410000,COIN251121C00410000,BUY,FILLED,1.0,1.0,@10.6,10.6,DAY,2025-09-10T13:44:04.969Z,2025-09-10T13:44:34.113Z
COIN251017P00250000,COIN251017P00250000,SELL,FILLED,2.0,2.0,@2.03,2.04,DAY,2025-09-10T13:43:46.019Z,2025-09-10T13:43:46.078Z
AAPL250912P00227500,AAPL250912P00227500,SELL,FILLED,2.0,2.0,@1.17,1.18,DAY,2025-09-10T13:39:15.970Z,2025-09-10T13:39:16.024Z
HTZ251121C00007000,HTZ251121C00007000,BUY,FILLED,8.0,8.0,@0.65,0.65,DAY,2025-09-10T13:38:56.750Z,2025-09-10T13:38:56.880Z
NIO251121C00008000,NIO251121C00008000,SELL,FILLED,25.0,25.0,@0.25,0.25,DAY,2025-09-10T13:33:47.533Z,2025-09-10T13:33:47.580Z
GLD251121C00335000,GLD251121C00335000,SELL,FILLED,3.0,3.0,@10.65,10.68,DAY,2025-09-09T19:45:11.065Z,2025-09-09T19:45:11.189Z
AAPL251121P00225000,AAPL251121P00225000,BUY,FILLED,1.0,1.0,@6.1,6.1,DAY,2025-09-09T18:52:35.085Z,2025-09-09T18:52:35.477Z
AAPL250912P00227500,AAPL250912P00227500,BUY,FILLED,4.0,4.0,@0.51,0.5,DAY,2025-09-09T18:23:36.400Z,2025-09-09T18:23:36.605Z
AAPL251121P00225000,AAPL251121P00225000,BUY,FILLED,2.0,2.0,@5.35,5.35,DAY,2025-09-09T17:02:41.671Z,2025-09-09T17:02:41.730Z
KC251121C00020000,KC251121C00020000,SELL,FILLED,8.0,8.0,@1.2,1.25,DAY,2025-09-09T17:02:15.241Z,2025-09-09T17:02:15.386Z
HNGE251121C00060000,HNGE251121C00060000,BUY,FILLED,1.0,1.0,@6.2,6.2,DAY,2025-09-09T16:13:11.178Z,2025-09-09T16:13:32.171Z
NIO251121C00008000,NIO251121C00008000,SELL,FILLED,25.0,25.0,@0.36,0.36,DAY,2025-09-09T15:00:41.029Z,2025-09-09T15:00:41.068Z
GLD251121C00338000,GLD251121C00338000,SELL,FILLED,2.0,2.0,@9.75,9.91,DAY,2025-09-09T14:38:12.150Z,2025-09-09T14:38:12.309Z
TSLA251121P00290000,TSLA251121P00290000,BUY,FILLED,1.0,1.0,@10.1,10.1,DAY,2025-09-09T14:37:44.977Z,2025-09-09T14:37:59.575Z
NIO251121C00008000,NIO251121C00008000,BUY,FILLED,25.0,25.0,@0.4,0.4,DAY,2025-09-09T14:20:49.909Z,2025-09-09T14:20:49.948Z
KC251121C00020000,KC251121C00020000,BUY,FILLED,4.0,4.0,@1.5,1.47,DAY,2025-09-09T14:18:46.350Z,2025-09-09T14:18:46.589Z
GLD250910C00336000,GLD250910C00336000,SELL,FILLED,2.0,2.0,@1.19,1.2,DAY,2025-09-09T14:08:58.593Z,2025-09-09T14:08:58.767Z
COIN250912P00290000,COIN250912P00290000,SELL,FILLED,2.0,2.0,@1.05,1.06,DAY,2025-09-09T14:05:23.081Z,2025-09-09T14:05:23.121Z
TSM251017C00270000,TSM251017C00270000,SELL,FILLED,1.0,1.0,,4.85,DAY,2025-09-09T14:01:52.937Z,2025-09-09T14:01:52.994Z
COIN250912P00290000,COIN250912P00290000,BUY,FILLED,2.0,2.0,@1.34,1.31,DAY,2025-09-09T14:01:39.668Z,2025-09-09T14:01:39.735Z
KC251121C00020000,KC251121C00020000,BUY,FILLED,4.0,4.0,@1.2,1.19,DAY,2025-09-09T13:48:54.160Z,2025-09-09T13:48:54.297Z
TSM251017C00270000,TSM251017C00270000,BUY,FILLED,1.0,1.0,@4.35,4.24,DAY,2025-09-09T13:32:25.958Z,2025-09-09T13:32:26.589Z
NIO251121C00008000,NIO251121C00008000,BUY,FILLED,25.0,25.0,@0.39,0.38,DAY,2025-09-08T15:45:55.217Z,2025-09-08T15:45:55.340Z
COIN251017P00250000,COIN251017P00250000,SELL,FILLED,2.0,2.0,@3.8,3.83,DAY,2025-09-08T14:43:07.918Z,2025-09-08T14:43:08.056Z
GLD251121C00338000,GLD251121C00338000,BUY,FILLED,2.0,2.0,@10.05,10.05,DAY,2025-09-08T14:40:44.981Z,2025-09-08T14:53:28.110Z
PLTR251121P00105000,PLTR251121P00105000,SELL,FILLED,1.0,1.0,@1.74,1.74,DAY,2025-09-08T14:03:43.611Z,2025-09-08T14:03:43.740Z
COIN251017P00250000,COIN251017P00250000,SELL,FILLED,1.0,1.0,@3.95,3.95,DAY,2025-09-08T14:03:35.677Z,2025-09-08T14:03:35.726Z
MSTR251121P00240000,MSTR251121P00240000,SELL,FILLED,1.0,1.0,@8.4,8.49,DAY,2025-09-08T13:57:16.364Z,2025-09-08T13:57:16.729Z
PLTR251121P00105000,PLTR251121P00105000,SELL,FILLED,4.0,4.0,@1.77,1.78,DAY,2025-09-08T13:44:54.767Z,2025-09-08T13:44:54.902Z
GLD250910C00336000,GLD250910C00336000,BUY,FILLED,2.0,2.0,@1.25,1.25,DAY,2025-09-08T13:44:25.825Z,2025-09-08T13:44:26.341Z
NVDA251121P00140000,NVDA251121P00140000,SELL,FILLED,4.0,4.0,@2.48,2.48,DAY,2025-09-08T13:41:57.134Z,2025-09-08T13:41:57.269Z
ASML251121P00600000,ASML251121P00600000,SELL,FILLED,1.0,1.0,@5.3,5.3,DAY,2025-09-05T18:28:37.885Z,2025-09-05T18:28:37.996Z
TSLA250905P00345000,TSLA250905P00345000,SELL,FILLED,2.0,2.0,@1.13,1.13,DAY,2025-09-05T15:15:42.062Z,2025-09-05T15:15:48.712Z
COIN250905P00285000,COIN250905P00285000,BUY,FILLED,7.0,7.0,@0.51,0.51,DAY,2025-09-05T15:03:04.024Z,2025-09-05T15:03:04.066Z
COIN250905P00285000,COIN250905P00285000,SELL,FILLED,10.0,10.0,@0.33,0.33,DAY,2025-09-05T14:52:11.881Z,2025-09-05T14:52:11.923Z
COIN250905P00287500,COIN250905P00287500,SELL,FILLED,1.0,1.0,@0.83,0.83,DAY,2025-09-05T14:48:01.192Z,2025-09-05T14:48:01.234Z
COIN251017P00250000,COIN251017P00250000,BUY,FILLED,2.0,2.0,@6.35,6.35,DAY,2025-09-05T14:47:45.477Z,2025-09-05T14:47:45.523Z
COIN250905P00287500,COIN250905P00287500,SELL,FILLED,1.0,1.0,@0.92,0.92,DAY,2025-09-05T14:47:10.970Z,2025-09-05T14:47:11.016Z
COIN250905P00285000,COIN250905P00285000,BUY,FILLED,10.0,10.0,@0.58,0.58,DAY,2025-09-05T14:46:19.547Z,2025-09-05T14:46:29.444Z
COIN250905P00287500,COIN250905P00287500,BUY,FILLED,2.0,2.0,@0.5,0.5,DAY,2025-09-05T14:42:57.358Z,2025-09-05T14:43:08.129Z
GLD251121C00337000,GLD251121C00337000,SELL,FILLED,2.0,2.0,@7.75,7.75,DAY,2025-09-05T14:29:49.319Z,2025-09-05T14:29:49.354Z
BABA251121C00160000,BABA251121C00160000,SELL,FILLED,4.0,4.0,@3.15,3.17,DAY,2025-09-05T14:29:31.596Z,2025-09-05T14:29:42.711Z
COIN251017P00250000,COIN251017P00250000,BUY,FILLED,3.0,3.0,@5.6,5.6,DAY,2025-09-05T14:28:56.384Z,2025-09-05T14:28:56.531Z
TSLA250905P00345000,TSLA250905P00345000,BUY,FILLED,2.0,2.0,@1.49,1.49,DAY,2025-09-05T14:27:25.504Z,2025-09-05T14:27:26.151Z
GLD250905C00332000,GLD250905C00332000,SELL,FILLED,5.0,5.0,@0.1,0.1,DAY,2025-09-05T14:24:37.874Z,2025-09-05T14:24:38.137Z
RKT250905C00020500,RKT250905C00020500,SELL,FILLED,5.0,5.0,@0.04,0.04,DAY,2025-09-05T14:24:22.694Z,2025-09-05T14:24:22.821Z
PLTR251121P00105000,PLTR251121P00105000,BUY,FILLED,5.0,5.0,@2.72,2.72,DAY,2025-09-05T14:24:07.769Z,2025-09-05T14:24:07.828Z
MBLY251017C00016000,MBLY251017C00016000,SELL,FILLED,5.0,5.0,@0.55,0.55,DAY,2025-09-05T14:20:50.427Z,2025-09-05T14:20:50.746Z
MBLY250905C00015500,MBLY250905C00015500,SELL,PARTIAL_FILLED,3.0,10.0,@0.01,0.01,DAY,2025-09-05T14:16:41.987Z,2025-09-05T14:29:24.749Z
ASML251121P00600000,ASML251121P00600000,BUY,FILLED,1.0,1.0,@6.1,6.1,DAY,2025-09-05T14:12:12.891Z,2025-09-05T14:12:25.803Z
NXT251121C00080000,NXT251121C00080000,SELL,FILLED,3.0,3.0,@3.5,3.5,DAY,2025-09-05T14:11:40.254Z,2025-09-05T14:11:40.332Z
GLD250905C00332000,GLD250905C00332000,BUY,FILLED,5.0,5.0,@0.33,0.33,DAY,2025-09-05T13:58:09.536Z,2025-09-05T13:58:09.699Z
MBLY251017C00016000,MBLY251017C00016000,SELL,FILLED,15.0,15.0,@0.63,0.64,DAY,2025-09-05T13:41:02.251Z,2025-09-05T13:41:02.320Z
SOUN251024C00014500,SOUN251024C00014500,SELL,FILLED,3.0,3.0,@1.11,1.15,DAY,2025-09-05T13:40:39.007Z,2025-09-05T13:40:39.144Z
ALAB251017C00240000,ALAB251017C00240000,SELL,FILLED,2.0,2.0,@4.3,4.3,DAY,2025-09-05T13:35:51.625Z,2025-09-05T13:35:51.848Z
RKT250905C00020500,RKT250905C00020500,BUY,FILLED,5.0,5.0,@0.21,0.21,DAY,2025-09-05T13:35:29.215Z,2025-09-05T13:35:29.304Z
NVDA251121P00140000,NVDA251121P00140000,BUY,FILLED,4.0,4.0,@3.05,3.0,DAY,2025-09-05T13:32:22.073Z,2025-09-05T13:32:22.281Z
GLD251121C00337000,GLD251121C00337000,BUY,FILLED,2.0,2.0,@7.85,7.74,DAY,2025-09-05T13:31:37.497Z,2025-09-05T13:40:07.075Z
NXT251121C00080000,NXT251121C00080000,BUY,FILLED,3.0,3.0,@3.9,3.8,DAY,2025-09-05T13:30:52.579Z,2025-09-05T13:30:52.639Z
ALAB251017C00240000,ALAB251017C00240000,BUY,FILLED,2.0,2.0,@5.5,5.5,DAY,2025-09-05T13:30:38.633Z,2025-09-05T13:30:38.706Z
TSLA251121P00280000,TSLA251121P00280000,SELL,FILLED,1.0,1.0,,7.76,DAY,2025-09-05T13:30:16.069Z,2025-09-05T13:30:16.227Z
COIN251121P00250000,COIN251121P00250000,SELL,FILLED,1.0,1.0,,6.9,DAY,2025-09-05T13:30:09.240Z,2025-09-05T13:30:09.304Z
NVDA251017P00160000,NVDA251017P00160000,SELL,FILLED,3.0,3.0,@3.75,3.75,DAY,2025-09-04T18:36:08.168Z,2025-09-04T18:36:08.300Z
SOUN251024C00014500,SOUN251024C00014500,BUY,FILLED,3.0,3.0,@1.2,1.19,DAY,2025-09-04T18:35:17.877Z,2025-09-04T18:35:18.053Z
AEO251121C00016000,AEO251121C00016000,SELL,FILLED,2.0,2.0,@3.0,3.04,DAY,2025-09-04T17:42:21.715Z,2025-09-04T17:42:21.982Z
AEO250905C00019000,AEO250905C00019000,SELL,FILLED,4.0,4.0,@0.25,0.27,DAY,2025-09-04T17:42:18.093Z,2025-09-04T17:42:18.348Z
MBLY250905C00015500,MBLY250905C00015500,BUY,FILLED,10.0,10.0,@0.11,0.1,DAY,2025-09-04T17:42:10.604Z,2025-09-04T17:42:10.651Z
MBLY251017C00016000,MBLY251017C00016000,BUY,FILLED,10.0,10.0,@0.52,0.52,DAY,2025-09-04T17:15:18.696Z,2025-09-04T17:15:18.757Z
MBLY251017C00016000,MBLY251017C00016000,BUY,FILLED,10.0,10.0,@0.53,0.53,DAY,2025-09-04T17:05:17.561Z,2025-09-04T17:05:17.609Z
MSTR251121P00240000,MSTR251121P00240000,BUY,FILLED,1.0,1.0,@10.4,10.31,DAY,2025-09-04T16:06:55.495Z,2025-09-04T16:06:55.768Z
BABA251121C00160000,BABA251121C00160000,BUY,FILLED,4.0,4.0,@3.05,3.02,DAY,2025-09-04T15:36:46.447Z,2025-09-04T15:36:46.577Z
AVGO250905P00277500,AVGO250905P00277500,BUY,FILLED,1.0,1.0,@1.18,1.18,DAY,2025-09-04T15:05:42.688Z,2025-09-04T15:05:42.828Z
QQQ250904P00567000,QQQ250904P00567000,SELL,FILLED,1.0,1.0,@0.46,0.46,DAY,2025-09-04T14:01:10.056Z,2025-09-04T14:01:10.223Z
QQQ250904P00567000,QQQ250904P00567000,BUY,FILLED,1.0,1.0,@0.49,0.49,DAY,2025-09-04T14:00:02.992Z,2025-09-04T14:00:03.557Z
SLV251121C00038500,SLV251121C00038500,SELL,FILLED,5.0,5.0,@1.29,1.29,DAY,2025-09-04T13:41:39.154Z,2025-09-04T13:41:39.302Z
TSLA251121P00280000,TSLA251121P00280000,BUY,FILLED,1.0,1.0,@10.6,10.55,DAY,2025-09-04T13:41:28.847Z,2025-09-04T13:41:28.925Z
GLD251121C00335000,GLD251121C00335000,BUY,FILLED,1.0,1.0,@8.15,8.15,DAY,2025-09-04T13:33:39.382Z,2025-09-04T13:33:39.480Z
AEO251121C00016000,AEO251121C00016000,SELL,FILLED,3.0,3.0,@2.55,2.6,DAY,2025-09-04T13:32:41.401Z,2025-09-04T13:32:41.444Z
AEO250905C00019000,AEO250905C00019000,BUY,FILLED,4.0,4.0,@0.4,0.4,DAY,2025-09-04T13:31:38.451Z,2025-09-04T13:31:38.627Z
GLD251017C00315000,GLD251017C00315000,SELL,FILLED,1.0,1.0,@17.15,17.2,DAY,2025-09-03T19:37:16.606Z,2025-09-03T19:37:16.650Z
GLD251017C00315000,GLD251017C00315000,SELL,FILLED,1.0,1.0,@17.15,17.15,DAY,2025-09-03T19:23:53.967Z,2025-09-03T19:23:54.012Z
GME251017C00028000,GME251017C00028000,SELL,FILLED,5.0,5.0,@0.72,0.76,DAY,2025-09-03T18:44:46.093Z,2025-09-03T18:44:46.323Z
AEO251121C00016000,AEO251121C00016000,BUY,FILLED,5.0,5.0,@1.05,1.01,DAY,2025-09-03T17:31:08.760Z,2025-09-03T17:31:09.003Z
RKLB251017C00060000,RKLB251017C00060000,SELL,FILLED,2.0,2.0,@1.49,1.49,DAY,2025-09-03T16:00:00.907Z,2025-09-03T16:00:05.639Z
NVDA251017P00160000,NVDA251017P00160000,BUY,FILLED,1.0,1.0,@4.1,4.1,DAY,2025-09-03T15:29:09.517Z,2025-09-03T15:29:09.564Z
COIN251121P00250000,COIN251121P00250000,BUY,FILLED,1.0,1.0,@9.7,9.7,DAY,2025-09-03T15:19:26.888Z,2025-09-03T15:19:39.324Z
NVDA251017P00160000,NVDA251017P00160000,SELL,FILLED,2.0,2.0,@3.8,3.8,DAY,2025-09-03T15:06:00.423Z,2025-09-03T15:06:00.554Z
COIN251121P00250000,COIN251121P00250000,SELL,FILLED,1.0,1.0,@9.6,9.6,DAY,2025-09-03T15:05:50.286Z,2025-09-03T15:05:50.421Z
CRWV251121P00070000,CRWV251121P00070000,SELL,FILLED,1.0,1.0,@4.4,4.4,DAY,2025-09-03T15:05:36.570Z,2025-09-03T15:05:36.602Z
NVDA251017P00160000,NVDA251017P00160000,SELL,FILLED,2.0,2.0,@3.65,3.65,DAY,2025-09-03T14:50:29.808Z,2025-09-03T14:50:30.019Z
RKLB251017C00060000,RKLB251017C00060000,SELL,FILLED,3.0,3.0,@1.72,1.73,DAY,2025-09-03T14:34:22.669Z,2025-09-03T14:34:22.713Z
GLD251017C00315000,GLD251017C00315000,SELL,FILLED,1.0,1.0,@17.05,17.05,DAY,2025-09-03T14:33:55.154Z,2025-09-03T14:34:08.328Z
NVDA250905P00167500,NVDA250905P00167500,SELL,FILLED,1.0,1.0,@0.84,0.84,DAY,2025-09-03T14:33:29.378Z,2025-09-03T14:33:29.474Z
TSLA250905P00302500,TSLA250905P00302500,SELL,FILLED,4.0,4.0,@0.13,0.13,DAY,2025-09-03T14:33:13.362Z,2025-09-03T14:33:13.394Z
CRWV251121P00070000,CRWV251121P00070000,BUY,FILLED,1.0,1.0,@4.55,4.55,DAY,2025-09-03T14:22:10.679Z,2025-09-03T14:22:10.728Z
GME251017C00028000,GME251017C00028000,BUY,FILLED,5.0,5.0,@1.0,1.0,DAY,2025-09-03T13:46:36.757Z,2025-09-03T13:46:36.898Z
GLD250903C00329000,GLD250903C00329000,SELL,FILLED,8.0,8.0,@0.14,0.14,DAY,2025-09-03T13:44:39.618Z,2025-09-03T13:44:39.654Z
NIO251121C00008000,NIO251121C00008000,SELL,FILLED,10.0,10.0,@0.32,0.33,DAY,2025-09-03T13:39:28.183Z,2025-09-03T13:39:28.224Z
NVDA251017P00160000,NVDA251017P00160000,BUY,FILLED,2.0,2.0,@4.35,4.29,DAY,2025-09-03T13:31:45.422Z,2025-09-03T13:32:00.511Z
GLD250903C00329000,GLD250903C00329000,BUY,FILLED,8.0,8.0,@0.31,0.29,DAY,2025-09-03T13:30:46.923Z,2025-09-03T13:30:47.069Z
GLD251017C00315000,GLD251017C00315000,SELL,FILLED,1.0,1.0,@15.75,15.75,DAY,2025-09-02T19:38:13.275Z,2025-09-02T19:38:13.420Z
QCOM251121P00125000,QCOM251121P00125000,SELL,FILLED,2.0,2.0,@1.16,1.18,DAY,2025-09-02T19:25:25.276Z,2025-09-02T19:25:25.529Z
GLD250903C00320000,GLD250903C00320000,SELL,FILLED,2.0,2.0,@5.65,5.76,DAY,2025-09-02T19:18:34.641Z,2025-09-02T19:18:48.538Z
RKLB251017C00060000,RKLB251017C00060000,BUY,FILLED,5.0,5.0,@2.35,2.34,DAY,2025-09-02T19:17:40.145Z,2025-09-02T19:18:12.326Z
TGT251121P00080000,TGT251121P00080000,SELL,FILLED,3.0,3.0,@2.1,2.1,DAY,2025-09-02T19:16:53.027Z,2025-09-02T19:16:53.272Z
TSM251121P00180000,TSM251121P00180000,SELL,FILLED,3.0,3.0,@2.12,2.17,DAY,2025-09-02T19:16:46.649Z,2025-09-02T19:16:46.775Z
TSLA250905P00302500,TSLA250905P00302500,BUY,FILLED,4.0,4.0,@0.57,0.56,DAY,2025-09-02T16:00:58.647Z,2025-09-02T16:00:58.684Z
COIN251121P00250000,COIN251121P00250000,BUY,FILLED,1.0,1.0,@10.35,10.35,DAY,2025-09-02T15:38:59.061Z,2025-09-02T15:38:59.161Z
GLD250903C00320000,GLD250903C00320000,SELL,FILLED,2.0,2.0,,3.55,DAY,2025-09-02T15:17:19.190Z,2025-09-02T15:17:19.247Z
COIN251121P00250000,COIN251121P00250000,SELL,FILLED,1.0,1.0,@9.95,9.95,DAY,2025-09-02T14:52:45.940Z,2025-09-02T14:52:46.015Z
NIO251121C00008000,NIO251121C00008000,BUY,FILLED,10.0,10.0,@0.53,0.53,DAY,2025-09-02T14:52:40.651Z,2025-09-02T14:52:40.700Z
TGT251121P00080000,TGT251121P00080000,BUY,FILLED,3.0,3.0,@2.0,2.0,DAY,2025-09-02T14:52:00.202Z,2025-09-02T14:52:00.337Z
COIN251121P00250000,COIN251121P00250000,SELL,FILLED,1.0,1.0,@10.25,10.37,DAY,2025-09-02T14:19:58.904Z,2025-09-02T14:19:59.119Z
QCOM251121P00125000,QCOM251121P00125000,BUY,FILLED,2.0,2.0,@1.28,1.28,DAY,2025-09-02T14:12:21.321Z,2025-09-02T14:12:21.506Z
TSM251121P00180000,TSM251121P00180000,BUY,FILLED,3.0,3.0,@2.26,2.26,DAY,2025-09-02T14:12:09.299Z,2025-09-02T14:12:26.710Z
GLD250903C00320000,GLD250903C00320000,SELL,CANCELLED,0.0,2.0,,,DAY,2025-09-02T13:47:34.826Z,
COIN251121P00250000,COIN251121P00250000,BUY,FILLED,1.0,1.0,@12.1,12.1,DAY,2025-09-02T13:31:39.359Z,2025-09-02T13:31:41.510Z
VNET251017C00010000,VNET251017C00010000,SELL,FILLED,10.0,10.0,@0.45,0.45,DAY,2025-09-02T13:30:50.640Z,2025-09-02T13:30:50.804Z
RKLB251017C00049000,RKLB251017C00049000,SELL,FILLED,2.0,2.0,@4.1,4.1,DAY,2025-09-02T13:30:18.940Z,2025-09-02T13:30:18.981Z
KC251017C00017500,KC251017C00017500,SELL,FILLED,20.0,20.0,@0.55,0.6,DAY,2025-09-02T13:30:09.614Z,2025-09-02T13:30:45.621Z
NVDA250905P00167500,NVDA250905P00167500,BUY,FILLED,1.0,1.0,@1.15,1.15,DAY,2025-08-29T19:54:53.773Z,2025-08-29T19:55:00.106Z
GLD250903C00320000,GLD250903C00320000,SELL,FILLED,4.0,4.0,@0.95,0.95,DAY,2025-08-29T19:52:27.872Z,2025-08-29T19:52:28.072Z
SLV251121C00038500,SLV251121C00038500,BUY,FILLED,5.0,5.0,@1.14,1.14,DAY,2025-08-29T17:13:07.839Z,2025-08-29T17:13:07.893Z
COIN251121P00250000,COIN251121P00250000,BUY,FILLED,1.0,1.0,@11.4,11.4,DAY,2025-08-29T14:55:34.561Z,2025-08-29T14:55:34.678Z
NVDA251017P00160000,NVDA251017P00160000,BUY,FILLED,2.0,2.0,@3.9,3.9,DAY,2025-08-29T14:54:23.189Z,2025-08-29T14:54:24.060Z
RKLB251017C00049000,RKLB251017C00049000,SELL,FILLED,2.0,2.0,@4.1,4.16,DAY,2025-08-29T14:47:40.908Z,2025-08-29T14:47:41.167Z
GLD251121C00335000,GLD251121C00335000,BUY,FILLED,2.0,2.0,@4.55,4.53,DAY,2025-08-29T14:40:15.813Z,2025-08-29T14:40:15.966Z
TIGR251017C00013000,TIGR251017C00013000,SELL,FILLED,8.0,8.0,@1.12,1.12,DAY,2025-08-29T14:21:33.970Z,2025-08-29T14:21:34.008Z
NVDA251017P00160000,NVDA251017P00160000,BUY,FILLED,2.0,2.0,@3.75,3.75,DAY,2025-08-29T13:41:02.082Z,2025-08-29T13:41:02.121Z
CRWV251017C00125000,CRWV251017C00125000,SELL,FILLED,3.0,3.0,@3.5,3.5,DAY,2025-08-29T13:31:45.418Z,2025-08-29T13:31:45.566Z
GLD250903C00320000,GLD250903C00320000,BUY,FILLED,3.0,3.0,@0.38,0.38,DAY,2025-08-28T17:59:05.051Z,2025-08-28T17:59:05.188Z
GLD251121C00335000,GLD251121C00335000,BUY,FILLED,1.0,1.0,@3.9,3.9,DAY,2025-08-28T17:58:55.539Z,2025-08-28T17:58:55.570Z
GLD250903P00311000,GLD250903P00311000,SELL,FILLED,5.0,5.0,@0.48,0.48,DAY,2025-08-28T17:58:49.329Z,2025-08-28T17:58:49.367Z
GLD250903C00320000,GLD250903C00320000,BUY,FILLED,5.0,5.0,@0.38,0.37,DAY,2025-08-28T17:58:35.534Z,2025-08-28T17:58:35.661Z
GLD250903P00311000,GLD250903P00311000,BUY,FILLED,5.0,5.0,@0.51,0.51,DAY,2025-08-28T17:58:20.057Z,2025-08-28T17:58:20.135Z
RKLB251017C00049000,RKLB251017C00049000,BUY,FILLED,4.0,4.0,@4.65,4.64,DAY,2025-08-28T16:10:30.234Z,2025-08-28T16:10:30.463Z
VNET251017C00010000,VNET251017C00010000,BUY,FILLED,10.0,10.0,@0.6,0.6,DAY,2025-08-28T14:26:26.443Z,2025-08-28T14:26:26.678Z
RKLB251017C00049000,RKLB251017C00049000,SELL,FILLED,5.0,5.0,@3.95,3.97,DAY,2025-08-28T14:25:34.967Z,2025-08-28T14:25:35.273Z
OKTA251017C00100000,OKTA251017C00100000,SELL,FILLED,2.0,2.0,@1.97,1.99,DAY,2025-08-28T14:16:46.288Z,2025-08-28T14:16:46.323Z
GLD251121C00335000,GLD251121C00335000,BUY,FILLED,1.0,1.0,@3.8,3.8,DAY,2025-08-28T14:12:35.788Z,2025-08-28T14:12:35.905Z
CRWV251017C00125000,CRWV251017C00125000,BUY,FILLED,1.0,1.0,@4.6,4.6,DAY,2025-08-28T13:38:56.031Z,2025-08-28T13:38:56.144Z
CRWV251017C00125000,CRWV251017C00125000,BUY,FILLED,2.0,2.0,@3.85,3.85,DAY,2025-08-28T13:30:45.320Z,2025-08-28T13:30:45.416Z
NVDA251017P00160000,NVDA251017P00160000,SELL,FILLED,2.0,2.0,@2.34,2.34,DAY,2025-08-28T13:30:20.766Z,2025-08-28T13:30:20.806Z
TIGR251017C00013000,TIGR251017C00013000,BUY,FILLED,8.0,8.0,@0.76,0.75,DAY,2025-08-27T19:08:07.022Z,2025-08-27T19:08:31.193Z
MSTR251017P00310000,MSTR251017P00310000,SELL,FILLED,1.0,1.0,@12.8,12.8,DAY,2025-08-27T18:24:10.724Z,2025-08-27T18:24:24.001Z
OKTA251017C00100000,OKTA251017C00100000,BUY,FILLED,2.0,2.0,@3.15,3.1,DAY,2025-08-27T18:01:00.290Z,2025-08-27T18:01:00.429Z
RKLB251017C00049000,RKLB251017C00049000,BUY,FILLED,2.0,2.0,@4.5,4.48,DAY,2025-08-27T17:52:09.873Z,2025-08-27T17:52:10.072Z
RKLB251017C00049000,RKLB251017C00049000,BUY,FILLED,3.0,3.0,@4.45,4.45,DAY,2025-08-27T17:51:24.694Z,2025-08-27T17:51:24.815Z
RKLB251017C00049000,RKLB251017C00049000,SELL,FILLED,1.0,1.0,@4.3,4.3,DAY,2025-08-27T16:37:41.744Z,2025-08-27T16:37:41.793Z
RKLB251017C00049000,RKLB251017C00049000,SELL,FILLED,2.0,2.0,@4.9,4.9,DAY,2025-08-27T16:04:42.879Z,2025-08-27T16:04:43.020Z
RKLB251017C00049000,RKLB251017C00049000,SELL,FILLED,2.0,2.0,@5.05,5.05,DAY,2025-08-27T15:39:55.675Z,2025-08-27T15:39:55.707Z
BYND251017C00003500,BYND251017C00003500,SELL,FILLED,10.0,10.0,@0.12,0.12,DAY,2025-08-27T15:39:13.993Z,2025-08-27T15:39:14.142Z
NVDA251017P00160000,NVDA251017P00160000,BUY,FILLED,2.0,2.0,@3.5,3.5,DAY,2025-08-27T15:39:05.327Z,2025-08-27T15:39:05.360Z
TSLA251017C00390000,TSLA251017C00390000,SELL,FILLED,1.0,1.0,@13.35,13.35,DAY,2025-08-27T14:01:34.649Z,2025-08-27T14:01:35.003Z
UUUU251017C00012000,UUUU251017C00012000,SELL,FILLED,8.0,8.0,@1.5,1.5,DAY,2025-08-27T13:33:52.225Z,2025-08-27T13:33:52.309Z
UUUU250829C00012000,UUUU250829C00012000,SELL,FILLED,1.0,1.0,@0.35,0.35,DAY,2025-08-27T13:32:36.952Z,2025-08-27T13:33:00.062Z
UUUU250829C00012000,UUUU250829C00012000,SELL,FILLED,1.0,1.0,@1.25,1.25,DAY,2025-08-26T14:23:43.618Z,2025-08-26T14:23:43.728Z
UUUU250829C00012000,UUUU250829C00012000,BUY,FILLED,2.0,2.0,@0.65,0.63,DAY,2025-08-26T13:33:04.097Z,2025-08-26T13:33:04.292Z
KC251017C00017500,KC251017C00017500,BUY,FILLED,8.0,8.0,@0.95,0.95,DAY,2025-08-26T13:32:24.314Z,2025-08-26T13:32:24.357Z
GLD251017C00315000,GLD251017C00315000,BUY,FILLED,2.0,2.0,@5.85,5.81,DAY,2025-08-26T13:30:51.656Z,2025-08-26T13:31:16.973Z
KC251017C00017500,KC251017C00017500,SELL,FILLED,11.0,11.0,@0.85,0.85,DAY,2025-08-25T19:55:30.312Z,2025-08-25T19:55:30.366Z
MSTR251017P00310000,MSTR251017P00310000,BUY,FILLED,1.0,1.0,@13.65,13.65,DAY,2025-08-25T18:22:39.576Z,2025-08-25T18:22:39.734Z
TSLA251017C00390000,TSLA251017C00390000,BUY,FILLED,1.0,1.0,@11.9,11.9,DAY,2025-08-25T16:08:48.103Z,2025-08-25T16:08:48.170Z
U251017C00046000,U251017C00046000,SELL,FILLED,2.0,2.0,@2.22,2.24,DAY,2025-08-25T16:08:05.474Z,2025-08-25T16:08:05.669Z
INTC251017C00027000,INTC251017C00027000,SELL,FILLED,8.0,8.0,@1.33,1.34,DAY,2025-08-25T15:18:45.753Z,2025-08-25T15:18:45.889Z
UUUU251017C00012000,UUUU251017C00012000,BUY,FILLED,3.0,3.0,@1.15,1.12,DAY,2025-08-25T15:04:09.717Z,2025-08-25T15:04:09.925Z
U251017C00046000,U251017C00046000,BUY,FILLED,2.0,2.0,@2.42,2.42,DAY,2025-08-25T14:44:30.388Z,2025-08-25T14:44:30.432Z
PDD251017C00140000,PDD251017C00140000,SELL,FILLED,3.0,3.0,@2.86,2.86,DAY,2025-08-25T14:33:09.842Z,2025-08-25T14:33:19.339Z
BYND251017C00003500,BYND251017C00003500,BUY,FILLED,10.0,10.0,@0.18,0.18,DAY,2025-08-25T14:28:37.685Z,2025-08-25T14:28:37.992Z
MSTR251017P00290000,MSTR251017P00290000,SELL,FILLED,1.0,1.0,@9.55,9.55,DAY,2025-08-25T14:25:57.344Z,2025-08-25T14:25:57.542Z
RKLB251017C00049000,RKLB251017C00049000,BUY,FILLED,1.0,1.0,@5.2,5.2,DAY,2025-08-25T14:16:38.527Z,2025-08-25T14:16:38.578Z
RKLB251017C00049000,RKLB251017C00049000,BUY,FILLED,1.0,1.0,@4.25,4.25,DAY,2025-08-25T13:57:44.263Z,2025-08-25T13:57:44.304Z
PDD251017C00140000,PDD251017C00140000,BUY,FILLED,3.0,3.0,@3.8,3.8,DAY,2025-08-25T13:46:20.652Z,2025-08-25T13:46:20.719Z
FUTU251017C00240000,FUTU251017C00240000,SELL,FILLED,2.0,2.0,@4.3,4.3,DAY,2025-08-25T13:34:16.953Z,2025-08-25T13:34:17.040Z
PDD251017C00140000,PDD251017C00140000,SELL,FILLED,2.0,2.0,@2.35,2.35,DAY,2025-08-25T13:32:53.200Z,2025-08-25T13:33:03.251Z
MSTR251017P00290000,MSTR251017P00290000,BUY,FILLED,1.0,1.0,@11.0,11.0,DAY,2025-08-25T13:32:45.135Z,2025-08-25T13:33:32.202Z
INTC251017C00027000,INTC251017C00027000,SELL,FILLED,8.0,8.0,@1.48,1.48,DAY,2025-08-25T13:32:27.199Z,2025-08-25T13:32:27.391Z
INTC251017C00027000,INTC251017C00027000,BUY,FILLED,8.0,8.0,@1.68,1.68,DAY,2025-08-25T13:30:30.244Z,2025-08-25T13:30:42.499Z
NIO251017C00006000,NIO251017C00006000,SELL,FILLED,2.0,2.0,@1.03,1.03,DAY,2025-08-22T17:56:30.193Z,2025-08-22T17:56:30.337Z
KC251017C00017500,KC251017C00017500,BUY,FILLED,8.0,8.0,@1.2,1.18,DAY,2025-08-22T17:56:01.262Z,2025-08-22T17:56:01.300Z
IONQ251017P00033000,IONQ251017P00033000,SELL,FILLED,5.0,5.0,@1.56,1.57,DAY,2025-08-22T17:55:14.158Z,2025-08-22T17:55:22.362Z
KC251017C00017500,KC251017C00017500,BUY,FILLED,4.0,4.0,@1.15,1.15,DAY,2025-08-22T16:38:02.529Z,2025-08-22T16:38:02.576Z
ALAB250822P00155000,ALAB250822P00155000,SELL,CANCELLED,0.0,1.0,@0.05,,DAY,2025-08-22T16:37:35.288Z,
RKLB251017C00049000,RKLB251017C00049000,BUY,FILLED,3.0,3.0,@3.3,3.3,DAY,2025-08-22T14:47:29.057Z,2025-08-22T14:47:29.280Z
INTC251017C00027000,INTC251017C00027000,BUY,FILLED,5.0,5.0,@1.1,1.1,DAY,2025-08-22T14:34:27.322Z,2025-08-22T14:34:27.455Z
PDD251017C00140000,PDD251017C00140000,SELL,FILLED,2.0,2.0,@3.6,3.6,DAY,2025-08-22T14:28:21.992Z,2025-08-22T14:28:22.207Z
NIO251017C00006000,NIO251017C00006000,SELL,FILLED,8.0,8.0,@0.83,0.83,DAY,2025-08-22T14:27:44.846Z,2025-08-22T14:28:05.839Z
UUUU251017C00012000,UUUU251017C00012000,BUY,FILLED,5.0,5.0,@0.85,0.84,DAY,2025-08-22T14:15:49.429Z,2025-08-22T14:15:49.830Z
COIN250822P00282500,COIN250822P00282500,SELL,FILLED,1.0,1.0,@0.02,0.02,DAY,2025-08-22T14:15:11.917Z,2025-08-22T14:15:12.049Z
INTC251017C00027000,INTC251017C00027000,BUY,FILLED,3.0,3.0,@1.1,1.1,DAY,2025-08-22T14:10:55.277Z,2025-08-22T14:10:55.319Z
GLD251017C00315000,GLD251017C00315000,BUY,FILLED,2.0,2.0,@5.4,5.4,DAY,2025-08-22T14:10:33.036Z,2025-08-22T14:10:36.815Z
TSLA251017P00270000,TSLA251017P00270000,SELL,FILLED,2.0,2.0,@4.5,4.5,DAY,2025-08-22T14:09:10.109Z,2025-08-22T14:09:20.314Z
MSTR251017P00290000,MSTR251017P00290000,SELL,FILLED,1.0,1.0,@9.85,9.85,DAY,2025-08-22T14:08:33.482Z,2025-08-22T14:08:33.728Z
TSM251017P00185000,TSM251017P00185000,SELL,FILLED,5.0,5.0,@1.54,1.58,DAY,2025-08-22T14:08:26.959Z,2025-08-22T14:08:27.196Z
KC251017C00017500,KC251017C00017500,BUY,FILLED,3.0,3.0,@0.9,0.9,DAY,2025-08-22T13:36:24.248Z,2025-08-22T13:36:24.285Z
NIO251017C00006000,NIO251017C00006000,SELL,FILLED,5.0,5.0,@0.65,0.66,DAY,2025-08-22T13:36:02.035Z,2025-08-22T13:36:02.114Z
KC251017C00017500,KC251017C00017500,BUY,FILLED,8.0,8.0,@0.8,0.79,DAY,2025-08-22T13:35:40.131Z,2025-08-22T13:35:54.648Z
FUTU251017C00240000,FUTU251017C00240000,BUY,FILLED,2.0,2.0,@3.9,3.9,DAY,2025-08-22T13:32:11.990Z,2025-08-22T13:32:12.119Z
PDD251017C00140000,PDD251017C00140000,BUY,FILLED,2.0,2.0,@2.79,2.76,DAY,2025-08-21T19:28:46.933Z,2025-08-21T19:28:47.129Z
MSTR251017P00290000,MSTR251017P00290000,BUY,FILLED,1.0,1.0,@12.15,12.15,DAY,2025-08-21T15:44:32.446Z,2025-08-21T15:44:32.499Z
TSM251017P00185000,TSM251017P00185000,SELL,FILLED,3.0,3.0,@1.73,1.75,DAY,2025-08-21T14:39:25.037Z,2025-08-21T14:39:34.688Z
PDD251017C00140000,PDD251017C00140000,SELL,FILLED,2.0,2.0,@2.32,2.32,DAY,2025-08-21T14:39:18.035Z,2025-08-21T14:39:18.073Z
PDD251017C00140000,PDD251017C00140000,BUY,FILLED,2.0,2.0,@2.45,2.44,DAY,2025-08-21T14:28:56.405Z,2025-08-21T14:28:56.511Z
PDD251017C00140000,PDD251017C00140000,BUY,FILLED,2.0,2.0,@2.48,2.44,DAY,2025-08-21T14:28:25.679Z,2025-08-21T14:28:25.872Z
NIO251017C00006000,NIO251017C00006000,BUY,FILLED,15.0,15.0,@0.39,0.39,DAY,2025-08-21T13:42:45.171Z,2025-08-21T13:42:54.839Z
TSLA251017P00270000,TSLA251017P00270000,BUY,FILLED,2.0,2.0,@6.05,6.05,DAY,2025-08-21T13:31:52.988Z,2025-08-21T13:32:05.205Z
COIN251017P00240000,COIN251017P00240000,SELL,FILLED,1.0,1.0,@5.65,5.7,DAY,2025-08-20T19:25:04.489Z,2025-08-20T19:25:04.537Z
MSTR251017P00310000,MSTR251017P00310000,SELL,FILLED,1.0,1.0,@16.95,16.95,DAY,2025-08-20T16:22:19.581Z,2025-08-20T16:22:19.617Z
COIN251017P00240000,COIN251017P00240000,SELL,CANCELLED,0.0,1.0,@7.6,,DAY,2025-08-20T14:27:03.411Z,
PLTR251017P00135000,PLTR251017P00135000,SELL,FILLED,1.0,1.0,@8.3,8.3,DAY,2025-08-20T14:26:53.522Z,2025-08-20T14:26:53.556Z
INTC251017C00025000,INTC251017C00025000,SELL,FILLED,1.0,1.0,@1.51,1.51,DAY,2025-08-20T14:01:39.857Z,2025-08-20T14:01:43.568Z
COIN251017P00240000,COIN251017P00240000,SELL,FILLED,1.0,1.0,@7.4,7.4,DAY,2025-08-20T14:01:25.667Z,2025-08-20T14:01:26.475Z
TSM251017P00185000,TSM251017P00185000,BUY,FILLED,3.0,3.0,@2.38,2.38,DAY,2025-08-20T14:00:52.415Z,2025-08-20T14:00:52.456Z
CEG251017P00270000,CEG251017P00270000,SELL,FILLED,1.0,1.0,@6.5,6.5,DAY,2025-08-20T14:00:42.211Z,2025-08-20T14:01:02.409Z
ALAB250822P00155000,ALAB250822P00155000,BUY,FILLED,1.0,1.0,@2.0,2.0,DAY,2025-08-20T13:54:14.212Z,2025-08-20T13:54:14.518Z
COIN250822P00282500,COIN250822P00282500,BUY,FILLED,1.0,1.0,@2.56,2.56,DAY,2025-08-20T13:47:46.598Z,2025-08-20T13:47:57.358Z
TSLA251017C00410000,TSLA251017C00410000,SELL,FILLED,1.0,1.0,@5.7,5.7,DAY,2025-08-20T13:38:21.347Z,2025-08-20T13:38:21.403Z
UUUU251017P00007000,UUUU251017P00007000,SELL,FILLED,5.0,5.0,@0.4,0.4,DAY,2025-08-20T13:37:48.036Z,2025-08-20T13:38:13.380Z
TSM251017P00185000,TSM251017P00185000,BUY,FILLED,5.0,5.0,@1.98,1.98,DAY,2025-08-20T13:33:23.385Z,2025-08-20T13:33:23.555Z
NIO251017C00005000,NIO251017C00005000,SELL,FILLED,12.0,12.0,@0.6,0.6,DAY,2025-08-19T17:04:25.831Z,2025-08-19T17:04:25.911Z
COIN251017P00240000,COIN251017P00240000,BUY,FILLED,2.0,2.0,@5.8,5.8,DAY,2025-08-19T17:01:06.773Z,2025-08-19T17:01:06.931Z
INTC251017C00025000,INTC251017C00025000,SELL,FILLED,1.0,1.0,@2.31,2.31,DAY,2025-08-19T16:58:15.132Z,2025-08-19T16:58:15.170Z
IONQ251017P00033000,IONQ251017P00033000,BUY,FILLED,5.0,5.0,@2.25,2.25,DAY,2025-08-19T16:48:50.618Z,2025-08-19T16:48:50.808Z
NXT251017C00060000,NXT251017C00060000,SELL,FILLED,1.0,1.0,@10.1,10.1,DAY,2025-08-19T16:11:31.496Z,2025-08-19T16:11:40.792Z
MSTR251017P00310000,MSTR251017P00310000,SELL,FILLED,1.0,1.0,@16.85,16.85,DAY,2025-08-19T15:09:00.121Z,2025-08-19T15:09:00.160Z
CEG251017P00270000,CEG251017P00270000,BUY,FILLED,1.0,1.0,@5.2,5.2,DAY,2025-08-19T15:07:40.875Z,2025-08-19T15:07:40.987Z
PLTR251017P00135000,PLTR251017P00135000,SELL,FILLED,1.0,1.0,@4.0,4.0,DAY,2025-08-19T14:48:10.343Z,2025-08-19T14:48:28.786Z
UUUU251017P00007000,UUUU251017P00007000,BUY,FILLED,5.0,5.0,@0.45,0.45,DAY,2025-08-19T14:31:49.699Z,2025-08-19T14:31:49.733Z
INTC251017C00025000,INTC251017C00025000,SELL,FILLED,3.0,3.0,@2.62,2.62,DAY,2025-08-19T14:25:45.117Z,2025-08-19T14:25:46.378Z
NXT251017C00070000,NXT251017C00070000,SELL,FILLED,1.0,1.0,@5.2,5.2,DAY,2025-08-19T14:24:10.997Z,2025-08-19T14:24:19.746Z
UUUU251017C00012000,UUUU251017C00012000,SELL,FILLED,10.0,10.0,@0.4,0.4,DAY,2025-08-19T14:22:35.994Z,2025-08-19T14:22:44.570Z
MSTR251017P00310000,MSTR251017P00310000,BUY,FILLED,1.0,1.0,@12.95,12.95,DAY,2025-08-19T13:48:58.805Z,2025-08-19T13:48:58.841Z
MSTR251017P00310000,MSTR251017P00310000,BUY,FILLED,1.0,1.0,@12.25,12.25,DAY,2025-08-19T13:45:13.781Z,2025-08-19T13:45:13.954Z
PLTR251017P00135000,PLTR251017P00135000,BUY,FILLED,2.0,2.0,@3.2,3.2,DAY,2025-08-19T13:33:54.680Z,2025-08-19T13:34:47.290Z
RKLB251017C00045000,RKLB251017C00045000,SELL,FILLED,1.0,1.0,@5.1,5.1,DAY,2025-08-19T13:33:31.650Z,2025-08-19T13:33:33.870Z
UUUU251017C00012000,UUUU251017C00012000,BUY,FILLED,6.0,6.0,@0.85,0.85,DAY,2025-08-18T19:56:51.226Z,2025-08-18T19:56:51.266Z
NXT251017C00070000,NXT251017C00070000,SELL,FILLED,1.0,1.0,@4.2,4.24,DAY,2025-08-18T19:56:41.859Z,2025-08-18T19:56:42.060Z
UUUU251017C00012000,UUUU251017C00012000,BUY,FILLED,4.0,4.0,@0.8,0.79,DAY,2025-08-18T19:44:42.024Z,2025-08-18T19:44:42.255Z
INTC251017C00028000,INTC251017C00028000,SELL,FILLED,5.0,5.0,@0.74,0.74,DAY,2025-08-18T19:43:57.402Z,2025-08-18T19:43:57.438Z
TSLA251017C00410000,TSLA251017C00410000,BUY,CANCELLED,0.0,1.0,@6.2,,DAY,2025-08-18T14:25:39.637Z,
TSLA251017C00410000,TSLA251017C00410000,BUY,FILLED,1.0,1.0,@6.9,6.85,DAY,2025-08-18T14:23:23.567Z,2025-08-18T14:25:29.647Z
MSTR251017P00315000,MSTR251017P00315000,SELL,FILLED,1.0,1.0,@14.0,14.0,DAY,2025-08-18T14:22:49.354Z,2025-08-18T14:22:58.491Z
INTC251017C00028000,INTC251017C00028000,BUY,FILLED,5.0,5.0,@0.91,0.91,DAY,2025-08-18T14:08:16.928Z,2025-08-18T14:08:17.039Z
INTC251017C00025000,INTC251017C00025000,BUY,FILLED,2.0,2.0,@1.7,1.7,DAY,2025-08-18T14:05:44.811Z,2025-08-18T14:05:45.086Z
NXT251017C00070000,NXT251017C00070000,BUY,FILLED,2.0,2.0,@3.3,3.3,DAY,2025-08-18T13:40:45.826Z,2025-08-18T13:40:46.054Z
INTC251017C00025000,INTC251017C00025000,SELL,FILLED,4.0,4.0,@1.48,1.48,DAY,2025-08-18T13:33:21.083Z,2025-08-18T13:33:32.179Z
RKLB251017C00045000,RKLB251017C00045000,BUY,FILLED,1.0,1.0,@5.35,5.33,DAY,2025-08-15T19:52:28.148Z,2025-08-15T19:52:52.791Z
INTC251017C00026000,INTC251017C00026000,SELL,FILLED,5.0,5.0,@2.05,2.06,DAY,2025-08-15T17:41:28.565Z,2025-08-15T17:41:41.391Z
MSTR251017P00290000,MSTR251017P00290000,SELL,FILLED,1.0,1.0,@9.85,9.85,DAY,2025-08-15T17:40:42.621Z,2025-08-15T17:40:56.161Z
NXT251017C00060000,NXT251017C00060000,BUY,FILLED,1.0,1.0,@4.7,4.7,DAY,2025-08-15T17:08:02.415Z,2025-08-15T17:08:16.046Z
SMR251017P00035000,SMR251017P00035000,SELL,FILLED,1.0,1.0,@4.6,4.6,DAY,2025-08-15T17:07:09.801Z,2025-08-15T17:07:21.886Z
MSTR251017P00290000,MSTR251017P00290000,BUY,FILLED,1.0,1.0,@10.85,10.85,DAY,2025-08-15T16:37:02.862Z,2025-08-15T16:37:11.462Z
NIO251017C00005000,NIO251017C00005000,BUY,FILLED,12.0,12.0,@0.46,0.46,DAY,2025-08-15T16:06:50.910Z,2025-08-15T16:06:51.088Z
INTC251017C00026000,INTC251017C00026000,BUY,FILLED,5.0,5.0,@1.69,1.69,DAY,2025-08-15T15:20:11.244Z,2025-08-15T15:20:22.674Z
INTC251017C00025000,INTC251017C00025000,SELL,FILLED,5.0,5.0,@2.06,2.06,DAY,2025-08-15T14:51:42.257Z,2025-08-15T14:51:54.885Z
INTC251017C00029000,INTC251017C00029000,SELL,FILLED,15.0,15.0,@0.92,0.92,DAY,2025-08-15T14:51:13.187Z,2025-08-15T14:51:13.240Z
INTC250815C00025500,INTC250815C00025500,BUY,FILLED,4.0,4.0,@0.19,0.19,DAY,2025-08-15T13:47:52.413Z,2025-08-15T13:47:54.520Z
INTC251017C00029000,INTC251017C00029000,BUY,FILLED,15.0,15.0,@1.08,1.07,DAY,2025-08-14T19:48:48.084Z,2025-08-14T19:48:48.287Z
IBIT251017C00073000,IBIT251017C00073000,SELL,FILLED,5.0,5.0,@2.64,2.64,DAY,2025-08-14T15:19:03.406Z,2025-08-14T15:19:03.468Z
IBIT251017C00073000,IBIT251017C00073000,BUY,FILLED,5.0,5.0,@2.88,2.88,DAY,2025-08-14T14:42:30.354Z,2025-08-14T14:42:39.109Z
INTC251017C00025000,INTC251017C00025000,BUY,FILLED,2.0,2.0,@0.82,0.82,DAY,2025-08-14T14:36:20.567Z,2025-08-14T14:36:20.605Z
INTC251017C00025000,INTC251017C00025000,BUY,FILLED,5.0,5.0,@0.82,0.82,DAY,2025-08-14T14:35:48.530Z,2025-08-14T14:36:03.438Z
INTC251017C00025000,INTC251017C00025000,SELL,FILLED,15.0,15.0,@0.76,0.76,DAY,2025-08-14T13:44:46.750Z,2025-08-14T13:44:46.980Z
MSTR251017P00315000,MSTR251017P00315000,BUY,FILLED,1.0,1.0,@12.65,12.65,DAY,2025-08-14T13:39:49.601Z,2025-08-14T13:39:49.679Z
GLD251017C00318000,GLD251017C00318000,SELL,FILLED,2.0,2.0,@4.75,4.75,DAY,2025-08-14T13:31:36.271Z,2025-08-14T13:31:36.325Z
BABA251017C00145000,BABA251017C00145000,SELL,FILLED,2.0,2.0,@2.86,2.86,DAY,2025-08-14T13:30:36.993Z,2025-08-14T13:30:37.041Z
COIN251017C00450000,COIN251017C00450000,SELL,FILLED,2.0,2.0,@6.2,6.2,DAY,2025-08-14T13:30:32.409Z,2025-08-14T13:30:32.791Z
IBIT251017C00070000,IBIT251017C00070000,SELL,FILLED,4.0,4.0,@3.8,3.8,DAY,2025-08-14T13:30:23.281Z,2025-08-14T13:30:23.457Z
INTC251017C00025000,INTC251017C00025000,BUY,FILLED,5.0,5.0,@0.77,0.77,DAY,2025-08-13T14:59:09.977Z,2025-08-13T14:59:22.803Z
SMR251017P00035000,SMR251017P00035000,BUY,FILLED,1.0,1.0,@4.5,4.5,DAY,2025-08-13T14:33:08.637Z,2025-08-13T14:33:41.103Z
GLD251017C00318000,GLD251017C00318000,BUY,FILLED,1.0,1.0,@5.65,5.65,DAY,2025-08-13T13:54:58.289Z,2025-08-13T13:54:58.498Z
COIN251017C00450000,COIN251017C00450000,BUY,FILLED,1.0,1.0,@8.95,8.95,DAY,2025-08-13T13:42:40.498Z,2025-08-13T13:42:41.335Z
MU251017C00150000,MU251017C00150000,SELL,FILLED,2.0,2.0,@3.1,3.1,DAY,2025-08-13T13:42:31.447Z,2025-08-13T13:43:12.329Z
COIN251017C00450000,COIN251017C00450000,BUY,FILLED,1.0,1.0,@8.35,8.35,DAY,2025-08-13T13:38:38.571Z,2025-08-13T13:38:49.706Z
BABA251017C00145000,BABA251017C00145000,BUY,FILLED,2.0,2.0,@3.65,3.57,DAY,2025-08-13T13:32:27.986Z,2025-08-13T13:32:28.251Z
GTLB251017P00035000,GTLB251017P00035000,SELL,FILLED,4.0,4.0,@2.05,2.1,DAY,2025-08-13T13:31:31.122Z,2025-08-13T13:31:31.170Z
INTC251017C00025000,INTC251017C00025000,BUY,FILLED,15.0,15.0,@0.7,0.7,DAY,2025-08-12T19:00:54.253Z,2025-08-12T19:00:54.435Z
MU251017C00150000,MU251017C00150000,BUY,FILLED,2.0,2.0,@3.7,3.69,DAY,2025-08-12T18:22:30.921Z,2025-08-12T18:22:31.056Z
TSLA251017C00410000,TSLA251017C00410000,SELL,FILLED,1.0,1.0,@8.4,8.4,DAY,2025-08-12T14:04:33.291Z,2025-08-12T14:04:33.333Z
MRVL251017C00095000,MRVL251017C00095000,SELL,FILLED,2.0,2.0,@1.85,1.85,DAY,2025-08-12T14:04:20.604Z,2025-08-12T14:04:20.869Z
IBIT251017C00070000,IBIT251017C00070000,SELL,CANCELLED,0.0,4.0,@3.8,,DAY,2025-08-12T14:04:16.522Z,
MU251017C00140000,MU251017C00140000,SELL,FILLED,3.0,3.0,@4.55,4.63,DAY,2025-08-12T14:04:09.845Z,2025-08-12T14:04:10.045Z
NIO251121C00005500,NIO251121C00005500,SELL,FILLED,20.0,20.0,@0.4,0.4,DAY,2025-08-12T14:03:50.509Z,2025-08-12T14:03:50.639Z
MRVL251017C00095000,MRVL251017C00095000,BUY,FILLED,2.0,2.0,@2.84,2.83,DAY,2025-08-11T13:45:51.749Z,2025-08-11T13:45:51.823Z
MU251017C00140000,MU251017C00140000,SELL,FILLED,2.0,2.0,@4.75,4.75,DAY,2025-08-11T13:36:33.570Z,2025-08-11T13:36:44.397Z
TSLA251017C00410000,TSLA251017C00410000,BUY,FILLED,1.0,1.0,@10.55,10.4,DAY,2025-08-11T13:32:16.740Z,2025-08-11T13:32:16.937Z
TSLA250919P00265000,TSLA250919P00265000,SELL,FILLED,5.0,5.0,@1.95,1.95,DAY,2025-08-11T13:31:19.770Z,2025-08-11T13:31:19.907Z
GLD251017C00318000,GLD251017C00318000,SELL,FILLED,1.0,1.0,@5.25,5.25,DAY,2025-08-11T13:30:49.061Z,2025-08-11T13:30:49.101Z
NIO251121C00005500,NIO251121C00005500,BUY,FILLED,20.0,20.0,@0.51,0.51,DAY,2025-08-08T18:31:34.554Z,2025-08-08T18:31:34.598Z
GTLB251017P00035000,GTLB251017P00035000,BUY,FILLED,4.0,4.0,@2.0,2.0,DAY,2025-08-08T15:29:07.354Z,2025-08-08T15:29:22.350Z
MU251017C00140000,MU251017C00140000,BUY,FILLED,5.0,5.0,@2.6,2.6,DAY,2025-08-08T14:52:17.612Z,2025-08-08T14:52:17.647Z
IBIT251017C00070000,IBIT251017C00070000,BUY,FILLED,4.0,4.0,@3.3,3.3,DAY,2025-08-07T13:32:02.244Z,2025-08-07T13:32:02.467Z
SMH251017P00255000,SMH251017P00255000,SELL,FILLED,2.0,2.0,@3.7,3.78,DAY,2025-08-07T13:31:41.866Z,2025-08-07T13:31:42.026Z
GLD251017C00318000,GLD251017C00318000,BUY,FILLED,2.0,2.0,@7.2,7.13,DAY,2025-08-07T13:31:30.948Z,2025-08-07T13:32:47.790Z
COIN251017P00240000,COIN251017P00240000,SELL,FILLED,1.0,1.0,@7.15,7.15,DAY,2025-08-06T18:04:41.584Z,2025-08-06T18:04:41.618Z
CRCL251017P00120000,CRCL251017P00120000,SELL,FILLED,1.0,1.0,@5.2,5.35,DAY,2025-08-06T18:04:35.345Z,2025-08-06T18:04:35.707Z
SMH251017P00255000,SMH251017P00255000,BUY,FILLED,2.0,2.0,@5.75,5.55,DAY,2025-08-06T13:30:14.264Z,2025-08-06T13:30:17.952Z
COIN251017P00240000,COIN251017P00240000,BUY,FILLED,1.0,1.0,@8.3,8.25,DAY,2025-08-05T15:01:01.787Z,2025-08-05T15:01:01.887Z
MP251017C00085000,MP251017C00085000,SELL,FILLED,3.0,3.0,@3.7,3.77,DAY,2025-08-05T14:47:34.298Z,2025-08-05T14:47:34.499Z
CEG250919C00420000,CEG250919C00420000,SELL,FILLED,1.0,1.0,@3.2,3.2,DAY,2025-08-05T14:47:30.756Z,2025-08-05T14:47:30.896Z
MP251017C00085000,MP251017C00085000,BUY,FILLED,3.0,3.0,@4.5,4.5,DAY,2025-08-05T13:54:26.883Z,2025-08-05T13:54:27.046Z
CRCL251017P00120000,CRCL251017P00120000,BUY,FILLED,1.0,1.0,@5.5,5.4,DAY,2025-08-04T13:38:23.516Z,2025-08-04T13:38:23.685Z
CEG250919C00420000,CEG250919C00420000,BUY,FILLED,1.0,1.0,@5.0,5.0,DAY,2025-08-04T13:34:46.184Z,2025-08-04T13:34:46.345Z
MU250919P00090000,MU250919P00090000,SELL,FILLED,10.0,10.0,@1.8,1.8,DAY,2025-08-01T14:28:46.877Z,2025-08-01T14:28:46.924Z
CRCL250919P00135000,CRCL250919P00135000,SELL,FILLED,2.0,2.0,@5.2,5.2,DAY,2025-08-01T14:14:50.437Z,2025-08-01T14:14:50.668Z
COIN250801P00317500,COIN250801P00317500,SELL,FILLED,1.0,1.0,@4.15,4.15,DAY,2025-08-01T13:55:06.939Z,2025-08-01T13:55:07.667Z
TSLA250919P00265000,TSLA250919P00265000,BUY,FILLED,2.0,2.0,@7.4,7.4,DAY,2025-08-01T13:48:06.165Z,2025-08-01T13:48:06.338Z
COIN250801P00317500,COIN250801P00317500,BUY,FILLED,1.0,1.0,@2.12,2.12,DAY,2025-08-01T13:47:30.940Z,2025-08-01T13:47:40.234Z
MU250919P00090000,MU250919P00090000,BUY,FILLED,10.0,10.0,@2.12,2.12,DAY,2025-08-01T13:46:50.916Z,2025-08-01T13:46:51.003Z
CRCL250801P00167500,CRCL250801P00167500,SELL,FILLED,1.0,1.0,@1.5,1.77,DAY,2025-08-01T13:42:52.310Z,2025-08-01T13:42:52.560Z
HUT250919C00025000,HUT250919C00025000,SELL,FILLED,4.0,4.0,@0.88,0.88,DAY,2025-08-01T13:39:15.056Z,2025-08-01T13:39:15.099Z
CRCL250919P00135000,CRCL250919P00135000,BUY,FILLED,2.0,2.0,@4.0,4.0,DAY,2025-08-01T13:35:18.511Z,2025-08-01T13:35:42.529Z
CRCL250801P00167500,CRCL250801P00167500,BUY,FILLED,1.0,1.0,@1.05,1.05,DAY,2025-08-01T13:35:08.651Z,2025-08-01T13:35:29.468Z
TSLA250919P00265000,TSLA250919P00265000,BUY,FILLED,1.0,1.0,@6.5,6.5,DAY,2025-08-01T13:32:37.953Z,2025-08-01T13:32:38.480Z
TSLA250919P00265000,TSLA250919P00265000,BUY,FILLED,2.0,2.0,@5.7,5.7,DAY,2025-07-31T19:52:39.865Z,2025-07-31T19:52:39.900Z
CEG250919C00390000,CEG250919C00390000,SELL,FILLED,1.0,1.0,@9.2,9.2,DAY,2025-07-31T18:16:21.207Z,2025-07-31T18:16:21.238Z
APLD250801C00013500,APLD250801C00013500,SELL,FILLED,1.0,1.0,@0.15,0.15,DAY,2025-07-31T18:16:16.907Z,2025-07-31T18:16:17.050Z
MRVL250919C00085000,MRVL250919C00085000,SELL,FILLED,2.0,2.0,@5.05,5.09,DAY,2025-07-31T18:16:10.643Z,2025-07-31T18:16:10.783Z
NBIS250919C00065000,NBIS250919C00065000,SELL,FILLED,3.0,3.0,@3.0,3.0,DAY,2025-07-31T18:16:06.288Z,2025-07-31T18:16:06.466Z
ALAB250919C00155000,ALAB250919C00155000,SELL,FILLED,1.0,1.0,@12.1,12.1,DAY,2025-07-31T14:57:07.315Z,2025-07-31T14:57:20.770Z
NBIS250919C00065000,NBIS250919C00065000,BUY,FILLED,3.0,3.0,@3.7,3.7,DAY,2025-07-31T14:07:40.550Z,2025-07-31T14:07:40.717Z
HUT250919C00025000,HUT250919C00025000,BUY,FILLED,2.0,2.0,@1.38,1.38,DAY,2025-07-31T13:52:33.566Z,2025-07-31T13:52:51.698Z
HUT250919C00025000,HUT250919C00025000,BUY,FILLED,2.0,2.0,@1.3,1.28,DAY,2025-07-31T13:50:21.788Z,2025-07-31T13:50:30.322Z
APLD250801C00013500,APLD250801C00013500,BUY,FILLED,1.0,1.0,@0.69,0.69,DAY,2025-07-31T13:36:00.247Z,2025-07-31T13:36:00.301Z
INDA250919P00051000,INDA250919P00051000,SELL,FILLED,10.0,10.0,@0.4,0.4,DAY,2025-07-31T13:33:02.427Z,2025-07-31T13:33:02.585Z
QCOM250919C00175000,QCOM250919C00175000,SELL,FILLED,1.0,1.0,@0.65,0.65,DAY,2025-07-31T13:30:14.162Z,2025-07-31T13:30:14.211Z
QCOM250919C00175000,QCOM250919C00175000,SELL,FILLED,2.0,2.0,@2.9,2.9,DAY,2025-07-30T17:46:35.406Z,2025-07-30T17:46:43.296Z
CEG250919C00390000,CEG250919C00390000,BUY,FILLED,1.0,1.0,@7.7,7.7,DAY,2025-07-30T14:43:26.311Z,2025-07-30T14:43:27.425Z
COIN250919P00300000,COIN250919P00300000,SELL,FILLED,1.0,1.0,@6.25,6.25,DAY,2025-07-30T14:22:31.856Z,2025-07-30T14:22:31.896Z
ALAB250919C00155000,ALAB250919C00155000,BUY,FILLED,1.0,1.0,@6.5,6.5,DAY,2025-07-30T13:49:32.949Z,2025-07-30T13:54:09.039Z
MRVL250919C00085000,MRVL250919C00085000,SELL,FILLED,1.0,1.0,@7.05,7.05,DAY,2025-07-30T13:44:37.333Z,2025-07-30T13:44:40.721Z
MRVL250919C00085000,MRVL250919C00085000,SELL,CANCELLED,0.0,1.0,,,DAY,2025-07-30T13:32:42.634Z,
QCOM250919C00175000,QCOM250919C00175000,BUY,FILLED,3.0,3.0,@3.8,3.8,DAY,2025-07-29T18:58:10.691Z,2025-07-29T18:58:12.382Z
COIN250919P00300000,COIN250919P00300000,BUY,FILLED,1.0,1.0,@7.85,7.85,DAY,2025-07-29T18:14:08.630Z,2025-07-29T18:14:08.667Z
QCOM250919C00175000,QCOM250919C00175000,SELL,FILLED,2.0,2.0,@3.4,3.4,DAY,2025-07-29T16:28:10.051Z,2025-07-29T16:28:10.090Z
CEG250919C00400000,CEG250919C00400000,SELL,FILLED,2.0,2.0,@4.3,4.3,DAY,2025-07-29T16:28:01.919Z,2025-07-29T16:28:01.955Z
CEG250919C00400000,CEG250919C00400000,BUY,FILLED,2.0,2.0,@5.5,5.5,DAY,2025-07-29T13:55:08.367Z,2025-07-29T13:55:21.775Z
QCOM250919C00175000,QCOM250919C00175000,BUY,FILLED,2.0,2.0,@3.6,3.6,DAY,2025-07-29T13:31:14.115Z,2025-07-29T13:31:14.152Z
FSLR250919C00210000,FSLR250919C00210000,SELL,FILLED,1.0,1.0,@6.1,6.1,DAY,2025-07-28T14:29:22.049Z,2025-07-28T14:29:22.098Z
TSLA250919P00275000,TSLA250919P00275000,SELL,FILLED,1.0,1.0,@5.3,5.3,DAY,2025-07-28T14:24:10.842Z,2025-07-28T14:24:10.953Z
INDA250919P00051000,INDA250919P00051000,BUY,FILLED,10.0,10.0,@0.45,0.45,DAY,2025-07-28T14:23:48.495Z,2025-07-28T14:23:48.536Z
GLD250919C00321000,GLD250919C00321000,SELL,FILLED,3.0,3.0,@2.48,2.49,DAY,2025-07-28T14:05:40.358Z,2025-07-28T14:05:40.450Z
MRVL250919C00085000,MRVL250919C00085000,BUY,FILLED,1.0,1.0,@3.35,3.35,DAY,2025-07-28T13:35:48.497Z,2025-07-28T13:36:13.696Z
MRVL250919C00085000,MRVL250919C00085000,BUY,FILLED,2.0,2.0,@3.15,3.15,DAY,2025-07-28T13:32:10.382Z,2025-07-28T13:32:26.323Z
COIN250919P00320000,COIN250919P00320000,SELL,FILLED,1.0,1.0,@7.7,7.7,DAY,2025-07-28T13:30:25.070Z,2025-07-28T13:30:49.135Z
COIN250919P00320000,COIN250919P00320000,BUY,FILLED,1.0,1.0,@8.4,8.4,DAY,2025-07-25T15:37:09.915Z,2025-07-25T15:37:09.948Z
FSLR250919C00210000,FSLR250919C00210000,BUY,FILLED,1.0,1.0,@6.8,6.8,DAY,2025-07-25T14:18:07.311Z,2025-07-25T14:18:07.361Z
ALAB250919C00155000,ALAB250919C00155000,SELL,FILLED,2.0,2.0,@5.3,5.3,DAY,2025-07-25T13:33:00.088Z,2025-07-25T13:33:04.590Z
IBIT251121C00070000,IBIT251121C00070000,SELL,FILLED,4.0,4.0,@5.9,5.9,DAY,2025-07-25T13:32:49.306Z,2025-07-25T13:32:49.365Z
TIGR250919C00013000,TIGR250919C00013000,SELL,FILLED,12.0,12.0,@0.66,0.66,DAY,2025-07-25T13:32:42.418Z,2025-07-25T13:33:14.268Z
PDD250919C00120000,PDD250919C00120000,SELL,FILLED,1.0,1.0,@6.85,6.85,DAY,2025-07-25T13:32:33.133Z,2025-07-25T13:32:33.176Z
ALAB250919C00155000,ALAB250919C00155000,BUY,FILLED,2.0,2.0,@5.2,5.2,DAY,2025-07-24T19:35:00.849Z,2025-07-24T19:35:00.979Z
GME250919C00028000,GME250919C00028000,SELL,FILLED,5.0,5.0,@1.31,1.31,DAY,2025-07-24T15:46:00.739Z,2025-07-24T15:46:00.773Z
AAPL250919C00235000,AAPL250919C00235000,SELL,FILLED,5.0,5.0,@2.39,2.39,DAY,2025-07-24T15:45:46.700Z,2025-07-24T15:45:46.734Z
QUBT250919P00015000,QUBT250919P00015000,SELL,FILLED,1.0,1.0,@1.7,1.7,DAY,2025-07-24T13:58:15.787Z,2025-07-24T13:58:15.916Z
TSLA250725P00292500,TSLA250725P00292500,BUY,FILLED,2.0,2.0,@2.02,1.86,DAY,2025-07-24T13:33:55.840Z,2025-07-24T13:33:55.873Z
PDD250919C00120000,PDD250919C00120000,SELL,FILLED,1.0,1.0,@8.25,8.35,DAY,2025-07-24T13:32:47.833Z,2025-07-24T13:32:47.950Z
TSLA250815P00245000,TSLA250815P00245000,BUY,FILLED,1.0,1.0,@1.18,1.18,DAY,2025-07-24T13:32:31.854Z,2025-07-24T13:32:31.887Z
PDD250919C00120000,PDD250919C00120000,SELL,FILLED,2.0,2.0,@9.1,9.1,DAY,2025-07-24T13:31:56.484Z,2025-07-24T13:31:57.984Z
GLD250919C00321000,GLD250919C00321000,SELL,FILLED,3.0,3.0,@5.45,5.5,DAY,2025-07-23T16:22:17.039Z,2025-07-23T16:22:17.085Z
GME250919C00028000,GME250919C00028000,BUY,FILLED,5.0,5.0,@1.9,1.9,DAY,2025-07-23T13:42:14.169Z,2025-07-23T13:42:14.231Z
CEG250919C00410000,CEG250919C00410000,SELL,FILLED,1.0,1.0,@6.1,6.1,DAY,2025-07-23T13:41:53.006Z,2025-07-23T13:41:53.046Z
CEG250919C00410000,CEG250919C00410000,BUY,FILLED,1.0,1.0,@5.6,5.6,DAY,2025-07-23T13:32:35.413Z,2025-07-23T13:32:43.695Z
HIMS250919P00041000,HIMS250919P00041000,SELL,FILLED,1.0,1.0,@2.87,2.87,DAY,2025-07-22T18:35:37.631Z,2025-07-22T18:35:37.678Z
PDD250919C00120000,PDD250919C00120000,BUY,FILLED,2.0,2.0,@6.45,6.45,DAY,2025-07-22T17:37:13.523Z,2025-07-22T17:37:13.566Z
NXT250919C00070000,NXT250919C00070000,SELL,FILLED,3.0,3.0,@3.1,3.17,DAY,2025-07-22T17:36:49.361Z,2025-07-22T17:37:01.647Z
TIGR250919C00013000,TIGR250919C00013000,BUY,FILLED,12.0,12.0,@0.88,0.87,DAY,2025-07-22T17:35:05.270Z,2025-07-22T17:35:05.349Z
AAPL250919C00235000,AAPL250919C00235000,BUY,FILLED,5.0,5.0,@2.44,2.43,DAY,2025-07-22T17:24:37.576Z,2025-07-22T17:24:37.709Z
GME250919C00028000,GME250919C00028000,SELL,FILLED,3.0,3.0,@1.45,1.45,DAY,2025-07-22T16:23:38.256Z,2025-07-22T16:23:38.323Z
TIGR250725C00011500,TIGR250725C00011500,SELL,FILLED,5.0,5.0,@0.31,0.31,DAY,2025-07-22T16:23:17.101Z,2025-07-22T16:23:17.137Z
QUBT250919P00015000,QUBT250919P00015000,BUY,FILLED,1.0,1.0,@2.2,2.2,DAY,2025-07-22T16:23:02.004Z,2025-07-22T16:23:02.095Z
GLD250919C00321000,GLD250919C00321000,BUY,FILLED,2.0,2.0,@7.05,7.05,DAY,2025-07-22T14:33:06.733Z,2025-07-22T14:33:06.810Z
GME250919C00028000,GME250919C00028000,BUY,FILLED,3.0,3.0,@1.8,1.8,DAY,2025-07-22T13:43:25.200Z,2025-07-22T13:43:25.241Z
TIGR250725C00011500,TIGR250725C00011500,BUY,FILLED,5.0,5.0,@0.35,0.33,DAY,2025-07-22T13:31:41.820Z,2025-07-22T13:31:41.989Z
PDD250919C00120000,PDD250919C00120000,SELL,FILLED,3.0,3.0,@5.0,5.02,DAY,2025-07-21T19:56:16.239Z,2025-07-21T19:56:16.459Z
INTC250815C00026000,INTC250815C00026000,SELL,FILLED,4.0,4.0,@0.46,0.48,DAY,2025-07-21T19:55:53.887Z,2025-07-21T19:55:54.013Z
PDD250725C00114000,PDD250725C00114000,SELL,FILLED,2.0,2.0,@1.08,1.08,DAY,2025-07-21T19:55:45.470Z,2025-07-21T19:55:45.501Z
HIMS250919P00041000,HIMS250919P00041000,BUY,FILLED,1.0,1.0,@3.5,3.43,DAY,2025-07-21T19:55:26.764Z,2025-07-21T19:55:26.899Z
ALAB250919C00120000,ALAB250919C00120000,SELL,FILLED,1.0,1.0,@17.4,17.4,DAY,2025-07-21T19:51:26.643Z,2025-07-21T19:51:26.728Z
JD250919C00034000,JD250919C00034000,SELL,FILLED,5.0,5.0,@2.22,2.22,DAY,2025-07-21T19:47:10.131Z,2025-07-21T19:47:10.297Z
NXT250919C00070000,NXT250919C00070000,BUY,FILLED,3.0,3.0,@3.0,2.94,DAY,2025-07-21T19:44:11.562Z,2025-07-21T19:44:11.796Z
APLD250919C00013000,APLD250919C00013000,SELL,FILLED,10.0,10.0,@1.14,1.14,DAY,2025-07-21T19:43:46.945Z,2025-07-21T19:43:46.989Z
CRCL250919C00300000,CRCL250919C00300000,SELL,FILLED,1.0,1.0,@9.1,9.1,DAY,2025-07-21T15:54:16.327Z,2025-07-21T15:54:16.461Z
PDD250919C00120000,PDD250919C00120000,BUY,FILLED,2.0,2.0,@5.3,5.3,DAY,2025-07-21T14:36:19.544Z,2025-07-21T14:36:19.582Z
PDD250725C00114000,PDD250725C00114000,BUY,FILLED,2.0,2.0,@1.25,1.25,DAY,2025-07-21T14:35:48.184Z,2025-07-21T14:35:48.381Z
CRCL250919C00300000,CRCL250919C00300000,BUY,FILLED,1.0,1.0,@12.0,12.0,DAY,2025-07-21T13:58:35.217Z,2025-07-21T13:58:35.348Z
CRCL250919C00300000,CRCL250919C00300000,SELL,FILLED,1.0,1.0,@10.4,10.4,DAY,2025-07-21T13:52:03.144Z,2025-07-21T13:52:03.214Z
APLD250919C00013000,APLD250919C00013000,SELL,FILLED,10.0,10.0,@1.53,1.56,DAY,2025-07-21T13:48:53.806Z,2025-07-21T13:48:53.915Z
GLD250919C00321000,GLD250919C00321000,BUY,FILLED,2.0,2.0,@5.65,5.65,DAY,2025-07-21T13:39:08.961Z,2025-07-21T13:39:09.113Z
INTC250815C00026000,INTC250815C00026000,BUY,FILLED,4.0,4.0,@0.64,0.64,DAY,2025-07-21T13:38:10.604Z,2025-07-21T13:38:10.733Z
ALAB250919C00120000,ALAB250919C00120000,SELL,FILLED,1.0,1.0,@14.7,14.7,DAY,2025-07-21T13:32:19.380Z,2025-07-21T13:32:33.978Z
GLD250919C00321000,GLD250919C00321000,BUY,FILLED,2.0,2.0,@5.6,5.6,DAY,2025-07-21T13:31:30.575Z,2025-07-21T13:31:30.623Z
TIGR250718C00011500,TIGR250718C00011500,BUY,FILLED,25.0,25.0,@0.02,0.02,DAY,2025-07-18T16:05:16.162Z,2025-07-18T16:05:16.253Z
CRCL250718C00260000,CRCL250718C00260000,SELL,FILLED,1.0,1.0,@1.05,1.05,DAY,2025-07-18T14:36:12.370Z,2025-07-18T14:36:12.577Z
NBIS250919C00055000,NBIS250919C00055000,SELL,FILLED,2.0,2.0,@5.8,5.8,DAY,2025-07-18T14:35:34.957Z,2025-07-18T14:35:34.987Z
CRCL250718C00260000,CRCL250718C00260000,BUY,FILLED,1.0,1.0,@4.5,4.32,DAY,2025-07-18T14:06:51.545Z,2025-07-18T14:06:51.835Z
APLD250919C00013000,APLD250919C00013000,BUY,FILLED,10.0,10.0,@1.57,1.57,DAY,2025-07-18T13:46:27.971Z,2025-07-18T13:46:28.015Z
CRCL250919C00300000,CRCL250919C00300000,BUY,FILLED,1.0,1.0,@15.0,15.0,DAY,2025-07-18T13:42:59.342Z,2025-07-18T13:42:59.473Z
JD250919C00034000,JD250919C00034000,BUY,FILLED,5.0,5.0,@2.04,2.03,DAY,2025-07-17T19:10:34.363Z,2025-07-17T19:10:34.458Z
UUUU250718C00009500,UUUU250718C00009500,BUY,FILLED,8.0,8.0,@0.15,0.14,DAY,2025-07-17T18:32:51.380Z,2025-07-17T18:32:51.542Z
NMG250919C00002500,NMG250919C00002500,BUY,CANCELLED,0.0,50.0,@0.05,,DAY,2025-07-17T17:43:04.066Z,
ALAB250919C00120000,ALAB250919C00120000,BUY,FILLED,2.0,2.0,@6.9,6.5,DAY,2025-07-17T15:51:34.072Z,2025-07-17T15:51:34.109Z
OKLO250919C00060000,OKLO250919C00060000,SELL,FILLED,1.0,1.0,@13.3,13.3,DAY,2025-07-17T15:45:52.828Z,2025-07-17T15:45:52.945Z
PDD250919C00120000,PDD250919C00120000,BUY,FILLED,3.0,3.0,@4.25,4.24,DAY,2025-07-17T15:45:23.845Z,2025-07-17T15:45:24.106Z
APLD250919C00013000,APLD250919C00013000,BUY,FILLED,5.0,5.0,@1.16,1.16,DAY,2025-07-17T14:35:09.572Z,2025-07-17T14:35:09.610Z
APLD250919C00013000,APLD250919C00013000,BUY,FILLED,5.0,5.0,@1.13,1.13,DAY,2025-07-17T13:54:28.196Z,2025-07-17T13:54:28.345Z
ASML250815P00640000,ASML250815P00640000,SELL,FILLED,1.0,1.0,@1.75,1.91,DAY,2025-07-16T19:02:19.892Z,2025-07-16T19:02:20.026Z
NBIS250919C00055000,NBIS250919C00055000,BUY,FILLED,2.0,2.0,@6.7,6.7,DAY,2025-07-16T17:27:49.206Z,2025-07-16T17:27:49.235Z
NBIS250718C00053000,NBIS250718C00053000,SELL,FILLED,1.0,1.0,@0.55,0.55,DAY,2025-07-16T15:51:05.756Z,2025-07-16T15:51:05.827Z
APLD250919C00011000,APLD250919C00011000,SELL,FILLED,4.0,4.0,@1.23,1.23,DAY,2025-07-16T15:51:01.364Z,2025-07-16T15:51:01.405Z
NBIS250919C00055000,NBIS250919C00055000,SELL,FILLED,2.0,2.0,@5.6,5.7,DAY,2025-07-16T15:50:48.464Z,2025-07-16T15:50:48.567Z
TIGR251017C00013000,TIGR251017C00013000,SELL,FILLED,20.0,20.0,,0.41,DAY,2025-07-16T15:50:32.070Z,2025-07-16T15:50:32.145Z
ASML250815P00640000,ASML250815P00640000,BUY,FILLED,1.0,1.0,@4.0,3.89,DAY,2025-07-16T14:06:29.557Z,2025-07-16T14:06:29.773Z
APLD250919C00011000,APLD250919C00011000,BUY,FILLED,4.0,4.0,@1.22,1.22,DAY,2025-07-15T18:41:20.922Z,2025-07-15T18:41:20.963Z
TSLA250919P00275000,TSLA250919P00275000,BUY,FILLED,1.0,1.0,@11.05,11.05,DAY,2025-07-15T16:58:53.454Z,2025-07-15T16:58:53.543Z
IBIT251121C00070000,IBIT251121C00070000,BUY,FILLED,2.0,2.0,@6.75,6.75,DAY,2025-07-15T14:13:06.478Z,2025-07-15T14:13:24.553Z
JD250919P00029000,JD250919P00029000,SELL,FILLED,10.0,10.0,@0.77,0.83,DAY,2025-07-15T13:31:01.837Z,2025-07-15T13:31:02.127Z
TIGR251017C00013000,TIGR251017C00013000,BUY,FILLED,20.0,20.0,@0.74,0.74,DAY,2025-07-14T19:41:31.311Z,2025-07-14T19:41:31.350Z
TSLA250815P00245000,TSLA250815P00245000,BUY,FILLED,1.0,1.0,@1.84,1.84,DAY,2025-07-14T19:30:41.189Z,2025-07-14T19:30:41.367Z
OKLO250919C00060000,OKLO250919C00060000,BUY,FILLED,1.0,1.0,@9.4,9.4,DAY,2025-07-14T17:52:16.282Z,2025-07-14T17:52:16.465Z
IBIT251121C00070000,IBIT251121C00070000,SELL,FILLED,2.0,2.0,@7.05,7.05,DAY,2025-07-14T17:48:01.370Z,2025-07-14T17:48:01.630Z
SLV250919C00036000,SLV250919C00036000,SELL,FILLED,10.0,10.0,@1.17,1.17,DAY,2025-07-14T15:03:06.812Z,2025-07-14T15:03:07.016Z
HIMS250815P00040000,HIMS250815P00040000,SELL,FILLED,2.0,2.0,@1.75,1.75,DAY,2025-07-14T14:31:56.139Z,2025-07-14T14:31:56.188Z
NBIS250919C00055000,NBIS250919C00055000,BUY,FILLED,2.0,2.0,@6.3,6.3,DAY,2025-07-14T13:34:00.715Z,2025-07-14T17:06:41.017Z
NBIS250718C00053000,NBIS250718C00053000,BUY,FILLED,1.0,1.0,@1.35,1.35,DAY,2025-07-14T13:31:38.286Z,2025-07-14T13:31:40.768Z
HIMS250815P00040000,HIMS250815P00040000,BUY,FILLED,2.0,2.0,@2.39,2.31,DAY,2025-07-14T13:30:50.214Z,2025-07-14T13:30:50.356Z
CRWV250815P00105000,CRWV250815P00105000,SELL,FILLED,1.0,1.0,@9.0,9.0,DAY,2025-07-11T13:41:50.827Z,2025-07-11T13:41:50.907Z
CRWV250815P00105000,CRWV250815P00105000,BUY,FILLED,1.0,1.0,@9.85,9.45,DAY,2025-07-11T13:40:59.457Z,2025-07-11T13:40:59.651Z
SLV250919C00036000,SLV250919C00036000,BUY,FILLED,5.0,5.0,@1.19,1.18,DAY,2025-07-11T13:32:25.284Z,2025-07-11T13:32:25.432Z
COIN250711C00407500,COIN250711C00407500,SELL,FILLED,1.0,1.0,@0.57,0.58,DAY,2025-07-11T13:31:30.030Z,2025-07-11T13:31:30.061Z
SLV250919C00036000,SLV250919C00036000,BUY,FILLED,5.0,5.0,@1.18,1.18,DAY,2025-07-11T13:31:16.950Z,2025-07-11T13:31:16.990Z
SMCI250919C00065000,SMCI250919C00065000,SELL,FILLED,4.0,4.0,@2.06,2.1,DAY,2025-07-11T13:30:11.733Z,2025-07-11T13:30:11.800Z
IBIT251121C00070000,IBIT251121C00070000,BUY,FILLED,4.0,4.0,@5.6,5.6,DAY,2025-07-10T17:06:54.432Z,2025-07-10T17:06:54.506Z
INTC250815C00026000,INTC250815C00026000,SELL,FILLED,10.0,10.0,@0.84,0.85,DAY,2025-07-10T14:29:10.442Z,2025-07-10T14:29:10.544Z
ALAB250919C00120000,ALAB250919C00120000,SELL,FILLED,2.0,2.0,@5.7,5.7,DAY,2025-07-10T13:58:14.241Z,2025-07-10T13:58:24.775Z
COIN250711C00407500,COIN250711C00407500,BUY,FILLED,1.0,1.0,@1.16,1.0,DAY,2025-07-10T13:45:26.425Z,2025-07-10T13:45:26.707Z
UUUU250711C00007000,UUUU250711C00007000,BUY,FILLED,10.0,10.0,@0.15,0.08,DAY,2025-07-10T13:31:23.015Z,2025-07-10T13:31:23.149Z
SMCI250919C00065000,SMCI250919C00065000,BUY,FILLED,4.0,4.0,@2.54,2.54,DAY,2025-07-09T19:29:16.977Z,2025-07-09T19:29:17.009Z
